{
"type": "FeatureCollection",
"name": "childcare_services",
"crs": { "type": "name", "properties": { "name": "urn:ogc:def:crs:OGC:1.3:CRS84" } },
"features": [
{ "type": "Feature", "properties": { "name": "Laugh & Learn Family Day Care Education & Training", "lat": -37.6140674, "lng": 145.0299383 }, "geometry": { "type": "Point", "coordinates": [ 145.0299383, -37.6140674 ] } },
{ "type": "Feature", "properties": { "name": "Kirrip Kindergarten- YMCA Wollert East", "lat": -37.6113439, "lng": 145.027721 }, "geometry": { "type": "Point", "coordinates": [ 145.027721, -37.6113439 ] } },
{ "type": "Feature", "properties": { "name": "TeamKids - Wollert Primary", "lat": -37.6083095, "lng": 145.0279117 }, "geometry": { "type": "Point", "coordinates": [ 145.0279117, -37.6083095 ] } },
{ "type": "Feature", "properties": { "name": "Big Childcare - Glowrey Catholic PS OSHC", "lat": -37.6158227, "lng": 145.0326422 }, "geometry": { "type": "Point", "coordinates": [ 145.0326422, -37.6158227 ] } },
{ "type": "Feature", "properties": { "name": "Guardian Childcare & Education Wollert", "lat": -37.6161194, "lng": 145.0370458 }, "geometry": { "type": "Point", "coordinates": [ 145.0370458, -37.6161194 ] } },
{ "type": "Feature", "properties": { "name": "TeamKids - Wirrigirri Primary", "lat": -37.616966, "lng": 145.0368394 }, "geometry": { "type": "Point", "coordinates": [ 145.0368394, -37.616966 ] } },
{ "type": "Feature", "properties": { "name": "Wollert One Early Education", "lat": -37.6135684, "lng": 145.0178138 }, "geometry": { "type": "Point", "coordinates": [ 145.0178138, -37.6135684 ] } },
{ "type": "Feature", "properties": { "name": "Korin Korin Kindergarten", "lat": -37.6214369, "lng": 145.0247972 }, "geometry": { "type": "Point", "coordinates": [ 145.0247972, -37.6214369 ] } },
{ "type": "Feature", "properties": { "name": "Leading Edge Childcare - Wollert", "lat": -37.623407, "lng": 145.0391529 }, "geometry": { "type": "Point", "coordinates": [ 145.0391529, -37.623407 ] } },
{ "type": "Feature", "properties": { "name": "Al Siraat College OSHC- Extend", "lat": -37.624417, "lng": 145.0375382 }, "geometry": { "type": "Point", "coordinates": [ 145.0375382, -37.624417 ] } },
{ "type": "Feature", "properties": { "name": "Epping Views Kindergarten", "lat": -37.6285692, "lng": 145.0265611 }, "geometry": { "type": "Point", "coordinates": [ 145.0265611, -37.6285692 ] } },
{ "type": "Feature", "properties": { "name": "First Grammar Epping", "lat": -37.628895, "lng": 145.0275057 }, "geometry": { "type": "Point", "coordinates": [ 145.0275057, -37.628895 ] } },
{ "type": "Feature", "properties": { "name": "Rose Garden Epping Early Learning Centre", "lat": -37.629054, "lng": 145.0286251 }, "geometry": { "type": "Point", "coordinates": [ 145.0286251, -37.629054 ] } },
{ "type": "Feature", "properties": { "name": "Epping Views Primary School OSHC", "lat": -37.6294735, "lng": 145.0253745 }, "geometry": { "type": "Point", "coordinates": [ 145.0253745, -37.6294735 ] } },
{ "type": "Feature", "properties": { "name": "KW 5 Star Kids Services", "lat": -37.6239542, "lng": 145.0126314 }, "geometry": { "type": "Point", "coordinates": [ 145.0126314, -37.6239542 ] } },
{ "type": "Feature", "properties": { "name": "St Mary of the Cross MacKillop PS OSHC - Extend", "lat": -37.6272402, "lng": 145.013611 }, "geometry": { "type": "Point", "coordinates": [ 145.013611, -37.6272402 ] } },
{ "type": "Feature", "properties": { "name": "AMIGA Montessori Wollert", "lat": -37.6055667, "lng": 145.005629 }, "geometry": { "type": "Point", "coordinates": [ 145.005629, -37.6055667 ] } },
{ "type": "Feature", "properties": { "name": "Wallaby Childcare Epping", "lat": -37.6266686, "lng": 145.0110634 }, "geometry": { "type": "Point", "coordinates": [ 145.0110634, -37.6266686 ] } },
{ "type": "Feature", "properties": { "name": "Story House Early Learning Epping", "lat": -37.6209096, "lng": 145.0057178 }, "geometry": { "type": "Point", "coordinates": [ 145.0057178, -37.6209096 ] } },
{ "type": "Feature", "properties": { "name": "YMCA Whittlesea - Galada Kindergarten", "lat": -37.6225447, "lng": 145.0065387 }, "geometry": { "type": "Point", "coordinates": [ 145.0065387, -37.6225447 ] } },
{ "type": "Feature", "properties": { "name": "Camp Australia - Edgars Creek Primary School OSHC", "lat": -37.6097607, "lng": 145.0028242 }, "geometry": { "type": "Point", "coordinates": [ 145.0028242, -37.6097607 ] } },
{ "type": "Feature", "properties": { "name": "Aspire Early Education & Kindergarten Wollert", "lat": -37.6210079, "lng": 145.0049111 }, "geometry": { "type": "Point", "coordinates": [ 145.0049111, -37.6210079 ] } },
{ "type": "Feature", "properties": { "name": "Ganbu Gulinj Kindergarten", "lat": -37.6101575, "lng": 145.0023255 }, "geometry": { "type": "Point", "coordinates": [ 145.0023255, -37.6101575 ] } },
{ "type": "Feature", "properties": { "name": "Billy-Beet", "lat": -37.6224883, "lng": 145.005555 }, "geometry": { "type": "Point", "coordinates": [ 145.005555, -37.6224883 ] } },
{ "type": "Feature", "properties": { "name": "Wallaby Childcare Wollert", "lat": -37.6129328, "lng": 145.0017684 }, "geometry": { "type": "Point", "coordinates": [ 145.0017684, -37.6129328 ] } },
{ "type": "Feature", "properties": { "name": "Whiz Kidz Early Learning Centre Wollert", "lat": -37.6182352, "lng": 145.0027095 }, "geometry": { "type": "Point", "coordinates": [ 145.0027095, -37.6182352 ] } },
{ "type": "Feature", "properties": { "name": "YMCA Harvest Home Primary School OSHC", "lat": -37.622621, "lng": 145.0021499 }, "geometry": { "type": "Point", "coordinates": [ 145.0021499, -37.622621 ] } },
{ "type": "Feature", "properties": { "name": "Epping North YMCA Early Learning Centre", "lat": -37.6228778, "lng": 145.0013281 }, "geometry": { "type": "Point", "coordinates": [ 145.0013281, -37.6228778 ] } },
{ "type": "Feature", "properties": { "name": "Glorious family day care", "lat": -37.6065423, "lng": 145.0677073 }, "geometry": { "type": "Point", "coordinates": [ 145.0677073, -37.6065423 ] } },
{ "type": "Feature", "properties": { "name": "Epping Preschool", "lat": -37.6416385, "lng": 145.0260633 }, "geometry": { "type": "Point", "coordinates": [ 145.0260633, -37.6416385 ] } },
{ "type": "Feature", "properties": { "name": "I Am Learning", "lat": -37.6053678, "lng": 145.0701412 }, "geometry": { "type": "Point", "coordinates": [ 145.0701412, -37.6053678 ] } },
{ "type": "Feature", "properties": { "name": "Barrawang Primary School Kindergarten", "lat": -37.598689, "lng": 144.9933984 }, "geometry": { "type": "Point", "coordinates": [ 144.9933984, -37.598689 ] } },
{ "type": "Feature", "properties": { "name": "Barrawang PS TheirCare", "lat": -37.5982973, "lng": 144.9934701 }, "geometry": { "type": "Point", "coordinates": [ 144.9934701, -37.5982973 ] } },
{ "type": "Feature", "properties": { "name": "Only About Children Mernda", "lat": -37.5978659, "lng": 145.0688535 }, "geometry": { "type": "Point", "coordinates": [ 145.0688535, -37.5978659 ] } },
{ "type": "Feature", "properties": { "name": "Derby Meadows Preschool Inc", "lat": -37.64292, "lng": 145.0438683 }, "geometry": { "type": "Point", "coordinates": [ 145.0438683, -37.64292 ] } },
{ "type": "Feature", "properties": { "name": "Epping Primary School-VillageOSHC", "lat": -37.6448669, "lng": 145.025762 }, "geometry": { "type": "Point", "coordinates": [ 145.025762, -37.6448669 ] } },
{ "type": "Feature", "properties": { "name": "Carlo Acutis OSHC, Wollert", "lat": -37.6004147, "lng": 144.9909102 }, "geometry": { "type": "Point", "coordinates": [ 144.9909102, -37.6004147 ] } },
{ "type": "Feature", "properties": { "name": "Penguin Childcare Epping", "lat": -37.6461599, "lng": 145.0250946 }, "geometry": { "type": "Point", "coordinates": [ 145.0250946, -37.6461599 ] } },
{ "type": "Feature", "properties": { "name": "Meadowglen PS TheirCare", "lat": -37.6426924, "lng": 145.0532369 }, "geometry": { "type": "Point", "coordinates": [ 145.0532369, -37.6426924 ] } },
{ "type": "Feature", "properties": { "name": "Where We Grow - Mernda", "lat": -37.6050916, "lng": 145.0755004 }, "geometry": { "type": "Point", "coordinates": [ 145.0755004, -37.6050916 ] } },
{ "type": "Feature", "properties": { "name": "Meadowglen  Primary School Kindergarten", "lat": -37.642565, "lng": 145.0542028 }, "geometry": { "type": "Point", "coordinates": [ 145.0542028, -37.642565 ] } },
{ "type": "Feature", "properties": { "name": "Mernda Hills Christian College OSHC", "lat": -37.5985435, "lng": 145.074449 }, "geometry": { "type": "Point", "coordinates": [ 145.074449, -37.5985435 ] } },
{ "type": "Feature", "properties": { "name": "Goodstart Early Learning Epping - High Street", "lat": -37.6481838, "lng": 145.0262345 }, "geometry": { "type": "Point", "coordinates": [ 145.0262345, -37.6481838 ] } },
{ "type": "Feature", "properties": { "name": "YMCA Leisure City – Children’s Services Programs", "lat": -37.6477037, "lng": 145.0163551 }, "geometry": { "type": "Point", "coordinates": [ 145.0163551, -37.6477037 ] } },
{ "type": "Feature", "properties": { "name": "Epping North Preschool", "lat": -37.6429631, "lng": 145.0589419 }, "geometry": { "type": "Point", "coordinates": [ 145.0589419, -37.6429631 ] } },
{ "type": "Feature", "properties": { "name": "Greenbrook Kindergarten", "lat": -37.6500749, "lng": 145.0401864 }, "geometry": { "type": "Point", "coordinates": [ 145.0401864, -37.6500749 ] } },
{ "type": "Feature", "properties": { "name": "St Peter's PS Epping Outside School Hours Care, Epping", "lat": -37.6508773, "lng": 145.0292494 }, "geometry": { "type": "Point", "coordinates": [ 145.0292494, -37.6508773 ] } },
{ "type": "Feature", "properties": { "name": "Kiddy Palace Learning Centre", "lat": -37.6471855, "lng": 145.0545271 }, "geometry": { "type": "Point", "coordinates": [ 145.0545271, -37.6471855 ] } },
{ "type": "Feature", "properties": { "name": "Camp Australia - The Lakes South Morang College OSHC", "lat": -37.6299025, "lng": 145.0768192 }, "geometry": { "type": "Point", "coordinates": [ 145.0768192, -37.6299025 ] } },
{ "type": "Feature", "properties": { "name": "Great Beginnings Epping", "lat": -37.6478994, "lng": 145.0079609 }, "geometry": { "type": "Point", "coordinates": [ 145.0079609, -37.6478994 ] } },
{ "type": "Feature", "properties": { "name": "Children First Early Education Mernda", "lat": -37.5993919, "lng": 145.0811978 }, "geometry": { "type": "Point", "coordinates": [ 145.0811978, -37.5993919 ] } },
{ "type": "Feature", "properties": { "name": "Busy Bees at Epping", "lat": -37.6497122, "lng": 145.0520508 }, "geometry": { "type": "Point", "coordinates": [ 145.0520508, -37.6497122 ] } },
{ "type": "Feature", "properties": { "name": "Mill Park Lakes Preschool", "lat": -37.630309, "lng": 145.0787159 }, "geometry": { "type": "Point", "coordinates": [ 145.0787159, -37.630309 ] } },
{ "type": "Feature", "properties": { "name": "Future Super Stars ELC Epping", "lat": -37.6547142, "lng": 145.0302613 }, "geometry": { "type": "Point", "coordinates": [ 145.0302613, -37.6547142 ] } },
{ "type": "Feature", "properties": { "name": "Paradise Kids Children's Centre", "lat": -37.6294108, "lng": 145.0808249 }, "geometry": { "type": "Point", "coordinates": [ 145.0808249, -37.6294108 ] } },
{ "type": "Feature", "properties": { "name": "Goodstart Early Learning Epping", "lat": -37.6537171, "lng": 145.0191018 }, "geometry": { "type": "Point", "coordinates": [ 145.0191018, -37.6537171 ] } },
{ "type": "Feature", "properties": { "name": "Special World Family Day Care", "lat": -37.597261, "lng": 145.0839168 }, "geometry": { "type": "Point", "coordinates": [ 145.0839168, -37.597261 ] } },
{ "type": "Feature", "properties": { "name": "New Futures Epping", "lat": -37.65553475, "lng": 145.0216519 }, "geometry": { "type": "Point", "coordinates": [ 145.0216519, -37.65553475 ] } },
{ "type": "Feature", "properties": { "name": "Whittlesea Family Day Care", "lat": -37.6455015, "lng": 145.0681369 }, "geometry": { "type": "Point", "coordinates": [ 145.0681369, -37.6455015 ] } },
{ "type": "Feature", "properties": { "name": "Camp Australia - Mill Park Heights Primary School OSHC", "lat": -37.6536737, "lng": 145.0513671 }, "geometry": { "type": "Point", "coordinates": [ 145.0513671, -37.6536737 ] } },
{ "type": "Feature", "properties": { "name": "Guardian South Morang Childcare and Education", "lat": -37.6294627, "lng": 145.0835822 }, "geometry": { "type": "Point", "coordinates": [ 145.0835822, -37.6294627 ] } },
{ "type": "Feature", "properties": { "name": "Little Learner's Early Education", "lat": -37.6359936, "lng": 145.0797694 }, "geometry": { "type": "Point", "coordinates": [ 145.0797694, -37.6359936 ] } },
{ "type": "Feature", "properties": { "name": "Jindi Kindergarten and Extended Care", "lat": -37.6064446, "lng": 145.0884224 }, "geometry": { "type": "Point", "coordinates": [ 145.0884224, -37.6064446 ] } },
{ "type": "Feature", "properties": { "name": "Mernda Central YMCA Before and After School Program, Mernda Central YMCA Holiday Program", "lat": -37.6040642, "lng": 145.088257 }, "geometry": { "type": "Point", "coordinates": [ 145.088257, -37.6040642 ] } },
{ "type": "Feature", "properties": { "name": "Oakbrook Kindergarten", "lat": -37.6575193, "lng": 145.0333614 }, "geometry": { "type": "Point", "coordinates": [ 145.0333614, -37.6575193 ] } },
{ "type": "Feature", "properties": { "name": "St Joseph's PS Mernda TheirCare", "lat": -37.5951973, "lng": 145.0911869 }, "geometry": { "type": "Point", "coordinates": [ 145.0911869, -37.5951973 ] } },
{ "type": "Feature", "properties": { "name": "The Heights Kindergarten", "lat": -37.6583704, "lng": 145.0551817 }, "geometry": { "type": "Point", "coordinates": [ 145.0551817, -37.6583704 ] } },
{ "type": "Feature", "properties": { "name": "Mill Park Heights Child Care Centre", "lat": -37.6583704, "lng": 145.0551817 }, "geometry": { "type": "Point", "coordinates": [ 145.0551817, -37.6583704 ] } },
{ "type": "Feature", "properties": { "name": "Story House Early Learning Mernda", "lat": -37.5946146, "lng": 145.0912515 }, "geometry": { "type": "Point", "coordinates": [ 145.0912515, -37.5946146 ] } },
{ "type": "Feature", "properties": { "name": "Mernda Villages Kindergarten", "lat": -37.5938748, "lng": 145.0911222 }, "geometry": { "type": "Point", "coordinates": [ 145.0911222, -37.5938748 ] } },
{ "type": "Feature", "properties": { "name": "Big Childcare - Mernda Primary School OSHC", "lat": -37.5943702, "lng": 145.0921564 }, "geometry": { "type": "Point", "coordinates": [ 145.0921564, -37.5943702 ] } },
{ "type": "Feature", "properties": { "name": "YMCA Mernda Park Primary School OSHC", "lat": -37.6145812, "lng": 145.0964653 }, "geometry": { "type": "Point", "coordinates": [ 145.0964653, -37.6145812 ] } },
{ "type": "Feature", "properties": { "name": "Lalor North Primary School- VillageOSHC", "lat": -37.6639416, "lng": 145.0289438 }, "geometry": { "type": "Point", "coordinates": [ 145.0289438, -37.6639416 ] } },
{ "type": "Feature", "properties": { "name": "Lalor North Primary School- VillageOSHC", "lat": -37.6639416, "lng": 145.0289438 }, "geometry": { "type": "Point", "coordinates": [ 145.0289438, -37.6639416 ] } },
{ "type": "Feature", "properties": { "name": "Mernda YMCA Early Learning Centre", "lat": -37.6127123, "lng": 145.0980381 }, "geometry": { "type": "Point", "coordinates": [ 145.0980381, -37.6127123 ] } },
{ "type": "Feature", "properties": { "name": "Billy Button Early Learning", "lat": -37.6499865, "lng": 145.0777294 }, "geometry": { "type": "Point", "coordinates": [ 145.0777294, -37.6499865 ] } },
{ "type": "Feature", "properties": { "name": "Centenary Drive Kindergarten", "lat": -37.6584945, "lng": 145.0676427 }, "geometry": { "type": "Point", "coordinates": [ 145.0676427, -37.6584945 ] } },
{ "type": "Feature", "properties": { "name": "Camp Australia - Marymede Catholic College OSHC", "lat": -37.6439982, "lng": 145.0877757 }, "geometry": { "type": "Point", "coordinates": [ 145.0877757, -37.6439982 ] } },
{ "type": "Feature", "properties": { "name": "Camp Australia - Lalor Gardens Primary School OSHC", "lat": -37.6639366, "lng": 145.0072937 }, "geometry": { "type": "Point", "coordinates": [ 145.0072937, -37.6639366 ] } },
{ "type": "Feature", "properties": { "name": "Lalor East PS TheirCare", "lat": -37.6650543, "lng": 145.0107588 }, "geometry": { "type": "Point", "coordinates": [ 145.0107588, -37.6650543 ] } },
{ "type": "Feature", "properties": { "name": "Findon PS TheirCare", "lat": -37.6649, "lng": 145.0531532 }, "geometry": { "type": "Point", "coordinates": [ 145.0531532, -37.6649 ] } },
{ "type": "Feature", "properties": { "name": "Jacaranda Preschool - Kingsway Drive", "lat": -37.6642835, "lng": 145.0065037 }, "geometry": { "type": "Point", "coordinates": [ 145.0065037, -37.6642835 ] } },
{ "type": "Feature", "properties": { "name": "Jacaranda Preschool - Nebel Street", "lat": -37.6653838, "lng": 145.0105436 }, "geometry": { "type": "Point", "coordinates": [ 145.0105436, -37.6653838 ] } },
{ "type": "Feature", "properties": { "name": "Kool Kidz Mill Park", "lat": -37.6537932, "lng": 145.0785416 }, "geometry": { "type": "Point", "coordinates": [ 145.0785416, -37.6537932 ] } },
{ "type": "Feature", "properties": { "name": "Marymede Early Learning Centre - South Morang", "lat": -37.6432513, "lng": 145.0902605 }, "geometry": { "type": "Point", "coordinates": [ 145.0902605, -37.6432513 ] } },
{ "type": "Feature", "properties": { "name": "The Stables Kindergarten", "lat": -37.6644281, "lng": 145.0579082 }, "geometry": { "type": "Point", "coordinates": [ 145.0579082, -37.6644281 ] } },
{ "type": "Feature", "properties": { "name": "Busy Bees at Lalor", "lat": -37.6672349, "lng": 145.0157955 }, "geometry": { "type": "Point", "coordinates": [ 145.0157955, -37.6672349 ] } },
{ "type": "Feature", "properties": { "name": "Happy Faces Child Care Centre", "lat": -37.656979, "lng": 145.074831 }, "geometry": { "type": "Point", "coordinates": [ 145.074831, -37.656979 ] } },
{ "type": "Feature", "properties": { "name": "Lalor East Preschool", "lat": -37.6687734, "lng": 145.0361818 }, "geometry": { "type": "Point", "coordinates": [ 145.0361818, -37.6687734 ] } },
{ "type": "Feature", "properties": { "name": "Roycroft Kindergarten", "lat": -37.6675019, "lng": 145.0478962 }, "geometry": { "type": "Point", "coordinates": [ 145.0478962, -37.6675019 ] } },
{ "type": "Feature", "properties": { "name": "Kelly Club OSHC St Catherine's Primary School", "lat": -37.6649349, "lng": 145.0035427 }, "geometry": { "type": "Point", "coordinates": [ 145.0035427, -37.6649349 ] } },
{ "type": "Feature", "properties": { "name": "St Francis of Assisi Out of School Care Program", "lat": -37.6652819, "lng": 145.0592434 }, "geometry": { "type": "Point", "coordinates": [ 145.0592434, -37.6652819 ] } },
{ "type": "Feature", "properties": { "name": "Little Stars Early Learning & Kindergarten Mill Park", "lat": -37.6571911, "lng": 145.076723 }, "geometry": { "type": "Point", "coordinates": [ 145.076723, -37.6571911 ] } },
{ "type": "Feature", "properties": { "name": "Little Assets South Morang Early Learning Centre", "lat": -37.6380079, "lng": 145.0969877 }, "geometry": { "type": "Point", "coordinates": [ 145.0969877, -37.6380079 ] } },
{ "type": "Feature", "properties": { "name": "Lalor Primary Combined OSHC", "lat": -37.670311, "lng": 145.025981 }, "geometry": { "type": "Point", "coordinates": [ 145.025981, -37.670311 ] } },
{ "type": "Feature", "properties": { "name": "Lalor Primary School Kindergarten", "lat": -37.6708132, "lng": 145.0262723 }, "geometry": { "type": "Point", "coordinates": [ 145.0262723, -37.6708132 ] } },
{ "type": "Feature", "properties": { "name": "Rivergum Early Learning Centre", "lat": -37.6558077, "lng": 145.0816045 }, "geometry": { "type": "Point", "coordinates": [ 145.0816045, -37.6558077 ] } },
{ "type": "Feature", "properties": { "name": "Vasey Park Preschool Inc", "lat": -37.6707245, "lng": 145.0211337 }, "geometry": { "type": "Point", "coordinates": [ 145.0211337, -37.6707245 ] } },
{ "type": "Feature", "properties": { "name": "Collard Family Kindergarten", "lat": -37.6573036, "lng": 145.0802649 }, "geometry": { "type": "Point", "coordinates": [ 145.0802649, -37.6573036 ] } },
{ "type": "Feature", "properties": { "name": "Goodstart Early Learning Mill Park - University Drive", "lat": -37.6592497, "lng": 145.0774646 }, "geometry": { "type": "Point", "coordinates": [ 145.0774646, -37.6592497 ] } },
{ "type": "Feature", "properties": { "name": "Great Beginnings Mill Park", "lat": -37.6668122, "lng": 145.0613972 }, "geometry": { "type": "Point", "coordinates": [ 145.0613972, -37.6668122 ] } },
{ "type": "Feature", "properties": { "name": "Lalor Early Learning Centre", "lat": -37.670623, "lng": 145.0153219 }, "geometry": { "type": "Point", "coordinates": [ 145.0153219, -37.670623 ] } },
{ "type": "Feature", "properties": { "name": "South Morang Preschool", "lat": -37.651997, "lng": 145.0892766 }, "geometry": { "type": "Point", "coordinates": [ 145.0892766, -37.651997 ] } },
{ "type": "Feature", "properties": { "name": "St Luke's Primary School OSHC - Extend", "lat": -37.6721157, "lng": 145.0184633 }, "geometry": { "type": "Point", "coordinates": [ 145.0184633, -37.6721157 ] } },
{ "type": "Feature", "properties": { "name": "Lalor Neighbourhood House", "lat": -37.67321407, "lng": 145.0195426 }, "geometry": { "type": "Point", "coordinates": [ 145.0195426, -37.67321407 ] } },
{ "type": "Feature", "properties": { "name": "Nino Early Learning Adventures - Lalor", "lat": -37.6657443, "lng": 144.9915191 }, "geometry": { "type": "Point", "coordinates": [ 144.9915191, -37.6657443 ] } },
{ "type": "Feature", "properties": { "name": "Brighthouse Early Learning South Morang", "lat": -37.6546974, "lng": 145.0897865 }, "geometry": { "type": "Point", "coordinates": [ 145.0897865, -37.6546974 ] } },
{ "type": "Feature", "properties": { "name": "Dalton Road Kindergarten", "lat": -37.6761765, "lng": 145.0302182 }, "geometry": { "type": "Point", "coordinates": [ 145.0302182, -37.6761765 ] } },
{ "type": "Feature", "properties": { "name": "Morang South PS TheirCare", "lat": -37.6522994, "lng": 145.0950868 }, "geometry": { "type": "Point", "coordinates": [ 145.0950868, -37.6522994 ] } },
{ "type": "Feature", "properties": { "name": "South Morang Preschool Inc - Riverside", "lat": -37.6546, "lng": 145.0938368 }, "geometry": { "type": "Point", "coordinates": [ 145.0938368, -37.6546 ] } },
{ "type": "Feature", "properties": { "name": "Barry Road Preschool", "lat": -37.6714288, "lng": 144.9972863 }, "geometry": { "type": "Point", "coordinates": [ 144.9972863, -37.6714288 ] } },
{ "type": "Feature", "properties": { "name": "Eden Academy Doreen", "lat": -37.6021835, "lng": 145.1135659 }, "geometry": { "type": "Point", "coordinates": [ 145.1135659, -37.6021835 ] } },
{ "type": "Feature", "properties": { "name": "Camp Australia - Ivanhoe Grammar Plenty Valley Campus OSHC", "lat": -37.60581, "lng": 145.1148807 }, "geometry": { "type": "Point", "coordinates": [ 145.1148807, -37.60581 ] } },
{ "type": "Feature", "properties": { "name": "Plenty Parklands PS TheirCare", "lat": -37.6696895, "lng": 145.0769476 }, "geometry": { "type": "Point", "coordinates": [ 145.0769476, -37.6696895 ] } },
{ "type": "Feature", "properties": { "name": "Camp Australia - St Paul the Apostle Catholic Primary School OSHC", "lat": -37.5967969, "lng": 145.1155301 }, "geometry": { "type": "Point", "coordinates": [ 145.1155301, -37.5967969 ] } },
{ "type": "Feature", "properties": { "name": "Mill Park Preschool", "lat": -37.6742291, "lng": 145.066932 }, "geometry": { "type": "Point", "coordinates": [ 145.066932, -37.6742291 ] } },
{ "type": "Feature", "properties": { "name": "Thomastown East Primary School OSHC", "lat": -37.6801871, "lng": 145.0242336 }, "geometry": { "type": "Point", "coordinates": [ 145.0242336, -37.6801871 ] } },
{ "type": "Feature", "properties": { "name": "Holistic Approach Family Day Care Scheme", "lat": -37.6700722, "lng": 145.0777015 }, "geometry": { "type": "Point", "coordinates": [ 145.0777015, -37.6700722 ] } },
{ "type": "Feature", "properties": { "name": "Thomastown Learning Centre", "lat": -37.6808483, "lng": 145.0302136 }, "geometry": { "type": "Point", "coordinates": [ 145.0302136, -37.6808483 ] } },
{ "type": "Feature", "properties": { "name": "Camp Australia - Mill Park Primary School OSHC", "lat": -37.675786, "lng": 145.0642616 }, "geometry": { "type": "Point", "coordinates": [ 145.0642616, -37.675786 ] } },
{ "type": "Feature", "properties": { "name": "Blossom Park Kindergarten", "lat": -37.670865, "lng": 145.0765814 }, "geometry": { "type": "Point", "coordinates": [ 145.0765814, -37.670865 ] } },
{ "type": "Feature", "properties": { "name": "Numdaji Kwei Children's Centre", "lat": -37.6776543, "lng": 145.0578455 }, "geometry": { "type": "Point", "coordinates": [ 145.0578455, -37.6776543 ] } },
{ "type": "Feature", "properties": { "name": "Gabow Family Day Care Pty Ltd", "lat": -37.679654, "lng": 145.0136965 }, "geometry": { "type": "Point", "coordinates": [ 145.0136965, -37.679654 ] } },
{ "type": "Feature", "properties": { "name": "Marymede Early Learning Centre - Doreen", "lat": -37.5968395, "lng": 145.1172151 }, "geometry": { "type": "Point", "coordinates": [ 145.1172151, -37.5968395 ] } },
{ "type": "Feature", "properties": { "name": "Maria Montessori Pre School & Early Learning Centre", "lat": -37.679487, "lng": 145.0087141 }, "geometry": { "type": "Point", "coordinates": [ 145.0087141, -37.679487 ] } },
{ "type": "Feature", "properties": { "name": "Bubup Wilam Aboriginal Child and Family Centre Inc.", "lat": -37.6792818, "lng": 145.0057592 }, "geometry": { "type": "Point", "coordinates": [ 145.0057592, -37.6792818 ] } },
{ "type": "Feature", "properties": { "name": "St Clare's PS OSHC - Extend", "lat": -37.6777445, "lng": 144.9984009 }, "geometry": { "type": "Point", "coordinates": [ 144.9984009, -37.6777445 ] } },
{ "type": "Feature", "properties": { "name": "Thomastown West PS TheirCare", "lat": -37.6788998, "lng": 145.0020036 }, "geometry": { "type": "Point", "coordinates": [ 145.0020036, -37.6788998 ] } },
{ "type": "Feature", "properties": { "name": "Journey Early Learning Centre - Thomastown", "lat": -37.6820973, "lng": 145.0182063 }, "geometry": { "type": "Point", "coordinates": [ 145.0182063, -37.6820973 ] } },
{ "type": "Feature", "properties": { "name": "Where We Grow ELC Craigieburn", "lat": -37.5994209, "lng": 144.9425769 }, "geometry": { "type": "Point", "coordinates": [ 144.9425769, -37.5994209 ] } },
{ "type": "Feature", "properties": { "name": "Busy Bees at Craigieburn", "lat": -37.602742, "lng": 144.9418692 }, "geometry": { "type": "Point", "coordinates": [ 144.9418692, -37.602742 ] } },
{ "type": "Feature", "properties": { "name": "Harbard Street Kindergarten", "lat": -37.6776979, "lng": 144.9968989 }, "geometry": { "type": "Point", "coordinates": [ 144.9968989, -37.6776979 ] } },
{ "type": "Feature", "properties": { "name": "Camp Australia - Thomastown Primary School OSHC", "lat": -37.6825454, "lng": 145.0124286 }, "geometry": { "type": "Point", "coordinates": [ 145.0124286, -37.6825454 ] } },
{ "type": "Feature", "properties": { "name": "Spring Street Kindergarten", "lat": -37.6824283, "lng": 145.0118514 }, "geometry": { "type": "Point", "coordinates": [ 145.0118514, -37.6824283 ] } },
{ "type": "Feature", "properties": { "name": "Story House Early Learning Doreen", "lat": -37.6029188, "lng": 145.1230562 }, "geometry": { "type": "Point", "coordinates": [ 145.1230562, -37.6029188 ] } },
{ "type": "Feature", "properties": { "name": "Hazel Glen College Children's Programs", "lat": -37.600073, "lng": 145.1227426 }, "geometry": { "type": "Point", "coordinates": [ 145.1227426, -37.600073 ] } },
{ "type": "Feature", "properties": { "name": "Hazel Glen College Children's Programs", "lat": -37.600073, "lng": 145.1227426 }, "geometry": { "type": "Point", "coordinates": [ 145.1227426, -37.600073 ] } },
{ "type": "Feature", "properties": { "name": "Mitford Crescent Preschool", "lat": -37.6065027, "lng": 144.9375574 }, "geometry": { "type": "Point", "coordinates": [ 144.9375574, -37.6065027 ] } },
{ "type": "Feature", "properties": { "name": "Hilton Street Preschool", "lat": -37.5947545, "lng": 144.9394642 }, "geometry": { "type": "Point", "coordinates": [ 144.9394642, -37.5947545 ] } },
{ "type": "Feature", "properties": { "name": "Thomastown Child Care Centre", "lat": -37.6817848, "lng": 144.9984914 }, "geometry": { "type": "Point", "coordinates": [ 144.9984914, -37.6817848 ] } },
{ "type": "Feature", "properties": { "name": "Thomastown West Kindergarten", "lat": -37.6819311, "lng": 144.9984914 }, "geometry": { "type": "Point", "coordinates": [ 144.9984914, -37.6819311 ] } },
{ "type": "Feature", "properties": { "name": "Orchard Road Community and Early Learning Centre", "lat": -37.6152854, "lng": 145.1258625 }, "geometry": { "type": "Point", "coordinates": [ 145.1258625, -37.6152854 ] } },
{ "type": "Feature", "properties": { "name": "TeamKids - Ashley Park Primary", "lat": -37.6144234, "lng": 145.1267185 }, "geometry": { "type": "Point", "coordinates": [ 145.1267185, -37.6144234 ] } },
{ "type": "Feature", "properties": { "name": "Kool Kidz Craigieburn", "lat": -37.5850794, "lng": 144.9412689 }, "geometry": { "type": "Point", "coordinates": [ 144.9412689, -37.5850794 ] } },
{ "type": "Feature", "properties": { "name": "Dynamic Kids Family Day Care Provider", "lat": -37.6576792, "lng": 144.9546946 }, "geometry": { "type": "Point", "coordinates": [ 144.9546946, -37.6576792 ] } },
{ "type": "Feature", "properties": { "name": "Camp Australia - Craigieburn South Primary OSHC", "lat": -37.6080182, "lng": 144.9349876 }, "geometry": { "type": "Point", "coordinates": [ 144.9349876, -37.6080182 ] } },
{ "type": "Feature", "properties": { "name": "Thomastown Meadows Primary School- VillageOSHC", "lat": -37.6818971, "lng": 144.992298 }, "geometry": { "type": "Point", "coordinates": [ 144.992298, -37.6818971 ] } },
{ "type": "Feature", "properties": { "name": "Eucalyptus Parade Kindergarten Donnybrook", "lat": -37.5402239, "lng": 144.9944566 }, "geometry": { "type": "Point", "coordinates": [ 144.9944566, -37.5402239 ] } },
{ "type": "Feature", "properties": { "name": "Craigieburn Leisure Centre Creche", "lat": -37.5990828, "lng": 144.9348586 }, "geometry": { "type": "Point", "coordinates": [ 144.9348586, -37.5990828 ] } },
{ "type": "Feature", "properties": { "name": "Wallaby Childcare Donnybrook", "lat": -37.5384369, "lng": 144.998061 }, "geometry": { "type": "Point", "coordinates": [ 144.998061, -37.5384369 ] } },
{ "type": "Feature", "properties": { "name": "Good Samaritan - VillageOSHC", "lat": -37.623919, "lng": 144.9338756 }, "geometry": { "type": "Point", "coordinates": [ 144.9338756, -37.623919 ] } },
{ "type": "Feature", "properties": { "name": "Craigieburn Early Childhood Services Centre", "lat": -37.5986962, "lng": 144.9336114 }, "geometry": { "type": "Point", "coordinates": [ 144.9336114, -37.5986962 ] } },
{ "type": "Feature", "properties": { "name": "Big Childcare - Hume Anglican Donnybrook OSHC", "lat": -37.5382016, "lng": 144.9950216 }, "geometry": { "type": "Point", "coordinates": [ 144.9950216, -37.5382016 ] } },
{ "type": "Feature", "properties": { "name": "Goodstart Early Learning Roxburgh Park - Sommeville Drive", "lat": -37.6302867, "lng": 144.9345847 }, "geometry": { "type": "Point", "coordinates": [ 144.9345847, -37.6302867 ] } },
{ "type": "Feature", "properties": { "name": "Hothlyn Drive Children's Centre", "lat": -37.6096532, "lng": 144.931597 }, "geometry": { "type": "Point", "coordinates": [ 144.931597, -37.6096532 ] } },
{ "type": "Feature", "properties": { "name": "Laurimar Kindergarten", "lat": -37.5867737, "lng": 145.1259242 }, "geometry": { "type": "Point", "coordinates": [ 145.1259242, -37.5867737 ] } },
{ "type": "Feature", "properties": { "name": "Laurimar Township Childcare and Kindergarten", "lat": -37.5859343, "lng": 145.1257287 }, "geometry": { "type": "Point", "coordinates": [ 145.1257287, -37.5859343 ] } },
{ "type": "Feature", "properties": { "name": "Murnong Kindergarten", "lat": -37.5367965, "lng": 144.9975445 }, "geometry": { "type": "Point", "coordinates": [ 144.9975445, -37.5367965 ] } },
{ "type": "Feature", "properties": { "name": "TeamKids - Donnybrook Primary", "lat": -37.5367965, "lng": 144.9975445 }, "geometry": { "type": "Point", "coordinates": [ 144.9975445, -37.5367965 ] } },
{ "type": "Feature", "properties": { "name": "Big Childcare - Laurimar PS OSHC", "lat": -37.586094, "lng": 145.1264604 }, "geometry": { "type": "Point", "coordinates": [ 145.1264604, -37.586094 ] } },
{ "type": "Feature", "properties": { "name": "Story House Early Learning Bundoora", "lat": -37.6841445, "lng": 145.0731566 }, "geometry": { "type": "Point", "coordinates": [ 145.0731566, -37.6841445 ] } },
{ "type": "Feature", "properties": { "name": "Nino Early Learning Adventures - Bundoora", "lat": -37.6856289, "lng": 145.0695772 }, "geometry": { "type": "Point", "coordinates": [ 145.0695772, -37.6856289 ] } },
{ "type": "Feature", "properties": { "name": "Pelican Childcare Craigieburn", "lat": -37.5838743, "lng": 144.9352828 }, "geometry": { "type": "Point", "coordinates": [ 144.9352828, -37.5838743 ] } },
{ "type": "Feature", "properties": { "name": "Camp Australia - Our Lady's Primary School - Craigieburn OSHC", "lat": -37.5985879, "lng": 144.9303908 }, "geometry": { "type": "Point", "coordinates": [ 144.9303908, -37.5985879 ] } },
{ "type": "Feature", "properties": { "name": "Montessori Beginnings Thomastown", "lat": -37.6927918, "lng": 145.0290557 }, "geometry": { "type": "Point", "coordinates": [ 145.0290557, -37.6927918 ] } },
{ "type": "Feature", "properties": { "name": "Guardian Childcare & Education Laurimar", "lat": -37.5861851, "lng": 145.1285952 }, "geometry": { "type": "Point", "coordinates": [ 145.1285952, -37.5861851 ] } },
{ "type": "Feature", "properties": { "name": "325 Early Education Craigieburn", "lat": -37.5998566, "lng": 144.9294828 }, "geometry": { "type": "Point", "coordinates": [ 144.9294828, -37.5998566 ] } },
{ "type": "Feature", "properties": { "name": "Roxburgh Park Business ONE EEG Pty Ltd", "lat": -37.6208844, "lng": 144.9284397 }, "geometry": { "type": "Point", "coordinates": [ 144.9284397, -37.6208844 ] } },
{ "type": "Feature", "properties": { "name": "Roxburgh Park Business ONE EEG Pty Ltd", "lat": -37.6208844, "lng": 144.9284397 }, "geometry": { "type": "Point", "coordinates": [ 144.9284397, -37.6208844 ] } },
{ "type": "Feature", "properties": { "name": "Roxburgh Park Business ONE EEG Pty Ltd", "lat": -37.6208844, "lng": 144.9284397 }, "geometry": { "type": "Point", "coordinates": [ 144.9284397, -37.6208844 ] } },
{ "type": "Feature", "properties": { "name": "Bulsho Family Day Care Pty Ltd", "lat": -37.6739593, "lng": 144.9637004 }, "geometry": { "type": "Point", "coordinates": [ 144.9637004, -37.6739593 ] } },
{ "type": "Feature", "properties": { "name": "Roxburgh Park Primary School Kindergarten", "lat": -37.6342993, "lng": 144.9314684 }, "geometry": { "type": "Point", "coordinates": [ 144.9314684, -37.6342993 ] } },
{ "type": "Feature", "properties": { "name": "Craigieburn PS TheirCare", "lat": -37.582216, "lng": 144.9335324 }, "geometry": { "type": "Point", "coordinates": [ 144.9335324, -37.582216 ] } },
{ "type": "Feature", "properties": { "name": "Kelly Club OSHC Roxburgh Park Primary School", "lat": -37.635013, "lng": 144.9309588 }, "geometry": { "type": "Point", "coordinates": [ 144.9309588, -37.635013 ] } },
{ "type": "Feature", "properties": { "name": "Campbellfield Preschool", "lat": -37.6754985, "lng": 144.9641869 }, "geometry": { "type": "Point", "coordinates": [ 144.9641869, -37.6754985 ] } },
{ "type": "Feature", "properties": { "name": "Butterflies Childcare & Early Learning Centre", "lat": -37.6126102, "lng": 145.1361607 }, "geometry": { "type": "Point", "coordinates": [ 145.1361607, -37.6126102 ] } },
{ "type": "Feature", "properties": { "name": "Choice Family Day Care Scheme", "lat": -37.5971321, "lng": 144.9278701 }, "geometry": { "type": "Point", "coordinates": [ 144.9278701, -37.5971321 ] } },
{ "type": "Feature", "properties": { "name": "Early Education and Care", "lat": -37.5971786, "lng": 144.9276637 }, "geometry": { "type": "Point", "coordinates": [ 144.9276637, -37.5971786 ] } },
{ "type": "Feature", "properties": { "name": "Smiling Children Early Learning Centre", "lat": -37.6408519, "lng": 145.1303841 }, "geometry": { "type": "Point", "coordinates": [ 145.1303841, -37.6408519 ] } },
{ "type": "Feature", "properties": { "name": "Butterflies Childcare & Early Learning Centre", "lat": -37.6061792, "lng": 145.1367857 }, "geometry": { "type": "Point", "coordinates": [ 145.1367857, -37.6061792 ] } },
{ "type": "Feature", "properties": { "name": "Bank Street Preschool", "lat": -37.5929879, "lng": 144.928188 }, "geometry": { "type": "Point", "coordinates": [ 144.928188, -37.5929879 ] } },
{ "type": "Feature", "properties": { "name": "Plenty Kids Early Learning Centre", "lat": -37.6129053, "lng": 145.1371974 }, "geometry": { "type": "Point", "coordinates": [ 145.1371974, -37.6129053 ] } },
{ "type": "Feature", "properties": { "name": "Kids First McLeans Road Kindergarten", "lat": -37.6948429, "lng": 145.0455222 }, "geometry": { "type": "Point", "coordinates": [ 145.0455222, -37.6948429 ] } },
{ "type": "Feature", "properties": { "name": "Children's First Choice Family Day Care Pty Ltd", "lat": -37.6440809, "lng": 144.933035 }, "geometry": { "type": "Point", "coordinates": [ 144.933035, -37.6440809 ] } },
{ "type": "Feature", "properties": { "name": "Hippity Hop Early Learning Yarrambat", "lat": -37.63548, "lng": 145.1335742 }, "geometry": { "type": "Point", "coordinates": [ 145.1335742, -37.63548 ] } },
{ "type": "Feature", "properties": { "name": "Goodstart Early Learning Roxburgh Park - David Munroe Drive", "lat": -37.6391339, "lng": 144.9303644 }, "geometry": { "type": "Point", "coordinates": [ 144.9303644, -37.6391339 ] } },
{ "type": "Feature", "properties": { "name": "KIDS HAVEN CHILDCARE", "lat": -37.670804, "lng": 144.954791 }, "geometry": { "type": "Point", "coordinates": [ 144.954791, -37.670804 ] } },
{ "type": "Feature", "properties": { "name": "Pembroke Crescent Preschool Centre", "lat": -37.6042815, "lng": 144.9247717 }, "geometry": { "type": "Point", "coordinates": [ 144.9247717, -37.6042815 ] } },
{ "type": "Feature", "properties": { "name": "Camp Australia - Northside Christian College OSHC", "lat": -37.6947786, "lng": 145.0547063 }, "geometry": { "type": "Point", "coordinates": [ 145.0547063, -37.6947786 ] } },
{ "type": "Feature", "properties": { "name": "Yarrambat Primary Out of School Hours Care", "lat": -37.6420159, "lng": 145.1318324 }, "geometry": { "type": "Point", "coordinates": [ 145.1318324, -37.6420159 ] } },
{ "type": "Feature", "properties": { "name": "Keon Park Kindergarten", "lat": -37.6963698, "lng": 145.0144173 }, "geometry": { "type": "Point", "coordinates": [ 145.0144173, -37.6963698 ] } },
{ "type": "Feature", "properties": { "name": "Kool Kidz Coolaroo", "lat": -37.6472547, "lng": 144.9327942 }, "geometry": { "type": "Point", "coordinates": [ 144.9327942, -37.6472547 ] } },
{ "type": "Feature", "properties": { "name": "Mother Teresa Catholic Primary School OSHC - Extend", "lat": -37.575647, "lng": 144.9328802 }, "geometry": { "type": "Point", "coordinates": [ 144.9328802, -37.575647 ] } },
{ "type": "Feature", "properties": { "name": "TIME2PLAY FAMILY DAY CARE SERVICE PTY LTD", "lat": -37.6479946, "lng": 144.93232 }, "geometry": { "type": "Point", "coordinates": [ 144.93232, -37.6479946 ] } },
{ "type": "Feature", "properties": { "name": "Camp Australia - Plenty Valley Christian College OSHC", "lat": -37.6133833, "lng": 145.1407952 }, "geometry": { "type": "Point", "coordinates": [ 145.1407952, -37.6133833 ] } },
{ "type": "Feature", "properties": { "name": "Bluebird Way Child and Family Centre", "lat": -37.6169274, "lng": 144.9218624 }, "geometry": { "type": "Point", "coordinates": [ 144.9218624, -37.6169274 ] } },
{ "type": "Feature", "properties": { "name": "Leapkids William Ruthven", "lat": -37.6956166, "lng": 145.0024376 }, "geometry": { "type": "Point", "coordinates": [ 145.0024376, -37.6956166 ] } },
{ "type": "Feature", "properties": { "name": "Yarrambat / Plenty Preschool", "lat": -37.6397407, "lng": 145.1364149 }, "geometry": { "type": "Point", "coordinates": [ 145.1364149, -37.6397407 ] } },
{ "type": "Feature", "properties": { "name": "Goodstart Early Learning Reservoir", "lat": -37.699973, "lng": 145.0315341 }, "geometry": { "type": "Point", "coordinates": [ 145.0315341, -37.699973 ] } },
{ "type": "Feature", "properties": { "name": "Aspire Early Education and Kindergarten Donnybrook", "lat": -37.5410778, "lng": 144.9641533 }, "geometry": { "type": "Point", "coordinates": [ 144.9641533, -37.5410778 ] } },
{ "type": "Feature", "properties": { "name": "Willmott Park P.S. Out of School Hours Care", "lat": -37.5922871, "lng": 144.9223135 }, "geometry": { "type": "Point", "coordinates": [ 144.9223135, -37.5922871 ] } },
{ "type": "Feature", "properties": { "name": "Camp Australia - Roxburgh Rise Primary School OSHC", "lat": -37.6169006, "lng": 144.9195628 }, "geometry": { "type": "Point", "coordinates": [ 144.9195628, -37.6169006 ] } },
{ "type": "Feature", "properties": { "name": "Kelly Club OSHC Northern School Autism", "lat": -37.7003418, "lng": 145.0306405 }, "geometry": { "type": "Point", "coordinates": [ 145.0306405, -37.7003418 ] } },
{ "type": "Feature", "properties": { "name": "Edward Street Preschool", "lat": -37.6987066, "lng": 145.0534074 }, "geometry": { "type": "Point", "coordinates": [ 145.0534074, -37.6987066 ] } },
{ "type": "Feature", "properties": { "name": "St Damian's PS Bundoora TheirCare", "lat": -37.6981174, "lng": 145.0575811 }, "geometry": { "type": "Point", "coordinates": [ 145.0575811, -37.6981174 ] } },
{ "type": "Feature", "properties": { "name": "Willmott Park Uniting Kindergarten", "lat": -37.5914982, "lng": 144.9216956 }, "geometry": { "type": "Point", "coordinates": [ 144.9216956, -37.5914982 ] } },
{ "type": "Feature", "properties": { "name": "Goodstart Early Learning Craigieburn Central", "lat": -37.5953569, "lng": 144.9205382 }, "geometry": { "type": "Point", "coordinates": [ 144.9205382, -37.5953569 ] } },
{ "type": "Feature", "properties": { "name": "Dalas Family Day Care", "lat": -37.7001064, "lng": 145.0493806 }, "geometry": { "type": "Point", "coordinates": [ 145.0493806, -37.7001064 ] } },
{ "type": "Feature", "properties": { "name": "Community Kids Roxburgh Park Early Education Centre", "lat": -37.6392549, "lng": 144.9233977 }, "geometry": { "type": "Point", "coordinates": [ 144.9233977, -37.6392549 ] } },
{ "type": "Feature", "properties": { "name": "Keon Park Children's Hub", "lat": -37.7011796, "lng": 145.0215024 }, "geometry": { "type": "Point", "coordinates": [ 145.0215024, -37.7011796 ] } },
{ "type": "Feature", "properties": { "name": "Laurimar Child Care and Early Learning", "lat": -37.5792969, "lng": 145.1373678 }, "geometry": { "type": "Point", "coordinates": [ 145.1373678, -37.5792969 ] } },
{ "type": "Feature", "properties": { "name": "KU Craigieburn Children's Centre", "lat": -37.5787751, "lng": 144.9253959 }, "geometry": { "type": "Point", "coordinates": [ 144.9253959, -37.5787751 ] } },
{ "type": "Feature", "properties": { "name": "Craigieburn Child and Family Centre", "lat": -37.5787751, "lng": 144.9253959 }, "geometry": { "type": "Point", "coordinates": [ 144.9253959, -37.5787751 ] } },
{ "type": "Feature", "properties": { "name": "Goodstart Early Learning Bundoora - Plenty Road", "lat": -37.6996228, "lng": 145.0576827 }, "geometry": { "type": "Point", "coordinates": [ 145.0576827, -37.6996228 ] } },
{ "type": "Feature", "properties": { "name": "Warrawee Park Preschool", "lat": -37.6971718, "lng": 145.0718643 }, "geometry": { "type": "Point", "coordinates": [ 145.0718643, -37.6971718 ] } },
{ "type": "Feature", "properties": { "name": "Goodstart Early Learning Meadow Heights", "lat": -37.6507972, "lng": 144.9269158 }, "geometry": { "type": "Point", "coordinates": [ 144.9269158, -37.6507972 ] } },
{ "type": "Feature", "properties": { "name": "Big Childcare - Hume Anglican OSHC", "lat": -37.5668861, "lng": 144.9306869 }, "geometry": { "type": "Point", "coordinates": [ 144.9306869, -37.5668861 ] } },
{ "type": "Feature", "properties": { "name": "Upfield Kindergarten@Dallas Brooks Community Primary School", "lat": -37.6694712, "lng": 144.9417672 }, "geometry": { "type": "Point", "coordinates": [ 144.9417672, -37.6694712 ] } },
{ "type": "Feature", "properties": { "name": "Dallas Kindergarten @ Dallas Brooks Community Primary School", "lat": -37.6694712, "lng": 144.9417672 }, "geometry": { "type": "Point", "coordinates": [ 144.9417672, -37.6694712 ] } },
{ "type": "Feature", "properties": { "name": "Dallas Brooks Community Primary School OSHClub", "lat": -37.6704137, "lng": 144.9418038 }, "geometry": { "type": "Point", "coordinates": [ 144.9418038, -37.6704137 ] } },
{ "type": "Feature", "properties": { "name": "Woodlands Roxburgh Park", "lat": -37.616898, "lng": 144.9151374 }, "geometry": { "type": "Point", "coordinates": [ 144.9151374, -37.616898 ] } },
{ "type": "Feature", "properties": { "name": "Happy Campers Family Day Care", "lat": -37.6827118, "lng": 145.1052777 }, "geometry": { "type": "Point", "coordinates": [ 145.1052777, -37.6827118 ] } },
{ "type": "Feature", "properties": { "name": "Homestead Child & Family Centre", "lat": -37.6331211, "lng": 144.917805 }, "geometry": { "type": "Point", "coordinates": [ 144.917805, -37.6331211 ] } },
{ "type": "Feature", "properties": { "name": "Starfish Early Learning Centre (Reservoir)", "lat": -37.7014663, "lng": 145.0039147 }, "geometry": { "type": "Point", "coordinates": [ 145.0039147, -37.7014663 ] } },
{ "type": "Feature", "properties": { "name": "Tarcoola Preschool", "lat": -37.6483897, "lng": 144.9241288 }, "geometry": { "type": "Point", "coordinates": [ 144.9241288, -37.6483897 ] } },
{ "type": "Feature", "properties": { "name": "Merrilands Uniting Early Learning", "lat": -37.7004994, "lng": 144.9980197 }, "geometry": { "type": "Point", "coordinates": [ 144.9980197, -37.7004994 ] } },
{ "type": "Feature", "properties": { "name": "Amaary Family Day Care", "lat": -37.588813, "lng": 144.9178077 }, "geometry": { "type": "Point", "coordinates": [ 144.9178077, -37.588813 ] } },
{ "type": "Feature", "properties": { "name": "Coolaroo South OSHClub", "lat": -37.6618695, "lng": 144.9326295 }, "geometry": { "type": "Point", "coordinates": [ 144.9326295, -37.6618695 ] } },
{ "type": "Feature", "properties": { "name": "GREEN LEAVES EARLY LEARNING CLOVERTON", "lat": -37.5402867, "lng": 144.955236 }, "geometry": { "type": "Point", "coordinates": [ 144.955236, -37.5402867 ] } },
{ "type": "Feature", "properties": { "name": "Camp Australia - Mount Ridley College OSHC", "lat": -37.5772234, "lng": 144.9208607 }, "geometry": { "type": "Point", "coordinates": [ 144.9208607, -37.5772234 ] } },
{ "type": "Feature", "properties": { "name": "TeamKids - Reservoir Views Primary", "lat": -37.7053055, "lng": 145.0216827 }, "geometry": { "type": "Point", "coordinates": [ 145.0216827, -37.7053055 ] } },
{ "type": "Feature", "properties": { "name": "Westmere Children's Services Centre", "lat": -37.664883, "lng": 144.933224 }, "geometry": { "type": "Point", "coordinates": [ 144.933224, -37.664883 ] } },
{ "type": "Feature", "properties": { "name": "Wayi School TheirCare", "lat": -37.5761335, "lng": 144.9212742 }, "geometry": { "type": "Point", "coordinates": [ 144.9212742, -37.5761335 ] } },
{ "type": "Feature", "properties": { "name": "Roxburgh Homestead PS TheirCare", "lat": -37.6341423, "lng": 144.9156968 }, "geometry": { "type": "Point", "coordinates": [ 144.9156968, -37.6341423 ] } },
{ "type": "Feature", "properties": { "name": "OSHC-Dallas", "lat": -37.6684036, "lng": 144.9361965 }, "geometry": { "type": "Point", "coordinates": [ 144.9361965, -37.6684036 ] } },
{ "type": "Feature", "properties": { "name": "Gellibrand Crescent Kindergarten", "lat": -37.7040378, "lng": 145.0063251 }, "geometry": { "type": "Point", "coordinates": [ 145.0063251, -37.7040378 ] } },
{ "type": "Feature", "properties": { "name": "Coolaroo South Kindergarten at Coolaroo South Primary School", "lat": -37.6620923, "lng": 144.9302996 }, "geometry": { "type": "Point", "coordinates": [ 144.9302996, -37.6620923 ] } },
{ "type": "Feature", "properties": { "name": "Pelican Childcare Fairways", "lat": -37.6066675, "lng": 144.9119889 }, "geometry": { "type": "Point", "coordinates": [ 144.9119889, -37.6066675 ] } },
{ "type": "Feature", "properties": { "name": "Aspire Early Education & Kindergarten Kalkallo Pty Ltd", "lat": -37.5346209, "lng": 144.9611858 }, "geometry": { "type": "Point", "coordinates": [ 144.9611858, -37.5346209 ] } },
{ "type": "Feature", "properties": { "name": "St Joseph the Worker Outside School Hours Care, Reservior North", "lat": -37.7016596, "lng": 144.9929394 }, "geometry": { "type": "Point", "coordinates": [ 144.9929394, -37.7016596 ] } },
{ "type": "Feature", "properties": { "name": "Goodstart Early Learning Bundoora - Karl Court", "lat": -37.7051847, "lng": 145.0536655 }, "geometry": { "type": "Point", "coordinates": [ 145.0536655, -37.7051847 ] } },
{ "type": "Feature", "properties": { "name": "Holy Child OSHC Dallas", "lat": -37.6661018, "lng": 144.9326103 }, "geometry": { "type": "Point", "coordinates": [ 144.9326103, -37.6661018 ] } },
{ "type": "Feature", "properties": { "name": "Papilio Early Learning Bundoora", "lat": -37.7010903, "lng": 145.072902 }, "geometry": { "type": "Point", "coordinates": [ 145.072902, -37.7010903 ] } },
{ "type": "Feature", "properties": { "name": "Holy Child Early Years Centre", "lat": -37.6659905, "lng": 144.9321921 }, "geometry": { "type": "Point", "coordinates": [ 144.9321921, -37.6659905 ] } },
{ "type": "Feature", "properties": { "name": "Bundoora Preschool", "lat": -37.7039758, "lng": 145.0634214 }, "geometry": { "type": "Point", "coordinates": [ 145.0634214, -37.7039758 ] } },
{ "type": "Feature", "properties": { "name": "Community Kids Meadow Heights Early Education Centre", "lat": -37.6503112, "lng": 144.9203662 }, "geometry": { "type": "Point", "coordinates": [ 144.9203662, -37.6503112 ] } },
{ "type": "Feature", "properties": { "name": "Watsonia North Preschool", "lat": -37.6976258, "lng": 145.0852841 }, "geometry": { "type": "Point", "coordinates": [ 145.0852841, -37.6976258 ] } },
{ "type": "Feature", "properties": { "name": "Sunshine Family Day Care", "lat": -37.6591166, "lng": 144.9256769 }, "geometry": { "type": "Point", "coordinates": [ 144.9256769, -37.6591166 ] } },
{ "type": "Feature", "properties": { "name": "Malcolm Creek Preschool", "lat": -37.5754425, "lng": 144.9187372 }, "geometry": { "type": "Point", "coordinates": [ 144.9187372, -37.5754425 ] } },
{ "type": "Feature", "properties": { "name": "Bright Beginnings Family Day Care Centre", "lat": -37.6877862, "lng": 144.9568883 }, "geometry": { "type": "Point", "coordinates": [ 144.9568883, -37.6877862 ] } },
{ "type": "Feature", "properties": { "name": "Kalkallo Interim Preschool", "lat": -37.5335173, "lng": 144.9595058 }, "geometry": { "type": "Point", "coordinates": [ 144.9595058, -37.5335173 ] } },
{ "type": "Feature", "properties": { "name": "Watsonia North PS TheirCare", "lat": -37.700134, "lng": 145.0803988 }, "geometry": { "type": "Point", "coordinates": [ 145.0803988, -37.700134 ] } },
{ "type": "Feature", "properties": { "name": "Moomba Park Kindergarten", "lat": -37.695114, "lng": 144.968443 }, "geometry": { "type": "Point", "coordinates": [ 144.968443, -37.695114 ] } },
{ "type": "Feature", "properties": { "name": "Diamond Valley SDS TheirCare", "lat": -37.6864801, "lng": 145.111346 }, "geometry": { "type": "Point", "coordinates": [ 145.111346, -37.6864801 ] } },
{ "type": "Feature", "properties": { "name": "Gilgai Plains PS TheirCare", "lat": -37.5326448, "lng": 144.9578495 }, "geometry": { "type": "Point", "coordinates": [ 144.9578495, -37.5326448 ] } },
{ "type": "Feature", "properties": { "name": "Apollo Parkways P.S. OSHC", "lat": -37.6879486, "lng": 145.1097447 }, "geometry": { "type": "Point", "coordinates": [ 145.1097447, -37.6879486 ] } },
{ "type": "Feature", "properties": { "name": "Craigieburn Global Learning Centre Children's Service", "lat": -37.5905142, "lng": 144.9098317 }, "geometry": { "type": "Point", "coordinates": [ 144.9098317, -37.5905142 ] } },
{ "type": "Feature", "properties": { "name": "YMCA - Moomba Park Primary School OSHC", "lat": -37.6959022, "lng": 144.9668978 }, "geometry": { "type": "Point", "coordinates": [ 144.9668978, -37.6959022 ] } },
{ "type": "Feature", "properties": { "name": "Whiz Kidz Early Learning Centre Craigieburn", "lat": -37.5932044, "lng": 144.9088643 }, "geometry": { "type": "Point", "coordinates": [ 144.9088643, -37.5932044 ] } },
{ "type": "Feature", "properties": { "name": "Bundoora PS TheirCare", "lat": -37.7070882, "lng": 145.0639747 }, "geometry": { "type": "Point", "coordinates": [ 145.0639747, -37.7070882 ] } },
{ "type": "Feature", "properties": { "name": "Big Childcare - Hume Anglican Kalkallo OSHC", "lat": -37.5298421, "lng": 144.9601195 }, "geometry": { "type": "Point", "coordinates": [ 144.9601195, -37.5298421 ] } },
{ "type": "Feature", "properties": { "name": "Wallaby Early Learning Centre Greensborough", "lat": -37.6883616, "lng": 145.1111467 }, "geometry": { "type": "Point", "coordinates": [ 145.1111467, -37.6883616 ] } },
{ "type": "Feature", "properties": { "name": "Community Kids Haven Greensborough", "lat": -37.6832704, "lng": 145.1186765 }, "geometry": { "type": "Point", "coordinates": [ 145.1186765, -37.6832704 ] } },
{ "type": "Feature", "properties": { "name": "St Thomas Apostle OSHClub", "lat": -37.6822654, "lng": 145.1202412 }, "geometry": { "type": "Point", "coordinates": [ 145.1202412, -37.6822654 ] } },
{ "type": "Feature", "properties": { "name": "Grimshaw Street Early Learning Centre", "lat": -37.7023409, "lng": 145.0847563 }, "geometry": { "type": "Point", "coordinates": [ 145.0847563, -37.7023409 ] } },
{ "type": "Feature", "properties": { "name": "Goodstart Early Learning Bundoora - Bendoran Crescent", "lat": -37.7083766, "lng": 145.064451 }, "geometry": { "type": "Point", "coordinates": [ 145.064451, -37.7083766 ] } },
{ "type": "Feature", "properties": { "name": "Diamond Hills Preschool", "lat": -37.6877876, "lng": 145.1137383 }, "geometry": { "type": "Point", "coordinates": [ 145.1137383, -37.6877876 ] } },
{ "type": "Feature", "properties": { "name": "Aitken Hill PS TheirCare", "lat": -37.6019318, "lng": 144.9051103 }, "geometry": { "type": "Point", "coordinates": [ 144.9051103, -37.6019318 ] } },
{ "type": "Feature", "properties": { "name": "Early Learning Victoria Wimbi", "lat": -37.698335, "lng": 144.9663992 }, "geometry": { "type": "Point", "coordinates": [ 144.9663992, -37.698335 ] } },
{ "type": "Feature", "properties": { "name": "Brightminds Early Learning", "lat": -37.677333, "lng": 145.1278912 }, "geometry": { "type": "Point", "coordinates": [ 145.1278912, -37.677333 ] } },
{ "type": "Feature", "properties": { "name": "Joybelle Child Care Centre", "lat": -37.6950965, "lng": 144.9596778 }, "geometry": { "type": "Point", "coordinates": [ 144.9596778, -37.6950965 ] } },
{ "type": "Feature", "properties": { "name": "Reservoir Primary Combined Out of School Hours Care", "lat": -37.7108798, "lng": 145.0072852 }, "geometry": { "type": "Point", "coordinates": [ 145.0072852, -37.7108798 ] } },
{ "type": "Feature", "properties": { "name": "Aitken Hill Community Centre", "lat": -37.6020436, "lng": 144.9041109 }, "geometry": { "type": "Point", "coordinates": [ 144.9041109, -37.6020436 ] } },
{ "type": "Feature", "properties": { "name": "Ilim Learning Sanctuary - Dallas", "lat": -37.6730034, "lng": 144.9294828 }, "geometry": { "type": "Point", "coordinates": [ 144.9294828, -37.6730034 ] } },
{ "type": "Feature", "properties": { "name": "Learning Nest", "lat": -37.6554283, "lng": 144.9157867 }, "geometry": { "type": "Point", "coordinates": [ 144.9157867, -37.6554283 ] } },
{ "type": "Feature", "properties": { "name": "Bethal Primary School", "lat": -37.659406, "lng": 144.918219 }, "geometry": { "type": "Point", "coordinates": [ 144.918219, -37.659406 ] } },
{ "type": "Feature", "properties": { "name": "Bethal Primary School Kindergarten", "lat": -37.659406, "lng": 144.918219 }, "geometry": { "type": "Point", "coordinates": [ 144.918219, -37.659406 ] } },
{ "type": "Feature", "properties": { "name": "Bellbrae Childcare And Kindergarten", "lat": -37.6577677, "lng": 144.9166467 }, "geometry": { "type": "Point", "coordinates": [ 144.9166467, -37.6577677 ] } },
{ "type": "Feature", "properties": { "name": "YMCA Aitken Creek Primary School OSHC", "lat": -37.5833479, "lng": 144.9073165 }, "geometry": { "type": "Point", "coordinates": [ 144.9073165, -37.5833479 ] } },
{ "type": "Feature", "properties": { "name": "Craigieburn West YMCA Early Learning Centre", "lat": -37.5833479, "lng": 144.9073165 }, "geometry": { "type": "Point", "coordinates": [ 144.9073165, -37.5833479 ] } },
{ "type": "Feature", "properties": { "name": "Craigieburn West YMCA Early Learning Centre", "lat": -37.5833479, "lng": 144.9073165 }, "geometry": { "type": "Point", "coordinates": [ 144.9073165, -37.5833479 ] } },
{ "type": "Feature", "properties": { "name": "Apollo Parkways Preschool", "lat": -37.6955211, "lng": 145.1050622 }, "geometry": { "type": "Point", "coordinates": [ 145.1050622, -37.6955211 ] } },
{ "type": "Feature", "properties": { "name": "Maryborough Ave kindergarten", "lat": -37.7129359, "lng": 145.0489027 }, "geometry": { "type": "Point", "coordinates": [ 145.0489027, -37.7129359 ] } },
{ "type": "Feature", "properties": { "name": "Oz Education Dallas", "lat": -37.6747655, "lng": 144.9290857 }, "geometry": { "type": "Point", "coordinates": [ 144.9290857, -37.6747655 ] } },
{ "type": "Feature", "properties": { "name": "Oz Education Dallas", "lat": -37.6747655, "lng": 144.9290857 }, "geometry": { "type": "Point", "coordinates": [ 144.9290857, -37.6747655 ] } },
{ "type": "Feature", "properties": { "name": "Milestones Early Learning Bundoora", "lat": -37.7137187, "lng": 145.0476824 }, "geometry": { "type": "Point", "coordinates": [ 145.0476824, -37.7137187 ] } },
{ "type": "Feature", "properties": { "name": "Kingsbury PS TheirCare", "lat": -37.7149886, "lng": 145.0382898 }, "geometry": { "type": "Point", "coordinates": [ 145.0382898, -37.7149886 ] } },
{ "type": "Feature", "properties": { "name": "Camp Australia - St Mary's School Greensborough OSHC", "lat": -37.7032598, "lng": 145.0920109 }, "geometry": { "type": "Point", "coordinates": [ 145.0920109, -37.7032598 ] } },
{ "type": "Feature", "properties": { "name": "Educare Family Day Care", "lat": -37.713615, "lng": 145.0076165 }, "geometry": { "type": "Point", "coordinates": [ 145.0076165, -37.713615 ] } },
{ "type": "Feature", "properties": { "name": "Learning Ladder Early Learning Centre Watsonia", "lat": -37.7070028, "lng": 145.0830329 }, "geometry": { "type": "Point", "coordinates": [ 145.0830329, -37.7070028 ] } },
{ "type": "Feature", "properties": { "name": "North West Neighbourhood House Network Inc", "lat": -37.70304918, "lng": 144.9688474 }, "geometry": { "type": "Point", "coordinates": [ 144.9688474, -37.70304918 ] } },
{ "type": "Feature", "properties": { "name": "Newbury PS TheirCare", "lat": -37.5712907, "lng": 144.9101152 }, "geometry": { "type": "Point", "coordinates": [ 144.9101152, -37.5712907 ] } },
{ "type": "Feature", "properties": { "name": "Darebin Childcare and Kindergarten Inc - Reservoir", "lat": -37.7140324, "lng": 145.0068783 }, "geometry": { "type": "Point", "coordinates": [ 145.0068783, -37.7140324 ] } },
{ "type": "Feature", "properties": { "name": "Milestones Early Learning Greensborough", "lat": -37.7032578, "lng": 145.0943918 }, "geometry": { "type": "Point", "coordinates": [ 145.0943918, -37.7032578 ] } },
{ "type": "Feature", "properties": { "name": "Guardian Watsonia Childcare and Education", "lat": -37.7086707, "lng": 145.080701 }, "geometry": { "type": "Point", "coordinates": [ 145.080701, -37.7086707 ] } },
{ "type": "Feature", "properties": { "name": "Watsonia PS TheirCare", "lat": -37.7067256, "lng": 145.0865284 }, "geometry": { "type": "Point", "coordinates": [ 145.0865284, -37.7067256 ] } },
{ "type": "Feature", "properties": { "name": "Concord School TheirCare", "lat": -37.707196, "lng": 145.0854564 }, "geometry": { "type": "Point", "coordinates": [ 145.0854564, -37.707196 ] } },
{ "type": "Feature", "properties": { "name": "Pelican Childcare Newbury Boulevard", "lat": -37.5717818, "lng": 144.9090184 }, "geometry": { "type": "Point", "coordinates": [ 144.9090184, -37.5717818 ] } },
{ "type": "Feature", "properties": { "name": "Smartie Pants Early Learning & Development", "lat": -37.6755078, "lng": 145.1360745 }, "geometry": { "type": "Point", "coordinates": [ 145.1360745, -37.6755078 ] } },
{ "type": "Feature", "properties": { "name": "MyCentre Childcare", "lat": -37.6776175, "lng": 144.9281421 }, "geometry": { "type": "Point", "coordinates": [ 144.9281421, -37.6776175 ] } },
{ "type": "Feature", "properties": { "name": "Watsonia Preschool", "lat": -37.7080327, "lng": 145.0840346 }, "geometry": { "type": "Point", "coordinates": [ 145.0840346, -37.7080327 ] } },
{ "type": "Feature", "properties": { "name": "Nido Early School Kingsbury", "lat": -37.7164208, "lng": 145.042616 }, "geometry": { "type": "Point", "coordinates": [ 145.042616, -37.7164208 ] } },
{ "type": "Feature", "properties": { "name": "Moonstar Kids Academy", "lat": -37.6719936, "lng": 144.9219357 }, "geometry": { "type": "Point", "coordinates": [ 144.9219357, -37.6719936 ] } },
{ "type": "Feature", "properties": { "name": "Darul Ulum College Child Care", "lat": -37.7057924, "lng": 144.9705197 }, "geometry": { "type": "Point", "coordinates": [ 144.9705197, -37.7057924 ] } },
{ "type": "Feature", "properties": { "name": "YMCA - Broadmeadows Primary School OSHC", "lat": -37.6796184, "lng": 144.928653 }, "geometry": { "type": "Point", "coordinates": [ 144.928653, -37.6796184 ] } },
{ "type": "Feature", "properties": { "name": "Broadmeadows Preschool", "lat": -37.6796184, "lng": 144.928653 }, "geometry": { "type": "Point", "coordinates": [ 144.928653, -37.6796184 ] } },
{ "type": "Feature", "properties": { "name": "Launchpad Early Learning Centre Greensborough", "lat": -37.7026456, "lng": 145.1006642 }, "geometry": { "type": "Point", "coordinates": [ 145.1006642, -37.7026456 ] } },
{ "type": "Feature", "properties": { "name": "Newbury Child and Community Centre", "lat": -37.5704587, "lng": 144.9071875 }, "geometry": { "type": "Point", "coordinates": [ 144.9071875, -37.5704587 ] } },
{ "type": "Feature", "properties": { "name": "Edwardes Street Child Minding", "lat": -37.7163779, "lng": 145.0044958 }, "geometry": { "type": "Point", "coordinates": [ 145.0044958, -37.7163779 ] } },
{ "type": "Feature", "properties": { "name": "First Five Early Learning Reservoir", "lat": -37.715821, "lng": 144.999694 }, "geometry": { "type": "Point", "coordinates": [ 144.999694, -37.715821 ] } },
{ "type": "Feature", "properties": { "name": "MyCentre Childcare", "lat": -37.6771203, "lng": 144.9240164 }, "geometry": { "type": "Point", "coordinates": [ 144.9240164, -37.6771203 ] } },
{ "type": "Feature", "properties": { "name": "Kalkallo North Kindergarten", "lat": -37.5213871, "lng": 144.9578758 }, "geometry": { "type": "Point", "coordinates": [ 144.9578758, -37.5213871 ] } },
{ "type": "Feature", "properties": { "name": "Greensborough OSHClub", "lat": -37.7041009, "lng": 145.1002358 }, "geometry": { "type": "Point", "coordinates": [ 145.1002358, -37.7041009 ] } },
{ "type": "Feature", "properties": { "name": "TeamKids - Greenhills Primary", "lat": -37.6940342, "lng": 145.1183428 }, "geometry": { "type": "Point", "coordinates": [ 145.1183428, -37.6940342 ] } },
{ "type": "Feature", "properties": { "name": "Greensborough Preschool", "lat": -37.7050656, "lng": 145.0986911 }, "geometry": { "type": "Point", "coordinates": [ 145.0986911, -37.7050656 ] } },
{ "type": "Feature", "properties": { "name": "Children Unplugged Family Day Care Service", "lat": -37.7066897, "lng": 144.9674004 }, "geometry": { "type": "Point", "coordinates": [ 144.9674004, -37.7066897 ] } },
{ "type": "Feature", "properties": { "name": "Reservoir East Primary School Kindergarten", "lat": -37.7195517, "lng": 145.0220153 }, "geometry": { "type": "Point", "coordinates": [ 145.0220153, -37.7195517 ] } },
{ "type": "Feature", "properties": { "name": "Joyce Avenue Children's Centre", "lat": -37.7013156, "lng": 145.1075402 }, "geometry": { "type": "Point", "coordinates": [ 145.1075402, -37.7013156 ] } },
{ "type": "Feature", "properties": { "name": "Goodstart Early Learning Watsonia", "lat": -37.712723, "lng": 145.081671 }, "geometry": { "type": "Point", "coordinates": [ 145.081671, -37.712723 ] } },
{ "type": "Feature", "properties": { "name": "SchoolsOUT! Banum Warrik", "lat": -37.5208582, "lng": 144.9556906 }, "geometry": { "type": "Point", "coordinates": [ 144.9556906, -37.5208582 ] } },
{ "type": "Feature", "properties": { "name": "Yandell Kindergarten", "lat": -37.6995381, "lng": 145.1128206 }, "geometry": { "type": "Point", "coordinates": [ 145.1128206, -37.6995381 ] } },
{ "type": "Feature", "properties": { "name": "Greenhills Preschool", "lat": -37.6995381, "lng": 145.1128206 }, "geometry": { "type": "Point", "coordinates": [ 145.1128206, -37.6995381 ] } },
{ "type": "Feature", "properties": { "name": "St Gabriel's PS Reservoir TheirCare", "lat": -37.7188914, "lng": 145.0045531 }, "geometry": { "type": "Point", "coordinates": [ 145.0045531, -37.7188914 ] } },
{ "type": "Feature", "properties": { "name": "Matrix Early Learning Fawkner", "lat": -37.7063246, "lng": 144.9615697 }, "geometry": { "type": "Point", "coordinates": [ 144.9615697, -37.7063246 ] } },
{ "type": "Feature", "properties": { "name": "Ilim Learning Sanctuary - Glenroy", "lat": -37.7039633, "lng": 144.9565282 }, "geometry": { "type": "Point", "coordinates": [ 144.9565282, -37.7039633 ] } },
{ "type": "Feature", "properties": { "name": "Kids Academy Craigieburn", "lat": -37.5984482, "lng": 144.8937879 }, "geometry": { "type": "Point", "coordinates": [ 144.8937879, -37.5984482 ] } },
{ "type": "Feature", "properties": { "name": "TeamKids - Reservoir East Primary", "lat": -37.7211785, "lng": 145.0216938 }, "geometry": { "type": "Point", "coordinates": [ 145.0216938, -37.7211785 ] } },
{ "type": "Feature", "properties": { "name": "Wahroonga Preschool", "lat": -37.6924662, "lng": 145.1251898 }, "geometry": { "type": "Point", "coordinates": [ 145.1251898, -37.6924662 ] } },
{ "type": "Feature", "properties": { "name": "Amiga Montessori Craigieburn", "lat": -37.5888345, "lng": 144.8955156 }, "geometry": { "type": "Point", "coordinates": [ 144.8955156, -37.5888345 ] } },
{ "type": "Feature", "properties": { "name": "Dewdrops Early Learning", "lat": -37.7200957, "lng": 145.0082406 }, "geometry": { "type": "Point", "coordinates": [ 145.0082406, -37.7200957 ] } },
{ "type": "Feature", "properties": { "name": "GREEN LEAVES EARLY LEARNING HIGHLANDS", "lat": -37.5828005, "lng": 144.8971236 }, "geometry": { "type": "Point", "coordinates": [ 144.8971236, -37.5828005 ] } },
{ "type": "Feature", "properties": { "name": "Greenhills Neighbourhood House Inc", "lat": -37.699775, "lng": 145.11483 }, "geometry": { "type": "Point", "coordinates": [ 145.11483, -37.699775 ] } },
{ "type": "Feature", "properties": { "name": "Green Leaves Early Learning Craigieburn", "lat": -37.5923332, "lng": 144.893968 }, "geometry": { "type": "Point", "coordinates": [ 144.893968, -37.5923332 ] } },
{ "type": "Feature", "properties": { "name": "Camp Australia - Diamond Creek Primary School OSHC", "lat": -37.6710316, "lng": 145.1492112 }, "geometry": { "type": "Point", "coordinates": [ 145.1492112, -37.6710316 ] } },
{ "type": "Feature", "properties": { "name": "Meadows Primary School Kindergarten", "lat": -37.6878362, "lng": 144.9289237 }, "geometry": { "type": "Point", "coordinates": [ 144.9289237, -37.6878362 ] } },
{ "type": "Feature", "properties": { "name": "Kelly Club OSHC Oscar Romero Primary School", "lat": -37.5816162, "lng": 144.8960794 }, "geometry": { "type": "Point", "coordinates": [ 144.8960794, -37.5816162 ] } },
{ "type": "Feature", "properties": { "name": "Diamond Creek Memorial Preschool", "lat": -37.6724218, "lng": 145.1490302 }, "geometry": { "type": "Point", "coordinates": [ 145.1490302, -37.6724218 ] } },
{ "type": "Feature", "properties": { "name": "Great Beginnings Reservoir", "lat": -37.7189792, "lng": 144.9928103 }, "geometry": { "type": "Point", "coordinates": [ 144.9928103, -37.7189792 ] } },
{ "type": "Feature", "properties": { "name": "Skye Children's Co-op", "lat": -37.7184522, "lng": 145.0726196 }, "geometry": { "type": "Point", "coordinates": [ 145.0726196, -37.7184522 ] } },
{ "type": "Feature", "properties": { "name": "North-Eastern Montessori School OSHC", "lat": -37.6844048, "lng": 145.138575 }, "geometry": { "type": "Point", "coordinates": [ 145.138575, -37.6844048 ] } },
{ "type": "Feature", "properties": { "name": "North-Eastern Montessori School", "lat": -37.6844048, "lng": 145.138575 }, "geometry": { "type": "Point", "coordinates": [ 145.138575, -37.6844048 ] } },
{ "type": "Feature", "properties": { "name": "St Helena Early Learning", "lat": -37.6978244, "lng": 145.1220863 }, "geometry": { "type": "Point", "coordinates": [ 145.1220863, -37.6978244 ] } },
{ "type": "Feature", "properties": { "name": "Oakhill Family Centre", "lat": -37.7233148, "lng": 145.0172592 }, "geometry": { "type": "Point", "coordinates": [ 145.0172592, -37.7233148 ] } },
{ "type": "Feature", "properties": { "name": "Launchpad Diamond Creek", "lat": -37.6731969, "lng": 145.1499467 }, "geometry": { "type": "Point", "coordinates": [ 145.1499467, -37.6731969 ] } },
{ "type": "Feature", "properties": { "name": "Watsonia Occasional Child Care", "lat": -37.71545725, "lng": 145.0866515 }, "geometry": { "type": "Point", "coordinates": [ 145.0866515, -37.71545725 ] } },
{ "type": "Feature", "properties": { "name": "Broadmeadows Early Learning Centre", "lat": -37.6858779, "lng": 144.9239756 }, "geometry": { "type": "Point", "coordinates": [ 144.9239756, -37.6858779 ] } },
{ "type": "Feature", "properties": { "name": "St Dominic's Outside School Hours Care, Broadmeadows", "lat": -37.6854619, "lng": 144.9234422 }, "geometry": { "type": "Point", "coordinates": [ 144.9234422, -37.6854619 ] } },
{ "type": "Feature", "properties": { "name": "Inspire Early Learning Journey Reservoir", "lat": -37.724435, "lng": 145.0262356 }, "geometry": { "type": "Point", "coordinates": [ 145.0262356, -37.724435 ] } },
{ "type": "Feature", "properties": { "name": "Fawkner PS TheirCare", "lat": -37.7153976, "lng": 144.9746043 }, "geometry": { "type": "Point", "coordinates": [ 144.9746043, -37.7153976 ] } },
{ "type": "Feature", "properties": { "name": "Lorne Street Kindergarten at Fawkner Primary School", "lat": -37.7153976, "lng": 144.9746043 }, "geometry": { "type": "Point", "coordinates": [ 144.9746043, -37.7153976 ] } },
{ "type": "Feature", "properties": { "name": "Ness Reserve Pre-school", "lat": -37.6702287, "lng": 145.1532748 }, "geometry": { "type": "Point", "coordinates": [ 145.1532748, -37.6702287 ] } },
{ "type": "Feature", "properties": { "name": "Kelly Club OSHC Aitken College", "lat": -37.6275997, "lng": 144.8898147 }, "geometry": { "type": "Point", "coordinates": [ 144.8898147, -37.6275997 ] } },
{ "type": "Feature", "properties": { "name": "Belle Vue Park PS TheirCare", "lat": -37.7007933, "lng": 144.9426261 }, "geometry": { "type": "Point", "coordinates": [ 144.9426261, -37.7007933 ] } },
{ "type": "Feature", "properties": { "name": "Belle Vue Park Kindergarten", "lat": -37.7007933, "lng": 144.9426261 }, "geometry": { "type": "Point", "coordinates": [ 144.9426261, -37.7007933 ] } },
{ "type": "Feature", "properties": { "name": "Journey Early Learning Centre - Whittlesea", "lat": -37.5180224, "lng": 145.1133153 }, "geometry": { "type": "Point", "coordinates": [ 145.1133153, -37.5180224 ] } },
{ "type": "Feature", "properties": { "name": "Happy Valley Early Learning Centre", "lat": -37.7186147, "lng": 145.0809806 }, "geometry": { "type": "Point", "coordinates": [ 145.0809806, -37.7186147 ] } },
{ "type": "Feature", "properties": { "name": "ABC LEARNING FAMILY DAY CARE", "lat": -37.6912536, "lng": 144.9279561 }, "geometry": { "type": "Point", "coordinates": [ 144.9279561, -37.6912536 ] } },
{ "type": "Feature", "properties": { "name": "St Helena Preschool", "lat": -37.6883267, "lng": 145.1395569 }, "geometry": { "type": "Point", "coordinates": [ 145.1395569, -37.6883267 ] } },
{ "type": "Feature", "properties": { "name": "New Futures Broadmeadows", "lat": -37.68086944, "lng": 144.9150818 }, "geometry": { "type": "Point", "coordinates": [ 144.9150818, -37.68086944 ] } },
{ "type": "Feature", "properties": { "name": "Reservoir West PS TheirCare", "lat": -37.7222413, "lng": 144.990142 }, "geometry": { "type": "Point", "coordinates": [ 144.990142, -37.7222413 ] } },
{ "type": "Feature", "properties": { "name": "Delta Road Preschool", "lat": -37.7166397, "lng": 145.0920271 }, "geometry": { "type": "Point", "coordinates": [ 145.0920271, -37.7166397 ] } },
{ "type": "Feature", "properties": { "name": "La Trobe University Community Children's Centre", "lat": -37.7263316, "lng": 145.049912 }, "geometry": { "type": "Point", "coordinates": [ 145.049912, -37.7263316 ] } },
{ "type": "Feature", "properties": { "name": "Green Leaves Early Learning Merrifield", "lat": -37.536365, "lng": 144.9203137 }, "geometry": { "type": "Point", "coordinates": [ 144.9203137, -37.536365 ] } },
{ "type": "Feature", "properties": { "name": "Broadmeadows Valley OSHClub", "lat": -37.6791254, "lng": 144.9124382 }, "geometry": { "type": "Point", "coordinates": [ 144.9124382, -37.6791254 ] } },
{ "type": "Feature", "properties": { "name": "Barrymore Road Children's Centre", "lat": -37.6505724, "lng": 144.8934162 }, "geometry": { "type": "Point", "coordinates": [ 144.8934162, -37.6505724 ] } },
{ "type": "Feature", "properties": { "name": "Grace Park Preschool", "lat": -37.7130733, "lng": 145.1030799 }, "geometry": { "type": "Point", "coordinates": [ 145.1030799, -37.7130733 ] } },
{ "type": "Feature", "properties": { "name": "Occasional Child Care Centre Diamond Creek", "lat": -37.6741148, "lng": 145.1552264 }, "geometry": { "type": "Point", "coordinates": [ 145.1552264, -37.6741148 ] } },
{ "type": "Feature", "properties": { "name": "Story House Early Learning Reservoir", "lat": -37.7277826, "lng": 145.0200173 }, "geometry": { "type": "Point", "coordinates": [ 145.0200173, -37.7277826 ] } },
{ "type": "Feature", "properties": { "name": "Big Childcare - Mary Queen of Heaven CPS OSHC", "lat": -37.6298496, "lng": 144.8860572 }, "geometry": { "type": "Point", "coordinates": [ 144.8860572, -37.6298496 ] } },
{ "type": "Feature", "properties": { "name": "Glen Katherine Primary School Year Round Care Program", "lat": -37.6905796, "lng": 145.1395346 }, "geometry": { "type": "Point", "coordinates": [ 145.1395346, -37.6905796 ] } },
{ "type": "Feature", "properties": { "name": "Kids Academy Mickleham", "lat": -37.5733809, "lng": 144.8922486 }, "geometry": { "type": "Point", "coordinates": [ 144.8922486, -37.5733809 ] } },
{ "type": "Feature", "properties": { "name": "YMCA Macleod Recreation and Fitness Centre Vacation Care", "lat": -37.7246167, "lng": 145.0685473 }, "geometry": { "type": "Point", "coordinates": [ 145.0685473, -37.7246167 ] } },
{ "type": "Feature", "properties": { "name": "Whittlesea PS TheirCare", "lat": -37.5146305, "lng": 145.1139187 }, "geometry": { "type": "Point", "coordinates": [ 145.1139187, -37.5146305 ] } },
{ "type": "Feature", "properties": { "name": "Anne Sgro Children's Centre Association Incorporated", "lat": -37.7162256, "lng": 144.9645647 }, "geometry": { "type": "Point", "coordinates": [ 144.9645647, -37.7162256 ] } },
{ "type": "Feature", "properties": { "name": "Fawkner Kindergarten", "lat": -37.7162152, "lng": 144.9645608 }, "geometry": { "type": "Point", "coordinates": [ 144.9645608, -37.7162152 ] } },
{ "type": "Feature", "properties": { "name": "Songbird Early Learning Centre", "lat": -37.7065785, "lng": 145.1186381 }, "geometry": { "type": "Point", "coordinates": [ 145.1186381, -37.7065785 ] } },
{ "type": "Feature", "properties": { "name": "Sacred Heart Catholic Primary School - VillageOSHC", "lat": -37.6719686, "lng": 145.1587752 }, "geometry": { "type": "Point", "coordinates": [ 145.1587752, -37.6719686 ] } },
{ "type": "Feature", "properties": { "name": "Youth Leadership Victoria- St. Mark's OSHC", "lat": -37.7170597, "lng": 144.9650772 }, "geometry": { "type": "Point", "coordinates": [ 144.9650772, -37.7170597 ] } },
{ "type": "Feature", "properties": { "name": "HAPPY SPROUTS EARLY LEARNING", "lat": -37.5644307, "lng": 144.8951502 }, "geometry": { "type": "Point", "coordinates": [ 144.8951502, -37.5644307 ] } },
{ "type": "Feature", "properties": { "name": "Gowrie Victoria Broadmeadows Valley", "lat": -37.6818646, "lng": 144.9118472 }, "geometry": { "type": "Point", "coordinates": [ 144.9118472, -37.6818646 ] } },
{ "type": "Feature", "properties": { "name": "Camp Australia - Briar Hill Primary School OSHC", "lat": -37.7083441, "lng": 145.1161167 }, "geometry": { "type": "Point", "coordinates": [ 145.1161167, -37.7083441 ] } },
{ "type": "Feature", "properties": { "name": "St Thomas More's OSHClub", "lat": -37.707681, "lng": 144.944686 }, "geometry": { "type": "Point", "coordinates": [ 144.944686, -37.707681 ] } },
{ "type": "Feature", "properties": { "name": "EARLY BEGINNERS CHILD CARE CENTRE - GREENVALE", "lat": -37.6227883, "lng": 144.8829093 }, "geometry": { "type": "Point", "coordinates": [ 144.8829093, -37.6227883 ] } },
{ "type": "Feature", "properties": { "name": "Eltham North Child Care", "lat": -37.6898554, "lng": 145.1428 }, "geometry": { "type": "Point", "coordinates": [ 145.1428, -37.6898554 ] } },
{ "type": "Feature", "properties": { "name": "SHARAF FAMILY DAY CARE", "lat": -37.6994708, "lng": 144.9313315 }, "geometry": { "type": "Point", "coordinates": [ 144.9313315, -37.6994708 ] } },
{ "type": "Feature", "properties": { "name": "Explorers Early Learning - Greenvale", "lat": -37.6284916, "lng": 144.8835179 }, "geometry": { "type": "Point", "coordinates": [ 144.8835179, -37.6284916 ] } },
{ "type": "Feature", "properties": { "name": "Watsonia Heights PS TheirCare", "lat": -37.7160884, "lng": 145.1012114 }, "geometry": { "type": "Point", "coordinates": [ 145.1012114, -37.7160884 ] } },
{ "type": "Feature", "properties": { "name": "Greenvale Primary School Kindergarten", "lat": -37.6396508, "lng": 144.8862639 }, "geometry": { "type": "Point", "coordinates": [ 144.8862639, -37.6396508 ] } },
{ "type": "Feature", "properties": { "name": "Greenvale PS TheirCare", "lat": -37.639664, "lng": 144.886258 }, "geometry": { "type": "Point", "coordinates": [ 144.886258, -37.639664 ] } },
{ "type": "Feature", "properties": { "name": "Bradford Avenue Children's Centre", "lat": -37.639664, "lng": 144.886258 }, "geometry": { "type": "Point", "coordinates": [ 144.886258, -37.639664 ] } },
{ "type": "Feature", "properties": { "name": "Briar Hill Preschool", "lat": -37.7032937, "lng": 145.1259873 }, "geometry": { "type": "Point", "coordinates": [ 145.1259873, -37.7032937 ] } },
{ "type": "Feature", "properties": { "name": "Macleod Preschool Incorporated", "lat": -37.7263586, "lng": 145.0697436 }, "geometry": { "type": "Point", "coordinates": [ 145.0697436, -37.7263586 ] } },
{ "type": "Feature", "properties": { "name": "Goodstart Early Learning Greenvale", "lat": -37.6485168, "lng": 144.8886485 }, "geometry": { "type": "Point", "coordinates": [ 144.8886485, -37.6485168 ] } },
{ "type": "Feature", "properties": { "name": "Macleod College TheirCare", "lat": -37.7259094, "lng": 145.0736148 }, "geometry": { "type": "Point", "coordinates": [ 145.0736148, -37.7259094 ] } },
{ "type": "Feature", "properties": { "name": "HE Kane Uniting Kindergarten", "lat": -37.7072233, "lng": 144.941353 }, "geometry": { "type": "Point", "coordinates": [ 144.941353, -37.7072233 ] } },
{ "type": "Feature", "properties": { "name": "Our Patch OSHC at Holy Trinity Primary School", "lat": -37.697933, "lng": 145.135425 }, "geometry": { "type": "Point", "coordinates": [ 145.135425, -37.697933 ] } },
{ "type": "Feature", "properties": { "name": "Leapkids Charles La Trobe Trobe P-12 College", "lat": -37.729197, "lng": 145.0581501 }, "geometry": { "type": "Point", "coordinates": [ 145.0581501, -37.729197 ] } },
{ "type": "Feature", "properties": { "name": "Camp Australia - Holy Name Primary School OSHC", "lat": -37.7309723, "lng": 145.0180079 }, "geometry": { "type": "Point", "coordinates": [ 145.0180079, -37.7309723 ] } },
{ "type": "Feature", "properties": { "name": "Preston Primary School OSHC", "lat": -37.7304415, "lng": 145.0104575 }, "geometry": { "type": "Point", "coordinates": [ 145.0104575, -37.7304415 ] } },
{ "type": "Feature", "properties": { "name": "Blake Street Kindergarten", "lat": -37.731638, "lng": 145.0315315 }, "geometry": { "type": "Point", "coordinates": [ 145.0315315, -37.731638 ] } },
{ "type": "Feature", "properties": { "name": "Genius Childcare - Reservoir", "lat": -37.7316387, "lng": 145.0253702 }, "geometry": { "type": "Point", "coordinates": [ 145.0253702, -37.7316387 ] } },
{ "type": "Feature", "properties": { "name": "Nido Early School Coburg North", "lat": -37.7261808, "lng": 144.9847841 }, "geometry": { "type": "Point", "coordinates": [ 144.9847841, -37.7261808 ] } },
{ "type": "Feature", "properties": { "name": "SchoolsOUT! Keelonith Primary", "lat": -37.6226898, "lng": 144.8800844 }, "geometry": { "type": "Point", "coordinates": [ 144.8800844, -37.6226898 ] } },
{ "type": "Feature", "properties": { "name": "Sparkways Early Learning Whittlesea", "lat": -37.5152193, "lng": 145.1226044 }, "geometry": { "type": "Point", "coordinates": [ 145.1226044, -37.5152193 ] } },
{ "type": "Feature", "properties": { "name": "Goodstart Early Learning Preston - Regent Street", "lat": -37.7300791, "lng": 145.0022145 }, "geometry": { "type": "Point", "coordinates": [ 145.0022145, -37.7300791 ] } },
{ "type": "Feature", "properties": { "name": "Barrymore Early Learning", "lat": -37.6522937, "lng": 144.8877357 }, "geometry": { "type": "Point", "coordinates": [ 144.8877357, -37.6522937 ] } },
{ "type": "Feature", "properties": { "name": "St Carlo Borromeo OSHClub", "lat": -37.6537422, "lng": 144.8883532 }, "geometry": { "type": "Point", "coordinates": [ 144.8883532, -37.6537422 ] } },
{ "type": "Feature", "properties": { "name": "Play House Family Day Care", "lat": -37.731704, "lng": 145.0148591 }, "geometry": { "type": "Point", "coordinates": [ 145.0148591, -37.731704 ] } },
{ "type": "Feature", "properties": { "name": "Attwood House Community Centre Inc", "lat": -37.67105905, "lng": 144.8979039 }, "geometry": { "type": "Point", "coordinates": [ 144.8979039, -37.67105905 ] } },
{ "type": "Feature", "properties": { "name": "Nido Early School Rosanna", "lat": -37.7304675, "lng": 145.0610309 }, "geometry": { "type": "Point", "coordinates": [ 145.0610309, -37.7304675 ] } },
{ "type": "Feature", "properties": { "name": "Greenvale West Community Centre", "lat": -37.624106, "lng": 144.8790714 }, "geometry": { "type": "Point", "coordinates": [ 144.8790714, -37.624106 ] } },
{ "type": "Feature", "properties": { "name": "Guardian Childcare & Education Montmorency", "lat": -37.7098108, "lng": 145.1219738 }, "geometry": { "type": "Point", "coordinates": [ 145.1219738, -37.7098108 ] } },
{ "type": "Feature", "properties": { "name": "Story House Early Learning Diamond Creek", "lat": -37.675002, "lng": 145.162677 }, "geometry": { "type": "Point", "coordinates": [ 145.162677, -37.675002 ] } },
{ "type": "Feature", "properties": { "name": "Preston North East PS TheirCare", "lat": -37.7335198, "lng": 145.0294972 }, "geometry": { "type": "Point", "coordinates": [ 145.0294972, -37.7335198 ] } },
{ "type": "Feature", "properties": { "name": "J S Grey Reserve Kindergarten", "lat": -37.7295621, "lng": 144.9919818 }, "geometry": { "type": "Point", "coordinates": [ 144.9919818, -37.7295621 ] } },
{ "type": "Feature", "properties": { "name": "East Preston Islamic College Early Learning Centre", "lat": -37.7339917, "lng": 145.0352991 }, "geometry": { "type": "Point", "coordinates": [ 145.0352991, -37.7339917 ] } },
{ "type": "Feature", "properties": { "name": "Story House Early Learning Diamond Creek II", "lat": -37.6750154, "lng": 145.1636912 }, "geometry": { "type": "Point", "coordinates": [ 145.1636912, -37.6750154 ] } },
{ "type": "Feature", "properties": { "name": "St Mary's Parish Primary School- VillageOSHC", "lat": -37.5096111, "lng": 145.1170892 }, "geometry": { "type": "Point", "coordinates": [ 145.1170892, -37.5096111 ] } },
{ "type": "Feature", "properties": { "name": "Camp Australia - Streeton Primary School OSHC", "lat": -37.7214641, "lng": 145.1017656 }, "geometry": { "type": "Point", "coordinates": [ 145.1017656, -37.7214641 ] } },
{ "type": "Feature", "properties": { "name": "Wood Street Childcare Centre", "lat": -37.7335573, "lng": 145.0082191 }, "geometry": { "type": "Point", "coordinates": [ 145.0082191, -37.7335573 ] } },
{ "type": "Feature", "properties": { "name": "Diamond Creek East PS TheirCare", "lat": -37.6742964, "lng": 145.1653084 }, "geometry": { "type": "Point", "coordinates": [ 145.1653084, -37.6742964 ] } },
{ "type": "Feature", "properties": { "name": "Casa Bambini - Coburg", "lat": -37.7229464, "lng": 144.9638372 }, "geometry": { "type": "Point", "coordinates": [ 144.9638372, -37.7229464 ] } },
{ "type": "Feature", "properties": { "name": "Hadfield Early Learning Centre", "lat": -37.7106187, "lng": 144.9380627 }, "geometry": { "type": "Point", "coordinates": [ 144.9380627, -37.7106187 ] } },
{ "type": "Feature", "properties": { "name": "Newlands OSHClub", "lat": -37.7297507, "lng": 144.9854512 }, "geometry": { "type": "Point", "coordinates": [ 144.9854512, -37.7297507 ] } },
{ "type": "Feature", "properties": { "name": "AMIGA Montessori Greenvale", "lat": -37.6393403, "lng": 144.8792678 }, "geometry": { "type": "Point", "coordinates": [ 144.8792678, -37.6393403 ] } },
{ "type": "Feature", "properties": { "name": "Newlands Out of School Hours Program", "lat": -37.7298753, "lng": 144.9855286 }, "geometry": { "type": "Point", "coordinates": [ 144.9855286, -37.7298753 ] } },
{ "type": "Feature", "properties": { "name": "Will Will Rook Preschool (KODE Glenroy)", "lat": -37.6991225, "lng": 144.9208392 }, "geometry": { "type": "Point", "coordinates": [ 144.9208392, -37.6991225 ] } },
{ "type": "Feature", "properties": { "name": "Diamond Creek Memorial Kindergarten", "lat": -37.6777701, "lng": 145.1633893 }, "geometry": { "type": "Point", "coordinates": [ 145.1633893, -37.6777701 ] } },
{ "type": "Feature", "properties": { "name": "Kool Kidz Greenvale", "lat": -37.6428936, "lng": 144.8800414 }, "geometry": { "type": "Point", "coordinates": [ 144.8800414, -37.6428936 ] } },
{ "type": "Feature", "properties": { "name": "St Linus Kindergarten", "lat": -37.7217352, "lng": 144.958968 }, "geometry": { "type": "Point", "coordinates": [ 144.958968, -37.7217352 ] } },
{ "type": "Feature", "properties": { "name": "South Street Early Learning Centre", "lat": -37.7149727, "lng": 144.9439983 }, "geometry": { "type": "Point", "coordinates": [ 144.9439983, -37.7149727 ] } },
{ "type": "Feature", "properties": { "name": "Eltham North Preschool", "lat": -37.6984481, "lng": 145.143753 }, "geometry": { "type": "Point", "coordinates": [ 145.143753, -37.6984481 ] } },
{ "type": "Feature", "properties": { "name": "Kids Academy Waratah Estate", "lat": -37.5366927, "lng": 144.9057307 }, "geometry": { "type": "Point", "coordinates": [ 144.9057307, -37.5366927 ] } },
{ "type": "Feature", "properties": { "name": "Northland Kinder Haven", "lat": -37.7362061, "lng": 145.0279916 }, "geometry": { "type": "Point", "coordinates": [ 145.0279916, -37.7362061 ] } },
{ "type": "Feature", "properties": { "name": "Whittlesea Preschool", "lat": -37.5082718, "lng": 145.1190045 }, "geometry": { "type": "Point", "coordinates": [ 145.1190045, -37.5082718 ] } },
{ "type": "Feature", "properties": { "name": "Big Childcare - Sherbourne PS OSHC", "lat": -37.7090708, "lng": 145.1301755 }, "geometry": { "type": "Point", "coordinates": [ 145.1301755, -37.7090708 ] } },
{ "type": "Feature", "properties": { "name": "St Faith's Child Care and Early Learning Centre", "lat": -37.7131195, "lng": 145.1240907 }, "geometry": { "type": "Point", "coordinates": [ 145.1240907, -37.7131195 ] } },
{ "type": "Feature", "properties": { "name": "Glenroy Central Kindergarten", "lat": -37.7046978, "lng": 144.9250964 }, "geometry": { "type": "Point", "coordinates": [ 144.9250964, -37.7046978 ] } },
{ "type": "Feature", "properties": { "name": "Corpus Christi School OSHC Glenroy", "lat": -37.7032487, "lng": 144.9230869 }, "geometry": { "type": "Point", "coordinates": [ 144.9230869, -37.7032487 ] } },
{ "type": "Feature", "properties": { "name": "Eltham North P.S Outside School Hours Care", "lat": -37.6959623, "lng": 145.1488955 }, "geometry": { "type": "Point", "coordinates": [ 145.1488955, -37.6959623 ] } },
{ "type": "Feature", "properties": { "name": "Little Environeers", "lat": -37.7319411, "lng": 145.0787985 }, "geometry": { "type": "Point", "coordinates": [ 145.0787985, -37.7319411 ] } },
{ "type": "Feature", "properties": { "name": "Rosanna PS TheirCare", "lat": -37.7352119, "lng": 145.0624197 }, "geometry": { "type": "Point", "coordinates": [ 145.0624197, -37.7352119 ] } },
{ "type": "Feature", "properties": { "name": "Westmeadows PS TheirCare", "lat": -37.6771447, "lng": 144.8951138 }, "geometry": { "type": "Point", "coordinates": [ 144.8951138, -37.6771447 ] } },
{ "type": "Feature", "properties": { "name": "Nido Early School Yallambie", "lat": -37.7306065, "lng": 145.0857887 }, "geometry": { "type": "Point", "coordinates": [ 145.0857887, -37.7306065 ] } },
{ "type": "Feature", "properties": { "name": "Melbourne Juniors", "lat": -37.7382788, "lng": 145.0251807 }, "geometry": { "type": "Point", "coordinates": [ 145.0251807, -37.7382788 ] } },
{ "type": "Feature", "properties": { "name": "Nino Early Learning Adventures - Montmorency", "lat": -37.7213405, "lng": 145.1131487 }, "geometry": { "type": "Point", "coordinates": [ 145.1131487, -37.7213405 ] } },
{ "type": "Feature", "properties": { "name": "Pascoe Vale North PS TheirCare", "lat": -37.721262, "lng": 144.949116 }, "geometry": { "type": "Point", "coordinates": [ 144.949116, -37.721262 ] } },
{ "type": "Feature", "properties": { "name": "Pioneers Day Care Services", "lat": -37.7296384, "lng": 144.9697818 }, "geometry": { "type": "Point", "coordinates": [ 144.9697818, -37.7296384 ] } },
{ "type": "Feature", "properties": { "name": "Early Education Montessori Centre", "lat": -37.633947, "lng": 144.872539 }, "geometry": { "type": "Point", "coordinates": [ 144.872539, -37.633947 ] } },
{ "type": "Feature", "properties": { "name": "Gaayip-Yagila PS TheirCare", "lat": -37.5284536, "lng": 144.9089288 }, "geometry": { "type": "Point", "coordinates": [ 144.9089288, -37.5284536 ] } },
{ "type": "Feature", "properties": { "name": "Camp Australia - Montmorency Primary School OSHC", "lat": -37.7177645, "lng": 145.1215907 }, "geometry": { "type": "Point", "coordinates": [ 145.1215907, -37.7177645 ] } },
{ "type": "Feature", "properties": { "name": "Guardian Childcare & Education Preston", "lat": -37.7367046, "lng": 144.9973939 }, "geometry": { "type": "Point", "coordinates": [ 144.9973939, -37.7367046 ] } },
{ "type": "Feature", "properties": { "name": "Small Friends Childcare & Education Pearl Street", "lat": -37.7096667, "lng": 144.9272465 }, "geometry": { "type": "Point", "coordinates": [ 144.9272465, -37.7096667 ] } },
{ "type": "Feature", "properties": { "name": "Happy Hubbub", "lat": -37.738174, "lng": 145.0046141 }, "geometry": { "type": "Point", "coordinates": [ 145.0046141, -37.738174 ] } },
{ "type": "Feature", "properties": { "name": "INSPIRE EARLY LEARNING JOURNEY PRESTON", "lat": -37.7382594, "lng": 145.005163 }, "geometry": { "type": "Point", "coordinates": [ 145.005163, -37.7382594 ] } },
{ "type": "Feature", "properties": { "name": "Attwood Child Care Centre and Kindergarten", "lat": -37.6637064, "lng": 144.8831326 }, "geometry": { "type": "Point", "coordinates": [ 144.8831326, -37.6637064 ] } },
{ "type": "Feature", "properties": { "name": "Big Childcare - Holy Cross Mickleham OSHC", "lat": -37.530164, "lng": 144.9058762 }, "geometry": { "type": "Point", "coordinates": [ 144.9058762, -37.530164 ] } },
{ "type": "Feature", "properties": { "name": "Chapter 1 Early Learning Montmorency", "lat": -37.717702, "lng": 145.123183 }, "geometry": { "type": "Point", "coordinates": [ 145.123183, -37.717702 ] } },
{ "type": "Feature", "properties": { "name": "Yallambie Park Pre-school", "lat": -37.7267493, "lng": 145.1038771 }, "geometry": { "type": "Point", "coordinates": [ 145.1038771, -37.7267493 ] } },
{ "type": "Feature", "properties": { "name": "Glenroy Memorial Kindergarten", "lat": -37.7077653, "lng": 144.923129 }, "geometry": { "type": "Point", "coordinates": [ 144.923129, -37.7077653 ] } },
{ "type": "Feature", "properties": { "name": "Interlaken Kindergarten", "lat": -37.7357495, "lng": 145.0743844 }, "geometry": { "type": "Point", "coordinates": [ 145.0743844, -37.7357495 ] } },
{ "type": "Feature", "properties": { "name": "Hurstbridge Children's Centre", "lat": -37.6413431, "lng": 145.1894188 }, "geometry": { "type": "Point", "coordinates": [ 145.1894188, -37.6413431 ] } },
{ "type": "Feature", "properties": { "name": "Westbreen PS TheirCare", "lat": -37.7159685, "lng": 144.9358315 }, "geometry": { "type": "Point", "coordinates": [ 144.9358315, -37.7159685 ] } },
{ "type": "Feature", "properties": { "name": "Westbreen PS TheirCare", "lat": -37.7159685, "lng": 144.9358315 }, "geometry": { "type": "Point", "coordinates": [ 144.9358315, -37.7159685 ] } },
{ "type": "Feature", "properties": { "name": "St Martin of Tours OSHClub", "lat": -37.7353227, "lng": 145.0766072 }, "geometry": { "type": "Point", "coordinates": [ 145.0766072, -37.7353227 ] } },
{ "type": "Feature", "properties": { "name": "TeamKids - Yubup Primary", "lat": -37.5430077, "lng": 144.8936228 }, "geometry": { "type": "Point", "coordinates": [ 144.8936228, -37.5430077 ] } },
{ "type": "Feature", "properties": { "name": "Glenroy Hub Children's Centre", "lat": -37.7079717, "lng": 144.9231182 }, "geometry": { "type": "Point", "coordinates": [ 144.9231182, -37.7079717 ] } },
{ "type": "Feature", "properties": { "name": "Annadale Community Centre", "lat": -37.5373534, "lng": 144.8984867 }, "geometry": { "type": "Point", "coordinates": [ 144.8984867, -37.5373534 ] } },
{ "type": "Feature", "properties": { "name": "Mickleham North Community Centre", "lat": -37.5282095, "lng": 144.9073444 }, "geometry": { "type": "Point", "coordinates": [ 144.9073444, -37.5282095 ] } },
{ "type": "Feature", "properties": { "name": "St Francis Xavier OSHClub", "lat": -37.715801, "lng": 145.1270396 }, "geometry": { "type": "Point", "coordinates": [ 145.1270396, -37.715801 ] } },
{ "type": "Feature", "properties": { "name": "Kent Road Uniting Kindergarten", "lat": -37.7205459, "lng": 144.94402 }, "geometry": { "type": "Point", "coordinates": [ 144.94402, -37.7205459 ] } },
{ "type": "Feature", "properties": { "name": "Camp Australia - Rosanna Golf Links Primary School OSHC", "lat": -37.7357928, "lng": 145.075416 }, "geometry": { "type": "Point", "coordinates": [ 145.075416, -37.7357928 ] } },
{ "type": "Feature", "properties": { "name": "Guardian Childcare & Education Preston West", "lat": -37.7372402, "lng": 144.9941229 }, "geometry": { "type": "Point", "coordinates": [ 144.9941229, -37.7372402 ] } },
{ "type": "Feature", "properties": { "name": "Nido Early School Glenroy", "lat": -37.7046837, "lng": 144.9183882 }, "geometry": { "type": "Point", "coordinates": [ 144.9183882, -37.7046837 ] } },
{ "type": "Feature", "properties": { "name": "Lake Park Kindergarten", "lat": -37.7302968, "lng": 144.9671853 }, "geometry": { "type": "Point", "coordinates": [ 144.9671853, -37.7302968 ] } },
{ "type": "Feature", "properties": { "name": "Olympic Village Preschool", "lat": -37.7403218, "lng": 145.0426625 }, "geometry": { "type": "Point", "coordinates": [ 145.0426625, -37.7403218 ] } },
{ "type": "Feature", "properties": { "name": "Wonder World Play Centre", "lat": -37.7371678, "lng": 144.993047 }, "geometry": { "type": "Point", "coordinates": [ 144.993047, -37.7371678 ] } },
{ "type": "Feature", "properties": { "name": "Preston West Primary School BASCP", "lat": -37.7377002, "lng": 144.995547 }, "geometry": { "type": "Point", "coordinates": [ 144.995547, -37.7377002 ] } },
{ "type": "Feature", "properties": { "name": "Nido Early School Westmeadows", "lat": -37.6749935, "lng": 144.8889942 }, "geometry": { "type": "Point", "coordinates": [ 144.8889942, -37.6749935 ] } },
{ "type": "Feature", "properties": { "name": "Westmeadows Preschool", "lat": -37.6749935, "lng": 144.8889942 }, "geometry": { "type": "Point", "coordinates": [ 144.8889942, -37.6749935 ] } },
{ "type": "Feature", "properties": { "name": "Viewbank Preschool", "lat": -37.7331365, "lng": 145.0869428 }, "geometry": { "type": "Point", "coordinates": [ 145.0869428, -37.7331365 ] } },
{ "type": "Feature", "properties": { "name": "Innova Academy", "lat": -37.7403444, "lng": 145.0485911 }, "geometry": { "type": "Point", "coordinates": [ 145.0485911, -37.7403444 ] } },
{ "type": "Feature", "properties": { "name": "Goodstart Early Learning Glenroy - Pascoe Vale Road", "lat": -37.7027005, "lng": 144.9150715 }, "geometry": { "type": "Point", "coordinates": [ 144.9150715, -37.7027005 ] } },
{ "type": "Feature", "properties": { "name": "Newlands Preschool", "lat": -37.7353469, "lng": 144.9822882 }, "geometry": { "type": "Point", "coordinates": [ 144.9822882, -37.7353469 ] } },
{ "type": "Feature", "properties": { "name": "Ferguson Park Pre School Banksia Campus", "lat": -37.6381111, "lng": 145.1922394 }, "geometry": { "type": "Point", "coordinates": [ 145.1922394, -37.6381111 ] } },
{ "type": "Feature", "properties": { "name": "Sherbourne Preschool", "lat": -37.7137973, "lng": 145.1334913 }, "geometry": { "type": "Point", "coordinates": [ 145.1334913, -37.7137973 ] } },
{ "type": "Feature", "properties": { "name": "Nexus Early Learning Heidelberg", "lat": -37.7417723, "lng": 145.0411191 }, "geometry": { "type": "Point", "coordinates": [ 145.0411191, -37.7417723 ] } },
{ "type": "Feature", "properties": { "name": "Darebin Childcare and Kindergarten Inc - Preston", "lat": -37.7405167, "lng": 145.0067556 }, "geometry": { "type": "Point", "coordinates": [ 145.0067556, -37.7405167 ] } },
{ "type": "Feature", "properties": { "name": "MIckleham Business One EEG PTY LTD", "lat": -37.5439239, "lng": 144.8906509 }, "geometry": { "type": "Point", "coordinates": [ 144.8906509, -37.5439239 ] } },
{ "type": "Feature", "properties": { "name": "Ferguson Park Kindergarten", "lat": -37.6378024, "lng": 145.1926757 }, "geometry": { "type": "Point", "coordinates": [ 145.1926757, -37.6378024 ] } },
{ "type": "Feature", "properties": { "name": "Mickleham South Kindergarten", "lat": -37.5427835, "lng": 144.8913118 }, "geometry": { "type": "Point", "coordinates": [ 144.8913118, -37.5427835 ] } },
{ "type": "Feature", "properties": { "name": "Gower Street Kindergarten", "lat": -37.7417214, "lng": 145.0174314 }, "geometry": { "type": "Point", "coordinates": [ 145.0174314, -37.7417214 ] } },
{ "type": "Feature", "properties": { "name": "Bright Minds Family Day Care Scheme", "lat": -37.7048836, "lng": 144.9155203 }, "geometry": { "type": "Point", "coordinates": [ 144.9155203, -37.7048836 ] } },
{ "type": "Feature", "properties": { "name": "Hurstbridge PS TheirCare", "lat": -37.6403124, "lng": 145.1923373 }, "geometry": { "type": "Point", "coordinates": [ 145.1923373, -37.6403124 ] } },
{ "type": "Feature", "properties": { "name": "Viewbank Early Childhood Centre", "lat": -37.7300798, "lng": 145.1017087 }, "geometry": { "type": "Point", "coordinates": [ 145.1017087, -37.7300798 ] } },
{ "type": "Feature", "properties": { "name": "Kool Kidz Rosanna", "lat": -37.7379413, "lng": 145.0747742 }, "geometry": { "type": "Point", "coordinates": [ 145.0747742, -37.7379413 ] } },
{ "type": "Feature", "properties": { "name": "Viewbank PS TheirCare", "lat": -37.7342591, "lng": 145.0897572 }, "geometry": { "type": "Point", "coordinates": [ 145.0897572, -37.7342591 ] } },
{ "type": "Feature", "properties": { "name": "Barry Beckett Children's Centre", "lat": -37.7365461, "lng": 144.9810888 }, "geometry": { "type": "Point", "coordinates": [ 144.9810888, -37.7365461 ] } },
{ "type": "Feature", "properties": { "name": "Rosanna Fire Station Community House", "lat": -37.73869146, "lng": 145.0725064 }, "geometry": { "type": "Point", "coordinates": [ 145.0725064, -37.73869146 ] } },
{ "type": "Feature", "properties": { "name": "Mickleham PS TheirCare", "lat": -37.5639029, "lng": 144.8770114 }, "geometry": { "type": "Point", "coordinates": [ 144.8770114, -37.5639029 ] } },
{ "type": "Feature", "properties": { "name": "Nara Community Early Learning Centre", "lat": -37.74056, "lng": 144.998718 }, "geometry": { "type": "Point", "coordinates": [ 144.998718, -37.74056 ] } },
{ "type": "Feature", "properties": { "name": "Goodstart Early Learning Rosanna - Bellevue Avenue", "lat": -37.7405205, "lng": 145.0638042 }, "geometry": { "type": "Point", "coordinates": [ 145.0638042, -37.7405205 ] } },
{ "type": "Feature", "properties": { "name": "Lower Plenty Kindergarten", "lat": -37.7265206, "lng": 145.1121947 }, "geometry": { "type": "Point", "coordinates": [ 145.1121947, -37.7265206 ] } },
{ "type": "Feature", "properties": { "name": "Kool Kidz Merrifield", "lat": -37.5329912, "lng": 144.8982869 }, "geometry": { "type": "Point", "coordinates": [ 144.8982869, -37.5329912 ] } },
{ "type": "Feature", "properties": { "name": "Meruka Child Care Centre", "lat": -37.7138911, "lng": 145.136422 }, "geometry": { "type": "Point", "coordinates": [ 145.136422, -37.7138911 ] } },
{ "type": "Feature", "properties": { "name": "Muna Family Day Care", "lat": -37.7418777, "lng": 145.0035781 }, "geometry": { "type": "Point", "coordinates": [ 145.0035781, -37.7418777 ] } },
{ "type": "Feature", "properties": { "name": "Cooinda Early Learning Centre", "lat": -37.675466, "lng": 144.8851132 }, "geometry": { "type": "Point", "coordinates": [ 144.8851132, -37.675466 ] } },
{ "type": "Feature", "properties": { "name": "Derby Street Children's Centre", "lat": -37.7258827, "lng": 144.9471996 }, "geometry": { "type": "Point", "coordinates": [ 144.9471996, -37.7258827 ] } },
{ "type": "Feature", "properties": { "name": "Pelican Childcare Coburg", "lat": -37.7357415, "lng": 144.973485 }, "geometry": { "type": "Point", "coordinates": [ 144.973485, -37.7357415 ] } },
{ "type": "Feature", "properties": { "name": "Goodstart Early Learning Preston – Dalgety Street", "lat": -37.7422283, "lng": 145.0046895 }, "geometry": { "type": "Point", "coordinates": [ 145.0046895, -37.7422283 ] } },
{ "type": "Feature", "properties": { "name": "Lower Plenty Primary School OSH Club", "lat": -37.726258, "lng": 145.115145 }, "geometry": { "type": "Point", "coordinates": [ 145.115145, -37.726258 ] } },
{ "type": "Feature", "properties": { "name": "Launchpad Early Learning Centre", "lat": -37.7258493, "lng": 145.1166555 }, "geometry": { "type": "Point", "coordinates": [ 145.1166555, -37.7258493 ] } },
{ "type": "Feature", "properties": { "name": "St Oliver Plunkett OSHC - Extend", "lat": -37.7248461, "lng": 144.9433105 }, "geometry": { "type": "Point", "coordinates": [ 144.9433105, -37.7248461 ] } },
{ "type": "Feature", "properties": { "name": "A2Z Childcare and Kindergarten", "lat": -37.7433404, "lng": 145.0582312 }, "geometry": { "type": "Point", "coordinates": [ 145.0582312, -37.7433404 ] } },
{ "type": "Feature", "properties": { "name": "Glenroy West Primary School- VillageOSHC", "lat": -37.7050261, "lng": 144.9100561 }, "geometry": { "type": "Point", "coordinates": [ 144.9100561, -37.7050261 ] } },
{ "type": "Feature", "properties": { "name": "Glenroy West Kindergarten", "lat": -37.7102023, "lng": 144.916378 }, "geometry": { "type": "Point", "coordinates": [ 144.916378, -37.7102023 ] } },
{ "type": "Feature", "properties": { "name": "Guardian Childcare & Education Pascoe Vale", "lat": -37.7249677, "lng": 144.9399736 }, "geometry": { "type": "Point", "coordinates": [ 144.9399736, -37.7249677 ] } },
{ "type": "Feature", "properties": { "name": "Enlighten Early Learning", "lat": -37.7441, "lng": 145.0616123 }, "geometry": { "type": "Point", "coordinates": [ 145.0616123, -37.7441 ] } },
{ "type": "Feature", "properties": { "name": "Anne Sgro Children's Centre", "lat": -37.734234, "lng": 144.960868 }, "geometry": { "type": "Point", "coordinates": [ 144.960868, -37.734234 ] } },
{ "type": "Feature", "properties": { "name": "Mindful Learners Family Day Care", "lat": -37.7256124, "lng": 144.9404713 }, "geometry": { "type": "Point", "coordinates": [ 144.9404713, -37.7256124 ] } },
{ "type": "Feature", "properties": { "name": "Sacred Heart OSHC Preston", "lat": -37.7449549, "lng": 145.0037856 }, "geometry": { "type": "Point", "coordinates": [ 145.0037856, -37.7449549 ] } },
{ "type": "Feature", "properties": { "name": "York Street Kindergarten at Glenroy West Primary School", "lat": -37.7053265, "lng": 144.9082409 }, "geometry": { "type": "Point", "coordinates": [ 144.9082409, -37.7053265 ] } },
{ "type": "Feature", "properties": { "name": "Rosanna Village Child Care Centre", "lat": -37.7438329, "lng": 145.0671474 }, "geometry": { "type": "Point", "coordinates": [ 145.0671474, -37.7438329 ] } },
{ "type": "Feature", "properties": { "name": "St Raphael's PS Preston TheirCare", "lat": -37.7450963, "lng": 145.0028571 }, "geometry": { "type": "Point", "coordinates": [ 145.0028571, -37.7450963 ] } },
{ "type": "Feature", "properties": { "name": "Glen Oak Kindergarten", "lat": -37.7197617, "lng": 144.9280713 }, "geometry": { "type": "Point", "coordinates": [ 144.9280713, -37.7197617 ] } },
{ "type": "Feature", "properties": { "name": "St Pius X School OSHC Heidelberg West", "lat": -37.7467366, "lng": 145.0462738 }, "geometry": { "type": "Point", "coordinates": [ 145.0462738, -37.7467366 ] } },
{ "type": "Feature", "properties": { "name": "Nino Early Learning Adventures - Preston", "lat": -37.7450817, "lng": 144.9999548 }, "geometry": { "type": "Point", "coordinates": [ 144.9999548, -37.7450817 ] } },
{ "type": "Feature", "properties": { "name": "Camp Australia - Wattle Glen Primary School OSHC", "lat": -37.6768275, "lng": 145.1817593 }, "geometry": { "type": "Point", "coordinates": [ 145.1817593, -37.6768275 ] } },
{ "type": "Feature", "properties": { "name": "Gladstone Views Primary School OSHC", "lat": -37.6940709, "lng": 144.8941721 }, "geometry": { "type": "Point", "coordinates": [ 144.8941721, -37.6940709 ] } },
{ "type": "Feature", "properties": { "name": "Oak Park Children's Centre", "lat": -37.7138172, "lng": 144.9170982 }, "geometry": { "type": "Point", "coordinates": [ 144.9170982, -37.7138172 ] } },
{ "type": "Feature", "properties": { "name": "The Learning Space Preston", "lat": -37.7441561, "lng": 144.9900139 }, "geometry": { "type": "Point", "coordinates": [ 144.9900139, -37.7441561 ] } },
{ "type": "Feature", "properties": { "name": "Banyule OSHClub", "lat": -37.7430699, "lng": 145.0779393 }, "geometry": { "type": "Point", "coordinates": [ 145.0779393, -37.7430699 ] } },
{ "type": "Feature", "properties": { "name": "Bridge Kids Early Learning by Guardian", "lat": -37.7183351, "lng": 145.1388305 }, "geometry": { "type": "Point", "coordinates": [ 145.1388305, -37.7183351 ] } },
{ "type": "Feature", "properties": { "name": "St John's College Preston - VillageOSHC", "lat": -37.7458523, "lng": 144.9994428 }, "geometry": { "type": "Point", "coordinates": [ 144.9994428, -37.7458523 ] } },
{ "type": "Feature", "properties": { "name": "St Paul's PS Coburg TheirCare", "lat": -37.7386793, "lng": 144.9676477 }, "geometry": { "type": "Point", "coordinates": [ 144.9676477, -37.7386793 ] } },
{ "type": "Feature", "properties": { "name": "Taylor Drive Preschool", "lat": -37.6888122, "lng": 144.8888205 }, "geometry": { "type": "Point", "coordinates": [ 144.8888205, -37.6888122 ] } },
{ "type": "Feature", "properties": { "name": "Where We Grow ELC Glenroy", "lat": -37.7082163, "lng": 144.9089503 }, "geometry": { "type": "Point", "coordinates": [ 144.9089503, -37.7082163 ] } },
{ "type": "Feature", "properties": { "name": "Camp Australia - Montmorency South Primary School OSHC", "lat": -37.7245362, "lng": 145.1289643 }, "geometry": { "type": "Point", "coordinates": [ 145.1289643, -37.7245362 ] } },
{ "type": "Feature", "properties": { "name": "Goodstart Early Learning Rosanna - Banyule Road", "lat": -37.7426846, "lng": 145.0821389 }, "geometry": { "type": "Point", "coordinates": [ 145.0821389, -37.7426846 ] } },
{ "type": "Feature", "properties": { "name": "Busy Bees at Glenroy", "lat": -37.7090237, "lng": 144.9094447 }, "geometry": { "type": "Point", "coordinates": [ 144.9094447, -37.7090237 ] } },
{ "type": "Feature", "properties": { "name": "Cheeriokids Heidelberg", "lat": -37.7480683, "lng": 145.0481102 }, "geometry": { "type": "Point", "coordinates": [ 145.0481102, -37.7480683 ] } },
{ "type": "Feature", "properties": { "name": "Eden Academy Oak Park", "lat": -37.7174412, "lng": 144.9208822 }, "geometry": { "type": "Point", "coordinates": [ 144.9208822, -37.7174412 ] } },
{ "type": "Feature", "properties": { "name": "Busy Bees at Preston East", "lat": -37.7484686, "lng": 145.0168 }, "geometry": { "type": "Point", "coordinates": [ 145.0168, -37.7484686 ] } },
{ "type": "Feature", "properties": { "name": "Panorama Heights Preschool", "lat": -37.7246146, "lng": 145.1301578 }, "geometry": { "type": "Point", "coordinates": [ 145.1301578, -37.7246146 ] } },
{ "type": "Feature", "properties": { "name": "Gladstone Park OSHClub", "lat": -37.687824, "lng": 144.8865866 }, "geometry": { "type": "Point", "coordinates": [ 144.8865866, -37.687824 ] } },
{ "type": "Feature", "properties": { "name": "Heidelberg Occasional Child Care", "lat": -37.74781039, "lng": 145.056799 }, "geometry": { "type": "Point", "coordinates": [ 145.056799, -37.74781039 ] } },
{ "type": "Feature", "properties": { "name": "Y Kinders East Ivanhoe Kindergarten", "lat": -37.7478104, "lng": 145.056799 }, "geometry": { "type": "Point", "coordinates": [ 145.056799, -37.7478104 ] } },
{ "type": "Feature", "properties": { "name": "TeamKids - Preston South Primary", "lat": -37.7480144, "lng": 145.0075304 }, "geometry": { "type": "Point", "coordinates": [ 145.0075304, -37.7480144 ] } },
{ "type": "Feature", "properties": { "name": "Coburg Children's Centre Inc.", "lat": -37.7401717, "lng": 144.9684545 }, "geometry": { "type": "Point", "coordinates": [ 144.9684545, -37.7401717 ] } },
{ "type": "Feature", "properties": { "name": "Gowanbrae Children's Centre", "lat": -37.702834, "lng": 144.9003733 }, "geometry": { "type": "Point", "coordinates": [ 144.9003733, -37.702834 ] } },
{ "type": "Feature", "properties": { "name": "School of The Good Shepherd OSHClub", "lat": -37.6923254, "lng": 144.8897948 }, "geometry": { "type": "Point", "coordinates": [ 144.8897948, -37.6923254 ] } },
{ "type": "Feature", "properties": { "name": "Merri-bek Family Day Care", "lat": -37.7408943, "lng": 144.9695726 }, "geometry": { "type": "Point", "coordinates": [ 144.9695726, -37.7408943 ] } },
{ "type": "Feature", "properties": { "name": "Goodstart Early Learning Pascoe Vale - Cumberland Road East", "lat": -37.7293022, "lng": 144.939181 }, "geometry": { "type": "Point", "coordinates": [ 144.939181, -37.7293022 ] } },
{ "type": "Feature", "properties": { "name": "Kelly Club OSHC St Francis De Sales Catholic Primary School", "lat": -37.7192093, "lng": 144.9211402 }, "geometry": { "type": "Point", "coordinates": [ 144.9211402, -37.7192093 ] } },
{ "type": "Feature", "properties": { "name": "Winston Hills Preschool", "lat": -37.7414355, "lng": 145.092458 }, "geometry": { "type": "Point", "coordinates": [ 145.092458, -37.7414355 ] } },
{ "type": "Feature", "properties": { "name": "Eltham Preschool", "lat": -37.7152696, "lng": 145.1475693 }, "geometry": { "type": "Point", "coordinates": [ 145.1475693, -37.7152696 ] } },
{ "type": "Feature", "properties": { "name": "Eltham Child Care Co-op Ltd", "lat": -37.7162653, "lng": 145.1461198 }, "geometry": { "type": "Point", "coordinates": [ 145.1461198, -37.7162653 ] } },
{ "type": "Feature", "properties": { "name": "St Hellier Street Child Day Care", "lat": -37.7493783, "lng": 145.0515232 }, "geometry": { "type": "Point", "coordinates": [ 145.0515232, -37.7493783 ] } },
{ "type": "Feature", "properties": { "name": "Eltham Learning Centre for Children", "lat": -37.7033017, "lng": 145.1627209 }, "geometry": { "type": "Point", "coordinates": [ 145.1627209, -37.7033017 ] } },
{ "type": "Feature", "properties": { "name": "Treetop Early Learning Pascoe Vale Pty Ltd", "lat": -37.7317579, "lng": 144.9431649 }, "geometry": { "type": "Point", "coordinates": [ 144.9431649, -37.7317579 ] } },
{ "type": "Feature", "properties": { "name": "Goodstart Early Learning Pascoe Vale - Cumberland Road West", "lat": -37.7295726, "lng": 144.9383638 }, "geometry": { "type": "Point", "coordinates": [ 144.9383638, -37.7295726 ] } },
{ "type": "Feature", "properties": { "name": "Inspira Kids Early Learning Centre Gladstone Park", "lat": -37.6881429, "lng": 144.8846293 }, "geometry": { "type": "Point", "coordinates": [ 144.8846293, -37.6881429 ] } },
{ "type": "Feature", "properties": { "name": "Northwest Montessori Preschool", "lat": -37.7359998, "lng": 144.9525539 }, "geometry": { "type": "Point", "coordinates": [ 144.9525539, -37.7359998 ] } },
{ "type": "Feature", "properties": { "name": "Pascoe Vale Community Centre Kindergarten", "lat": -37.729056, "lng": 144.9370877 }, "geometry": { "type": "Point", "coordinates": [ 144.9370877, -37.729056 ] } },
{ "type": "Feature", "properties": { "name": "Coburg North PS TheirCare", "lat": -37.7359381, "lng": 144.9521065 }, "geometry": { "type": "Point", "coordinates": [ 144.9521065, -37.7359381 ] } },
{ "type": "Feature", "properties": { "name": "Team Holiday - Oak Park", "lat": -37.7156273, "lng": 144.9143659 }, "geometry": { "type": "Point", "coordinates": [ 144.9143659, -37.7156273 ] } },
{ "type": "Feature", "properties": { "name": "Guardian Childcare & Education Pascoe Vale Cumberland Road", "lat": -37.730218, "lng": 144.9389883 }, "geometry": { "type": "Point", "coordinates": [ 144.9389883, -37.730218 ] } },
{ "type": "Feature", "properties": { "name": "Our Lady Help of Christian's OSHC Eltham", "lat": -37.715954, "lng": 145.148089 }, "geometry": { "type": "Point", "coordinates": [ 145.148089, -37.715954 ] } },
{ "type": "Feature", "properties": { "name": "Coburg OSHClub", "lat": -37.7411038, "lng": 144.9659967 }, "geometry": { "type": "Point", "coordinates": [ 144.9659967, -37.7411038 ] } },
{ "type": "Feature", "properties": { "name": "LITTLE SUNSHINE ELC & KINDERGARTEN PRESTON PTY LTD", "lat": -37.7495236, "lng": 145.0023187 }, "geometry": { "type": "Point", "coordinates": [ 145.0023187, -37.7495236 ] } },
{ "type": "Feature", "properties": { "name": "Kool Kidz Preston", "lat": -37.7496544, "lng": 145.0028817 }, "geometry": { "type": "Point", "coordinates": [ 145.0028817, -37.7496544 ] } },
{ "type": "Feature", "properties": { "name": "Discovery Bay Bellfield", "lat": -37.7511518, "lng": 145.0448285 }, "geometry": { "type": "Point", "coordinates": [ 145.0448285, -37.7511518 ] } },
{ "type": "Feature", "properties": { "name": "Eltham East Out of School Hours Care", "lat": -37.7117111, "lng": 145.1553039 }, "geometry": { "type": "Point", "coordinates": [ 145.1553039, -37.7117111 ] } },
{ "type": "Feature", "properties": { "name": "Oak Park Kindergarten", "lat": -37.7160049, "lng": 144.912304 }, "geometry": { "type": "Point", "coordinates": [ 144.912304, -37.7160049 ] } },
{ "type": "Feature", "properties": { "name": "Pascoe Vale Primary School OSHC", "lat": -37.7315036, "lng": 144.9384725 }, "geometry": { "type": "Point", "coordinates": [ 144.9384725, -37.7315036 ] } },
{ "type": "Feature", "properties": { "name": "TeamKids - Bell Primary", "lat": -37.7490527, "lng": 144.99278 }, "geometry": { "type": "Point", "coordinates": [ 144.99278, -37.7490527 ] } },
{ "type": "Feature", "properties": { "name": "The Learning Space Coburg", "lat": -37.740222, "lng": 144.9576774 }, "geometry": { "type": "Point", "coordinates": [ 144.9576774, -37.740222 ] } },
{ "type": "Feature", "properties": { "name": "Eltham Playhouse", "lat": -37.720831, "lng": 145.144354 }, "geometry": { "type": "Point", "coordinates": [ 145.144354, -37.720831 ] } },
{ "type": "Feature", "properties": { "name": "Goodstart Early Learning Eltham", "lat": -37.7197261, "lng": 145.1465079 }, "geometry": { "type": "Point", "coordinates": [ 145.1465079, -37.7197261 ] } },
{ "type": "Feature", "properties": { "name": "Turner Street Kindergarten", "lat": -37.736012, "lng": 144.9460844 }, "geometry": { "type": "Point", "coordinates": [ 144.9460844, -37.736012 ] } },
{ "type": "Feature", "properties": { "name": "Camp Australia - Eltham Leisure Centre OSHC", "lat": -37.7242398, "lng": 145.1411186 }, "geometry": { "type": "Point", "coordinates": [ 145.1411186, -37.7242398 ] } },
{ "type": "Feature", "properties": { "name": "Thornbury Kindergarten", "lat": -37.753647, "lng": 145.011059 }, "geometry": { "type": "Point", "coordinates": [ 145.011059, -37.753647 ] } },
{ "type": "Feature", "properties": { "name": "VICSEG New Futures Family Day Care", "lat": -37.7449152, "lng": 144.9661778 }, "geometry": { "type": "Point", "coordinates": [ 144.9661778, -37.7449152 ] } },
{ "type": "Feature", "properties": { "name": "New Futures Occasional Child Care Centre", "lat": -37.74504402, "lng": 144.9650623 }, "geometry": { "type": "Point", "coordinates": [ 144.9650623, -37.74504402 ] } },
{ "type": "Feature", "properties": { "name": "Penders Grove PS TheirCare", "lat": -37.7545709, "lng": 145.0142508 }, "geometry": { "type": "Point", "coordinates": [ 145.0142508, -37.7545709 ] } },
{ "type": "Feature", "properties": { "name": "Penders Grove PS TheirCare", "lat": -37.7547982, "lng": 145.0143392 }, "geometry": { "type": "Point", "coordinates": [ 145.0143392, -37.7547982 ] } },
{ "type": "Feature", "properties": { "name": "Audrey Brooks Memorial Preschool", "lat": -37.7553949, "lng": 145.0404244 }, "geometry": { "type": "Point", "coordinates": [ 145.0404244, -37.7553949 ] } },
{ "type": "Feature", "properties": { "name": "St Bernard's Out of School Hours Care", "lat": -37.7479589, "lng": 144.9726711 }, "geometry": { "type": "Point", "coordinates": [ 144.9726711, -37.7479589 ] } },
{ "type": "Feature", "properties": { "name": "Yappera Childrens Services Co-operative", "lat": -37.753368, "lng": 144.997775 }, "geometry": { "type": "Point", "coordinates": [ 144.997775, -37.753368 ] } },
{ "type": "Feature", "properties": { "name": "Imagine Childcare and Kindergarten Coburg", "lat": -37.7462367, "lng": 144.9655391 }, "geometry": { "type": "Point", "coordinates": [ 144.9655391, -37.7462367 ] } },
{ "type": "Feature", "properties": { "name": "TeamKids - Beveridge Primary Arrowsmith Campus", "lat": -37.4735784, "lng": 144.9775301 }, "geometry": { "type": "Point", "coordinates": [ 144.9775301, -37.4735784 ] } },
{ "type": "Feature", "properties": { "name": "Eltham Woods Child Care Centre Co-op", "lat": -37.7080181, "lng": 145.1673784 }, "geometry": { "type": "Point", "coordinates": [ 145.1673784, -37.7080181 ] } },
{ "type": "Feature", "properties": { "name": "Eltham Woods Preschool", "lat": -37.7080181, "lng": 145.1673784 }, "geometry": { "type": "Point", "coordinates": [ 145.1673784, -37.7080181 ] } },
{ "type": "Feature", "properties": { "name": "Goodstart Early Learning Lower Plenty", "lat": -37.7321843, "lng": 145.1324533 }, "geometry": { "type": "Point", "coordinates": [ 145.1324533, -37.7321843 ] } },
{ "type": "Feature", "properties": { "name": "Eden Academy Pascoe Vale", "lat": -37.7318592, "lng": 144.9288592 }, "geometry": { "type": "Point", "coordinates": [ 144.9288592, -37.7318592 ] } },
{ "type": "Feature", "properties": { "name": "Waratah SDS TheirCare", "lat": -37.7565774, "lng": 145.0408185 }, "geometry": { "type": "Point", "coordinates": [ 145.0408185, -37.7565774 ] } },
{ "type": "Feature", "properties": { "name": "Guardian Childcare & Education Tullamarine", "lat": -37.6954787, "lng": 144.8814237 }, "geometry": { "type": "Point", "coordinates": [ 144.8814237, -37.6954787 ] } },
{ "type": "Feature", "properties": { "name": "Strathmore Heights Kindergarten", "lat": -37.7191492, "lng": 144.907639 }, "geometry": { "type": "Point", "coordinates": [ 144.907639, -37.7191492 ] } },
{ "type": "Feature", "properties": { "name": "Coburg & Pascoe Vale South Child Care Centre", "lat": -37.7403076, "lng": 144.9458263 }, "geometry": { "type": "Point", "coordinates": [ 144.9458263, -37.7403076 ] } },
{ "type": "Feature", "properties": { "name": "Strathmore Nth PS TheirCare", "lat": -37.7231152, "lng": 144.9130396 }, "geometry": { "type": "Point", "coordinates": [ 144.9130396, -37.7231152 ] } },
{ "type": "Feature", "properties": { "name": "TeamKids - Thornbury Primary", "lat": -37.7557548, "lng": 144.9993118 }, "geometry": { "type": "Point", "coordinates": [ 144.9993118, -37.7557548 ] } },
{ "type": "Feature", "properties": { "name": "Heidelberg Primary School - School Age Care Program", "lat": -37.7551531, "lng": 145.0680304 }, "geometry": { "type": "Point", "coordinates": [ 145.0680304, -37.7551531 ] } },
{ "type": "Feature", "properties": { "name": "Goodstart Early Learning Heidelberg", "lat": -37.754938, "lng": 145.0703135 }, "geometry": { "type": "Point", "coordinates": [ 145.0703135, -37.754938 ] } },
{ "type": "Feature", "properties": { "name": "Darebin Creek Kindergarten", "lat": -37.7581271, "lng": 145.0213996 }, "geometry": { "type": "Point", "coordinates": [ 145.0213996, -37.7581271 ] } },
{ "type": "Feature", "properties": { "name": "Woodridge Preschool", "lat": -37.7186417, "lng": 145.1584949 }, "geometry": { "type": "Point", "coordinates": [ 145.1584949, -37.7186417 ] } },
{ "type": "Feature", "properties": { "name": "ASPIRE EARLY EDUCATION and KINDERGARTEN BEVERIDGE", "lat": -37.4732265, "lng": 144.9688286 }, "geometry": { "type": "Point", "coordinates": [ 144.9688286, -37.4732265 ] } },
{ "type": "Feature", "properties": { "name": "St Mary's OSHC Thornbury", "lat": -37.7569913, "lng": 145.0021069 }, "geometry": { "type": "Point", "coordinates": [ 145.0021069, -37.7569913 ] } },
{ "type": "Feature", "properties": { "name": "Eltham PS TheirCare", "lat": -37.7249937, "lng": 145.1498138 }, "geometry": { "type": "Point", "coordinates": [ 145.1498138, -37.7249937 ] } },
{ "type": "Feature", "properties": { "name": "Greater Beveridge Kindergarten", "lat": -37.4804163, "lng": 144.9456929 }, "geometry": { "type": "Point", "coordinates": [ 144.9456929, -37.4804163 ] } },
{ "type": "Feature", "properties": { "name": "Community Kids Pascoe Vale Early Education Centre", "lat": -37.7372542, "lng": 144.9327512 }, "geometry": { "type": "Point", "coordinates": [ 144.9327512, -37.7372542 ] } },
{ "type": "Feature", "properties": { "name": "Wonder World Childcare Kindergarten", "lat": -37.7560763, "lng": 144.9910027 }, "geometry": { "type": "Point", "coordinates": [ 144.9910027, -37.7560763 ] } },
{ "type": "Feature", "properties": { "name": "Heidelberg Preschool", "lat": -37.7574376, "lng": 145.0624563 }, "geometry": { "type": "Point", "coordinates": [ 145.0624563, -37.7574376 ] } },
{ "type": "Feature", "properties": { "name": "Morobe Street Child Day Care Centre", "lat": -37.7566014, "lng": 145.0696116 }, "geometry": { "type": "Point", "coordinates": [ 145.0696116, -37.7566014 ] } },
{ "type": "Feature", "properties": { "name": "The Grove Children's Centre", "lat": -37.752058, "lng": 144.970207 }, "geometry": { "type": "Point", "coordinates": [ 144.970207, -37.752058 ] } },
{ "type": "Feature", "properties": { "name": "Austin Child Care Centre", "lat": -37.7585145, "lng": 145.0588077 }, "geometry": { "type": "Point", "coordinates": [ 145.0588077, -37.7585145 ] } },
{ "type": "Feature", "properties": { "name": "St John's OSHClub", "lat": -37.7575749, "lng": 145.0664366 }, "geometry": { "type": "Point", "coordinates": [ 145.0664366, -37.7575749 ] } },
{ "type": "Feature", "properties": { "name": "Guardian Childcare & Education Thornbury", "lat": -37.7557287, "lng": 144.9835147 }, "geometry": { "type": "Point", "coordinates": [ 144.9835147, -37.7557287 ] } },
{ "type": "Feature", "properties": { "name": "Eltham South Preschool", "lat": -37.7287872, "lng": 145.1477167 }, "geometry": { "type": "Point", "coordinates": [ 145.1477167, -37.7287872 ] } },
{ "type": "Feature", "properties": { "name": "Raleigh St Community Kindergarten", "lat": -37.7590166, "lng": 145.0011944 }, "geometry": { "type": "Point", "coordinates": [ 145.0011944, -37.7590166 ] } },
{ "type": "Feature", "properties": { "name": "Raleigh St Community Children's Centre", "lat": -37.7592706, "lng": 145.0027956 }, "geometry": { "type": "Point", "coordinates": [ 145.0027956, -37.7592706 ] } },
{ "type": "Feature", "properties": { "name": "Dewdrops Early Learning - Coburg", "lat": -37.753794, "lng": 144.971034 }, "geometry": { "type": "Point", "coordinates": [ 144.971034, -37.753794 ] } },
{ "type": "Feature", "properties": { "name": "Holy Spirit School OSHC Thornbury East", "lat": -37.7610195, "lng": 145.0157764 }, "geometry": { "type": "Point", "coordinates": [ 145.0157764, -37.7610195 ] } },
{ "type": "Feature", "properties": { "name": "Strathmore Children's Centre", "lat": -37.7345848, "lng": 144.921983 }, "geometry": { "type": "Point", "coordinates": [ 144.921983, -37.7345848 ] } },
{ "type": "Feature", "properties": { "name": "Strathmore Community Kindergarten", "lat": -37.7345848, "lng": 144.921983 }, "geometry": { "type": "Point", "coordinates": [ 144.921983, -37.7345848 ] } },
{ "type": "Feature", "properties": { "name": "Research Preschool", "lat": -37.7031083, "lng": 145.1818868 }, "geometry": { "type": "Point", "coordinates": [ 145.1818868, -37.7031083 ] } },
{ "type": "Feature", "properties": { "name": "Kids on the Avenue Children's Centre", "lat": -37.7527239, "lng": 144.9656149 }, "geometry": { "type": "Point", "coordinates": [ 144.9656149, -37.7527239 ] } },
{ "type": "Feature", "properties": { "name": "Thornbury World of Learning", "lat": -37.7618996, "lng": 145.0166995 }, "geometry": { "type": "Point", "coordinates": [ 145.0166995, -37.7618996 ] } },
{ "type": "Feature", "properties": { "name": "Coburg West Primary School Out of School Hours Care", "lat": -37.7471163, "lng": 144.9477291 }, "geometry": { "type": "Point", "coordinates": [ 144.9477291, -37.7471163 ] } },
{ "type": "Feature", "properties": { "name": "Where We Grow - Research", "lat": -37.7035746, "lng": 145.1823445 }, "geometry": { "type": "Point", "coordinates": [ 145.1823445, -37.7035746 ] } },
{ "type": "Feature", "properties": { "name": "Clyde Street Uniting Kindergarten", "lat": -37.7619483, "lng": 145.0138383 }, "geometry": { "type": "Point", "coordinates": [ 145.0138383, -37.7619483 ] } },
{ "type": "Feature", "properties": { "name": "Antonine Sisters Early Learning Centre", "lat": -37.754995, "lng": 144.9702829 }, "geometry": { "type": "Point", "coordinates": [ 144.9702829, -37.754995 ] } },
{ "type": "Feature", "properties": { "name": "Merri-bek PS TheirCare", "lat": -37.7539448, "lng": 144.9663048 }, "geometry": { "type": "Point", "coordinates": [ 144.9663048, -37.7539448 ] } },
{ "type": "Feature", "properties": { "name": "Shirley Robertson Childrens Centre", "lat": -37.7528559, "lng": 144.9623452 }, "geometry": { "type": "Point", "coordinates": [ 144.9623452, -37.7528559 ] } },
{ "type": "Feature", "properties": { "name": "Thornbury Neighbourhood House Children's Services", "lat": -37.759465, "lng": 144.989597 }, "geometry": { "type": "Point", "coordinates": [ 144.989597, -37.759465 ] } },
{ "type": "Feature", "properties": { "name": "Kelly Club OSHC St Bernadettes Primary School", "lat": -37.763043, "lng": 145.0360846 }, "geometry": { "type": "Point", "coordinates": [ 145.0360846, -37.763043 ] } },
{ "type": "Feature", "properties": { "name": "Dawson Street Preschool", "lat": -37.7009791, "lng": 144.876775 }, "geometry": { "type": "Point", "coordinates": [ 144.876775, -37.7009791 ] } },
{ "type": "Feature", "properties": { "name": "TeamKids - Tullamarine Primary", "lat": -37.7038521, "lng": 144.8794049 }, "geometry": { "type": "Point", "coordinates": [ 144.8794049, -37.7038521 ] } },
{ "type": "Feature", "properties": { "name": "Me2 Family Day Care", "lat": -37.753586, "lng": 144.964252 }, "geometry": { "type": "Point", "coordinates": [ 144.964252, -37.753586 ] } },
{ "type": "Feature", "properties": { "name": "Wales Street PS TheirCare", "lat": -37.7622309, "lng": 145.0091106 }, "geometry": { "type": "Point", "coordinates": [ 145.0091106, -37.7622309 ] } },
{ "type": "Feature", "properties": { "name": "Leapkids OSHC - Wales Street Primary School", "lat": -37.7622309, "lng": 145.0091106 }, "geometry": { "type": "Point", "coordinates": [ 145.0091106, -37.7622309 ] } },
{ "type": "Feature", "properties": { "name": "Research Primary OSHClub", "lat": -37.7032696, "lng": 145.1839405 }, "geometry": { "type": "Point", "coordinates": [ 145.1839405, -37.7032696 ] } },
{ "type": "Feature", "properties": { "name": "Thornbury Learning Centre", "lat": -37.7629621, "lng": 145.0121794 }, "geometry": { "type": "Point", "coordinates": [ 145.0121794, -37.7629621 ] } },
{ "type": "Feature", "properties": { "name": "St Fidelis PS TheirCare", "lat": -37.7500714, "lng": 144.9512134 }, "geometry": { "type": "Point", "coordinates": [ 144.9512134, -37.7500714 ] } },
{ "type": "Feature", "properties": { "name": "Sunrise Preschool and Long Daycare Thornbury", "lat": -37.7609555, "lng": 144.9937571 }, "geometry": { "type": "Point", "coordinates": [ 144.9937571, -37.7609555 ] } },
{ "type": "Feature", "properties": { "name": "Moreland Kindergarten", "lat": -37.7550832, "lng": 144.9664323 }, "geometry": { "type": "Point", "coordinates": [ 144.9664323, -37.7550832 ] } },
{ "type": "Feature", "properties": { "name": "Wonderworld Childcare & Kinder", "lat": -37.7560161, "lng": 145.0925681 }, "geometry": { "type": "Point", "coordinates": [ 145.0925681, -37.7560161 ] } },
{ "type": "Feature", "properties": { "name": "Dewdrops Early Learning - Moreland", "lat": -37.7564448, "lng": 144.9707134 }, "geometry": { "type": "Point", "coordinates": [ 144.9707134, -37.7564448 ] } },
{ "type": "Feature", "properties": { "name": "Tullamarine Community House and Men's Shed Inc", "lat": -37.70677259, "lng": 144.8805644 }, "geometry": { "type": "Point", "coordinates": [ 144.8805644, -37.70677259 ] } },
{ "type": "Feature", "properties": { "name": "Merri Community Child Care Centre", "lat": -37.7611285, "lng": 144.9925072 }, "geometry": { "type": "Point", "coordinates": [ 144.9925072, -37.7611285 ] } },
{ "type": "Feature", "properties": { "name": "Mandalay Early Learning Centre", "lat": -37.4711808, "lng": 144.9552898 }, "geometry": { "type": "Point", "coordinates": [ 144.9552898, -37.4711808 ] } },
{ "type": "Feature", "properties": { "name": "Creative Garden Early Learning Tullamarine", "lat": -37.6725341, "lng": 144.8533484 }, "geometry": { "type": "Point", "coordinates": [ 144.8533484, -37.6725341 ] } },
{ "type": "Feature", "properties": { "name": "Strathmore PS TheirCare", "lat": -37.7355407, "lng": 144.9160204 }, "geometry": { "type": "Point", "coordinates": [ 144.9160204, -37.7355407 ] } },
{ "type": "Feature", "properties": { "name": "Pascoe Vale South PS TheirCare", "lat": -37.7457343, "lng": 144.9357993 }, "geometry": { "type": "Point", "coordinates": [ 144.9357993, -37.7457343 ] } },
{ "type": "Feature", "properties": { "name": "Creative Play Early Learning Centre", "lat": -37.7601582, "lng": 145.083713 }, "geometry": { "type": "Point", "coordinates": [ 145.083713, -37.7601582 ] } },
{ "type": "Feature", "properties": { "name": "Doris Blackburn Preschool Centre", "lat": -37.7491226, "lng": 144.9425841 }, "geometry": { "type": "Point", "coordinates": [ 144.9425841, -37.7491226 ] } },
{ "type": "Feature", "properties": { "name": "TeamKids - Beveridge Primary Ambrosia Campus", "lat": -37.4694745, "lng": 144.9550822 }, "geometry": { "type": "Point", "coordinates": [ 144.9550822, -37.4694745 ] } },
{ "type": "Feature", "properties": { "name": "Ivanhoe Primary Out of School Hours Care Program", "lat": -37.766093, "lng": 145.0402214 }, "geometry": { "type": "Point", "coordinates": [ 145.0402214, -37.766093 ] } },
{ "type": "Feature", "properties": { "name": "Leapkids Ivanhoe Primary", "lat": -37.7665452, "lng": 145.0428423 }, "geometry": { "type": "Point", "coordinates": [ 145.0428423, -37.7665452 ] } },
{ "type": "Feature", "properties": { "name": "Eltham College OSHC", "lat": -37.7002048, "lng": 145.1923521 }, "geometry": { "type": "Point", "coordinates": [ 145.1923521, -37.7002048 ] } },
{ "type": "Feature", "properties": { "name": "Eltham College Early Learning Centre", "lat": -37.7002048, "lng": 145.1923521 }, "geometry": { "type": "Point", "coordinates": [ 145.1923521, -37.7002048 ] } },
{ "type": "Feature", "properties": { "name": "The Hive Fairfield Early Learning Centre", "lat": -37.7667089, "lng": 145.0211036 }, "geometry": { "type": "Point", "coordinates": [ 145.0211036, -37.7667089 ] } },
{ "type": "Feature", "properties": { "name": "Ivanhoe Girls' Grammar Early Learning Centre", "lat": -37.76653, "lng": 145.0460215 }, "geometry": { "type": "Point", "coordinates": [ 145.0460215, -37.76653 ] } },
{ "type": "Feature", "properties": { "name": "Mitchell Street Child Care Centre", "lat": -37.7597829, "lng": 144.971832 }, "geometry": { "type": "Point", "coordinates": [ 144.971832, -37.7597829 ] } },
{ "type": "Feature", "properties": { "name": "Northwest Montessori Preschool", "lat": -37.7590078, "lng": 144.9690009 }, "geometry": { "type": "Point", "coordinates": [ 144.9690009, -37.7590078 ] } },
{ "type": "Feature", "properties": { "name": "TeamKids - Ivanhoe Girls Grammar", "lat": -37.7665799, "lng": 145.0473565 }, "geometry": { "type": "Point", "coordinates": [ 145.0473565, -37.7665799 ] } },
{ "type": "Feature", "properties": { "name": "St Margaret Mary's CommunityOSH", "lat": -37.758823, "lng": 144.9679812 }, "geometry": { "type": "Point", "coordinates": [ 144.9679812, -37.758823 ] } },
{ "type": "Feature", "properties": { "name": "Nino Early Learning Adventures - Ivanhoe", "lat": -37.7672824, "lng": 145.0397874 }, "geometry": { "type": "Point", "coordinates": [ 145.0397874, -37.7672824 ] } },
{ "type": "Feature", "properties": { "name": "Ivanhoe Children's Community Co-op", "lat": -37.7674884, "lng": 145.036839 }, "geometry": { "type": "Point", "coordinates": [ 145.036839, -37.7674884 ] } },
{ "type": "Feature", "properties": { "name": "St Aidans Preschool", "lat": -37.7390893, "lng": 144.9176092 }, "geometry": { "type": "Point", "coordinates": [ 144.9176092, -37.7390893 ] } },
{ "type": "Feature", "properties": { "name": "Starfish Early Learning Centre (Essendon)", "lat": -37.7443838, "lng": 144.9267069 }, "geometry": { "type": "Point", "coordinates": [ 144.9267069, -37.7443838 ] } },
{ "type": "Feature", "properties": { "name": "Croxton School TheirCare", "lat": -37.7644794, "lng": 144.9871295 }, "geometry": { "type": "Point", "coordinates": [ 144.9871295, -37.7644794 ] } },
{ "type": "Feature", "properties": { "name": "Only About Children Coonans Hill", "lat": -37.749091, "lng": 144.9353962 }, "geometry": { "type": "Point", "coordinates": [ 144.9353962, -37.749091 ] } },
{ "type": "Feature", "properties": { "name": "Brentwood Kindergarten", "lat": -37.7473522, "lng": 144.9313535 }, "geometry": { "type": "Point", "coordinates": [ 144.9313535, -37.7473522 ] } },
{ "type": "Feature", "properties": { "name": "Froliq Early Learning Centre Brunswick", "lat": -37.7611093, "lng": 144.9683685 }, "geometry": { "type": "Point", "coordinates": [ 144.9683685, -37.7611093 ] } },
{ "type": "Feature", "properties": { "name": "Nido Early School Airport West", "lat": -37.7197815, "lng": 144.8862677 }, "geometry": { "type": "Point", "coordinates": [ 144.8862677, -37.7197815 ] } },
{ "type": "Feature", "properties": { "name": "Nido Early School Bulleen", "lat": -37.7634848, "lng": 145.0851944 }, "geometry": { "type": "Point", "coordinates": [ 145.0851944, -37.7634848 ] } },
{ "type": "Feature", "properties": { "name": "St Vincent de Paul TheirCare", "lat": -37.7425854, "lng": 144.9199616 }, "geometry": { "type": "Point", "coordinates": [ 144.9199616, -37.7425854 ] } },
{ "type": "Feature", "properties": { "name": "Essendon Fields Kinder Haven", "lat": -37.727501, "lng": 144.8959778 }, "geometry": { "type": "Point", "coordinates": [ 144.8959778, -37.727501 ] } },
{ "type": "Feature", "properties": { "name": "Clifton Street Childrens Centre", "lat": -37.7689671, "lng": 145.0137291 }, "geometry": { "type": "Point", "coordinates": [ 145.0137291, -37.7689671 ] } },
{ "type": "Feature", "properties": { "name": "DANDELION CHILDCARE AND EARLY LEARNING CENTRE", "lat": -37.7639269, "lng": 145.0857149 }, "geometry": { "type": "Point", "coordinates": [ 145.0857149, -37.7639269 ] } },
{ "type": "Feature", "properties": { "name": "Tinning Street Child Care Centre", "lat": -37.7591756, "lng": 144.9585463 }, "geometry": { "type": "Point", "coordinates": [ 144.9585463, -37.7591756 ] } },
{ "type": "Feature", "properties": { "name": "North West Brunswick Kindergarten", "lat": -37.7575352, "lng": 144.9525152 }, "geometry": { "type": "Point", "coordinates": [ 144.9525152, -37.7575352 ] } },
{ "type": "Feature", "properties": { "name": "Brunswick East Primary School OSHC Service", "lat": -37.7649857, "lng": 144.9796848 }, "geometry": { "type": "Point", "coordinates": [ 144.9796848, -37.7649857 ] } },
{ "type": "Feature", "properties": { "name": "Brunswick East School Holiday Program", "lat": -37.7649857, "lng": 144.9796848 }, "geometry": { "type": "Point", "coordinates": [ 144.9796848, -37.7649857 ] } },
{ "type": "Feature", "properties": { "name": "Balit Community Kindergarten", "lat": -37.7681186, "lng": 144.9936065 }, "geometry": { "type": "Point", "coordinates": [ 144.9936065, -37.7681186 ] } },
{ "type": "Feature", "properties": { "name": "Montessori Beginnings Brunswick", "lat": -37.7658921, "lng": 144.9806887 }, "geometry": { "type": "Point", "coordinates": [ 144.9806887, -37.7658921 ] } },
{ "type": "Feature", "properties": { "name": "Guardian Childcare & Education Northcote", "lat": -37.7685413, "lng": 144.9961457 }, "geometry": { "type": "Point", "coordinates": [ 144.9961457, -37.7685413 ] } },
{ "type": "Feature", "properties": { "name": "Dunstan Reserve Child Care Centre", "lat": -37.7543467, "lng": 144.941353 }, "geometry": { "type": "Point", "coordinates": [ 144.941353, -37.7543467 ] } },
{ "type": "Feature", "properties": { "name": "Brunswick Montessori Children's House", "lat": -37.7554278, "lng": 144.9432456 }, "geometry": { "type": "Point", "coordinates": [ 144.9432456, -37.7554278 ] } },
{ "type": "Feature", "properties": { "name": "Only About Children Northcote", "lat": -37.771058, "lng": 145.011876 }, "geometry": { "type": "Point", "coordinates": [ 145.011876, -37.771058 ] } },
{ "type": "Feature", "properties": { "name": "Alfred Nuttall Memorial Kindergarten", "lat": -37.7717818, "lng": 145.0222531 }, "geometry": { "type": "Point", "coordinates": [ 145.0222531, -37.7717818 ] } },
{ "type": "Feature", "properties": { "name": "Mary Immaculate Outside School Hours Care, Ivanhoe", "lat": -37.7719955, "lng": 145.0384311 }, "geometry": { "type": "Point", "coordinates": [ 145.0384311, -37.7719955 ] } },
{ "type": "Feature", "properties": { "name": "Guardian Childcare & Education East Ivanhoe", "lat": -37.7715061, "lng": 145.0471299 }, "geometry": { "type": "Point", "coordinates": [ 145.0471299, -37.7715061 ] } },
{ "type": "Feature", "properties": { "name": "Perry Street Child Care Centre and Elizabeth Gorman Memorial Kindergarten", "lat": -37.7719668, "lng": 145.0242551 }, "geometry": { "type": "Point", "coordinates": [ 145.0242551, -37.7719668 ] } },
{ "type": "Feature", "properties": { "name": "Brunswick North West Primary School OSHC", "lat": -37.756845, "lng": 144.9441157 }, "geometry": { "type": "Point", "coordinates": [ 144.9441157, -37.756845 ] } },
{ "type": "Feature", "properties": { "name": "Bulleen Kids Early Learning", "lat": -37.7659713, "lng": 145.0882468 }, "geometry": { "type": "Point", "coordinates": [ 145.0882468, -37.7659713 ] } },
{ "type": "Feature", "properties": { "name": "Templestowe Montessori Academy", "lat": -37.7569068, "lng": 145.1181911 }, "geometry": { "type": "Point", "coordinates": [ 145.1181911, -37.7569068 ] } },
{ "type": "Feature", "properties": { "name": "Bulleen Preschool", "lat": -37.765439, "lng": 145.0905955 }, "geometry": { "type": "Point", "coordinates": [ 145.0905955, -37.765439 ] } },
{ "type": "Feature", "properties": { "name": "TeamKids - Templestowe Valley Primary", "lat": -37.7600862, "lng": 145.1100556 }, "geometry": { "type": "Point", "coordinates": [ 145.1100556, -37.7600862 ] } },
{ "type": "Feature", "properties": { "name": "Templestowe Valley Primary School - OSHC", "lat": -37.7600862, "lng": 145.1100556 }, "geometry": { "type": "Point", "coordinates": [ 145.1100556, -37.7600862 ] } },
{ "type": "Feature", "properties": { "name": "East Ivanhoe Preschool", "lat": -37.7709532, "lng": 145.0618492 }, "geometry": { "type": "Point", "coordinates": [ 145.0618492, -37.7709532 ] } },
{ "type": "Feature", "properties": { "name": "Templestowe Valley Preschool", "lat": -37.7605082, "lng": 145.1090917 }, "geometry": { "type": "Point", "coordinates": [ 145.1090917, -37.7605082 ] } },
{ "type": "Feature", "properties": { "name": "Goodstart Early Learning Ivanhoe", "lat": -37.7723693, "lng": 145.0463791 }, "geometry": { "type": "Point", "coordinates": [ 145.0463791, -37.7723693 ] } },
{ "type": "Feature", "properties": { "name": "Goodstart Early Learning Brunswick West", "lat": -37.7515988, "lng": 144.9293968 }, "geometry": { "type": "Point", "coordinates": [ 144.9293968, -37.7515988 ] } },
{ "type": "Feature", "properties": { "name": "Villa Bambini", "lat": -37.7416755, "lng": 144.9090148 }, "geometry": { "type": "Point", "coordinates": [ 144.9090148, -37.7416755 ] } },
{ "type": "Feature", "properties": { "name": "Camp Australia - Ivanhoe Grammar OSHC", "lat": -37.773451, "lng": 145.0439458 }, "geometry": { "type": "Point", "coordinates": [ 145.0439458, -37.773451 ] } },
{ "type": "Feature", "properties": { "name": "Templestowe Preschool", "lat": -37.7564473, "lng": 145.1241984 }, "geometry": { "type": "Point", "coordinates": [ 145.1241984, -37.7564473 ] } },
{ "type": "Feature", "properties": { "name": "North Essendon Kindergarten", "lat": -37.7391972, "lng": 144.9033186 }, "geometry": { "type": "Point", "coordinates": [ 144.9033186, -37.7391972 ] } },
{ "type": "Feature", "properties": { "name": "Cuddly Bear Templestowe", "lat": -37.756855, "lng": 145.124415 }, "geometry": { "type": "Point", "coordinates": [ 145.124415, -37.756855 ] } },
{ "type": "Feature", "properties": { "name": "Guardian Childcare & Education Brunswick", "lat": -37.7665948, "lng": 144.967637 }, "geometry": { "type": "Point", "coordinates": [ 144.967637, -37.7665948 ] } },
{ "type": "Feature", "properties": { "name": "Airport West Kindergarten", "lat": -37.7233762, "lng": 144.8814168 }, "geometry": { "type": "Point", "coordinates": [ 144.8814168, -37.7233762 ] } },
{ "type": "Feature", "properties": { "name": "Northcote OSHClub", "lat": -37.7722377, "lng": 144.9960597 }, "geometry": { "type": "Point", "coordinates": [ 144.9960597, -37.7722377 ] } },
{ "type": "Feature", "properties": { "name": "Camp Australia - St Clement of Rome Catholic Primary School OSHC", "lat": -37.7680685, "lng": 145.0908382 }, "geometry": { "type": "Point", "coordinates": [ 145.0908382, -37.7680685 ] } },
{ "type": "Feature", "properties": { "name": "Journey Early Learning Centre Essendon", "lat": -37.7432019, "lng": 144.9088702 }, "geometry": { "type": "Point", "coordinates": [ 144.9088702, -37.7432019 ] } },
{ "type": "Feature", "properties": { "name": "Montgomery Park Kindergarten", "lat": -37.7550438, "lng": 144.9322075 }, "geometry": { "type": "Point", "coordinates": [ 144.9322075, -37.7550438 ] } },
{ "type": "Feature", "properties": { "name": "Ivanhoe Grammar Early Learning Centre", "lat": -37.7748632, "lng": 145.0434375 }, "geometry": { "type": "Point", "coordinates": [ 145.0434375, -37.7748632 ] } },
{ "type": "Feature", "properties": { "name": "Journey Early Learning Centre - Alphington", "lat": -37.7751088, "lng": 145.0261998 }, "geometry": { "type": "Point", "coordinates": [ 145.0261998, -37.7751088 ] } },
{ "type": "Feature", "properties": { "name": "Annie Dennis Children's Centre", "lat": -37.7736607, "lng": 144.9997181 }, "geometry": { "type": "Point", "coordinates": [ 144.9997181, -37.7736607 ] } },
{ "type": "Feature", "properties": { "name": "Villa Bambini", "lat": -37.7397579, "lng": 144.9019848 }, "geometry": { "type": "Point", "coordinates": [ 144.9019848, -37.7397579 ] } },
{ "type": "Feature", "properties": { "name": "Bimbi Early Learning and Kindergarten", "lat": -37.7248898, "lng": 144.8812771 }, "geometry": { "type": "Point", "coordinates": [ 144.8812771, -37.7248898 ] } },
{ "type": "Feature", "properties": { "name": "Montgomery Park Children's Centre", "lat": -37.7558936, "lng": 144.9321491 }, "geometry": { "type": "Point", "coordinates": [ 144.9321491, -37.7558936 ] } },
{ "type": "Feature", "properties": { "name": "Templestowe Kids Early Learning Centre", "lat": -37.7597162, "lng": 145.1217971 }, "geometry": { "type": "Point", "coordinates": [ 145.1217971, -37.7597162 ] } },
{ "type": "Feature", "properties": { "name": "Happy Hippo Kindergarten and Childcare", "lat": -37.76739, "lng": 144.964089 }, "geometry": { "type": "Point", "coordinates": [ 144.964089, -37.76739 ] } },
{ "type": "Feature", "properties": { "name": "TeamKids - Essendon North Primary", "lat": -37.7413373, "lng": 144.9030817 }, "geometry": { "type": "Point", "coordinates": [ 144.9030817, -37.7413373 ] } },
{ "type": "Feature", "properties": { "name": "Kangaroo Ground Primary Combined OSHC", "lat": -37.6913381, "lng": 145.2137948 }, "geometry": { "type": "Point", "coordinates": [ 145.2137948, -37.6913381 ] } },
{ "type": "Feature", "properties": { "name": "Kangaroo Ground Preschool Inc", "lat": -37.6913381, "lng": 145.2137948 }, "geometry": { "type": "Point", "coordinates": [ 145.2137948, -37.6913381 ] } },
{ "type": "Feature", "properties": { "name": "Tullamarine Early Learning Centre", "lat": -37.7049397, "lng": 144.8589139 }, "geometry": { "type": "Point", "coordinates": [ 144.8589139, -37.7049397 ] } },
{ "type": "Feature", "properties": { "name": "Big Childcare - St Christopher's PS OSHC", "lat": -37.7257271, "lng": 144.8799554 }, "geometry": { "type": "Point", "coordinates": [ 144.8799554, -37.7257271 ] } },
{ "type": "Feature", "properties": { "name": "Ivanhoe East OSHClub", "lat": -37.7756355, "lng": 145.0595544 }, "geometry": { "type": "Point", "coordinates": [ 145.0595544, -37.7756355 ] } },
{ "type": "Feature", "properties": { "name": "Leapkids St Joseph's Primary", "lat": -37.7749301, "lng": 144.9965556 }, "geometry": { "type": "Point", "coordinates": [ 144.9965556, -37.7749301 ] } },
{ "type": "Feature", "properties": { "name": "Yarraleen Preschool", "lat": -37.7707041, "lng": 145.0899355 }, "geometry": { "type": "Point", "coordinates": [ 145.0899355, -37.7707041 ] } },
{ "type": "Feature", "properties": { "name": "Journey Early Learning Centre - Templestowe", "lat": -37.7667882, "lng": 145.1053854 }, "geometry": { "type": "Point", "coordinates": [ 145.1053854, -37.7667882 ] } },
{ "type": "Feature", "properties": { "name": "St Joseph's OSHC Brunswick West", "lat": -37.7621212, "lng": 144.943224 }, "geometry": { "type": "Point", "coordinates": [ 144.943224, -37.7621212 ] } },
{ "type": "Feature", "properties": { "name": "Youth Leadership - St Kevins Catholic Primary School OSHC", "lat": -37.7611938, "lng": 145.1220789 }, "geometry": { "type": "Point", "coordinates": [ 145.1220789, -37.7611938 ] } },
{ "type": "Feature", "properties": { "name": "Camp Australia - Essendon Primary School OSHC", "lat": -37.7533197, "lng": 144.9221724 }, "geometry": { "type": "Point", "coordinates": [ 144.9221724, -37.7533197 ] } },
{ "type": "Feature", "properties": { "name": "East Brunswick Kindergarten", "lat": -37.7727187, "lng": 144.9803667 }, "geometry": { "type": "Point", "coordinates": [ 144.9803667, -37.7727187 ] } },
{ "type": "Feature", "properties": { "name": "TeamKids - Brunswick North Primary", "lat": -37.764627, "lng": 144.9493973 }, "geometry": { "type": "Point", "coordinates": [ 144.9493973, -37.764627 ] } },
{ "type": "Feature", "properties": { "name": "Nido Early School Essendon", "lat": -37.7535943, "lng": 144.9218927 }, "geometry": { "type": "Point", "coordinates": [ 144.9218927, -37.7535943 ] } },
{ "type": "Feature", "properties": { "name": "Dewdrops Early Learning - Brunswick West", "lat": -37.7611675, "lng": 144.9388584 }, "geometry": { "type": "Point", "coordinates": [ 144.9388584, -37.7611675 ] } },
{ "type": "Feature", "properties": { "name": "Kids First Fairy Hills Kindergarten", "lat": -37.7780727, "lng": 145.0400252 }, "geometry": { "type": "Point", "coordinates": [ 145.0400252, -37.7780727 ] } },
{ "type": "Feature", "properties": { "name": "TeamKids - Fairfield Primary", "lat": -37.7781746, "lng": 145.0234495 }, "geometry": { "type": "Point", "coordinates": [ 145.0234495, -37.7781746 ] } },
{ "type": "Feature", "properties": { "name": "Papilio Early Learning Essendon", "lat": -37.7385293, "lng": 144.8948278 }, "geometry": { "type": "Point", "coordinates": [ 144.8948278, -37.7385293 ] } },
{ "type": "Feature", "properties": { "name": "Little Lambs Early Education Templestowe", "lat": -37.7538611, "lng": 145.1411883 }, "geometry": { "type": "Point", "coordinates": [ 145.1411883, -37.7538611 ] } },
{ "type": "Feature", "properties": { "name": "Grow Early Education Templestowe", "lat": -37.7538611, "lng": 145.1411883 }, "geometry": { "type": "Point", "coordinates": [ 145.1411883, -37.7538611 ] } },
{ "type": "Feature", "properties": { "name": "Yarra Valley Preschool", "lat": -37.7574194, "lng": 145.1337466 }, "geometry": { "type": "Point", "coordinates": [ 145.1337466, -37.7574194 ] } },
{ "type": "Feature", "properties": { "name": "Airport West Early Learning Co-operative", "lat": -37.728264, "lng": 144.880429 }, "geometry": { "type": "Point", "coordinates": [ 144.880429, -37.728264 ] } },
{ "type": "Feature", "properties": { "name": "Westgarth Primary School Combined OSHC", "lat": -37.777142, "lng": 145.0023116 }, "geometry": { "type": "Point", "coordinates": [ 145.0023116, -37.777142 ] } },
{ "type": "Feature", "properties": { "name": "Westgarth Kindergarten", "lat": -37.777142, "lng": 145.0023116 }, "geometry": { "type": "Point", "coordinates": [ 145.0023116, -37.777142 ] } },
{ "type": "Feature", "properties": { "name": "Panton Hill PS TheirCare", "lat": -37.6414324, "lng": 145.2393319 }, "geometry": { "type": "Point", "coordinates": [ 145.2393319, -37.6414324 ] } },
{ "type": "Feature", "properties": { "name": "Only About Children Brunswick West", "lat": -37.765481, "lng": 144.9473103 }, "geometry": { "type": "Point", "coordinates": [ 144.9473103, -37.765481 ] } },
{ "type": "Feature", "properties": { "name": "Penleigh & Essendon Grammar School", "lat": -37.7541212, "lng": 144.9195412 }, "geometry": { "type": "Point", "coordinates": [ 144.9195412, -37.7541212 ] } },
{ "type": "Feature", "properties": { "name": "Panton Hill Preschool", "lat": -37.6406142, "lng": 145.2399475 }, "geometry": { "type": "Point", "coordinates": [ 145.2399475, -37.6406142 ] } },
{ "type": "Feature", "properties": { "name": "Twin Hills Preschool", "lat": -37.7661195, "lng": 145.1151075 }, "geometry": { "type": "Point", "coordinates": [ 145.1151075, -37.7661195 ] } },
{ "type": "Feature", "properties": { "name": "TeamKids - Penleigh and Essendon Grammar", "lat": -37.754821, "lng": 144.9195478 }, "geometry": { "type": "Point", "coordinates": [ 144.9195478, -37.754821 ] } },
{ "type": "Feature", "properties": { "name": "Penleigh & Essendon Grammar School - Raleigh St Kindergarten", "lat": -37.754821, "lng": 144.9195478 }, "geometry": { "type": "Point", "coordinates": [ 144.9195478, -37.754821 ] } },
{ "type": "Feature", "properties": { "name": "Guardian Childcare & Education Westgarth", "lat": -37.777979, "lng": 144.9978259 }, "geometry": { "type": "Point", "coordinates": [ 144.9978259, -37.777979 ] } },
{ "type": "Feature", "properties": { "name": "Smart Start Early Learning and Development Centre", "lat": -37.7800649, "lng": 145.025353 }, "geometry": { "type": "Point", "coordinates": [ 145.025353, -37.7800649 ] } },
{ "type": "Feature", "properties": { "name": "Brunswick Kindergarten", "lat": -37.7718593, "lng": 144.9653331 }, "geometry": { "type": "Point", "coordinates": [ 144.9653331, -37.7718593 ] } },
{ "type": "Feature", "properties": { "name": "Panton Hill Playhouse", "lat": -37.64248, "lng": 145.240449 }, "geometry": { "type": "Point", "coordinates": [ 145.240449, -37.64248 ] } },
{ "type": "Feature", "properties": { "name": "Brunswick Creche & Day Nursery", "lat": -37.772247, "lng": 144.966181 }, "geometry": { "type": "Point", "coordinates": [ 144.966181, -37.772247 ] } },
{ "type": "Feature", "properties": { "name": "Camp Australia - Alphington Grammar School OSHC", "lat": -37.7803056, "lng": 145.0362033 }, "geometry": { "type": "Point", "coordinates": [ 145.0362033, -37.7803056 ] } },
{ "type": "Feature", "properties": { "name": "Alphington Grammar Preschool", "lat": -37.7803056, "lng": 145.0362033 }, "geometry": { "type": "Point", "coordinates": [ 145.0362033, -37.7803056 ] } },
{ "type": "Feature", "properties": { "name": "Guardian Childcare & Education Essendon", "lat": -37.7397549, "lng": 144.8924205 }, "geometry": { "type": "Point", "coordinates": [ 144.8924205, -37.7397549 ] } },
{ "type": "Feature", "properties": { "name": "Gum Nut Preschool & Child Care", "lat": -37.7804935, "lng": 145.0341149 }, "geometry": { "type": "Point", "coordinates": [ 145.0341149, -37.7804935 ] } },
{ "type": "Feature", "properties": { "name": "St Therese's School OSHClub", "lat": -37.750896, "lng": 144.910328 }, "geometry": { "type": "Point", "coordinates": [ 144.910328, -37.750896 ] } },
{ "type": "Feature", "properties": { "name": "St Anthony's School OSHC Alphington", "lat": -37.7806836, "lng": 145.0198941 }, "geometry": { "type": "Point", "coordinates": [ 145.0198941, -37.7806836 ] } },
{ "type": "Feature", "properties": { "name": "Merri Creek Primary School Out of School Hours Care", "lat": -37.7766392, "lng": 144.9825359 }, "geometry": { "type": "Point", "coordinates": [ 144.9825359, -37.7766392 ] } },
{ "type": "Feature", "properties": { "name": "TeamKids - Templestowe Park Primary", "lat": -37.7561684, "lng": 145.1433313 }, "geometry": { "type": "Point", "coordinates": [ 145.1433313, -37.7561684 ] } },
{ "type": "Feature", "properties": { "name": "Brunswick Neighbourhood House Co operative Limited", "lat": -37.772979, "lng": 144.964685 }, "geometry": { "type": "Point", "coordinates": [ 144.964685, -37.772979 ] } },
{ "type": "Feature", "properties": { "name": "Dawson Street Child Care Centre", "lat": -37.7711528, "lng": 144.9574373 }, "geometry": { "type": "Point", "coordinates": [ 144.9574373, -37.7711528 ] } },
{ "type": "Feature", "properties": { "name": "Alphington PS TheirCare", "lat": -37.7816231, "lng": 145.0320703 }, "geometry": { "type": "Point", "coordinates": [ 145.0320703, -37.7816231 ] } },
{ "type": "Feature", "properties": { "name": "Sunrise Kindergarten and Long Day Care Centre", "lat": -37.7778823, "lng": 144.9860358 }, "geometry": { "type": "Point", "coordinates": [ 144.9860358, -37.7778823 ] } },
{ "type": "Feature", "properties": { "name": "North Fitzroy Child Care Co-operative", "lat": -37.7777058, "lng": 144.9850779 }, "geometry": { "type": "Point", "coordinates": [ 144.9850779, -37.7777058 ] } },
{ "type": "Feature", "properties": { "name": "Yarralea Children's Centre", "lat": -37.7818133, "lng": 145.0325379 }, "geometry": { "type": "Point", "coordinates": [ 145.0325379, -37.7818133 ] } },
{ "type": "Feature", "properties": { "name": "Our Lady Help of Christians PS OSHC - Extend", "lat": -37.7766652, "lng": 144.9778345 }, "geometry": { "type": "Point", "coordinates": [ 144.9778345, -37.7766652 ] } },
{ "type": "Feature", "properties": { "name": "Northwest Montessori Preschool", "lat": -37.7571777, "lng": 144.9186956 }, "geometry": { "type": "Point", "coordinates": [ 144.9186956, -37.7571777 ] } },
{ "type": "Feature", "properties": { "name": "TeamKids - Moonee Ponds Primary", "lat": -37.7633784, "lng": 144.9324948 }, "geometry": { "type": "Point", "coordinates": [ 144.9324948, -37.7633784 ] } },
{ "type": "Feature", "properties": { "name": "The Learning Sanctuary Brunswick", "lat": -37.7757704, "lng": 144.971737 }, "geometry": { "type": "Point", "coordinates": [ 144.971737, -37.7757704 ] } },
{ "type": "Feature", "properties": { "name": "Paisley Park Early Learning Centre Templestowe", "lat": -37.7598454, "lng": 145.1384456 }, "geometry": { "type": "Point", "coordinates": [ 145.1384456, -37.7598454 ] } },
{ "type": "Feature", "properties": { "name": "St Monica's OSHClub", "lat": -37.759776, "lng": 144.9229462 }, "geometry": { "type": "Point", "coordinates": [ 144.9229462, -37.759776 ] } },
{ "type": "Feature", "properties": { "name": "Moresby Avenue Child Care Centre", "lat": -37.7754678, "lng": 145.0939043 }, "geometry": { "type": "Point", "coordinates": [ 145.0939043, -37.7754678 ] } },
{ "type": "Feature", "properties": { "name": "Explorers Early Learning - Essendon", "lat": -37.7528243, "lng": 144.9088394 }, "geometry": { "type": "Point", "coordinates": [ 144.9088394, -37.7528243 ] } },
{ "type": "Feature", "properties": { "name": "Kids Academy Bulleen", "lat": -37.7772296, "lng": 145.0863496 }, "geometry": { "type": "Point", "coordinates": [ 145.0863496, -37.7772296 ] } },
{ "type": "Feature", "properties": { "name": "Deutsche Schule Melbourne Inc", "lat": -37.7787677, "lng": 144.9831704 }, "geometry": { "type": "Point", "coordinates": [ 144.9831704, -37.7787677 ] } },
{ "type": "Feature", "properties": { "name": "FROEBEL Fitzroy North", "lat": -37.7787677, "lng": 144.9831704 }, "geometry": { "type": "Point", "coordinates": [ 144.9831704, -37.7787677 ] } },
{ "type": "Feature", "properties": { "name": "Templestowe World of Learning", "lat": -37.7690959, "lng": 145.1174241 }, "geometry": { "type": "Point", "coordinates": [ 145.1174241, -37.7690959 ] } },
{ "type": "Feature", "properties": { "name": "Antrim Childcare", "lat": -37.7541807, "lng": 144.9086923 }, "geometry": { "type": "Point", "coordinates": [ 144.9086923, -37.7541807 ] } },
{ "type": "Feature", "properties": { "name": "Nickis Clever Cookies", "lat": -37.7822692, "lng": 144.9995244 }, "geometry": { "type": "Point", "coordinates": [ 144.9995244, -37.7822692 ] } },
{ "type": "Feature", "properties": { "name": "HEI Schools Brunswick East Early Education Centre", "lat": -37.7787906, "lng": 144.9770383 }, "geometry": { "type": "Point", "coordinates": [ 144.9770383, -37.7787906 ] } },
{ "type": "Feature", "properties": { "name": "Only About Children Moonee Ponds", "lat": -37.7605778, "lng": 144.9205005 }, "geometry": { "type": "Point", "coordinates": [ 144.9205005, -37.7605778 ] } },
{ "type": "Feature", "properties": { "name": "Nido Early School Moonee Valley", "lat": -37.7639625, "lng": 144.9280109 }, "geometry": { "type": "Point", "coordinates": [ 144.9280109, -37.7639625 ] } },
{ "type": "Feature", "properties": { "name": "TeamKids - Niddrie Primary", "lat": -37.7409833, "lng": 144.8858274 }, "geometry": { "type": "Point", "coordinates": [ 144.8858274, -37.7409833 ] } },
{ "type": "Feature", "properties": { "name": "Community OSHC Services St John Boscos", "lat": -37.7440181, "lng": 144.8903572 }, "geometry": { "type": "Point", "coordinates": [ 144.8903572, -37.7440181 ] } },
{ "type": "Feature", "properties": { "name": "Templestowe Heights PS TheirCare", "lat": -37.7712466, "lng": 145.1161126 }, "geometry": { "type": "Point", "coordinates": [ 145.1161126, -37.7712466 ] } },
{ "type": "Feature", "properties": { "name": "TeamKids - Brunswick South Primary", "lat": -37.7787415, "lng": 144.972715 }, "geometry": { "type": "Point", "coordinates": [ 144.972715, -37.7787415 ] } },
{ "type": "Feature", "properties": { "name": "Kalker Montessori Centre", "lat": -37.779012, "lng": 145.089223 }, "geometry": { "type": "Point", "coordinates": [ 145.089223, -37.779012 ] } },
{ "type": "Feature", "properties": { "name": "Clifton Child Care Co-op", "lat": -37.7822993, "lng": 144.9904183 }, "geometry": { "type": "Point", "coordinates": [ 144.9904183, -37.7822993 ] } },
{ "type": "Feature", "properties": { "name": "TeamKids - Brunswick South West Primary", "lat": -37.7708126, "lng": 144.9436382 }, "geometry": { "type": "Point", "coordinates": [ 144.9436382, -37.7708126 ] } },
{ "type": "Feature", "properties": { "name": "Brunswick South West School Holiday Program", "lat": -37.7708126, "lng": 144.9436382 }, "geometry": { "type": "Point", "coordinates": [ 144.9436382, -37.7708126 ] } },
{ "type": "Feature", "properties": { "name": "Templestowe Heights Preschool", "lat": -37.7696795, "lng": 145.1225605 }, "geometry": { "type": "Point", "coordinates": [ 145.1225605, -37.7696795 ] } },
{ "type": "Feature", "properties": { "name": "Denzil Don Free Kindergarten", "lat": -37.7715379, "lng": 144.9444499 }, "geometry": { "type": "Point", "coordinates": [ 144.9444499, -37.7715379 ] } },
{ "type": "Feature", "properties": { "name": "Community Children - Essendon", "lat": -37.7500388, "lng": 144.897751 }, "geometry": { "type": "Point", "coordinates": [ 144.897751, -37.7500388 ] } },
{ "type": "Feature", "properties": { "name": "Belle Vue PS TheirCare", "lat": -37.781834, "lng": 145.0790682 }, "geometry": { "type": "Point", "coordinates": [ 145.0790682, -37.781834 ] } },
{ "type": "Feature", "properties": { "name": "Lowther Hall OSHClub", "lat": -37.759751, "lng": 144.9148193 }, "geometry": { "type": "Point", "coordinates": [ 144.9148193, -37.759751 ] } },
{ "type": "Feature", "properties": { "name": "Lowther Hall Anglican Grammar School Kindergarten", "lat": -37.759751, "lng": 144.9148193 }, "geometry": { "type": "Point", "coordinates": [ 144.9148193, -37.759751 ] } },
{ "type": "Feature", "properties": { "name": "Keilor Park Preschool", "lat": -37.7202685, "lng": 144.8579465 }, "geometry": { "type": "Point", "coordinates": [ 144.8579465, -37.7202685 ] } },
{ "type": "Feature", "properties": { "name": "Moonee Ponds Kinder Haven", "lat": -37.7651508, "lng": 144.9250103 }, "geometry": { "type": "Point", "coordinates": [ 144.9250103, -37.7651508 ] } },
{ "type": "Feature", "properties": { "name": "Vista Valley Kindergarten", "lat": -37.777693, "lng": 145.1030863 }, "geometry": { "type": "Point", "coordinates": [ 145.1030863, -37.777693 ] } },
{ "type": "Feature", "properties": { "name": "Team Holiday - North Carlton", "lat": -37.7799852, "lng": 144.9678737 }, "geometry": { "type": "Point", "coordinates": [ 144.9678737, -37.7799852 ] } },
{ "type": "Feature", "properties": { "name": "Goodstart Early Learning Clifton Hill", "lat": -37.7857167, "lng": 145.000832 }, "geometry": { "type": "Point", "coordinates": [ 145.000832, -37.7857167 ] } },
{ "type": "Feature", "properties": { "name": "Park Street Early Learning Co-op Ltd", "lat": -37.7769576, "lng": 144.9546016 }, "geometry": { "type": "Point", "coordinates": [ 144.9546016, -37.7769576 ] } },
{ "type": "Feature", "properties": { "name": "Casa Bambini Children's Centre - Essendon", "lat": -37.7557883, "lng": 144.9033839 }, "geometry": { "type": "Point", "coordinates": [ 144.9033839, -37.7557883 ] } },
{ "type": "Feature", "properties": { "name": "Essendon Kindergarten", "lat": -37.7551838, "lng": 144.90226 }, "geometry": { "type": "Point", "coordinates": [ 144.90226, -37.7551838 ] } },
{ "type": "Feature", "properties": { "name": "Kids on Queens Parade Childcare Centre", "lat": -37.7856634, "lng": 144.9940799 }, "geometry": { "type": "Point", "coordinates": [ 144.9940799, -37.7856634 ] } },
{ "type": "Feature", "properties": { "name": "Spensley Street Primary School Out of School Hours Care", "lat": -37.7868494, "lng": 145.0036212 }, "geometry": { "type": "Point", "coordinates": [ 145.0036212, -37.7868494 ] } },
{ "type": "Feature", "properties": { "name": "Fitzroy North PS TheirCare", "lat": -37.7842878, "lng": 144.9842064 }, "geometry": { "type": "Point", "coordinates": [ 144.9842064, -37.7842878 ] } },
{ "type": "Feature", "properties": { "name": "Penleigh & Essendon Grammar School", "lat": -37.7615174, "lng": 144.9129278 }, "geometry": { "type": "Point", "coordinates": [ 144.9129278, -37.7615174 ] } },
{ "type": "Feature", "properties": { "name": "Princes Hill Kindergarten", "lat": -37.7810909, "lng": 144.966981 }, "geometry": { "type": "Point", "coordinates": [ 144.966981, -37.7810909 ] } },
{ "type": "Feature", "properties": { "name": "Beaver Street Kindergarten", "lat": -37.7570249, "lng": 144.9020285 }, "geometry": { "type": "Point", "coordinates": [ 144.9020285, -37.7570249 ] } },
{ "type": "Feature", "properties": { "name": "First Steps Early Learning Journey", "lat": -37.762133, "lng": 145.152535 }, "geometry": { "type": "Point", "coordinates": [ 145.152535, -37.762133 ] } },
{ "type": "Feature", "properties": { "name": "Keilor East Kindergarten", "lat": -37.7351283, "lng": 144.8683732 }, "geometry": { "type": "Point", "coordinates": [ 144.8683732, -37.7351283 ] } },
{ "type": "Feature", "properties": { "name": "Walker Street Community Kindergarten", "lat": -37.788972, "lng": 145.004325 }, "geometry": { "type": "Point", "coordinates": [ 145.004325, -37.788972 ] } },
{ "type": "Feature", "properties": { "name": "Shuter Street Occasional Care Centre", "lat": -37.767671, "lng": 144.920852 }, "geometry": { "type": "Point", "coordinates": [ 144.920852, -37.767671 ] } },
{ "type": "Feature", "properties": { "name": "North Carlton Childrens Centre", "lat": -37.7850403, "lng": 144.9746302 }, "geometry": { "type": "Point", "coordinates": [ 144.9746302, -37.7850403 ] } },
{ "type": "Feature", "properties": { "name": "Isabel Henderson Kindergarten", "lat": -37.7860737, "lng": 144.9794429 }, "geometry": { "type": "Point", "coordinates": [ 144.9794429, -37.7860737 ] } },
{ "type": "Feature", "properties": { "name": "Bellevue Kindergarten", "lat": -37.7880647, "lng": 145.0741019 }, "geometry": { "type": "Point", "coordinates": [ 145.0741019, -37.7880647 ] } },
{ "type": "Feature", "properties": { "name": "Ave Maria Kindergarten", "lat": -37.7569853, "lng": 144.8966547 }, "geometry": { "type": "Point", "coordinates": [ 144.8966547, -37.7569853 ] } },
{ "type": "Feature", "properties": { "name": "Goodstart Early Learning Moonee Ponds", "lat": -37.7659372, "lng": 144.9133915 }, "geometry": { "type": "Point", "coordinates": [ 144.9133915, -37.7659372 ] } },
{ "type": "Feature", "properties": { "name": "Boroondara Preschool", "lat": -37.7864059, "lng": 145.0872875 }, "geometry": { "type": "Point", "coordinates": [ 145.0872875, -37.7864059 ] } },
{ "type": "Feature", "properties": { "name": "TeamKids - Aberfeldie Primary", "lat": -37.75653, "lng": 144.8951004 }, "geometry": { "type": "Point", "coordinates": [ 144.8951004, -37.75653 ] } },
{ "type": "Feature", "properties": { "name": "Big Childcare - Keilor Heights Primary School OSHC", "lat": -37.737755, "lng": 144.8677405 }, "geometry": { "type": "Point", "coordinates": [ 144.8677405, -37.737755 ] } },
{ "type": "Feature", "properties": { "name": "LEADING BEES MONTESSORI AND EARLY LEARNING", "lat": -37.7626694, "lng": 145.1567485 }, "geometry": { "type": "Point", "coordinates": [ 145.1567485, -37.7626694 ] } },
{ "type": "Feature", "properties": { "name": "Alpha Omega Early Education", "lat": -37.7703751, "lng": 145.1406663 }, "geometry": { "type": "Point", "coordinates": [ 145.1406663, -37.7703751 ] } },
{ "type": "Feature", "properties": { "name": "Mykidz Early Learning Centre", "lat": -37.7813287, "lng": 145.110557 }, "geometry": { "type": "Point", "coordinates": [ 145.110557, -37.7813287 ] } },
{ "type": "Feature", "properties": { "name": "Guardian Childcare & Education Doncaster East", "lat": -37.7517035, "lng": 145.1762629 }, "geometry": { "type": "Point", "coordinates": [ 145.1762629, -37.7517035 ] } },
{ "type": "Feature", "properties": { "name": "Community Children - Moonee Ponds", "lat": -37.7660064, "lng": 144.9114225 }, "geometry": { "type": "Point", "coordinates": [ 144.9114225, -37.7660064 ] } },
{ "type": "Feature", "properties": { "name": "Keilor Heights Early Learning Centre", "lat": -37.7369707, "lng": 144.8651782 }, "geometry": { "type": "Point", "coordinates": [ 144.8651782, -37.7369707 ] } },
{ "type": "Feature", "properties": { "name": "Penguin Childcare Parkville", "lat": -37.778426, "lng": 144.9397918 }, "geometry": { "type": "Point", "coordinates": [ 144.9397918, -37.778426 ] } },
{ "type": "Feature", "properties": { "name": "Doncaster Park Kindergarten", "lat": -37.7819086, "lng": 145.1135739 }, "geometry": { "type": "Point", "coordinates": [ 145.1135739, -37.7819086 ] } },
{ "type": "Feature", "properties": { "name": "Guardian Childcare & Education Ascot Vale", "lat": -37.7728379, "lng": 144.9223872 }, "geometry": { "type": "Point", "coordinates": [ 144.9223872, -37.7728379 ] } },
{ "type": "Feature", "properties": { "name": "Ascot Vale Heights School TheirCare", "lat": -37.776813, "lng": 144.932391 }, "geometry": { "type": "Point", "coordinates": [ 144.932391, -37.776813 ] } },
{ "type": "Feature", "properties": { "name": "SAND Child Care Services", "lat": -37.7358637, "lng": 144.8617134 }, "geometry": { "type": "Point", "coordinates": [ 144.8617134, -37.7358637 ] } },
{ "type": "Feature", "properties": { "name": "Camp Australia - Ascot Vale Primary School OSHC", "lat": -37.7741369, "lng": 144.9252473 }, "geometry": { "type": "Point", "coordinates": [ 144.9252473, -37.7741369 ] } },
{ "type": "Feature", "properties": { "name": "Camp Australia - St Gregory the Great School OSHC", "lat": -37.7800217, "lng": 145.1227113 }, "geometry": { "type": "Point", "coordinates": [ 145.1227113, -37.7800217 ] } },
{ "type": "Feature", "properties": { "name": "Gowrie Victoria Carlton North", "lat": -37.7896651, "lng": 144.9746228 }, "geometry": { "type": "Point", "coordinates": [ 144.9746228, -37.7896651 ] } },
{ "type": "Feature", "properties": { "name": "Boroondara Park PS TheirCare", "lat": -37.7898302, "lng": 145.0881267 }, "geometry": { "type": "Point", "coordinates": [ 145.0881267, -37.7898302 ] } },
{ "type": "Feature", "properties": { "name": "TeamKids - Clifton Hill Primary", "lat": -37.7925275, "lng": 144.9896949 }, "geometry": { "type": "Point", "coordinates": [ 144.9896949, -37.7925275 ] } },
{ "type": "Feature", "properties": { "name": "Deep Creek Child Care Centre", "lat": -37.7606437, "lng": 145.1675078 }, "geometry": { "type": "Point", "coordinates": [ 145.1675078, -37.7606437 ] } },
{ "type": "Feature", "properties": { "name": "Deep Creek Preschool", "lat": -37.7606437, "lng": 145.1675078 }, "geometry": { "type": "Point", "coordinates": [ 145.1675078, -37.7606437 ] } },
{ "type": "Feature", "properties": { "name": "Glass Street Kindergarten Assoc Inc", "lat": -37.7941523, "lng": 145.0604925 }, "geometry": { "type": "Point", "coordinates": [ 145.0604925, -37.7941523 ] } },
{ "type": "Feature", "properties": { "name": "Placement Solutions - IHC", "lat": -37.7942162, "lng": 145.0628709 }, "geometry": { "type": "Point", "coordinates": [ 145.0628709, -37.7942162 ] } },
{ "type": "Feature", "properties": { "name": "St Bede's School OSHC Balwyn North", "lat": -37.7934224, "lng": 145.0710902 }, "geometry": { "type": "Point", "coordinates": [ 145.0710902, -37.7934224 ] } },
{ "type": "Feature", "properties": { "name": "PINES LEARNING", "lat": -37.7604195, "lng": 145.1691533 }, "geometry": { "type": "Point", "coordinates": [ 145.1691533, -37.7604195 ] } },
{ "type": "Feature", "properties": { "name": "Camp Australia - Moonee Ponds West Primary School OSHC", "lat": -37.76875, "lng": 144.9087568 }, "geometry": { "type": "Point", "coordinates": [ 144.9087568, -37.76875 ] } },
{ "type": "Feature", "properties": { "name": "North Kew Kindergarten", "lat": -37.7963191, "lng": 145.0364617 }, "geometry": { "type": "Point", "coordinates": [ 145.0364617, -37.7963191 ] } },
{ "type": "Feature", "properties": { "name": "TeamKids - Carlton North Primary", "lat": -37.7911246, "lng": 144.9735316 }, "geometry": { "type": "Point", "coordinates": [ 144.9735316, -37.7911246 ] } },
{ "type": "Feature", "properties": { "name": "Wonderland Childcare & Kinder", "lat": -37.7873512, "lng": 145.1055053 }, "geometry": { "type": "Point", "coordinates": [ 145.1055053, -37.7873512 ] } },
{ "type": "Feature", "properties": { "name": "Nido Early School Ascot Vale", "lat": -37.772988, "lng": 144.91573 }, "geometry": { "type": "Point", "coordinates": [ 144.91573, -37.772988 ] } },
{ "type": "Feature", "properties": { "name": "Kew East Primary School Out of School Hours Care", "lat": -37.7965479, "lng": 145.0486752 }, "geometry": { "type": "Point", "coordinates": [ 145.0486752, -37.7965479 ] } },
{ "type": "Feature", "properties": { "name": "Milleara Integrated Learning & Development Centre for Children", "lat": -37.7400706, "lng": 144.8622738 }, "geometry": { "type": "Point", "coordinates": [ 144.8622738, -37.7400706 ] } },
{ "type": "Feature", "properties": { "name": "Greythorn Early Childhood Centre", "lat": -37.7903574, "lng": 145.0954766 }, "geometry": { "type": "Point", "coordinates": [ 145.0954766, -37.7903574 ] } },
{ "type": "Feature", "properties": { "name": "Ascot Kindergarten", "lat": -37.7771347, "lng": 144.9234838 }, "geometry": { "type": "Point", "coordinates": [ 144.9234838, -37.7771347 ] } },
{ "type": "Feature", "properties": { "name": "Flemington Street Children's Centre", "lat": -37.7814267, "lng": 144.9340634 }, "geometry": { "type": "Point", "coordinates": [ 144.9340634, -37.7814267 ] } },
{ "type": "Feature", "properties": { "name": "Yarra Warra Preschool", "lat": -37.7293157, "lng": 145.21414 }, "geometry": { "type": "Point", "coordinates": [ 145.21414, -37.7293157 ] } },
{ "type": "Feature", "properties": { "name": "Goodstart Early Learning Keilor Village", "lat": -37.7168861, "lng": 144.8362043 }, "geometry": { "type": "Point", "coordinates": [ 144.8362043, -37.7168861 ] } },
{ "type": "Feature", "properties": { "name": "Kids First Wallan East Kindergarten", "lat": -37.4265753, "lng": 144.9991218 }, "geometry": { "type": "Point", "coordinates": [ 144.9991218, -37.4265753 ] } },
{ "type": "Feature", "properties": { "name": "Red Apple Early Learning Centre Balwyn", "lat": -37.7926593, "lng": 145.0902176 }, "geometry": { "type": "Point", "coordinates": [ 145.0902176, -37.7926593 ] } },
{ "type": "Feature", "properties": { "name": "Camp Australia - Serpell Primary School OSHC", "lat": -37.7706621, "lng": 145.1556626 }, "geometry": { "type": "Point", "coordinates": [ 145.1556626, -37.7706621 ] } },
{ "type": "Feature", "properties": { "name": "Inspire Early Learning Journey Doncaster", "lat": -37.7878123, "lng": 145.1105118 }, "geometry": { "type": "Point", "coordinates": [ 145.1105118, -37.7878123 ] } },
{ "type": "Feature", "properties": { "name": "Guardian Childcare & Education Kew East", "lat": -37.7978542, "lng": 145.0548071 }, "geometry": { "type": "Point", "coordinates": [ 145.0548071, -37.7978542 ] } },
{ "type": "Feature", "properties": { "name": "North Balwyn Playcentre", "lat": -37.79820643, "lng": 145.0508515 }, "geometry": { "type": "Point", "coordinates": [ 145.0508515, -37.79820643 ] } },
{ "type": "Feature", "properties": { "name": "The Merrell Kindergarten", "lat": -37.7959928, "lng": 145.0756552 }, "geometry": { "type": "Point", "coordinates": [ 145.0756552, -37.7959928 ] } },
{ "type": "Feature", "properties": { "name": "TeamKids - Flemington Primary", "lat": -37.7827149, "lng": 144.9338413 }, "geometry": { "type": "Point", "coordinates": [ 144.9338413, -37.7827149 ] } },
{ "type": "Feature", "properties": { "name": "Camberwell Baptist Church Kindergarten", "lat": -37.7993723, "lng": 145.0299571 }, "geometry": { "type": "Point", "coordinates": [ 145.0299571, -37.7993723 ] } },
{ "type": "Feature", "properties": { "name": "Doncaster Early Learning Child Care", "lat": -37.7818166, "lng": 145.1321687 }, "geometry": { "type": "Point", "coordinates": [ 145.1321687, -37.7818166 ] } },
{ "type": "Feature", "properties": { "name": "TeamKids - Kew Primary", "lat": -37.7997176, "lng": 145.0339802 }, "geometry": { "type": "Point", "coordinates": [ 145.0339802, -37.7997176 ] } },
{ "type": "Feature", "properties": { "name": "Gold Street Child Care Centre", "lat": -37.7969711, "lng": 144.9897259 }, "geometry": { "type": "Point", "coordinates": [ 144.9897259, -37.7969711 ] } },
{ "type": "Feature", "properties": { "name": "St Mary's Outside School Hours Care, Ascot Vale", "lat": -37.7740877, "lng": 144.9110356 }, "geometry": { "type": "Point", "coordinates": [ 144.9110356, -37.7740877 ] } },
{ "type": "Feature", "properties": { "name": "St Mary's Outside School Hours Care, Ascot Vale", "lat": -37.7740877, "lng": 144.9110356 }, "geometry": { "type": "Point", "coordinates": [ 144.9110356, -37.7740877 ] } },
{ "type": "Feature", "properties": { "name": "Story House Early Learning Kew", "lat": -37.798917, "lng": 145.057087 }, "geometry": { "type": "Point", "coordinates": [ 145.057087, -37.798917 ] } },
{ "type": "Feature", "properties": { "name": "Gold Street Children's Centre - Keele Street Campus", "lat": -37.7978461, "lng": 144.9927437 }, "geometry": { "type": "Point", "coordinates": [ 144.9927437, -37.7978461 ] } },
{ "type": "Feature", "properties": { "name": "Busy Bees at Doncaster East", "lat": -37.7626494, "lng": 145.1746024 }, "geometry": { "type": "Point", "coordinates": [ 145.1746024, -37.7626494 ] } },
{ "type": "Feature", "properties": { "name": "St Brendan's Kindergarten", "lat": -37.7839352, "lng": 144.9330982 }, "geometry": { "type": "Point", "coordinates": [ 144.9330982, -37.7839352 ] } },
{ "type": "Feature", "properties": { "name": "Creative Play Early Learning Centre Doncaster", "lat": -37.7881711, "lng": 145.1169178 }, "geometry": { "type": "Point", "coordinates": [ 145.1169178, -37.7881711 ] } },
{ "type": "Feature", "properties": { "name": "Camp Australia - Keilor Primary School OSHC", "lat": -37.7187281, "lng": 144.8343336 }, "geometry": { "type": "Point", "coordinates": [ 144.8343336, -37.7187281 ] } },
{ "type": "Feature", "properties": { "name": "SchoolsOUT! Our lady of the way", "lat": -37.424124, "lng": 144.9994472 }, "geometry": { "type": "Point", "coordinates": [ 144.9994472, -37.424124 ] } },
{ "type": "Feature", "properties": { "name": "Upper Plenty PS TheirCare", "lat": -37.4235414, "lng": 145.0576392 }, "geometry": { "type": "Point", "coordinates": [ 145.0576392, -37.4235414 ] } },
{ "type": "Feature", "properties": { "name": "Kids Learning Family Day Care", "lat": -37.7787743, "lng": 144.918939 }, "geometry": { "type": "Point", "coordinates": [ 144.918939, -37.7787743 ] } },
{ "type": "Feature", "properties": { "name": "Peppercorn Early Learning Centre", "lat": -37.8009903, "lng": 145.0303043 }, "geometry": { "type": "Point", "coordinates": [ 145.0303043, -37.8009903 ] } },
{ "type": "Feature", "properties": { "name": "Belford Oaks Community Children's Centre", "lat": -37.8006249, "lng": 145.0459826 }, "geometry": { "type": "Point", "coordinates": [ 145.0459826, -37.8006249 ] } },
{ "type": "Feature", "properties": { "name": "Fitzroy Early Learning Centre", "lat": -37.795912, "lng": 144.975504 }, "geometry": { "type": "Point", "coordinates": [ 144.975504, -37.795912 ] } },
{ "type": "Feature", "properties": { "name": "Keilor Village Preschool", "lat": -37.7191111, "lng": 144.8339816 }, "geometry": { "type": "Point", "coordinates": [ 144.8339816, -37.7191111 ] } },
{ "type": "Feature", "properties": { "name": "Wingate Avenue Childrens Co-op", "lat": -37.7793594, "lng": 144.9194098 }, "geometry": { "type": "Point", "coordinates": [ 144.9194098, -37.7793594 ] } },
{ "type": "Feature", "properties": { "name": "Kids Play Family Day Care Service", "lat": -37.7946124, "lng": 144.968333 }, "geometry": { "type": "Point", "coordinates": [ 144.968333, -37.7946124 ] } },
{ "type": "Feature", "properties": { "name": "Wingate Avenue Community Centre", "lat": -37.77949583, "lng": 144.9194636 }, "geometry": { "type": "Point", "coordinates": [ 144.9194636, -37.77949583 ] } },
{ "type": "Feature", "properties": { "name": "Tommaso Fiaschi Child Care Centre", "lat": -37.796084, "lng": 144.9740019 }, "geometry": { "type": "Point", "coordinates": [ 144.9740019, -37.796084 ] } },
{ "type": "Feature", "properties": { "name": "St Peter's Keilor East CommunityOSH", "lat": -37.7445472, "lng": 144.859722 }, "geometry": { "type": "Point", "coordinates": [ 144.859722, -37.7445472 ] } },
{ "type": "Feature", "properties": { "name": "Balwyn North PS TheirCare", "lat": -37.7982936, "lng": 145.0769811 }, "geometry": { "type": "Point", "coordinates": [ 145.0769811, -37.7982936 ] } },
{ "type": "Feature", "properties": { "name": "Debney Meadows PS OSHC", "lat": -37.7859425, "lng": 144.9353151 }, "geometry": { "type": "Point", "coordinates": [ 144.9353151, -37.7859425 ] } },
{ "type": "Feature", "properties": { "name": "St Brendan's OSHC Flemington", "lat": -37.784707, "lng": 144.9316648 }, "geometry": { "type": "Point", "coordinates": [ 144.9316648, -37.784707 ] } },
{ "type": "Feature", "properties": { "name": "Camp Australia - Carlton Primary School OSHC", "lat": -37.7957449, "lng": 144.9700468 }, "geometry": { "type": "Point", "coordinates": [ 144.9700468, -37.7957449 ] } },
{ "type": "Feature", "properties": { "name": "Kutub Family Day Care Pty Ltd", "lat": -37.7868407, "lng": 144.9370549 }, "geometry": { "type": "Point", "coordinates": [ 144.9370549, -37.7868407 ] } },
{ "type": "Feature", "properties": { "name": "St Margarets OSHC", "lat": -37.7667568, "lng": 144.891671 }, "geometry": { "type": "Point", "coordinates": [ 144.891671, -37.7667568 ] } },
{ "type": "Feature", "properties": { "name": "Gumnut Gully Preschool", "lat": -37.7616503, "lng": 145.1795318 }, "geometry": { "type": "Point", "coordinates": [ 145.1795318, -37.7616503 ] } },
{ "type": "Feature", "properties": { "name": "Treetop Early Learning Ascot Vale Pty Ltd", "lat": -37.778091, "lng": 144.9131746 }, "geometry": { "type": "Point", "coordinates": [ 144.9131746, -37.778091 ] } },
{ "type": "Feature", "properties": { "name": "Gowrie Victoria Carlton Learning Precinct", "lat": -37.7961127, "lng": 144.9693235 }, "geometry": { "type": "Point", "coordinates": [ 144.9693235, -37.7961127 ] } },
{ "type": "Feature", "properties": { "name": "Big Childcare - Overnewton ACC Yirramboi OSHC", "lat": -37.7063198, "lng": 144.8216651 }, "geometry": { "type": "Point", "coordinates": [ 144.8216651, -37.7063198 ] } },
{ "type": "Feature", "properties": { "name": "The University of Melbourne Early Learning Centre", "lat": -37.8013136, "lng": 145.0023195 }, "geometry": { "type": "Point", "coordinates": [ 145.0023195, -37.8013136 ] } },
{ "type": "Feature", "properties": { "name": "Melbourne University Family Club", "lat": -37.7960895, "lng": 144.9659592 }, "geometry": { "type": "Point", "coordinates": [ 144.9659592, -37.7960895 ] } },
{ "type": "Feature", "properties": { "name": "Flemington Child Care Co-operative", "lat": -37.7862781, "lng": 144.9314825 }, "geometry": { "type": "Point", "coordinates": [ 144.9314825, -37.7862781 ] } },
{ "type": "Feature", "properties": { "name": "Doncaster Primary School-VillageOSHC", "lat": -37.7867343, "lng": 145.1296638 }, "geometry": { "type": "Point", "coordinates": [ 145.1296638, -37.7867343 ] } },
{ "type": "Feature", "properties": { "name": "Swanston Street Children's Centre", "lat": -37.7962434, "lng": 144.9649556 }, "geometry": { "type": "Point", "coordinates": [ 144.9649556, -37.7962434 ] } },
{ "type": "Feature", "properties": { "name": "Leapkids Fitzroy Primary", "lat": -37.7995994, "lng": 144.9815058 }, "geometry": { "type": "Point", "coordinates": [ 144.9815058, -37.7995994 ] } },
{ "type": "Feature", "properties": { "name": "Little Sophia Inc", "lat": -37.8020219, "lng": 144.9997712 }, "geometry": { "type": "Point", "coordinates": [ 144.9997712, -37.8020219 ] } },
{ "type": "Feature", "properties": { "name": "Doncaster Gardens Preschool", "lat": -37.7817067, "lng": 145.1442317 }, "geometry": { "type": "Point", "coordinates": [ 145.1442317, -37.7817067 ] } },
{ "type": "Feature", "properties": { "name": "Maribyrnong Kindergarten", "lat": -37.769628, "lng": 144.892564 }, "geometry": { "type": "Point", "coordinates": [ 144.892564, -37.769628 ] } },
{ "type": "Feature", "properties": { "name": "Early Years at MC Square", "lat": -37.7870472, "lng": 145.1312894 }, "geometry": { "type": "Point", "coordinates": [ 145.1312894, -37.7870472 ] } },
{ "type": "Feature", "properties": { "name": "Doncaster Kindergarten", "lat": -37.7870472, "lng": 145.1312894 }, "geometry": { "type": "Point", "coordinates": [ 145.1312894, -37.7870472 ] } },
{ "type": "Feature", "properties": { "name": "Hopetoun Early Years Centre", "lat": -37.7879787, "lng": 144.9337216 }, "geometry": { "type": "Point", "coordinates": [ 144.9337216, -37.7879787 ] } },
{ "type": "Feature", "properties": { "name": "Argyle Road Child Care Centre", "lat": -37.8035454, "lng": 145.0509393 }, "geometry": { "type": "Point", "coordinates": [ 145.0509393, -37.8035454 ] } },
{ "type": "Feature", "properties": { "name": "Ignite Minds Pty Ltd", "lat": -37.8030613, "lng": 145.0047897 }, "geometry": { "type": "Point", "coordinates": [ 145.0047897, -37.8030613 ] } },
{ "type": "Feature", "properties": { "name": "Milleara Gardens Kindergarten", "lat": -37.7469216, "lng": 144.8580308 }, "geometry": { "type": "Point", "coordinates": [ 144.8580308, -37.7469216 ] } },
{ "type": "Feature", "properties": { "name": "J J Mcmahon Memorial Kindergarten", "lat": -37.8036536, "lng": 145.0513832 }, "geometry": { "type": "Point", "coordinates": [ 145.0513832, -37.8036536 ] } },
{ "type": "Feature", "properties": { "name": "Wimble Street Child Care Co-op", "lat": -37.7949531, "lng": 144.9560464 }, "geometry": { "type": "Point", "coordinates": [ 144.9560464, -37.7949531 ] } },
{ "type": "Feature", "properties": { "name": "Warrandyte Kindergarten", "lat": -37.745309, "lng": 145.2072314 }, "geometry": { "type": "Point", "coordinates": [ 145.2072314, -37.745309 ] } },
{ "type": "Feature", "properties": { "name": "Team Holiday - Doncaster", "lat": -37.7934062, "lng": 145.1139429 }, "geometry": { "type": "Point", "coordinates": [ 145.1139429, -37.7934062 ] } },
{ "type": "Feature", "properties": { "name": "Doncaster Gardens PS TheirCare", "lat": -37.7815048, "lng": 145.1479299 }, "geometry": { "type": "Point", "coordinates": [ 145.1479299, -37.7815048 ] } },
{ "type": "Feature", "properties": { "name": "Studley Park Kindergarten", "lat": -37.8050361, "lng": 145.0234371 }, "geometry": { "type": "Point", "coordinates": [ 145.0234371, -37.8050361 ] } },
{ "type": "Feature", "properties": { "name": "Creative Garden Early Learning Wallan", "lat": -37.4227742, "lng": 144.9779636 }, "geometry": { "type": "Point", "coordinates": [ 144.9779636, -37.4227742 ] } },
{ "type": "Feature", "properties": { "name": "Friendly Family Day Care Pty Ltd", "lat": -37.791581, "lng": 144.9408465 }, "geometry": { "type": "Point", "coordinates": [ 144.9408465, -37.791581 ] } },
{ "type": "Feature", "properties": { "name": "St Andrews Primary School Outside School Hours Care", "lat": -37.5996782, "lng": 145.2752997 }, "geometry": { "type": "Point", "coordinates": [ 145.2752997, -37.5996782 ] } },
{ "type": "Feature", "properties": { "name": "Goodstart Early Learning Doncaster East", "lat": -37.7707449, "lng": 145.1710212 }, "geometry": { "type": "Point", "coordinates": [ 145.1710212, -37.7707449 ] } },
{ "type": "Feature", "properties": { "name": "Keilor Gatehouse", "lat": -37.7144127, "lng": 144.8237924 }, "geometry": { "type": "Point", "coordinates": [ 144.8237924, -37.7144127 ] } },
{ "type": "Feature", "properties": { "name": "Goodstart Early Learning North Melbourne", "lat": -37.7935916, "lng": 144.9467233 }, "geometry": { "type": "Point", "coordinates": [ 144.9467233, -37.7935916 ] } },
{ "type": "Feature", "properties": { "name": "Yallabirrang Kindergarten", "lat": -37.8027144, "lng": 144.9904829 }, "geometry": { "type": "Point", "coordinates": [ 144.9904829, -37.8027144 ] } },
{ "type": "Feature", "properties": { "name": "After The Bell Aus- Andale School", "lat": -37.8054796, "lng": 145.0359979 }, "geometry": { "type": "Point", "coordinates": [ 145.0359979, -37.8054796 ] } },
{ "type": "Feature", "properties": { "name": "John Street Community Early Childhood Co-operative", "lat": -37.8005872, "lng": 144.9760273 }, "geometry": { "type": "Point", "coordinates": [ 144.9760273, -37.8005872 ] } },
{ "type": "Feature", "properties": { "name": "Sparkways Early Learning Showgrounds", "lat": -37.7832302, "lng": 144.9168832 }, "geometry": { "type": "Point", "coordinates": [ 144.9168832, -37.7832302 ] } },
{ "type": "Feature", "properties": { "name": "St Michael's PS North Melbourne TheirCare", "lat": -37.7936315, "lng": 144.946242 }, "geometry": { "type": "Point", "coordinates": [ 144.946242, -37.7936315 ] } },
{ "type": "Feature", "properties": { "name": "Goodstart Early Learning Flemington", "lat": -37.7853038, "lng": 144.9217957 }, "geometry": { "type": "Point", "coordinates": [ 144.9217957, -37.7853038 ] } },
{ "type": "Feature", "properties": { "name": "Andersons Creek PS TheirCare", "lat": -37.7489801, "lng": 145.2046123 }, "geometry": { "type": "Point", "coordinates": [ 145.2046123, -37.7489801 ] } },
{ "type": "Feature", "properties": { "name": "Imagine Childcare and Kindergarten Doncaster", "lat": -37.7861617, "lng": 145.1388099 }, "geometry": { "type": "Point", "coordinates": [ 145.1388099, -37.7861617 ] } },
{ "type": "Feature", "properties": { "name": "Royal Children's Hospital Early Learning", "lat": -37.7945295, "lng": 144.9487597 }, "geometry": { "type": "Point", "coordinates": [ 144.9487597, -37.7945295 ] } },
{ "type": "Feature", "properties": { "name": "PLAYHOUSE EARLY EDUCATION AND CARE", "lat": -37.7908834, "lng": 145.1258155 }, "geometry": { "type": "Point", "coordinates": [ 145.1258155, -37.7908834 ] } },
{ "type": "Feature", "properties": { "name": "Holy Trinity Early Learning Centre", "lat": -37.8058675, "lng": 145.0336126 }, "geometry": { "type": "Point", "coordinates": [ 145.0336126, -37.8058675 ] } },
{ "type": "Feature", "properties": { "name": "Bambini Early Learning Centre RCH", "lat": -37.7949609, "lng": 144.9497837 }, "geometry": { "type": "Point", "coordinates": [ 144.9497837, -37.7949609 ] } },
{ "type": "Feature", "properties": { "name": "Xavier College - Burke Hall Early Years Centre", "lat": -37.8054092, "lng": 145.0118781 }, "geometry": { "type": "Point", "coordinates": [ 145.0118781, -37.8054092 ] } },
{ "type": "Feature", "properties": { "name": "Deepdene Preschool", "lat": -37.8017958, "lng": 145.0841418 }, "geometry": { "type": "Point", "coordinates": [ 145.0841418, -37.8017958 ] } },
{ "type": "Feature", "properties": { "name": "Big Childcare - St Augustine's PS OSHC", "lat": -37.710054, "lng": 144.8190607 }, "geometry": { "type": "Point", "coordinates": [ 144.8190607, -37.710054 ] } },
{ "type": "Feature", "properties": { "name": "Kids Academy Kensington", "lat": -37.791201, "lng": 144.9353997 }, "geometry": { "type": "Point", "coordinates": [ 144.9353997, -37.791201 ] } },
{ "type": "Feature", "properties": { "name": "Warrandyte Primary School", "lat": -37.7425434, "lng": 145.2138636 }, "geometry": { "type": "Point", "coordinates": [ 145.2138636, -37.7425434 ] } },
{ "type": "Feature", "properties": { "name": "Mykidz Early Learning Centre", "lat": -37.7811146, "lng": 145.1536683 }, "geometry": { "type": "Point", "coordinates": [ 145.1536683, -37.7811146 ] } },
{ "type": "Feature", "properties": { "name": "Rupert Street Uniting Early Learning", "lat": -37.8040929, "lng": 144.9893283 }, "geometry": { "type": "Point", "coordinates": [ 144.9893283, -37.8040929 ] } },
{ "type": "Feature", "properties": { "name": "Guardian Childcare & Education Lemon Tree", "lat": -37.8007685, "lng": 144.9694856 }, "geometry": { "type": "Point", "coordinates": [ 144.9694856, -37.8007685 ] } },
{ "type": "Feature", "properties": { "name": "TeamKids - Milgate Primary", "lat": -37.7728669, "lng": 145.1707184 }, "geometry": { "type": "Point", "coordinates": [ 145.1707184, -37.7728669 ] } },
{ "type": "Feature", "properties": { "name": "Acacia Fitzroy Creche", "lat": -37.802763, "lng": 144.9796418 }, "geometry": { "type": "Point", "coordinates": [ 144.9796418, -37.802763 ] } },
{ "type": "Feature", "properties": { "name": "Aurora Early Education Doncaster", "lat": -37.7880952, "lng": 145.1379714 }, "geometry": { "type": "Point", "coordinates": [ 145.1379714, -37.7880952 ] } },
{ "type": "Feature", "properties": { "name": "CARECREST FAMILY DAY CARE", "lat": -37.781236, "lng": 145.1545675 }, "geometry": { "type": "Point", "coordinates": [ 145.1545675, -37.781236 ] } },
{ "type": "Feature", "properties": { "name": "Professor Lynn Corcoran Early Learning Centre: FROEBEL Parkville", "lat": -37.7980864, "lng": 144.9559548 }, "geometry": { "type": "Point", "coordinates": [ 144.9559548, -37.7980864 ] } },
{ "type": "Feature", "properties": { "name": "FROEBEL Carlton Early Learning Centre", "lat": -37.8000784, "lng": 144.9643884 }, "geometry": { "type": "Point", "coordinates": [ 144.9643884, -37.8000784 ] } },
{ "type": "Feature", "properties": { "name": "Connie Benn Early Learning Centre", "lat": -37.8027456, "lng": 144.9779065 }, "geometry": { "type": "Point", "coordinates": [ 144.9779065, -37.8027456 ] } },
{ "type": "Feature", "properties": { "name": "Little Assets Kew Early Learning Centre", "lat": -37.8074352, "lng": 145.0380118 }, "geometry": { "type": "Point", "coordinates": [ 145.0380118, -37.8074352 ] } },
{ "type": "Feature", "properties": { "name": "Greythorn PS TheirCare", "lat": -37.8012094, "lng": 145.0950955 }, "geometry": { "type": "Point", "coordinates": [ 145.0950955, -37.8012094 ] } },
{ "type": "Feature", "properties": { "name": "Sacred Heart OSHC Kew", "lat": -37.8079831, "lng": 145.0369942 }, "geometry": { "type": "Point", "coordinates": [ 145.0369942, -37.8079831 ] } },
{ "type": "Feature", "properties": { "name": "Balwyn East Kindergarten", "lat": -37.803579, "lng": 145.0838178 }, "geometry": { "type": "Point", "coordinates": [ 145.0838178, -37.803579 ] } },
{ "type": "Feature", "properties": { "name": "Camp Australia - Ascot Vale West Primary School OSHC", "lat": -37.7823397, "lng": 144.9085541 }, "geometry": { "type": "Point", "coordinates": [ 144.9085541, -37.7823397 ] } },
{ "type": "Feature", "properties": { "name": "Carlton Gardens OSHClub", "lat": -37.8019731, "lng": 144.9694652 }, "geometry": { "type": "Point", "coordinates": [ 144.9694652, -37.8019731 ] } },
{ "type": "Feature", "properties": { "name": "Boroondara Sports Complex Vacation Care Program", "lat": -37.8032767, "lng": 145.0864474 }, "geometry": { "type": "Point", "coordinates": [ 145.0864474, -37.8032767 ] } },
{ "type": "Feature", "properties": { "name": "Ascot Vale Progress Kindergarten", "lat": -37.780715, "lng": 144.904608 }, "geometry": { "type": "Point", "coordinates": [ 144.904608, -37.780715 ] } },
{ "type": "Feature", "properties": { "name": "Wallan Secondary College Kindergarten", "lat": -37.4191551, "lng": 144.9806365 }, "geometry": { "type": "Point", "coordinates": [ 144.9806365, -37.4191551 ] } },
{ "type": "Feature", "properties": { "name": "Atherton Gardens Kindergarten", "lat": -37.8042263, "lng": 144.9793425 }, "geometry": { "type": "Point", "coordinates": [ 144.9793425, -37.8042263 ] } },
{ "type": "Feature", "properties": { "name": "East West Childcare", "lat": -37.8046795, "lng": 144.9810403 }, "geometry": { "type": "Point", "coordinates": [ 144.9810403, -37.8046795 ] } },
{ "type": "Feature", "properties": { "name": "St Catherine's Early Education Centre", "lat": -37.7964223, "lng": 144.9441047 }, "geometry": { "type": "Point", "coordinates": [ 144.9441047, -37.7964223 ] } },
{ "type": "Feature", "properties": { "name": "Friend Street Kindergarten", "lat": -37.7999898, "lng": 145.1055187 }, "geometry": { "type": "Point", "coordinates": [ 145.1055187, -37.7999898 ] } },
{ "type": "Feature", "properties": { "name": "Only About Children Balwyn North", "lat": -37.8017977, "lng": 145.0978011 }, "geometry": { "type": "Point", "coordinates": [ 145.0978011, -37.8017977 ] } },
{ "type": "Feature", "properties": { "name": "Errol Street North Melbourne Primary Outside School Hours Care", "lat": -37.7985969, "lng": 144.951245 }, "geometry": { "type": "Point", "coordinates": [ 144.951245, -37.7985969 ] } },
{ "type": "Feature", "properties": { "name": "Deepdene ELC", "lat": -37.8076546, "lng": 145.0614827 }, "geometry": { "type": "Point", "coordinates": [ 145.0614827, -37.8076546 ] } },
{ "type": "Feature", "properties": { "name": "Only About Children Highpoint", "lat": -37.7739928, "lng": 144.8891205 }, "geometry": { "type": "Point", "coordinates": [ 144.8891205, -37.7739928 ] } },
{ "type": "Feature", "properties": { "name": "GOLDEN WATTLE FAMILY DAY CARE PTY LTD", "lat": -37.8045074, "lng": 144.9779159 }, "geometry": { "type": "Point", "coordinates": [ 144.9779159, -37.8045074 ] } },
{ "type": "Feature", "properties": { "name": "Molesworth Street Kindergarten @ North Melbourne Primary School", "lat": -37.7977223, "lng": 144.9476511 }, "geometry": { "type": "Point", "coordinates": [ 144.9476511, -37.7977223 ] } },
{ "type": "Feature", "properties": { "name": "North Melbourne Primary School - Molesworth Street Campus", "lat": -37.7977223, "lng": 144.9476511 }, "geometry": { "type": "Point", "coordinates": [ 144.9476511, -37.7977223 ] } },
{ "type": "Feature", "properties": { "name": "TeamKids - Kensington Primary", "lat": -37.7917556, "lng": 144.9276991 }, "geometry": { "type": "Point", "coordinates": [ 144.9276991, -37.7917556 ] } },
{ "type": "Feature", "properties": { "name": "Yongala Kindergarten", "lat": -37.8061359, "lng": 145.0776153 }, "geometry": { "type": "Point", "coordinates": [ 145.0776153, -37.8061359 ] } },
{ "type": "Feature", "properties": { "name": "Collingwood College TheirCare", "lat": -37.807071, "lng": 144.9908729 }, "geometry": { "type": "Point", "coordinates": [ 144.9908729, -37.807071 ] } },
{ "type": "Feature", "properties": { "name": "Quality Kids", "lat": -37.4188658, "lng": 144.9743729 }, "geometry": { "type": "Point", "coordinates": [ 144.9743729, -37.4188658 ] } },
{ "type": "Feature", "properties": { "name": "Genazzano FCJ College", "lat": -37.8087014, "lng": 145.0558839 }, "geometry": { "type": "Point", "coordinates": [ 145.0558839, -37.8087014 ] } },
{ "type": "Feature", "properties": { "name": "Camp Australia - Genazzano Girls School OSHC", "lat": -37.8087014, "lng": 145.0558839 }, "geometry": { "type": "Point", "coordinates": [ 145.0558839, -37.8087014 ] } },
{ "type": "Feature", "properties": { "name": "TeamKids - Trinity Grammar", "lat": -37.8098467, "lng": 145.0354329 }, "geometry": { "type": "Point", "coordinates": [ 145.0354329, -37.8098467 ] } },
{ "type": "Feature", "properties": { "name": "Trinity Grammar School Kindergarten", "lat": -37.8098467, "lng": 145.0354329 }, "geometry": { "type": "Point", "coordinates": [ 145.0354329, -37.8098467 ] } },
{ "type": "Feature", "properties": { "name": "Rhonda Davis Kindergarten", "lat": -37.7549682, "lng": 144.8581461 }, "geometry": { "type": "Point", "coordinates": [ 144.8581461, -37.7549682 ] } },
{ "type": "Feature", "properties": { "name": "Bambini Milgate ELC", "lat": -37.774942, "lng": 145.1748827 }, "geometry": { "type": "Point", "coordinates": [ 145.1748827, -37.774942 ] } },
{ "type": "Feature", "properties": { "name": "Lady Huntingfield Early Learning & Family Services Centre", "lat": -37.7985004, "lng": 144.9449507 }, "geometry": { "type": "Point", "coordinates": [ 144.9449507, -37.7985004 ] } },
{ "type": "Feature", "properties": { "name": "Genius Learning Mont Albert", "lat": -37.80106, "lng": 145.1086959 }, "geometry": { "type": "Point", "coordinates": [ 145.1086959, -37.80106 ] } },
{ "type": "Feature", "properties": { "name": "Community OSHC Services St Martin de Porres", "lat": -37.758164, "lng": 144.860954 }, "geometry": { "type": "Point", "coordinates": [ 144.860954, -37.758164 ] } },
{ "type": "Feature", "properties": { "name": "Camp Australia - Abbotsford Primary School OSHC", "lat": -37.8092512, "lng": 144.9985311 }, "geometry": { "type": "Point", "coordinates": [ 144.9985311, -37.8092512 ] } },
{ "type": "Feature", "properties": { "name": "Davis Street Kindergarten", "lat": -37.8105213, "lng": 145.0470459 }, "geometry": { "type": "Point", "coordinates": [ 145.0470459, -37.8105213 ] } },
{ "type": "Feature", "properties": { "name": "Deepdene Primary School OSHClub", "lat": -37.8096331, "lng": 145.0608322 }, "geometry": { "type": "Point", "coordinates": [ 145.0608322, -37.8096331 ] } },
{ "type": "Feature", "properties": { "name": "Minifie Park Early Childhood Centre", "lat": -37.8043718, "lng": 145.096336 }, "geometry": { "type": "Point", "coordinates": [ 145.096336, -37.8043718 ] } },
{ "type": "Feature", "properties": { "name": "Maribyrnong River Children's Centre", "lat": -37.7723312, "lng": 144.8816447 }, "geometry": { "type": "Point", "coordinates": [ 144.8816447, -37.7723312 ] } },
{ "type": "Feature", "properties": { "name": "Guardian Childcare & Education Abbotsford", "lat": -37.8103818, "lng": 145.0070149 }, "geometry": { "type": "Point", "coordinates": [ 145.0070149, -37.8103818 ] } },
{ "type": "Feature", "properties": { "name": "Leichhardt Little Stars Nursery and Early Learning Centre", "lat": -33.8826174, "lng": 151.157593 }, "geometry": { "type": "Point", "coordinates": [ 151.157593, -33.8826174 ] } },
{ "type": "Feature", "properties": { "name": "Whoosh Care Leichhardt", "lat": -33.8777766, "lng": 151.1524723 }, "geometry": { "type": "Point", "coordinates": [ 151.1524723, -33.8777766 ] } },
{ "type": "Feature", "properties": { "name": "Only About Children Leichhardt Elswick Street", "lat": -33.8777766, "lng": 151.1524723 }, "geometry": { "type": "Point", "coordinates": [ 151.1524723, -33.8777766 ] } },
{ "type": "Feature", "properties": { "name": "Jenny's Kindergarten & Early Learning Centre - Leichhardt", "lat": -33.8828473, "lng": 151.1588826 }, "geometry": { "type": "Point", "coordinates": [ 151.1588826, -33.8828473 ] } },
{ "type": "Feature", "properties": { "name": "Whoosh Care Leichhardt Town Hall", "lat": -33.8834633, "lng": 151.1575195 }, "geometry": { "type": "Point", "coordinates": [ 151.1575195, -33.8834633 ] } },
{ "type": "Feature", "properties": { "name": "Only About Children Leichhardt Marion Street", "lat": -33.8840143, "lng": 151.1565689 }, "geometry": { "type": "Point", "coordinates": [ 151.1565689, -33.8840143 ] } },
{ "type": "Feature", "properties": { "name": "Leichhardt OOSH", "lat": -33.8842772, "lng": 151.158136 }, "geometry": { "type": "Point", "coordinates": [ 151.158136, -33.8842772 ] } },
{ "type": "Feature", "properties": { "name": "Leichhardt Early Learning Centre", "lat": -33.8836035, "lng": 151.1600511 }, "geometry": { "type": "Point", "coordinates": [ 151.1600511, -33.8836035 ] } },
{ "type": "Feature", "properties": { "name": "Explore and Develop Lilyfield", "lat": -33.8742741, "lng": 151.1556585 }, "geometry": { "type": "Point", "coordinates": [ 151.1556585, -33.8742741 ] } },
{ "type": "Feature", "properties": { "name": "Mini Masterminds Leichhardt", "lat": -33.8842143, "lng": 151.1600966 }, "geometry": { "type": "Point", "coordinates": [ 151.1600966, -33.8842143 ] } },
{ "type": "Feature", "properties": { "name": "My Stepping Stones Leichhardt", "lat": -33.8787012, "lng": 151.1629188 }, "geometry": { "type": "Point", "coordinates": [ 151.1629188, -33.8787012 ] } },
{ "type": "Feature", "properties": { "name": "Leichhardt Montessori Academy", "lat": -33.8854113, "lng": 151.1576613 }, "geometry": { "type": "Point", "coordinates": [ 151.1576613, -33.8854113 ] } },
{ "type": "Feature", "properties": { "name": "Rose Cottage Childcare", "lat": -33.8828961, "lng": 151.1622132 }, "geometry": { "type": "Point", "coordinates": [ 151.1622132, -33.8828961 ] } },
{ "type": "Feature", "properties": { "name": "Styles Street Children's Community Long Day Care Centre", "lat": -33.8835121, "lng": 151.1621222 }, "geometry": { "type": "Point", "coordinates": [ 151.1621222, -33.8835121 ] } },
{ "type": "Feature", "properties": { "name": "Guardian Childcare & Education Lilyfield", "lat": -33.8745213, "lng": 151.1519261 }, "geometry": { "type": "Point", "coordinates": [ 151.1519261, -33.8745213 ] } },
{ "type": "Feature", "properties": { "name": "Only About Children Leichhardt", "lat": -33.8859319, "lng": 151.1579799 }, "geometry": { "type": "Point", "coordinates": [ 151.1579799, -33.8859319 ] } },
{ "type": "Feature", "properties": { "name": "St Fiacre's OOSH", "lat": -33.8845672, "lng": 151.1613769 }, "geometry": { "type": "Point", "coordinates": [ 151.1613769, -33.8845672 ] } },
{ "type": "Feature", "properties": { "name": "FDC UNITED EDUCATORS SCHEME", "lat": -33.8834979, "lng": 151.149764 }, "geometry": { "type": "Point", "coordinates": [ 151.149764, -33.8834979 ] } },
{ "type": "Feature", "properties": { "name": "Little Ark Preschool", "lat": -33.8864432, "lng": 151.1553626 }, "geometry": { "type": "Point", "coordinates": [ 151.1553626, -33.8864432 ] } },
{ "type": "Feature", "properties": { "name": "Emmerick Street Community Pre-School", "lat": -33.8729158, "lng": 151.1577751 }, "geometry": { "type": "Point", "coordinates": [ 151.1577751, -33.8729158 ] } },
{ "type": "Feature", "properties": { "name": "TeamKids - Orange Grove Public School", "lat": -33.8723508, "lng": 151.1587728 }, "geometry": { "type": "Point", "coordinates": [ 151.1587728, -33.8723508 ] } },
{ "type": "Feature", "properties": { "name": "Bambini of Lilyfield", "lat": -33.87257, "lng": 151.159538 }, "geometry": { "type": "Point", "coordinates": [ 151.159538, -33.87257 ] } },
{ "type": "Feature", "properties": { "name": "Orange Grove Public School Preschool", "lat": -33.8722957, "lng": 151.1586474 }, "geometry": { "type": "Point", "coordinates": [ 151.1586474, -33.8722957 ] } },
{ "type": "Feature", "properties": { "name": "Explore & Develop Leichhardt", "lat": -33.8871884, "lng": 151.1500599 }, "geometry": { "type": "Point", "coordinates": [ 151.1500599, -33.8871884 ] } },
{ "type": "Feature", "properties": { "name": "Inner West Family Day Care", "lat": -33.8849484, "lng": 151.1473062 }, "geometry": { "type": "Point", "coordinates": [ 151.1473062, -33.8849484 ] } },
{ "type": "Feature", "properties": { "name": "Inner Sydney Montessori - Lilyfield", "lat": -33.8726619, "lng": 151.1627367 }, "geometry": { "type": "Point", "coordinates": [ 151.1627367, -33.8726619 ] } },
{ "type": "Feature", "properties": { "name": "The After School Klub Taverners Hill", "lat": -33.889076, "lng": 151.1570707 }, "geometry": { "type": "Point", "coordinates": [ 151.1570707, -33.889076 ] } },
{ "type": "Feature", "properties": { "name": "Kindy4Kids Leichhardt", "lat": -33.8858072, "lng": 151.1473513 }, "geometry": { "type": "Point", "coordinates": [ 151.1473513, -33.8858072 ] } },
{ "type": "Feature", "properties": { "name": "TeamKids - Kegworth Public School", "lat": -33.886426, "lng": 151.1472699 }, "geometry": { "type": "Point", "coordinates": [ 151.1472699, -33.886426 ] } },
{ "type": "Feature", "properties": { "name": "Kegworth Public School Preschool", "lat": -33.886426, "lng": 151.1472699 }, "geometry": { "type": "Point", "coordinates": [ 151.1472699, -33.886426 ] } },
{ "type": "Feature", "properties": { "name": "Leichhardt Park Early Learning Centre", "lat": -33.8695853, "lng": 151.1535647 }, "geometry": { "type": "Point", "coordinates": [ 151.1535647, -33.8695853 ] } },
{ "type": "Feature", "properties": { "name": "Annandale After School Centre Inc.", "lat": -33.8856396, "lng": 151.1689826 }, "geometry": { "type": "Point", "coordinates": [ 151.1689826, -33.8856396 ] } },
{ "type": "Feature", "properties": { "name": "Annandale Public School Preschool", "lat": -33.8856396, "lng": 151.1689826 }, "geometry": { "type": "Point", "coordinates": [ 151.1689826, -33.8856396 ] } },
{ "type": "Feature", "properties": { "name": "Whoosh Care Annandale Community Centre", "lat": -33.8828496, "lng": 151.1704981 }, "geometry": { "type": "Point", "coordinates": [ 151.1704981, -33.8828496 ] } },
{ "type": "Feature", "properties": { "name": "Lilyfield Early Learning Centre", "lat": -33.8699561, "lng": 151.165112 }, "geometry": { "type": "Point", "coordinates": [ 151.165112, -33.8699561 ] } },
{ "type": "Feature", "properties": { "name": "Petersham Early Childhood Education Centre", "lat": -33.8921412, "lng": 151.1569468 }, "geometry": { "type": "Point", "coordinates": [ 151.1569468, -33.8921412 ] } },
{ "type": "Feature", "properties": { "name": "SCECS OSHC St Brendan's Annandale", "lat": -33.8842881, "lng": 151.1709022 }, "geometry": { "type": "Point", "coordinates": [ 151.1709022, -33.8842881 ] } },
{ "type": "Feature", "properties": { "name": "KU Petersham Preschool", "lat": -33.8924486, "lng": 151.1518123 }, "geometry": { "type": "Point", "coordinates": [ 151.1518123, -33.8924486 ] } },
{ "type": "Feature", "properties": { "name": "Annandale North Out of School Hours Care Association", "lat": -33.8781224, "lng": 151.1719679 }, "geometry": { "type": "Point", "coordinates": [ 151.1719679, -33.8781224 ] } },
{ "type": "Feature", "properties": { "name": "Annandale Early Learning Centre", "lat": -33.8847596, "lng": 151.1714086 }, "geometry": { "type": "Point", "coordinates": [ 151.1714086, -33.8847596 ] } },
{ "type": "Feature", "properties": { "name": "Whoosh Care St Joan of Arc Haberfield", "lat": -33.8790279, "lng": 151.1394738 }, "geometry": { "type": "Point", "coordinates": [ 151.1394738, -33.8790279 ] } },
{ "type": "Feature", "properties": { "name": "Dobroyd Point OSHC", "lat": -33.874698, "lng": 151.1403919 }, "geometry": { "type": "Point", "coordinates": [ 151.1403919, -33.874698 ] } },
{ "type": "Feature", "properties": { "name": "SCECS OSHC St Michael's Stanmore", "lat": -33.8922847, "lng": 151.1648724 }, "geometry": { "type": "Point", "coordinates": [ 151.1648724, -33.8922847 ] } },
{ "type": "Feature", "properties": { "name": "Only About Children Haberfield", "lat": -33.8802017, "lng": 151.1382488 }, "geometry": { "type": "Point", "coordinates": [ 151.1382488, -33.8802017 ] } },
{ "type": "Feature", "properties": { "name": "Uniting Ella Early Learning Haberfield", "lat": -33.8804877, "lng": 151.1380781 }, "geometry": { "type": "Point", "coordinates": [ 151.1380781, -33.8804877 ] } },
{ "type": "Feature", "properties": { "name": "Rozelle Child Care Centre", "lat": -33.8667476, "lng": 151.1657107 }, "geometry": { "type": "Point", "coordinates": [ 151.1657107, -33.8667476 ] } },
{ "type": "Feature", "properties": { "name": "Young Minds Academy - Haberfield", "lat": -33.8786836, "lng": 151.1377861 }, "geometry": { "type": "Point", "coordinates": [ 151.1377861, -33.8786836 ] } },
{ "type": "Feature", "properties": { "name": "Explore And Develop Annandale", "lat": -33.883129, "lng": 151.1746772 }, "geometry": { "type": "Point", "coordinates": [ 151.1746772, -33.883129 ] } },
{ "type": "Feature", "properties": { "name": "Jenny's Kindergarten - Stanmore", "lat": -33.8906851, "lng": 151.1705067 }, "geometry": { "type": "Point", "coordinates": [ 151.1705067, -33.8906851 ] } },
{ "type": "Feature", "properties": { "name": "Stanmore Kindergarten", "lat": -33.891493, "lng": 151.1700351 }, "geometry": { "type": "Point", "coordinates": [ 151.1700351, -33.891493 ] } },
{ "type": "Feature", "properties": { "name": "The Crescent Early Learning", "lat": -33.8755086, "lng": 151.175316 }, "geometry": { "type": "Point", "coordinates": [ 151.175316, -33.8755086 ] } },
{ "type": "Feature", "properties": { "name": "Petersham Activities Centre for Children", "lat": -33.8956385, "lng": 151.1505378 }, "geometry": { "type": "Point", "coordinates": [ 151.1505378, -33.8956385 ] } },
{ "type": "Feature", "properties": { "name": "Goodstart Early Learning Haberfield", "lat": -33.8820592, "lng": 151.1362917 }, "geometry": { "type": "Point", "coordinates": [ 151.1362917, -33.8820592 ] } },
{ "type": "Feature", "properties": { "name": "Guardian Childcare & Education Camperdown", "lat": -33.8882391, "lng": 151.1737758 }, "geometry": { "type": "Point", "coordinates": [ 151.1737758, -33.8882391 ] } },
{ "type": "Feature", "properties": { "name": "The After School Klub -  Stanmore", "lat": -33.8953726, "lng": 151.1645768 }, "geometry": { "type": "Point", "coordinates": [ 151.1645768, -33.8953726 ] } },
{ "type": "Feature", "properties": { "name": "Newington Early Learning Centre", "lat": -33.8947103, "lng": 151.1660425 }, "geometry": { "type": "Point", "coordinates": [ 151.1660425, -33.8947103 ] } },
{ "type": "Feature", "properties": { "name": "Rise and Shine Kindergarten - Summer Hill", "lat": -33.8928081, "lng": 151.142639 }, "geometry": { "type": "Point", "coordinates": [ 151.142639, -33.8928081 ] } },
{ "type": "Feature", "properties": { "name": "NSW In Home Care for Early Childhood", "lat": -33.8900296, "lng": 151.139478 }, "geometry": { "type": "Point", "coordinates": [ 151.139478, -33.8900296 ] } },
{ "type": "Feature", "properties": { "name": "Rural Horizons Family Day Care", "lat": -33.8900947, "lng": 151.1393785 }, "geometry": { "type": "Point", "coordinates": [ 151.1393785, -33.8900947 ] } },
{ "type": "Feature", "properties": { "name": "Lithgow and Blue Mountains Family Day Care", "lat": -33.8900947, "lng": 151.1393785 }, "geometry": { "type": "Point", "coordinates": [ 151.1393785, -33.8900947 ] } },
{ "type": "Feature", "properties": { "name": "Greek Orthodox Community of NSW Child Care Centre", "lat": -33.8967125, "lng": 151.1609387 }, "geometry": { "type": "Point", "coordinates": [ 151.1609387, -33.8967125 ] } },
{ "type": "Feature", "properties": { "name": "Cavendish St Early Learning Centre", "lat": -33.8962465, "lng": 151.1641251 }, "geometry": { "type": "Point", "coordinates": [ 151.1641251, -33.8962465 ] } },
{ "type": "Feature", "properties": { "name": "Haberfield OSHC Centre", "lat": -33.8790565, "lng": 151.1345498 }, "geometry": { "type": "Point", "coordinates": [ 151.1345498, -33.8790565 ] } },
{ "type": "Feature", "properties": { "name": "Rise Early Learning Camperdown", "lat": -33.8898306, "lng": 151.1742993 }, "geometry": { "type": "Point", "coordinates": [ 151.1742993, -33.8898306 ] } },
{ "type": "Feature", "properties": { "name": "Camperdown Sunshine Kids", "lat": -33.889397, "lng": 151.1748884 }, "geometry": { "type": "Point", "coordinates": [ 151.1748884, -33.889397 ] } },
{ "type": "Feature", "properties": { "name": "Learn & Laugh", "lat": -33.8949687, "lng": 151.1433702 }, "geometry": { "type": "Point", "coordinates": [ 151.1433702, -33.8949687 ] } },
{ "type": "Feature", "properties": { "name": "Hilda Booler Kindergarten", "lat": -33.8741155, "lng": 151.1774632 }, "geometry": { "type": "Point", "coordinates": [ 151.1774632, -33.8741155 ] } },
{ "type": "Feature", "properties": { "name": "LITTLE ZAKS ACADEMY ROZELLE", "lat": -33.8641977, "lng": 151.1684087 }, "geometry": { "type": "Point", "coordinates": [ 151.1684087, -33.8641977 ] } },
{ "type": "Feature", "properties": { "name": "Rise & Shine Kindergarten - Haberfield", "lat": -33.8817464, "lng": 151.1332652 }, "geometry": { "type": "Point", "coordinates": [ 151.1332652, -33.8817464 ] } },
{ "type": "Feature", "properties": { "name": "Newington Stanmore CommunityOSH", "lat": -33.8980016, "lng": 151.1631472 }, "geometry": { "type": "Point", "coordinates": [ 151.1631472, -33.8980016 ] } },
{ "type": "Feature", "properties": { "name": "3Bridges Community Lewisham", "lat": -33.8977687, "lng": 151.1459834 }, "geometry": { "type": "Point", "coordinates": [ 151.1459834, -33.8977687 ] } },
{ "type": "Feature", "properties": { "name": "St Thomas ELC", "lat": -33.8636663, "lng": 151.1704004 }, "geometry": { "type": "Point", "coordinates": [ 151.1704004, -33.8636663 ] } },
{ "type": "Feature", "properties": { "name": "Rosebud Cottage", "lat": -33.8669672, "lng": 151.1748911 }, "geometry": { "type": "Point", "coordinates": [ 151.1748911, -33.8669672 ] } },
{ "type": "Feature", "properties": { "name": "Rozelle OSHCLUB", "lat": -33.8627763, "lng": 151.1694966 }, "geometry": { "type": "Point", "coordinates": [ 151.1694966, -33.8627763 ] } },
{ "type": "Feature", "properties": { "name": "Share Before and After School and Vacation Care", "lat": -33.8910241, "lng": 151.1358139 }, "geometry": { "type": "Point", "coordinates": [ 151.1358139, -33.8910241 ] } },
{ "type": "Feature", "properties": { "name": "Rozelle Public School Preschool", "lat": -33.8629688, "lng": 151.1702211 }, "geometry": { "type": "Point", "coordinates": [ 151.1702211, -33.8629688 ] } },
{ "type": "Feature", "properties": { "name": "Active Kids Pre School Centre of Excellence Pty Ltd (Newtown)", "lat": -33.8953022, "lng": 151.1721685 }, "geometry": { "type": "Point", "coordinates": [ 151.1721685, -33.8953022 ] } },
{ "type": "Feature", "properties": { "name": "Kindikids Early Learning Centre Five Dock", "lat": -33.872223, "lng": 151.1327493 }, "geometry": { "type": "Point", "coordinates": [ 151.1327493, -33.872223 ] } },
{ "type": "Feature", "properties": { "name": "Summer Hill Children's Centre", "lat": -33.8932803, "lng": 151.1367874 }, "geometry": { "type": "Point", "coordinates": [ 151.1367874, -33.8932803 ] } },
{ "type": "Feature", "properties": { "name": "Camperdown Child Care and Pre-School", "lat": -33.8867087, "lng": 151.1800809 }, "geometry": { "type": "Point", "coordinates": [ 151.1800809, -33.8867087 ] } },
{ "type": "Feature", "properties": { "name": "Globe Preschool", "lat": -33.9007021, "lng": 151.1543565 }, "geometry": { "type": "Point", "coordinates": [ 151.1543565, -33.9007021 ] } },
{ "type": "Feature", "properties": { "name": "FLASCA", "lat": -33.8821476, "lng": 151.1815787 }, "geometry": { "type": "Point", "coordinates": [ 151.1815787, -33.8821476 ] } },
{ "type": "Feature", "properties": { "name": "Guardian Childcare & Education Balmain Cove", "lat": -33.8605673, "lng": 151.1679006 }, "geometry": { "type": "Point", "coordinates": [ 151.1679006, -33.8605673 ] } },
{ "type": "Feature", "properties": { "name": "KU - Henson Street", "lat": -33.8922281, "lng": 151.1348927 }, "geometry": { "type": "Point", "coordinates": [ 151.1348927, -33.8922281 ] } },
{ "type": "Feature", "properties": { "name": "TeamKids - Wilkins Public School", "lat": -33.9014982, "lng": 151.1558005 }, "geometry": { "type": "Point", "coordinates": [ 151.1558005, -33.9014982 ] } },
{ "type": "Feature", "properties": { "name": "Russell Lea Kids Out of School Hours Care", "lat": -33.8604109, "lng": 151.1424885 }, "geometry": { "type": "Point", "coordinates": [ 151.1424885, -33.8604109 ] } },
{ "type": "Feature", "properties": { "name": "Addison Rd Early Learning Centre", "lat": -33.9022187, "lng": 151.1598576 }, "geometry": { "type": "Point", "coordinates": [ 151.1598576, -33.9022187 ] } },
{ "type": "Feature", "properties": { "name": "The Infants' Home Child & Family Services - Murray House", "lat": -33.8787838, "lng": 151.1284638 }, "geometry": { "type": "Point", "coordinates": [ 151.1284638, -33.8787838 ] } },
{ "type": "Feature", "properties": { "name": "The Infants' Home Child & Family Services - Gorton House", "lat": -33.8787838, "lng": 151.1284638 }, "geometry": { "type": "Point", "coordinates": [ 151.1284638, -33.8787838 ] } },
{ "type": "Feature", "properties": { "name": "The Infants' Home Child & Family Services - Johnson House", "lat": -33.8787838, "lng": 151.1284638 }, "geometry": { "type": "Point", "coordinates": [ 151.1284638, -33.8787838 ] } },
{ "type": "Feature", "properties": { "name": "Family Day Care Sydney Wide", "lat": -33.8787838, "lng": 151.1284638 }, "geometry": { "type": "Point", "coordinates": [ 151.1284638, -33.8787838 ] } },
{ "type": "Feature", "properties": { "name": "Kiddies On First Early Learning Childcare Centre", "lat": -33.8684414, "lng": 151.1319226 }, "geometry": { "type": "Point", "coordinates": [ 151.1319226, -33.8684414 ] } },
{ "type": "Feature", "properties": { "name": "3Bridges Community Summer Hill", "lat": -33.89579, "lng": 151.1361567 }, "geometry": { "type": "Point", "coordinates": [ 151.1361567, -33.89579 ] } },
{ "type": "Feature", "properties": { "name": "Summer Hill Kids Out of School Hours Care", "lat": -33.8938713, "lng": 151.133377 }, "geometry": { "type": "Point", "coordinates": [ 151.133377, -33.8938713 ] } },
{ "type": "Feature", "properties": { "name": "SCECS OSHC St James Glebe", "lat": -33.8796491, "lng": 151.1848133 }, "geometry": { "type": "Point", "coordinates": [ 151.1848133, -33.8796491 ] } },
{ "type": "Feature", "properties": { "name": "St John's Pre- School- Ashfield", "lat": -33.8822433, "lng": 151.1275148 }, "geometry": { "type": "Point", "coordinates": [ 151.1275148, -33.8822433 ] } },
{ "type": "Feature", "properties": { "name": "Kids @ Play Early Learning Centre", "lat": -33.865729, "lng": 151.1328783 }, "geometry": { "type": "Point", "coordinates": [ 151.1328783, -33.865729 ] } },
{ "type": "Feature", "properties": { "name": "Yarrunda Temorah - Australia Street Outside School Hours Care", "lat": -33.8959909, "lng": 151.1774446 }, "geometry": { "type": "Point", "coordinates": [ 151.1774446, -33.8959909 ] } },
{ "type": "Feature", "properties": { "name": "KU - Phoenix Preschool", "lat": -33.8612774, "lng": 151.1745952 }, "geometry": { "type": "Point", "coordinates": [ 151.1745952, -33.8612774 ] } },
{ "type": "Feature", "properties": { "name": "Australia Street Infants School Preschool", "lat": -33.8956124, "lng": 151.1778751 }, "geometry": { "type": "Point", "coordinates": [ 151.1778751, -33.8956124 ] } },
{ "type": "Feature", "properties": { "name": "Gowrie NSW St Mark's Outside School Hours Care", "lat": -33.8557237, "lng": 151.1541553 }, "geometry": { "type": "Point", "coordinates": [ 151.1541553, -33.8557237 ] } },
{ "type": "Feature", "properties": { "name": "Ashfield Early Learning Centre", "lat": -33.891687, "lng": 151.1308986 }, "geometry": { "type": "Point", "coordinates": [ 151.1308986, -33.891687 ] } },
{ "type": "Feature", "properties": { "name": "Only About Children Glebe", "lat": -33.8800392, "lng": 151.1852708 }, "geometry": { "type": "Point", "coordinates": [ 151.1852708, -33.8800392 ] } },
{ "type": "Feature", "properties": { "name": "Gowrie NSW Drummoyne Outside School Hours Care", "lat": -33.8557591, "lng": 151.1525803 }, "geometry": { "type": "Point", "coordinates": [ 151.1525803, -33.8557591 ] } },
{ "type": "Feature", "properties": { "name": "WeKidz Early Learning", "lat": -33.8810355, "lng": 151.1853391 }, "geometry": { "type": "Point", "coordinates": [ 151.1853391, -33.8810355 ] } },
{ "type": "Feature", "properties": { "name": "Inner Sydney Montessori - Balmain", "lat": -33.862909, "lng": 151.1777648 }, "geometry": { "type": "Point", "coordinates": [ 151.1777648, -33.862909 ] } },
{ "type": "Feature", "properties": { "name": "First Steps Learning Academy Marrickville", "lat": -33.9043296, "lng": 151.153617 }, "geometry": { "type": "Point", "coordinates": [ 151.153617, -33.9043296 ] } },
{ "type": "Feature", "properties": { "name": "Blume Academy", "lat": -33.8911992, "lng": 151.1289872 }, "geometry": { "type": "Point", "coordinates": [ 151.1289872, -33.8911992 ] } },
{ "type": "Feature", "properties": { "name": "Ashfield Kids Out of School Hours Care", "lat": -33.8895733, "lng": 151.128061 }, "geometry": { "type": "Point", "coordinates": [ 151.128061, -33.8895733 ] } },
{ "type": "Feature", "properties": { "name": "Goodstart Early Learning Ashfield", "lat": -33.8895733, "lng": 151.128061 }, "geometry": { "type": "Point", "coordinates": [ 151.128061, -33.8895733 ] } },
{ "type": "Feature", "properties": { "name": "Garfield Street Children's Centre", "lat": -33.868599, "lng": 151.1287824 }, "geometry": { "type": "Point", "coordinates": [ 151.1287824, -33.868599 ] } },
{ "type": "Feature", "properties": { "name": "Enmore Early Learning Centre", "lat": -33.903136, "lng": 151.1689095 }, "geometry": { "type": "Point", "coordinates": [ 151.1689095, -33.903136 ] } },
{ "type": "Feature", "properties": { "name": "Learn & Laugh", "lat": -33.8540434, "lng": 151.1545888 }, "geometry": { "type": "Point", "coordinates": [ 151.1545888, -33.8540434 ] } },
{ "type": "Feature", "properties": { "name": "KU Carillon Avenue Children's Centre", "lat": -33.8913683, "lng": 151.1838514 }, "geometry": { "type": "Point", "coordinates": [ 151.1838514, -33.8913683 ] } },
{ "type": "Feature", "properties": { "name": "Sunshine Early Learning Centre GNR", "lat": -33.8668803, "lng": 151.1292443 }, "geometry": { "type": "Point", "coordinates": [ 151.1292443, -33.8668803 ] } },
{ "type": "Feature", "properties": { "name": "Sunshine Early Learning Centre Five Dock", "lat": -33.8675488, "lng": 151.1287368 }, "geometry": { "type": "Point", "coordinates": [ 151.1287368, -33.8675488 ] } },
{ "type": "Feature", "properties": { "name": "SCECS OSHC St Vincent's Ashfield", "lat": -33.8854903, "lng": 151.1257104 }, "geometry": { "type": "Point", "coordinates": [ 151.1257104, -33.8854903 ] } },
{ "type": "Feature", "properties": { "name": "Goodstart Early Learning Glebe", "lat": -33.8813832, "lng": 151.1872497 }, "geometry": { "type": "Point", "coordinates": [ 151.1872497, -33.8813832 ] } },
{ "type": "Feature", "properties": { "name": "Little Pines Early Childhood Education and Care", "lat": -33.8606694, "lng": 151.1348593 }, "geometry": { "type": "Point", "coordinates": [ 151.1348593, -33.8606694 ] } },
{ "type": "Feature", "properties": { "name": "The Laurel Tree House", "lat": -33.8842318, "lng": 151.1875428 }, "geometry": { "type": "Point", "coordinates": [ 151.1875428, -33.8842318 ] } },
{ "type": "Feature", "properties": { "name": "SCECS OSHC All Hallows Five Dock", "lat": -33.861043, "lng": 151.133484 }, "geometry": { "type": "Point", "coordinates": [ 151.133484, -33.861043 ] } },
{ "type": "Feature", "properties": { "name": "Little Lights Christian Child Care", "lat": -33.8532792, "lng": 151.1519033 }, "geometry": { "type": "Point", "coordinates": [ 151.1519033, -33.8532792 ] } },
{ "type": "Feature", "properties": { "name": "Ashfield Little Bunnies Day Care Centre", "lat": -33.8866199, "lng": 151.1250506 }, "geometry": { "type": "Point", "coordinates": [ 151.1250506, -33.8866199 ] } },
{ "type": "Feature", "properties": { "name": "Dulwich Hill Pre-School", "lat": -33.9031259, "lng": 151.1404334 }, "geometry": { "type": "Point", "coordinates": [ 151.1404334, -33.9031259 ] } },
{ "type": "Feature", "properties": { "name": "Robyn Taylor Child Development Centre", "lat": -33.8763649, "lng": 151.1240721 }, "geometry": { "type": "Point", "coordinates": [ 151.1240721, -33.8763649 ] } },
{ "type": "Feature", "properties": { "name": "YMCA Marrickville Public OSHC", "lat": -33.9061501, "lng": 151.1623153 }, "geometry": { "type": "Point", "coordinates": [ 151.1623153, -33.9061501 ] } },
{ "type": "Feature", "properties": { "name": "Goodstart Early Learning Marrickville", "lat": -33.9061501, "lng": 151.1623153 }, "geometry": { "type": "Point", "coordinates": [ 151.1623153, -33.9061501 ] } },
{ "type": "Feature", "properties": { "name": "North Newtown OOSH Inc (Nnoosh Inc)", "lat": -33.8915856, "lng": 151.185331 }, "geometry": { "type": "Point", "coordinates": [ 151.185331, -33.8915856 ] } },
{ "type": "Feature", "properties": { "name": "Queen St Early Learning Centre", "lat": -33.8934121, "lng": 151.1281907 }, "geometry": { "type": "Point", "coordinates": [ 151.1281907, -33.8934121 ] } },
{ "type": "Feature", "properties": { "name": "Five Dock Public School Parents and Citizens Association OOSH", "lat": -33.8667945, "lng": 151.1273526 }, "geometry": { "type": "Point", "coordinates": [ 151.1273526, -33.8667945 ] } },
{ "type": "Feature", "properties": { "name": "Five Dock Public School Preschool", "lat": -33.8667945, "lng": 151.1273526 }, "geometry": { "type": "Point", "coordinates": [ 151.1273526, -33.8667945 ] } },
{ "type": "Feature", "properties": { "name": "Broughton Street Kindergarten", "lat": -33.8777182, "lng": 151.1888675 }, "geometry": { "type": "Point", "coordinates": [ 151.1888675, -33.8777182 ] } },
{ "type": "Feature", "properties": { "name": "Dulwich Hill ELC and Preschool", "lat": -33.9033754, "lng": 151.1394549 }, "geometry": { "type": "Point", "coordinates": [ 151.1394549, -33.9033754 ] } },
{ "type": "Feature", "properties": { "name": "Plumtree Children's Services Incorporated", "lat": -33.9071969, "lng": 151.1561592 }, "geometry": { "type": "Point", "coordinates": [ 151.1561592, -33.9071969 ] } },
{ "type": "Feature", "properties": { "name": "Amigoss Spanish Bilingual Childcare", "lat": -33.8819393, "lng": 151.1890511 }, "geometry": { "type": "Point", "coordinates": [ 151.1890511, -33.8819393 ] } },
{ "type": "Feature", "properties": { "name": "Toddlers Ink Childcare", "lat": -33.8805783, "lng": 151.1231229 }, "geometry": { "type": "Point", "coordinates": [ 151.1231229, -33.8805783 ] } },
{ "type": "Feature", "properties": { "name": "Drummoyne Occasional Child Care Centre", "lat": -33.85263812, "lng": 151.1505783 }, "geometry": { "type": "Point", "coordinates": [ 151.1505783, -33.85263812 ] } },
{ "type": "Feature", "properties": { "name": "SDN Linthorpe Street Children's Education & Care Centre", "lat": -33.8973861, "lng": 151.1817751 }, "geometry": { "type": "Point", "coordinates": [ 151.1817751, -33.8973861 ] } },
{ "type": "Feature", "properties": { "name": "Deborah Little Early Learning Centre", "lat": -33.9054486, "lng": 151.1438242 }, "geometry": { "type": "Point", "coordinates": [ 151.1438242, -33.9054486 ] } },
{ "type": "Feature", "properties": { "name": "Balmain Care for Kids", "lat": -33.8601673, "lng": 151.179967 }, "geometry": { "type": "Point", "coordinates": [ 151.179967, -33.8601673 ] } },
{ "type": "Feature", "properties": { "name": "Newtown Kids Cottage", "lat": -33.8999284, "lng": 151.1794873 }, "geometry": { "type": "Point", "coordinates": [ 151.1794873, -33.8999284 ] } },
{ "type": "Feature", "properties": { "name": "Integricare Early Learning Centre Ashfield", "lat": -33.8907826, "lng": 151.1251643 }, "geometry": { "type": "Point", "coordinates": [ 151.1251643, -33.8907826 ] } },
{ "type": "Feature", "properties": { "name": "Oxford Early Learning Centre", "lat": -33.8770858, "lng": 151.1225931 }, "geometry": { "type": "Point", "coordinates": [ 151.1225931, -33.8770858 ] } },
{ "type": "Feature", "properties": { "name": "KU - Crusader Preschool", "lat": -33.9078268, "lng": 151.1560454 }, "geometry": { "type": "Point", "coordinates": [ 151.1560454, -33.9078268 ] } },
{ "type": "Feature", "properties": { "name": "Trinity Grammar Junior School Summer Hill OSHClub", "lat": -33.8994841, "lng": 151.1317178 }, "geometry": { "type": "Point", "coordinates": [ 151.1317178, -33.8994841 ] } },
{ "type": "Feature", "properties": { "name": "SDN Glebe Children's Education and Care Centre", "lat": -33.8809132, "lng": 151.190313 }, "geometry": { "type": "Point", "coordinates": [ 151.190313, -33.8809132 ] } },
{ "type": "Feature", "properties": { "name": "Kidzville Early Learning Centre", "lat": -33.9080074, "lng": 151.1522902 }, "geometry": { "type": "Point", "coordinates": [ 151.1522902, -33.9080074 ] } },
{ "type": "Feature", "properties": { "name": "Boundary Lane Children's Centre", "lat": -33.8959786, "lng": 151.1845625 }, "geometry": { "type": "Point", "coordinates": [ 151.1845625, -33.8959786 ] } },
{ "type": "Feature", "properties": { "name": "Smart Little Kids Early Learning Centre", "lat": -33.867225, "lng": 151.1250713 }, "geometry": { "type": "Point", "coordinates": [ 151.1250713, -33.867225 ] } },
{ "type": "Feature", "properties": { "name": "Balmain-Rozelle Occasional Care", "lat": -33.85677613, "lng": 151.1768185 }, "geometry": { "type": "Point", "coordinates": [ 151.1768185, -33.85677613 ] } },
{ "type": "Feature", "properties": { "name": "Drummoyne Preschool Kindergarten", "lat": -33.851202, "lng": 151.1517415 }, "geometry": { "type": "Point", "coordinates": [ 151.1517415, -33.851202 ] } },
{ "type": "Feature", "properties": { "name": "PLC Sydney Preschool Ashfield", "lat": -33.8881482, "lng": 151.1229799 }, "geometry": { "type": "Point", "coordinates": [ 151.1229799, -33.8881482 ] } },
{ "type": "Feature", "properties": { "name": "Centipede at Glebe School Inc", "lat": -33.8837589, "lng": 151.1908893 }, "geometry": { "type": "Point", "coordinates": [ 151.1908893, -33.8837589 ] } },
{ "type": "Feature", "properties": { "name": "Marrickville Rd Extended Hours Preschool", "lat": -33.9088073, "lng": 151.1519033 }, "geometry": { "type": "Point", "coordinates": [ 151.1519033, -33.9088073 ] } },
{ "type": "Feature", "properties": { "name": "TeamKids - Dulwich Hill Public School", "lat": -33.9060586, "lng": 151.1402595 }, "geometry": { "type": "Point", "coordinates": [ 151.1402595, -33.9060586 ] } },
{ "type": "Feature", "properties": { "name": "Balmain Children's Centre", "lat": -33.8598817, "lng": 151.1822206 }, "geometry": { "type": "Point", "coordinates": [ 151.1822206, -33.8598817 ] } },
{ "type": "Feature", "properties": { "name": "St Andrew's Kindergarten", "lat": -33.8535418, "lng": 151.1396818 }, "geometry": { "type": "Point", "coordinates": [ 151.1396818, -33.8535418 ] } },
{ "type": "Feature", "properties": { "name": "THRIVE ELC PYRMONT PTY LTD", "lat": -33.8700222, "lng": 151.1898015 }, "geometry": { "type": "Point", "coordinates": [ 151.1898015, -33.8700222 ] } },
{ "type": "Feature", "properties": { "name": "Darlington Public School Preschool", "lat": -33.8922695, "lng": 151.1889515 }, "geometry": { "type": "Point", "coordinates": [ 151.1889515, -33.8922695 ] } },
{ "type": "Feature", "properties": { "name": "SCECS OSHC St Brigid's Marrickville", "lat": -33.9098139, "lng": 151.1531095 }, "geometry": { "type": "Point", "coordinates": [ 151.1531095, -33.9098139 ] } },
{ "type": "Feature", "properties": { "name": "SDN Marrickville Children's Education and Care Centre", "lat": -33.9102024, "lng": 151.1569997 }, "geometry": { "type": "Point", "coordinates": [ 151.1569997, -33.9102024 ] } },
{ "type": "Feature", "properties": { "name": "St Maroun's Preschool", "lat": -33.9086797, "lng": 151.1442794 }, "geometry": { "type": "Point", "coordinates": [ 151.1442794, -33.9086797 ] } },
{ "type": "Feature", "properties": { "name": "Eaton Street Centre Incorporated", "lat": -33.8591216, "lng": 151.1833319 }, "geometry": { "type": "Point", "coordinates": [ 151.1833319, -33.8591216 ] } },
{ "type": "Feature", "properties": { "name": "St Maroun's College After School Care", "lat": -33.9087653, "lng": 151.1444136 }, "geometry": { "type": "Point", "coordinates": [ 151.1444136, -33.9087653 ] } },
{ "type": "Feature", "properties": { "name": "Only About Children Enmore", "lat": -33.9063798, "lng": 151.1743765 }, "geometry": { "type": "Point", "coordinates": [ 151.1743765, -33.9063798 ] } },
{ "type": "Feature", "properties": { "name": "Little Scribblers Early Learning Centre Ashfield", "lat": -33.8835085, "lng": 151.1195895 }, "geometry": { "type": "Point", "coordinates": [ 151.1195895, -33.8835085 ] } },
{ "type": "Feature", "properties": { "name": "Darlington Activity Centre", "lat": -33.8930788, "lng": 151.1894845 }, "geometry": { "type": "Point", "coordinates": [ 151.1894845, -33.8930788 ] } },
{ "type": "Feature", "properties": { "name": "The After School Klub Camdenville", "lat": -33.9060086, "lng": 151.1754536 }, "geometry": { "type": "Point", "coordinates": [ 151.1754536, -33.9060086 ] } },
{ "type": "Feature", "properties": { "name": "Camdenville Public School Preschool", "lat": -33.9060086, "lng": 151.1754536 }, "geometry": { "type": "Point", "coordinates": [ 151.1754536, -33.9060086 ] } },
{ "type": "Feature", "properties": { "name": "Camp Australia - St Pius Catholic Primary School OSHC", "lat": -33.9070472, "lng": 151.1740722 }, "geometry": { "type": "Point", "coordinates": [ 151.1740722, -33.9070472 ] } },
{ "type": "Feature", "properties": { "name": "Balmain Care for Kids OOSH", "lat": -33.8589051, "lng": 151.1840693 }, "geometry": { "type": "Point", "coordinates": [ 151.1840693, -33.8589051 ] } },
{ "type": "Feature", "properties": { "name": "I-KID EARLY LEARNING CENTRE", "lat": -33.9107434, "lng": 151.1602787 }, "geometry": { "type": "Point", "coordinates": [ 151.1602787, -33.9107434 ] } },
{ "type": "Feature", "properties": { "name": "SCECS OSHC St Paul of the Cross Dulwich Hill", "lat": -33.9053377, "lng": 151.1346513 }, "geometry": { "type": "Point", "coordinates": [ 151.1346513, -33.9053377 ] } },
{ "type": "Feature", "properties": { "name": "The After School Klub Yeo Park", "lat": -33.9022753, "lng": 151.1296766 }, "geometry": { "type": "Point", "coordinates": [ 151.1296766, -33.9022753 ] } },
{ "type": "Feature", "properties": { "name": "Camp Australia - Birchgrove Public School OSHC", "lat": -33.8534612, "lng": 151.1773434 }, "geometry": { "type": "Point", "coordinates": [ 151.1773434, -33.8534612 ] } },
{ "type": "Feature", "properties": { "name": "Birchgrove Public School Preschool", "lat": -33.8533571, "lng": 151.1772536 }, "geometry": { "type": "Point", "coordinates": [ 151.1772536, -33.8533571 ] } },
{ "type": "Feature", "properties": { "name": "KU - Croydon Preschool", "lat": -33.8836777, "lng": 151.1179058 }, "geometry": { "type": "Point", "coordinates": [ 151.1179058, -33.8836777 ] } },
{ "type": "Feature", "properties": { "name": "Learn & Laugh", "lat": -33.8682417, "lng": 151.1201811 }, "geometry": { "type": "Point", "coordinates": [ 151.1201811, -33.8682417 ] } },
{ "type": "Feature", "properties": { "name": "Genius Learning Pyrmont", "lat": -33.866965, "lng": 151.1917585 }, "geometry": { "type": "Point", "coordinates": [ 151.1917585, -33.866965 ] } },
{ "type": "Feature", "properties": { "name": "Pyrmont Outside School Hours Care", "lat": -33.8678471, "lng": 151.1922421 }, "geometry": { "type": "Point", "coordinates": [ 151.1922421, -33.8678471 ] } },
{ "type": "Feature", "properties": { "name": "SDN Pyrmont Children's Education and Care Centre", "lat": -33.8678512, "lng": 151.1922589 }, "geometry": { "type": "Point", "coordinates": [ 151.1922589, -33.8678512 ] } },
{ "type": "Feature", "properties": { "name": "Gowrie NSW Erskineville Outside School Hours Care", "lat": -33.900158, "lng": 151.18631 }, "geometry": { "type": "Point", "coordinates": [ 151.18631, -33.900158 ] } },
{ "type": "Feature", "properties": { "name": "MINDCHAMPS EARLY LEARNING @ BROADWAY", "lat": -33.8841163, "lng": 151.1947935 }, "geometry": { "type": "Point", "coordinates": [ 151.1947935, -33.8841163 ] } },
{ "type": "Feature", "properties": { "name": "Balmain Care For Kids", "lat": -33.8568708, "lng": 151.1839733 }, "geometry": { "type": "Point", "coordinates": [ 151.1839733, -33.8568708 ] } },
{ "type": "Feature", "properties": { "name": "KU Maybanke Preschool", "lat": -33.8691031, "lng": 151.1933292 }, "geometry": { "type": "Point", "coordinates": [ 151.1933292, -33.8691031 ] } },
{ "type": "Feature", "properties": { "name": "Barnardos Early Learning Centre Ultimo", "lat": -33.8778891, "lng": 151.1954159 }, "geometry": { "type": "Point", "coordinates": [ 151.1954159, -33.8778891 ] } },
{ "type": "Feature", "properties": { "name": "IGS Out of School Hours Care", "lat": -33.8814513, "lng": 151.1955204 }, "geometry": { "type": "Point", "coordinates": [ 151.1955204, -33.8814513 ] } },
{ "type": "Feature", "properties": { "name": "IGS Early Learning Centre", "lat": -33.8814513, "lng": 151.1955204 }, "geometry": { "type": "Point", "coordinates": [ 151.1955204, -33.8814513 ] } },
{ "type": "Feature", "properties": { "name": "KU Union Children's Centre", "lat": -33.8914375, "lng": 151.1930719 }, "geometry": { "type": "Point", "coordinates": [ 151.1930719, -33.8914375 ] } },
{ "type": "Feature", "properties": { "name": "The Learning House", "lat": -33.9052085, "lng": 151.1309896 }, "geometry": { "type": "Point", "coordinates": [ 151.1309896, -33.9052085 ] } },
{ "type": "Feature", "properties": { "name": "SCECS OSHC St Mary's Erskineville", "lat": -33.9001108, "lng": 151.1876837 }, "geometry": { "type": "Point", "coordinates": [ 151.1876837, -33.9001108 ] } },
{ "type": "Feature", "properties": { "name": "Croydon Montessori Academy", "lat": -33.8840132, "lng": 151.116404 }, "geometry": { "type": "Point", "coordinates": [ 151.116404, -33.8840132 ] } },
{ "type": "Feature", "properties": { "name": "TeamKids - Ultimo Public School", "lat": -33.8768628, "lng": 151.1960793 }, "geometry": { "type": "Point", "coordinates": [ 151.1960793, -33.8768628 ] } },
{ "type": "Feature", "properties": { "name": "PLC TheirCare Sydney", "lat": -33.8818903, "lng": 151.1160381 }, "geometry": { "type": "Point", "coordinates": [ 151.1160381, -33.8818903 ] } },
{ "type": "Feature", "properties": { "name": "Noah's Ark Learning Academy Hurlstone Park", "lat": -33.9074095, "lng": 151.133263 }, "geometry": { "type": "Point", "coordinates": [ 151.133263, -33.9074095 ] } },
{ "type": "Feature", "properties": { "name": "KU Ultimo Children's Centre", "lat": -33.8761295, "lng": 151.1964275 }, "geometry": { "type": "Point", "coordinates": [ 151.1964275, -33.8761295 ] } },
{ "type": "Feature", "properties": { "name": "SDN Erskineville Children's Education and Care Centre", "lat": -33.9001313, "lng": 151.1885488 }, "geometry": { "type": "Point", "coordinates": [ 151.1885488, -33.9001313 ] } },
{ "type": "Feature", "properties": { "name": "Marrickville Occasional Care", "lat": -33.91370747, "lng": 151.1593466 }, "geometry": { "type": "Point", "coordinates": [ 151.1593466, -33.91370747 ] } },
{ "type": "Feature", "properties": { "name": "Coscare Inc.", "lat": -33.8800843, "lng": 151.1150161 }, "geometry": { "type": "Point", "coordinates": [ 151.1150161, -33.8800843 ] } },
{ "type": "Feature", "properties": { "name": "Abbotsford Community Centre", "lat": -33.8532896, "lng": 151.1302666 }, "geometry": { "type": "Point", "coordinates": [ 151.1302666, -33.8532896 ] } },
{ "type": "Feature", "properties": { "name": "Raising Stars Early Learning Centre", "lat": -33.8691222, "lng": 151.1169605 }, "geometry": { "type": "Point", "coordinates": [ 151.1169605, -33.8691222 ] } },
{ "type": "Feature", "properties": { "name": "SDN Chippendale Children's Education and Care Centre", "lat": -33.8874146, "lng": 151.1963885 }, "geometry": { "type": "Point", "coordinates": [ 151.1963885, -33.8874146 ] } },
{ "type": "Feature", "properties": { "name": "Abbotsford Long Day Care Centre", "lat": -33.8526526, "lng": 151.1307166 }, "geometry": { "type": "Point", "coordinates": [ 151.1307166, -33.8526526 ] } },
{ "type": "Feature", "properties": { "name": "Dashing Ducks Croydon", "lat": -33.8716267, "lng": 151.115914 }, "geometry": { "type": "Point", "coordinates": [ 151.115914, -33.8716267 ] } },
{ "type": "Feature", "properties": { "name": "Montessori Learning Tree", "lat": -33.911513, "lng": 151.140357 }, "geometry": { "type": "Point", "coordinates": [ 151.140357, -33.911513 ] } },
{ "type": "Feature", "properties": { "name": "Magic Pudding Child Care Centre", "lat": -33.8810454, "lng": 151.1977056 }, "geometry": { "type": "Point", "coordinates": [ 151.1977056, -33.8810454 ] } },
{ "type": "Feature", "properties": { "name": "ToBeMe Early Learning - Five Dock", "lat": -33.8698738, "lng": 151.1162103 }, "geometry": { "type": "Point", "coordinates": [ 151.1162103, -33.8698738 ] } },
{ "type": "Feature", "properties": { "name": "Gowrie NSW Erskineville Early Education and Care Centre", "lat": -33.9015535, "lng": 151.1887548 }, "geometry": { "type": "Point", "coordinates": [ 151.1887548, -33.9015535 ] } },
{ "type": "Feature", "properties": { "name": "Dulwich Hill Childcare Centre", "lat": -33.9095913, "lng": 151.1344713 }, "geometry": { "type": "Point", "coordinates": [ 151.1344713, -33.9095913 ] } },
{ "type": "Feature", "properties": { "name": "Golden Wattle Early Education", "lat": -33.8837502, "lng": 151.1980501 }, "geometry": { "type": "Point", "coordinates": [ 151.1980501, -33.8837502 ] } },
{ "type": "Feature", "properties": { "name": "John McMahon Early Learning Centre", "lat": -33.8530007, "lng": 151.1834498 }, "geometry": { "type": "Point", "coordinates": [ 151.1834498, -33.8530007 ] } },
{ "type": "Feature", "properties": { "name": "BELIEVE PLAYSCHOOL  PTY LTD", "lat": -33.8775746, "lng": 151.198342 }, "geometry": { "type": "Point", "coordinates": [ 151.198342, -33.8775746 ] } },
{ "type": "Feature", "properties": { "name": "Ultimo Outside School Hours Care", "lat": -33.8775746, "lng": 151.198342 }, "geometry": { "type": "Point", "coordinates": [ 151.198342, -33.8775746 ] } },
{ "type": "Feature", "properties": { "name": "Rise & Shine Kindergarten - Marrickville", "lat": -33.9147719, "lng": 151.1527353 }, "geometry": { "type": "Point", "coordinates": [ 151.1527353, -33.9147719 ] } },
{ "type": "Feature", "properties": { "name": "Figtree Early Learning Centre", "lat": -33.8721088, "lng": 151.1146748 }, "geometry": { "type": "Point", "coordinates": [ 151.1146748, -33.8721088 ] } },
{ "type": "Feature", "properties": { "name": "Eveleigh Early Learning and Preschool", "lat": -33.8971729, "lng": 151.1931699 }, "geometry": { "type": "Point", "coordinates": [ 151.1931699, -33.8971729 ] } },
{ "type": "Feature", "properties": { "name": "Blackfriars Children's Centre", "lat": -33.8855531, "lng": 151.1981933 }, "geometry": { "type": "Point", "coordinates": [ 151.1981933, -33.8855531 ] } },
{ "type": "Feature", "properties": { "name": "Marrickville West OSHC", "lat": -33.9142089, "lng": 151.144919 }, "geometry": { "type": "Point", "coordinates": [ 151.144919, -33.9142089 ] } },
{ "type": "Feature", "properties": { "name": "Bee Happy Child Care Centre", "lat": -33.8939806, "lng": 151.1164951 }, "geometry": { "type": "Point", "coordinates": [ 151.1164951, -33.8939806 ] } },
{ "type": "Feature", "properties": { "name": "FROEBEL Alexandria", "lat": -33.9066122, "lng": 151.1848798 }, "geometry": { "type": "Point", "coordinates": [ 151.1848798, -33.9066122 ] } },
{ "type": "Feature", "properties": { "name": "C3 Childcare Group - Croydon", "lat": -33.8798603, "lng": 151.1128091 }, "geometry": { "type": "Point", "coordinates": [ 151.1128091, -33.8798603 ] } },
{ "type": "Feature", "properties": { "name": "Splash Centre", "lat": -33.8989477, "lng": 151.1194186 }, "geometry": { "type": "Point", "coordinates": [ 151.1194186, -33.8989477 ] } },
{ "type": "Feature", "properties": { "name": "Learn & Laugh No. 9 Pty Ltd", "lat": -33.9161184, "lng": 151.1540272 }, "geometry": { "type": "Point", "coordinates": [ 151.1540272, -33.9161184 ] } },
{ "type": "Feature", "properties": { "name": "Redfern Outside School Hours Care", "lat": -33.8905327, "lng": 151.1981167 }, "geometry": { "type": "Point", "coordinates": [ 151.1981167, -33.8905327 ] } },
{ "type": "Feature", "properties": { "name": "Sage Early Education Centre", "lat": -33.8850231, "lng": 151.1997293 }, "geometry": { "type": "Point", "coordinates": [ 151.1997293, -33.8850231 ] } },
{ "type": "Feature", "properties": { "name": "Canterbury Community Child Care Centre", "lat": -33.9002931, "lng": 151.1196351 }, "geometry": { "type": "Point", "coordinates": [ 151.1196351, -33.9002931 ] } },
{ "type": "Feature", "properties": { "name": "SCECS OSHC Holy Innocents' Croydon", "lat": -33.8759965, "lng": 151.1121559 }, "geometry": { "type": "Point", "coordinates": [ 151.1121559, -33.8759965 ] } },
{ "type": "Feature", "properties": { "name": "KU Sunbeam Preschool", "lat": -33.8980799, "lng": 151.1945358 }, "geometry": { "type": "Point", "coordinates": [ 151.1945358, -33.8980799 ] } },
{ "type": "Feature", "properties": { "name": "Honey Bird Child Care Centre", "lat": -33.8967557, "lng": 151.1954097 }, "geometry": { "type": "Point", "coordinates": [ 151.1954097, -33.8967557 ] } },
{ "type": "Feature", "properties": { "name": "Little Troopers Childcare Ashbury", "lat": -33.9041646, "lng": 151.1229116 }, "geometry": { "type": "Point", "coordinates": [ 151.1229116, -33.9041646 ] } },
{ "type": "Feature", "properties": { "name": "Mini Masterminds Erskineville", "lat": -33.9035896, "lng": 151.1901657 }, "geometry": { "type": "Point", "coordinates": [ 151.1901657, -33.9035896 ] } },
{ "type": "Feature", "properties": { "name": "St Peter's Community Preschool", "lat": -33.9123512, "lng": 151.1777136 }, "geometry": { "type": "Point", "coordinates": [ 151.1777136, -33.9123512 ] } },
{ "type": "Feature", "properties": { "name": "Sunshine Buddies Early Learning Centre", "lat": -33.8795501, "lng": 151.1111254 }, "geometry": { "type": "Point", "coordinates": [ 151.1111254, -33.8795501 ] } },
{ "type": "Feature", "properties": { "name": "Helping Hands St Peters", "lat": -33.9128087, "lng": 151.1776207 }, "geometry": { "type": "Point", "coordinates": [ 151.1776207, -33.9128087 ] } },
{ "type": "Feature", "properties": { "name": "Darling Nest Child Care Centre", "lat": -33.8783582, "lng": 151.2014408 }, "geometry": { "type": "Point", "coordinates": [ 151.2014408, -33.8783582 ] } },
{ "type": "Feature", "properties": { "name": "Inner City Care Childcare Centre", "lat": -33.8821373, "lng": 151.2016826 }, "geometry": { "type": "Point", "coordinates": [ 151.2016826, -33.8821373 ] } },
{ "type": "Feature", "properties": { "name": "Rise Early Learning Abbotsford", "lat": -33.8494345, "lng": 151.1285349 }, "geometry": { "type": "Point", "coordinates": [ 151.1285349, -33.8494345 ] } },
{ "type": "Feature", "properties": { "name": "Inner West Kids preschool and long day care", "lat": -33.9175446, "lng": 151.1505529 }, "geometry": { "type": "Point", "coordinates": [ 151.1505529, -33.9175446 ] } },
{ "type": "Feature", "properties": { "name": "Tillman Park Early Learning Centre", "lat": -33.9174393, "lng": 151.1645496 }, "geometry": { "type": "Point", "coordinates": [ 151.1645496, -33.9174393 ] } },
{ "type": "Feature", "properties": { "name": "Wonder Garden Early Learning Centre", "lat": -33.8863076, "lng": 151.201701 }, "geometry": { "type": "Point", "coordinates": [ 151.201701, -33.8863076 ] } },
{ "type": "Feature", "properties": { "name": "Balmain East After School Care", "lat": -33.8558366, "lng": 151.1927722 }, "geometry": { "type": "Point", "coordinates": [ 151.1927722, -33.8558366 ] } },
{ "type": "Feature", "properties": { "name": "SCECS OSHC St Francis Xavier's Ashbury", "lat": -33.89684, "lng": 151.1140382 }, "geometry": { "type": "Point", "coordinates": [ 151.1140382, -33.89684 ] } },
{ "type": "Feature", "properties": { "name": "Reggio Emilia Early Learning Centre Tempe", "lat": -33.9184785, "lng": 151.1613256 }, "geometry": { "type": "Point", "coordinates": [ 151.1613256, -33.9184785 ] } },
{ "type": "Feature", "properties": { "name": "Wunanbiri Preschool", "lat": -33.9009195, "lng": 151.1958251 }, "geometry": { "type": "Point", "coordinates": [ 151.1958251, -33.9009195 ] } },
{ "type": "Feature", "properties": { "name": "Camp Australia - Alexandria Park Community School OSHC", "lat": -33.9009195, "lng": 151.1958251 }, "geometry": { "type": "Point", "coordinates": [ 151.1958251, -33.9009195 ] } },
{ "type": "Feature", "properties": { "name": "May Murray Early Learning Centre", "lat": -33.918867, "lng": 151.1500485 }, "geometry": { "type": "Point", "coordinates": [ 151.1500485, -33.918867 ] } },
{ "type": "Feature", "properties": { "name": "Croydon Tennis Centre OOSH", "lat": -33.8894833, "lng": 151.1099877 }, "geometry": { "type": "Point", "coordinates": [ 151.1099877, -33.8894833 ] } },
{ "type": "Feature", "properties": { "name": "Canterbury OSHC Centre", "lat": -33.9083797, "lng": 151.1229227 }, "geometry": { "type": "Point", "coordinates": [ 151.1229227, -33.9083797 ] } },
{ "type": "Feature", "properties": { "name": "3Bridges Tempe", "lat": -33.9191653, "lng": 151.1626111 }, "geometry": { "type": "Point", "coordinates": [ 151.1626111, -33.9191653 ] } },
{ "type": "Feature", "properties": { "name": "Hurlstone Park Children's Centre", "lat": -33.9135911, "lng": 151.1305022 }, "geometry": { "type": "Point", "coordinates": [ 151.1305022, -33.9135911 ] } },
{ "type": "Feature", "properties": { "name": "KU Concord Children's Centre", "lat": -33.8634153, "lng": 151.1121492 }, "geometry": { "type": "Point", "coordinates": [ 151.1121492, -33.8634153 ] } },
{ "type": "Feature", "properties": { "name": "My Playhouse Darling Park", "lat": -33.8720125, "lng": 151.2037077 }, "geometry": { "type": "Point", "coordinates": [ 151.2037077, -33.8720125 ] } },
{ "type": "Feature", "properties": { "name": "Yirran Gumal Early learning Centre", "lat": -33.9194107, "lng": 151.1456448 }, "geometry": { "type": "Point", "coordinates": [ 151.1456448, -33.9194107 ] } },
{ "type": "Feature", "properties": { "name": "Only About Children Alexandria", "lat": -33.9098797, "lng": 151.1895731 }, "geometry": { "type": "Point", "coordinates": [ 151.1895731, -33.9098797 ] } },
{ "type": "Feature", "properties": { "name": "Guardian Childcare & Education Marrickville", "lat": -33.9206547, "lng": 151.1543484 }, "geometry": { "type": "Point", "coordinates": [ 151.1543484, -33.9206547 ] } },
{ "type": "Feature", "properties": { "name": "Ferncourt OSHC", "lat": -33.9206692, "lng": 151.1520399 }, "geometry": { "type": "Point", "coordinates": [ 151.1520399, -33.9206692 ] } },
{ "type": "Feature", "properties": { "name": "Barangaroo Montessori Academy", "lat": -33.8665514, "lng": 151.2032389 }, "geometry": { "type": "Point", "coordinates": [ 151.2032389, -33.8665514 ] } },
{ "type": "Feature", "properties": { "name": "Lion Education", "lat": -33.867625, "lng": 151.2037785 }, "geometry": { "type": "Point", "coordinates": [ 151.2037785, -33.867625 ] } },
{ "type": "Feature", "properties": { "name": "Guardian Childcare & Education Barangaroo", "lat": -33.8638509, "lng": 151.2021393 }, "geometry": { "type": "Point", "coordinates": [ 151.2021393, -33.8638509 ] } },
{ "type": "Feature", "properties": { "name": "Riverside Preschool", "lat": -33.841331, "lng": 151.1370882 }, "geometry": { "type": "Point", "coordinates": [ 151.1370882, -33.841331 ] } },
{ "type": "Feature", "properties": { "name": "Active Kids @ World Square", "lat": -33.8769057, "lng": 151.2061127 }, "geometry": { "type": "Point", "coordinates": [ 151.2061127, -33.8769057 ] } },
{ "type": "Feature", "properties": { "name": "Redfern Occasional Child Care Centre", "lat": -33.89175177, "lng": 151.2045378 }, "geometry": { "type": "Point", "coordinates": [ 151.2045378, -33.89175177 ] } },
{ "type": "Feature", "properties": { "name": "St Andrew's Cathedral School TheirCare", "lat": -33.8731861, "lng": 151.2061627 }, "geometry": { "type": "Point", "coordinates": [ 151.2061627, -33.8731861 ] } },
{ "type": "Feature", "properties": { "name": "World Tower Child Care Centre", "lat": -33.8765399, "lng": 151.2066628 }, "geometry": { "type": "Point", "coordinates": [ 151.2066628, -33.8765399 ] } },
{ "type": "Feature", "properties": { "name": "Only About Children Redfern", "lat": -33.8903423, "lng": 151.2052276 }, "geometry": { "type": "Point", "coordinates": [ 151.2052276, -33.8903423 ] } },
{ "type": "Feature", "properties": { "name": "Little Lion Early Learning", "lat": -33.8746747, "lng": 151.1057803 }, "geometry": { "type": "Point", "coordinates": [ 151.1057803, -33.8746747 ] } },
{ "type": "Feature", "properties": { "name": "TeamKids - Croydon Park Public School", "lat": -33.8947657, "lng": 151.108653 }, "geometry": { "type": "Point", "coordinates": [ 151.108653, -33.8947657 ] } },
{ "type": "Feature", "properties": { "name": "Papilio Early Learning Hunters Hill", "lat": -33.8408372, "lng": 151.1359184 }, "geometry": { "type": "Point", "coordinates": [ 151.1359184, -33.8408372 ] } },
{ "type": "Feature", "properties": { "name": "Burwood Heights Kids Out of School Hours Care", "lat": -33.8853866, "lng": 151.1055966 }, "geometry": { "type": "Point", "coordinates": [ 151.1055966, -33.8853866 ] } },
{ "type": "Feature", "properties": { "name": "SDN Redfern Children's Education and Care Centre", "lat": -33.8945824, "lng": 151.2040146 }, "geometry": { "type": "Point", "coordinates": [ 151.2040146, -33.8945824 ] } },
{ "type": "Feature", "properties": { "name": "Kids Club Clarence Street", "lat": -33.8659981, "lng": 151.2047111 }, "geometry": { "type": "Point", "coordinates": [ 151.2047111, -33.8659981 ] } },
{ "type": "Feature", "properties": { "name": "Guardian Childcare & Education George Street", "lat": -33.874844, "lng": 151.2072002 }, "geometry": { "type": "Point", "coordinates": [ 151.2072002, -33.874844 ] } },
{ "type": "Feature", "properties": { "name": "Story House Early Learning Alexandria", "lat": -33.9103874, "lng": 151.1921358 }, "geometry": { "type": "Point", "coordinates": [ 151.1921358, -33.9103874 ] } },
{ "type": "Feature", "properties": { "name": "ToBeMe  Early Learning - Burwood", "lat": -33.8765794, "lng": 151.104732 }, "geometry": { "type": "Point", "coordinates": [ 151.104732, -33.8765794 ] } },
{ "type": "Feature", "properties": { "name": "Ashbury Kidz Academy", "lat": -33.9029564, "lng": 151.1127863 }, "geometry": { "type": "Point", "coordinates": [ 151.1127863, -33.9029564 ] } },
{ "type": "Feature", "properties": { "name": "Woodstock Child Care Centre", "lat": -33.882392, "lng": 151.1045045 }, "geometry": { "type": "Point", "coordinates": [ 151.1045045, -33.882392 ] } },
{ "type": "Feature", "properties": { "name": "Mother's Love Early Education & Childcare Service", "lat": -33.8806141, "lng": 151.1043452 }, "geometry": { "type": "Point", "coordinates": [ 151.1043452, -33.8806141 ] } },
{ "type": "Feature", "properties": { "name": "Uniting Care Burwood Preschool", "lat": -33.8756851, "lng": 151.1044362 }, "geometry": { "type": "Point", "coordinates": [ 151.1044362, -33.8756851 ] } },
{ "type": "Feature", "properties": { "name": "Seedling Kids", "lat": -33.8974239, "lng": 151.1087136 }, "geometry": { "type": "Point", "coordinates": [ 151.1087136, -33.8974239 ] } },
{ "type": "Feature", "properties": { "name": "SDN Lois Barker Children's Education and Care Centre", "lat": -33.8985159, "lng": 151.2033915 }, "geometry": { "type": "Point", "coordinates": [ 151.2033915, -33.8985159 ] } },
{ "type": "Feature", "properties": { "name": "KU Lance Children's Centre", "lat": -33.8611031, "lng": 151.2034026 }, "geometry": { "type": "Point", "coordinates": [ 151.2034026, -33.8611031 ] } },
{ "type": "Feature", "properties": { "name": "Huntley Street Early Learning", "lat": -33.912857, "lng": 151.1907161 }, "geometry": { "type": "Point", "coordinates": [ 151.1907161, -33.912857 ] } },
{ "type": "Feature", "properties": { "name": "Concord Out of Hours Care", "lat": -33.8634438, "lng": 151.1070982 }, "geometry": { "type": "Point", "coordinates": [ 151.1070982, -33.8634438 ] } },
{ "type": "Feature", "properties": { "name": "KIDS CLUB ELIZABETH STREET MANAGEMENT PTY LIMITED", "lat": -33.8822366, "lng": 151.2090603 }, "geometry": { "type": "Point", "coordinates": [ 151.2090603, -33.8822366 ] } },
{ "type": "Feature", "properties": { "name": "Burwood Road Montessori Academy", "lat": -33.8821566, "lng": 151.1029574 }, "geometry": { "type": "Point", "coordinates": [ 151.1029574, -33.8821566 ] } },
{ "type": "Feature", "properties": { "name": "Betty Spears Child Care Centre", "lat": -33.924102, "lng": 151.1590269 }, "geometry": { "type": "Point", "coordinates": [ 151.1590269, -33.924102 ] } },
{ "type": "Feature", "properties": { "name": "Burwood Montessori Academy", "lat": -33.873069, "lng": 151.1031849 }, "geometry": { "type": "Point", "coordinates": [ 151.1031849, -33.873069 ] } },
{ "type": "Feature", "properties": { "name": "The Tree House", "lat": -33.8715949, "lng": 151.2088169 }, "geometry": { "type": "Point", "coordinates": [ 151.2088169, -33.8715949 ] } },
{ "type": "Feature", "properties": { "name": "KU James Cahill Preschool", "lat": -33.8967651, "lng": 151.2060007 }, "geometry": { "type": "Point", "coordinates": [ 151.2060007, -33.8967651 ] } },
{ "type": "Feature", "properties": { "name": "Little Bees Childcare Burwood", "lat": -33.8784196, "lng": 151.102158 }, "geometry": { "type": "Point", "coordinates": [ 151.102158, -33.8784196 ] } },
{ "type": "Feature", "properties": { "name": "Fort Street OSHClub", "lat": -33.8604211, "lng": 151.2049236 }, "geometry": { "type": "Point", "coordinates": [ 151.2049236, -33.8604211 ] } },
{ "type": "Feature", "properties": { "name": "Hunters Hill Out Of School Hours", "lat": -33.8348632, "lng": 151.1515286 }, "geometry": { "type": "Point", "coordinates": [ 151.1515286, -33.8348632 ] } },
{ "type": "Feature", "properties": { "name": "The Green Elephant Early Learning Centre Waterloo", "lat": -33.9016832, "lng": 151.2036819 }, "geometry": { "type": "Point", "coordinates": [ 151.2036819, -33.9016832 ] } },
{ "type": "Feature", "properties": { "name": "Kinda-Mindi Early Learning Centre, Alexandria", "lat": -33.9109625, "lng": 151.1955308 }, "geometry": { "type": "Point", "coordinates": [ 151.1955308, -33.9109625 ] } },
{ "type": "Feature", "properties": { "name": "Montessori In Home Early Learning Professionals (MIHELP)", "lat": -33.87692436, "lng": 151.1013894 }, "geometry": { "type": "Point", "coordinates": [ 151.1013894, -33.87692436 ] } },
{ "type": "Feature", "properties": { "name": "Uniting MLC School Outside School Hours Care Burwood", "lat": -33.8708053, "lng": 151.1022175 }, "geometry": { "type": "Point", "coordinates": [ 151.1022175, -33.8708053 ] } },
{ "type": "Feature", "properties": { "name": "Young Giants OLMC Waterloo", "lat": -33.899576, "lng": 151.2057069 }, "geometry": { "type": "Point", "coordinates": [ 151.2057069, -33.899576 ] } },
{ "type": "Feature", "properties": { "name": "The Joey Club Sydney", "lat": -33.9066359, "lng": 151.2006823 }, "geometry": { "type": "Point", "coordinates": [ 151.2006823, -33.9066359 ] } },
{ "type": "Feature", "properties": { "name": "Elm St Early Learning Centre", "lat": -33.8901378, "lng": 151.102596 }, "geometry": { "type": "Point", "coordinates": [ 151.102596, -33.8901378 ] } },
{ "type": "Feature", "properties": { "name": "Hunters Hill Pre-School", "lat": -33.8346236, "lng": 151.1470186 }, "geometry": { "type": "Point", "coordinates": [ 151.1470186, -33.8346236 ] } },
{ "type": "Feature", "properties": { "name": "Robyn Taylor Child Development Centre", "lat": -33.8840786, "lng": 151.1010235 }, "geometry": { "type": "Point", "coordinates": [ 151.1010235, -33.8840786 ] } },
{ "type": "Feature", "properties": { "name": "Wonder Garden Early Learning Centre", "lat": -33.8615451, "lng": 151.207077 }, "geometry": { "type": "Point", "coordinates": [ 151.207077, -33.8615451 ] } },
{ "type": "Feature", "properties": { "name": "St Mary's Concord Out of School Hours Child Care Centre Incorporated", "lat": -33.8678411, "lng": 151.1024149 }, "geometry": { "type": "Point", "coordinates": [ 151.1024149, -33.8678411 ] } },
{ "type": "Feature", "properties": { "name": "Explore & Develop Castlereagh Street, Sydney", "lat": -33.8668929, "lng": 151.2095958 }, "geometry": { "type": "Point", "coordinates": [ 151.2095958, -33.8668929 ] } },
{ "type": "Feature", "properties": { "name": "Camp Australia - Undercliffe Public School OSHC", "lat": -33.9251394, "lng": 151.1451135 }, "geometry": { "type": "Point", "coordinates": [ 151.1451135, -33.9251394 ] } },
{ "type": "Feature", "properties": { "name": "KGV Outside School Hours Care", "lat": -33.8596813, "lng": 151.206647 }, "geometry": { "type": "Point", "coordinates": [ 151.206647, -33.8596813 ] } },
{ "type": "Feature", "properties": { "name": "Little Zak's Academy Burwood Heights", "lat": -33.8913777, "lng": 151.1016151 }, "geometry": { "type": "Point", "coordinates": [ 151.1016151, -33.8913777 ] } },
{ "type": "Feature", "properties": { "name": "Poet's Corner Kindergarten", "lat": -33.8950071, "lng": 151.2094229 }, "geometry": { "type": "Point", "coordinates": [ 151.2094229, -33.8950071 ] } },
{ "type": "Feature", "properties": { "name": "YMCA Burwood OSHC", "lat": -33.8769473, "lng": 151.0997346 }, "geometry": { "type": "Point", "coordinates": [ 151.0997346, -33.8769473 ] } },
{ "type": "Feature", "properties": { "name": "SDN Surry Hills Children's Education and Care Centre", "lat": -33.886838, "lng": 151.2120364 }, "geometry": { "type": "Point", "coordinates": [ 151.2120364, -33.886838 ] } },
{ "type": "Feature", "properties": { "name": "Alexandria Montessori Academy", "lat": -33.9161044, "lng": 151.1919936 }, "geometry": { "type": "Point", "coordinates": [ 151.1919936, -33.9161044 ] } },
{ "type": "Feature", "properties": { "name": "SCECS OSHC St Joseph's Enfield", "lat": -33.8878322, "lng": 151.100286 }, "geometry": { "type": "Point", "coordinates": [ 151.100286, -33.8878322 ] } },
{ "type": "Feature", "properties": { "name": "Surry Hills Outside School Hours Care", "lat": -33.8869525, "lng": 151.2124837 }, "geometry": { "type": "Point", "coordinates": [ 151.2124837, -33.8869525 ] } },
{ "type": "Feature", "properties": { "name": "Striving Stars Early Learning Centre", "lat": -33.8972874, "lng": 151.103132 }, "geometry": { "type": "Point", "coordinates": [ 151.103132, -33.8972874 ] } },
{ "type": "Feature", "properties": { "name": "The Girls & Boys Brigade", "lat": -33.8869757, "lng": 151.2125029 }, "geometry": { "type": "Point", "coordinates": [ 151.2125029, -33.8869757 ] } },
{ "type": "Feature", "properties": { "name": "Guardian Childcare & Education Phillip Street", "lat": -33.867247, "lng": 151.2115647 }, "geometry": { "type": "Point", "coordinates": [ 151.2115647, -33.867247 ] } },
{ "type": "Feature", "properties": { "name": "Guardian Childcare & Education Tempe", "lat": -33.9274713, "lng": 151.1595978 }, "geometry": { "type": "Point", "coordinates": [ 151.1595978, -33.9274713 ] } },
{ "type": "Feature", "properties": { "name": "Only About Children Surry Hills", "lat": -33.8878903, "lng": 151.2129003 }, "geometry": { "type": "Point", "coordinates": [ 151.2129003, -33.8878903 ] } },
{ "type": "Feature", "properties": { "name": "Jane's Place Early Learning Centre Alexandria", "lat": -33.915952, "lng": 151.1938281 }, "geometry": { "type": "Point", "coordinates": [ 151.1938281, -33.915952 ] } },
{ "type": "Feature", "properties": { "name": "Kids World Kindy Burwood", "lat": -33.8865941, "lng": 151.0989497 }, "geometry": { "type": "Point", "coordinates": [ 151.0989497, -33.8865941 ] } },
{ "type": "Feature", "properties": { "name": "Surry Hills Neighbourhood Centre Long Day Care", "lat": -33.8860038, "lng": 151.2136592 }, "geometry": { "type": "Point", "coordinates": [ 151.2136592, -33.8860038 ] } },
{ "type": "Feature", "properties": { "name": "My Early Learning Centre Earlwood", "lat": -33.9213219, "lng": 151.1264613 }, "geometry": { "type": "Point", "coordinates": [ 151.1264613, -33.9213219 ] } },
{ "type": "Feature", "properties": { "name": "The Green Elephant Early Learning Centre Beaconsfield", "lat": -33.9130764, "lng": 151.1985634 }, "geometry": { "type": "Point", "coordinates": [ 151.1985634, -33.9130764 ] } },
{ "type": "Feature", "properties": { "name": "Greenwood Hunters Hill", "lat": -33.8321365, "lng": 151.1449166 }, "geometry": { "type": "Point", "coordinates": [ 151.1449166, -33.8321365 ] } },
{ "type": "Feature", "properties": { "name": "Genesis Kids Long Day Care Centre", "lat": -33.9053076, "lng": 151.1064384 }, "geometry": { "type": "Point", "coordinates": [ 151.1064384, -33.9053076 ] } },
{ "type": "Feature", "properties": { "name": "KU - Burwood Preschool", "lat": -33.8831243, "lng": 151.0976792 }, "geometry": { "type": "Point", "coordinates": [ 151.0976792, -33.8831243 ] } },
{ "type": "Feature", "properties": { "name": "SCECS OSHC St Mary's Cathedral", "lat": -33.8714067, "lng": 151.2139155 }, "geometry": { "type": "Point", "coordinates": [ 151.2139155, -33.8714067 ] } },
{ "type": "Feature", "properties": { "name": "Little Angels at Mascot Central", "lat": -33.9224772, "lng": 151.1843686 }, "geometry": { "type": "Point", "coordinates": [ 151.1843686, -33.9224772 ] } },
{ "type": "Feature", "properties": { "name": "MindChamps Early Learning @ Mascot 2", "lat": -33.9224772, "lng": 151.1843686 }, "geometry": { "type": "Point", "coordinates": [ 151.1843686, -33.9224772 ] } },
{ "type": "Feature", "properties": { "name": "Green Trees Early Learning Centre Croydon Park", "lat": -33.8996013, "lng": 151.1023886 }, "geometry": { "type": "Point", "coordinates": [ 151.1023886, -33.8996013 ] } },
{ "type": "Feature", "properties": { "name": "Surry Hills Neighbourhood Centre - Crown St OSHC: After School Care", "lat": -33.882275, "lng": 151.2150253 }, "geometry": { "type": "Point", "coordinates": [ 151.2150253, -33.882275 ] } },
{ "type": "Feature", "properties": { "name": "Earlwood Montessori Academy", "lat": -33.9225949, "lng": 151.1273033 }, "geometry": { "type": "Point", "coordinates": [ 151.1273033, -33.9225949 ] } },
{ "type": "Feature", "properties": { "name": "Alexandria Early Education Pty Ltd", "lat": -33.9188156, "lng": 151.1918945 }, "geometry": { "type": "Point", "coordinates": [ 151.1918945, -33.9188156 ] } },
{ "type": "Feature", "properties": { "name": "KU - John J Carroll Preschool", "lat": -33.8867343, "lng": 151.2148521 }, "geometry": { "type": "Point", "coordinates": [ 151.2148521, -33.8867343 ] } },
{ "type": "Feature", "properties": { "name": "Daisy Learning Centre", "lat": -33.9040915, "lng": 151.1044135 }, "geometry": { "type": "Point", "coordinates": [ 151.1044135, -33.9040915 ] } },
{ "type": "Feature", "properties": { "name": "Cabarita Mortlake Kindergarten", "lat": -33.8495812, "lng": 151.1091302 }, "geometry": { "type": "Point", "coordinates": [ 151.1091302, -33.8495812 ] } },
{ "type": "Feature", "properties": { "name": "KU Phillip Park Children's Centre", "lat": -33.8729204, "lng": 151.2150936 }, "geometry": { "type": "Point", "coordinates": [ 151.2150936, -33.8729204 ] } },
{ "type": "Feature", "properties": { "name": "Concord Kindergarten", "lat": -33.8538342, "lng": 151.1054057 }, "geometry": { "type": "Point", "coordinates": [ 151.1054057, -33.8538342 ] } },
{ "type": "Feature", "properties": { "name": "Surry Hills Montessori Childcare & Preschool", "lat": -33.8934991, "lng": 151.2136801 }, "geometry": { "type": "Point", "coordinates": [ 151.2136801, -33.8934991 ] } },
{ "type": "Feature", "properties": { "name": "Forever Green Montessori", "lat": -33.8929233, "lng": 151.2138414 }, "geometry": { "type": "Point", "coordinates": [ 151.2138414, -33.8929233 ] } },
{ "type": "Feature", "properties": { "name": "Integricare Early Learning Centre Turrella", "lat": -33.929178, "lng": 151.148167 }, "geometry": { "type": "Point", "coordinates": [ 151.148167, -33.929178 ] } },
{ "type": "Feature", "properties": { "name": "The Montessori Preschool & LDC of Sydney PTY LTD", "lat": -33.9068976, "lng": 151.2067566 }, "geometry": { "type": "Point", "coordinates": [ 151.2067566, -33.9068976 ] } },
{ "type": "Feature", "properties": { "name": "Surry Hills Early Learning Centre", "lat": -33.8908423, "lng": 151.2149684 }, "geometry": { "type": "Point", "coordinates": [ 151.2149684, -33.8908423 ] } },
{ "type": "Feature", "properties": { "name": "Thrive Early Learning  Centre Waterloo", "lat": -33.9007584, "lng": 151.2109082 }, "geometry": { "type": "Point", "coordinates": [ 151.2109082, -33.9007584 ] } },
{ "type": "Feature", "properties": { "name": "Little Lions Mascot", "lat": -33.9235476, "lng": 151.1857323 }, "geometry": { "type": "Point", "coordinates": [ 151.1857323, -33.9235476 ] } },
{ "type": "Feature", "properties": { "name": "Active Kids - Mascot", "lat": -33.9218325, "lng": 151.1895438 }, "geometry": { "type": "Point", "coordinates": [ 151.1895438, -33.9218325 ] } },
{ "type": "Feature", "properties": { "name": "Whoosh Care Surry Hills", "lat": -33.8904635, "lng": 151.2158168 }, "geometry": { "type": "Point", "coordinates": [ 151.2158168, -33.8904635 ] } },
{ "type": "Feature", "properties": { "name": "Little Sprouts Early Education Moore Park", "lat": -33.8995408, "lng": 151.2124532 }, "geometry": { "type": "Point", "coordinates": [ 151.2124532, -33.8995408 ] } },
{ "type": "Feature", "properties": { "name": "TeamKids - Canterbury South Public School", "lat": -33.9178136, "lng": 151.1157954 }, "geometry": { "type": "Point", "coordinates": [ 151.1157954, -33.9178136 ] } },
{ "type": "Feature", "properties": { "name": "East Sydney Early Learning", "lat": -33.8774728, "lng": 151.2172793 }, "geometry": { "type": "Point", "coordinates": [ 151.2172793, -33.8774728 ] } },
{ "type": "Feature", "properties": { "name": "Story House Early Learning Mascot", "lat": -33.924509, "lng": 151.1850659 }, "geometry": { "type": "Point", "coordinates": [ 151.1850659, -33.924509 ] } },
{ "type": "Feature", "properties": { "name": "Waranara Early Education Centre", "lat": -33.9086729, "lng": 151.2065374 }, "geometry": { "type": "Point", "coordinates": [ 151.2065374, -33.9086729 ] } },
{ "type": "Feature", "properties": { "name": "Jenny's Kindergarten & Early Learning Campsie", "lat": -33.9087523, "lng": 151.1057786 }, "geometry": { "type": "Point", "coordinates": [ 151.1057786, -33.9087523 ] } },
{ "type": "Feature", "properties": { "name": "St Mary Early Learning Centre", "lat": -33.8480987, "lng": 151.1080338 }, "geometry": { "type": "Point", "coordinates": [ 151.1080338, -33.8480987 ] } },
{ "type": "Feature", "properties": { "name": "TWINKLE CHILD CARE CENTRE", "lat": -33.9163708, "lng": 151.1131731 }, "geometry": { "type": "Point", "coordinates": [ 151.1131731, -33.9163708 ] } },
{ "type": "Feature", "properties": { "name": "Learn & Laugh", "lat": -33.9195846, "lng": 151.1949 }, "geometry": { "type": "Point", "coordinates": [ 151.1949, -33.9195846 ] } },
{ "type": "Feature", "properties": { "name": "Beaumaris Street Early Learning Centre", "lat": -33.887699, "lng": 151.094645 }, "geometry": { "type": "Point", "coordinates": [ 151.094645, -33.887699 ] } },
{ "type": "Feature", "properties": { "name": "SCEGGS Darlinghurst", "lat": -33.876335, "lng": 151.2184632 }, "geometry": { "type": "Point", "coordinates": [ 151.2184632, -33.876335 ] } },
{ "type": "Feature", "properties": { "name": "Canterbury Family Day Care", "lat": -33.9077151, "lng": 151.1035944 }, "geometry": { "type": "Point", "coordinates": [ 151.1035944, -33.9077151 ] } },
{ "type": "Feature", "properties": { "name": "SCECS OSHC Villa Maria Hunters Hill", "lat": -33.8303147, "lng": 151.1369834 }, "geometry": { "type": "Point", "coordinates": [ 151.1369834, -33.8303147 ] } },
{ "type": "Feature", "properties": { "name": "YOUNG ACADEMICS EARLY LEARNING CENTRE CANTERBURY", "lat": -33.9158906, "lng": 151.1111293 }, "geometry": { "type": "Point", "coordinates": [ 151.1111293, -33.9158906 ] } },
{ "type": "Feature", "properties": { "name": "Moore Park Gardens Preschool & Long Day Care Centre", "lat": -33.8968911, "lng": 151.2152054 }, "geometry": { "type": "Point", "coordinates": [ 151.2152054, -33.8968911 ] } },
{ "type": "Feature", "properties": { "name": "Little Lion Early Learning PTY LTD", "lat": -33.8986261, "lng": 151.2146385 }, "geometry": { "type": "Point", "coordinates": [ 151.2146385, -33.8986261 ] } },
{ "type": "Feature", "properties": { "name": "Earlwood Children's Centre", "lat": -33.9216018, "lng": 151.1187103 }, "geometry": { "type": "Point", "coordinates": [ 151.1187103, -33.9216018 ] } },
{ "type": "Feature", "properties": { "name": "Enfield Public School OOSH", "lat": -33.8886079, "lng": 151.0941344 }, "geometry": { "type": "Point", "coordinates": [ 151.0941344, -33.8886079 ] } },
{ "type": "Feature", "properties": { "name": "CASS Gumnut Early Learning Centre - Campsie", "lat": -33.9040913, "lng": 151.1004175 }, "geometry": { "type": "Point", "coordinates": [ 151.1004175, -33.9040913 ] } },
{ "type": "Feature", "properties": { "name": "St Mels OSHC Centre", "lat": -33.9113312, "lng": 151.105907 }, "geometry": { "type": "Point", "coordinates": [ 151.105907, -33.9113312 ] } },
{ "type": "Feature", "properties": { "name": "The After School Klub Arncliffe West", "lat": -33.931233, "lng": 151.14476 }, "geometry": { "type": "Point", "coordinates": [ 151.14476, -33.931233 ] } },
{ "type": "Feature", "properties": { "name": "Arncliffe West Infants Preschool", "lat": -33.931233, "lng": 151.14476 }, "geometry": { "type": "Point", "coordinates": [ 151.14476, -33.931233 ] } },
{ "type": "Feature", "properties": { "name": "Santa Sabina Out of School Hours Care Centre", "lat": -33.8755488, "lng": 151.0930381 }, "geometry": { "type": "Point", "coordinates": [ 151.0930381, -33.8755488 ] } },
{ "type": "Feature", "properties": { "name": "Sun Preschool", "lat": -33.9142064, "lng": 151.108366 }, "geometry": { "type": "Point", "coordinates": [ 151.108366, -33.9142064 ] } },
{ "type": "Feature", "properties": { "name": "Lane Cove West Montessori Academy", "lat": -33.8278954, "lng": 151.1457416 }, "geometry": { "type": "Point", "coordinates": [ 151.1457416, -33.8278954 ] } },
{ "type": "Feature", "properties": { "name": "Little Zak's Academy Hunters Hill", "lat": -33.8290572, "lng": 151.1390324 }, "geometry": { "type": "Point", "coordinates": [ 151.1390324, -33.8290572 ] } },
{ "type": "Feature", "properties": { "name": "Adams Lane ELC", "lat": -33.8456453, "lng": 151.1076784 }, "geometry": { "type": "Point", "coordinates": [ 151.1076784, -33.8456453 ] } },
{ "type": "Feature", "properties": { "name": "Little Genius Academy Childcare", "lat": -33.8464105, "lng": 151.1068024 }, "geometry": { "type": "Point", "coordinates": [ 151.1068024, -33.8464105 ] } },
{ "type": "Feature", "properties": { "name": "Little Lion Waterloo", "lat": -33.9020526, "lng": 151.2139104 }, "geometry": { "type": "Point", "coordinates": [ 151.2139104, -33.9020526 ] } },
{ "type": "Feature", "properties": { "name": "Toybox Early Learning", "lat": -33.9255321, "lng": 151.1882984 }, "geometry": { "type": "Point", "coordinates": [ 151.1882984, -33.9255321 ] } },
{ "type": "Feature", "properties": { "name": "Learn & Laugh", "lat": -33.911824, "lng": 151.2069007 }, "geometry": { "type": "Point", "coordinates": [ 151.2069007, -33.911824 ] } },
{ "type": "Feature", "properties": { "name": "Little Star FDC Scheme", "lat": -33.8720669, "lng": 151.0929421 }, "geometry": { "type": "Point", "coordinates": [ 151.0929421, -33.8720669 ] } },
{ "type": "Feature", "properties": { "name": "Giggles and Growth", "lat": -33.9324004, "lng": 151.1485123 }, "geometry": { "type": "Point", "coordinates": [ 151.1485123, -33.9324004 ] } },
{ "type": "Feature", "properties": { "name": "Al Zahra Kingdom", "lat": -33.9324004, "lng": 151.1485123 }, "geometry": { "type": "Point", "coordinates": [ 151.1485123, -33.9324004 ] } },
{ "type": "Feature", "properties": { "name": "The Green Elephant Early Learning Centre", "lat": -33.9157539, "lng": 151.2032321 }, "geometry": { "type": "Point", "coordinates": [ 151.2032321, -33.9157539 ] } },
{ "type": "Feature", "properties": { "name": "TeamKids - Mortlake Public School", "lat": -33.8489164, "lng": 151.1039503 }, "geometry": { "type": "Point", "coordinates": [ 151.1039503, -33.8489164 ] } },
{ "type": "Feature", "properties": { "name": "Kids Academy Rosebery", "lat": -33.9195996, "lng": 151.1987245 }, "geometry": { "type": "Point", "coordinates": [ 151.1987245, -33.9195996 ] } },
{ "type": "Feature", "properties": { "name": "Wellbank Children's Centre", "lat": -33.8568239, "lng": 151.0982252 }, "geometry": { "type": "Point", "coordinates": [ 151.0982252, -33.8568239 ] } },
{ "type": "Feature", "properties": { "name": "Little Bees Childcare Rosebery", "lat": -33.9131463, "lng": 151.20616 }, "geometry": { "type": "Point", "coordinates": [ 151.20616, -33.9131463 ] } },
{ "type": "Feature", "properties": { "name": "Mary Bailey House Early Education Centre", "lat": -33.8756883, "lng": 151.092175 }, "geometry": { "type": "Point", "coordinates": [ 151.092175, -33.8756883 ] } },
{ "type": "Feature", "properties": { "name": "TeamKids - Gladesville Public School", "lat": -33.8324782, "lng": 151.1263738 }, "geometry": { "type": "Point", "coordinates": [ 151.1263738, -33.8324782 ] } },
{ "type": "Feature", "properties": { "name": "Little Voyagers Early Learning Centre Strathfield", "lat": -33.8864501, "lng": 151.0923328 }, "geometry": { "type": "Point", "coordinates": [ 151.0923328, -33.8864501 ] } },
{ "type": "Feature", "properties": { "name": "WOODGREEN EARLY LEARNING CENTRE", "lat": -33.8783872, "lng": 151.0918778 }, "geometry": { "type": "Point", "coordinates": [ 151.0918778, -33.8783872 ] } },
{ "type": "Feature", "properties": { "name": "Plunkett Street Public School Preschool", "lat": -33.8723293, "lng": 151.2198183 }, "geometry": { "type": "Point", "coordinates": [ 151.2198183, -33.8723293 ] } },
{ "type": "Feature", "properties": { "name": "Concord Occasional Childcare - Concord Cubby", "lat": -33.85660166, "lng": 151.098164 }, "geometry": { "type": "Point", "coordinates": [ 151.098164, -33.85660166 ] } },
{ "type": "Feature", "properties": { "name": "The Montessori Preschool & LDC of Sydney", "lat": -33.9245297, "lng": 151.1912235 }, "geometry": { "type": "Point", "coordinates": [ 151.1912235, -33.9245297 ] } },
{ "type": "Feature", "properties": { "name": "Kindisaurus CCC", "lat": -33.9233801, "lng": 151.1935026 }, "geometry": { "type": "Point", "coordinates": [ 151.1935026, -33.9233801 ] } },
{ "type": "Feature", "properties": { "name": "Camp Australia - Meriden Anglican School for Girls OSHC", "lat": -33.873974, "lng": 151.0920468 }, "geometry": { "type": "Point", "coordinates": [ 151.0920468, -33.873974 ] } },
{ "type": "Feature", "properties": { "name": "Campsie OSHC Centre", "lat": -33.9123515, "lng": 151.1049593 }, "geometry": { "type": "Point", "coordinates": [ 151.1049593, -33.9123515 ] } },
{ "type": "Feature", "properties": { "name": "Gardeners Road OSHCLUB", "lat": -33.9207156, "lng": 151.197734 }, "geometry": { "type": "Point", "coordinates": [ 151.197734, -33.9207156 ] } },
{ "type": "Feature", "properties": { "name": "Endeavour Early Education Concord", "lat": -33.8501909, "lng": 151.1022066 }, "geometry": { "type": "Point", "coordinates": [ 151.1022066, -33.8501909 ] } },
{ "type": "Feature", "properties": { "name": "Victoria Park Montessori Academy", "lat": -33.9052662, "lng": 151.2130838 }, "geometry": { "type": "Point", "coordinates": [ 151.2130838, -33.9052662 ] } },
{ "type": "Feature", "properties": { "name": "Active Kids Moore Park", "lat": -33.9043291, "lng": 151.2136306 }, "geometry": { "type": "Point", "coordinates": [ 151.2136306, -33.9043291 ] } },
{ "type": "Feature", "properties": { "name": "SCECS OSHC Our Lady of Lourdes Earlwood", "lat": -33.9277911, "lng": 151.1265219 }, "geometry": { "type": "Point", "coordinates": [ 151.1265219, -33.9277911 ] } },
{ "type": "Feature", "properties": { "name": "Earlwood Preschool", "lat": -33.9273899, "lng": 151.1254195 }, "geometry": { "type": "Point", "coordinates": [ 151.1254195, -33.9273899 ] } },
{ "type": "Feature", "properties": { "name": "Trinity Grammar Prep School Strathfield OSHClub", "lat": -33.8818775, "lng": 151.0910816 }, "geometry": { "type": "Point", "coordinates": [ 151.0910816, -33.8818775 ] } },
{ "type": "Feature", "properties": { "name": "Greenwich Out of School Hours Inc", "lat": -33.8316519, "lng": 151.1865618 }, "geometry": { "type": "Point", "coordinates": [ 151.1865618, -33.8316519 ] } },
{ "type": "Feature", "properties": { "name": "Explore and Develop - Breakfast Point", "lat": -33.8427649, "lng": 151.1082171 }, "geometry": { "type": "Point", "coordinates": [ 151.1082171, -33.8427649 ] } },
{ "type": "Feature", "properties": { "name": "Ladybugs Daycare", "lat": -33.9329383, "lng": 151.1426409 }, "geometry": { "type": "Point", "coordinates": [ 151.1426409, -33.9329383 ] } },
{ "type": "Feature", "properties": { "name": "SDN Woolloomooloo Children's Education and Care Centre", "lat": -33.8732564, "lng": 151.2212355 }, "geometry": { "type": "Point", "coordinates": [ 151.2212355, -33.8732564 ] } },
{ "type": "Feature", "properties": { "name": "Star Academy Kids - Campsie", "lat": -33.9172851, "lng": 151.1082358 }, "geometry": { "type": "Point", "coordinates": [ 151.1082358, -33.9172851 ] } },
{ "type": "Feature", "properties": { "name": "Little Zak's Academy Gladesville", "lat": -33.8305356, "lng": 151.1273488 }, "geometry": { "type": "Point", "coordinates": [ 151.1273488, -33.8305356 ] } },
{ "type": "Feature", "properties": { "name": "Woolloomooloo Outside School Hours Care", "lat": -33.8702571, "lng": 151.2211679 }, "geometry": { "type": "Point", "coordinates": [ 151.2211679, -33.8702571 ] } },
{ "type": "Feature", "properties": { "name": "Guthrie Child Care Centre", "lat": -33.8337529, "lng": 151.1920089 }, "geometry": { "type": "Point", "coordinates": [ 151.1920089, -33.8337529 ] } },
{ "type": "Feature", "properties": { "name": "Daystars Bardwell Valley", "lat": -33.9323557, "lng": 151.1375433 }, "geometry": { "type": "Point", "coordinates": [ 151.1375433, -33.9323557 ] } },
{ "type": "Feature", "properties": { "name": "McMahons Point Community Preschool and Early Learning Centre", "lat": -33.8429792, "lng": 151.2051192 }, "geometry": { "type": "Point", "coordinates": [ 151.2051192, -33.8429792 ] } },
{ "type": "Feature", "properties": { "name": "Rosebery Cottage", "lat": -33.9173025, "lng": 151.2045298 }, "geometry": { "type": "Point", "coordinates": [ 151.2045298, -33.9173025 ] } },
{ "type": "Feature", "properties": { "name": "Christ Church Gladesville Pre-School", "lat": -33.8306876, "lng": 151.1261428 }, "geometry": { "type": "Point", "coordinates": [ 151.1261428, -33.8306876 ] } },
{ "type": "Feature", "properties": { "name": "Little Sprouts Early Education Zetland", "lat": -33.9091725, "lng": 151.2122002 }, "geometry": { "type": "Point", "coordinates": [ 151.2122002, -33.9091725 ] } },
{ "type": "Feature", "properties": { "name": "Papilio Early Learning Rosebery", "lat": -33.9143702, "lng": 151.2080028 }, "geometry": { "type": "Point", "coordinates": [ 151.2080028, -33.9143702 ] } },
{ "type": "Feature", "properties": { "name": "Botany Family Day Care", "lat": -33.9254805, "lng": 151.1938984 }, "geometry": { "type": "Point", "coordinates": [ 151.1938984, -33.9254805 ] } },
{ "type": "Feature", "properties": { "name": "Jennys Kindergarten and Early Learning Centre - Mortlake", "lat": -33.842177, "lng": 151.1071209 }, "geometry": { "type": "Point", "coordinates": [ 151.1071209, -33.842177 ] } },
{ "type": "Feature", "properties": { "name": "Morning Star Christian Childcare Centre", "lat": -33.9203273, "lng": 151.2016613 }, "geometry": { "type": "Point", "coordinates": [ 151.2016613, -33.9203273 ] } },
{ "type": "Feature", "properties": { "name": "CASS Family Day Care", "lat": -33.9046425, "lng": 151.0963369 }, "geometry": { "type": "Point", "coordinates": [ 151.0963369, -33.9046425 ] } },
{ "type": "Feature", "properties": { "name": "Gladesville Occasional Child Care Centre", "lat": -33.82926198, "lng": 151.1276631 }, "geometry": { "type": "Point", "coordinates": [ 151.1276631, -33.82926198 ] } },
{ "type": "Feature", "properties": { "name": "Team Holiday - Earlwood Public School", "lat": -33.928257, "lng": 151.1228206 }, "geometry": { "type": "Point", "coordinates": [ 151.1228206, -33.928257 ] } },
{ "type": "Feature", "properties": { "name": "Earlwood Caring For Kids", "lat": -33.9282696, "lng": 151.1228174 }, "geometry": { "type": "Point", "coordinates": [ 151.1228174, -33.9282696 ] } },
{ "type": "Feature", "properties": { "name": "Darlo Play Centre", "lat": -33.8785078, "lng": 151.2234204 }, "geometry": { "type": "Point", "coordinates": [ 151.2234204, -33.8785078 ] } },
{ "type": "Feature", "properties": { "name": "Kensington Kids Kingdom Early Learning Centre", "lat": -33.9056853, "lng": 151.2158677 }, "geometry": { "type": "Point", "coordinates": [ 151.2158677, -33.9056853 ] } },
{ "type": "Feature", "properties": { "name": "Senses ELC Milsons Point", "lat": -33.84739, "lng": 151.211357 }, "geometry": { "type": "Point", "coordinates": [ 151.211357, -33.84739 ] } },
{ "type": "Feature", "properties": { "name": "St Joseph's Preschool and Long Day Care Service Rosebery", "lat": -33.9161883, "lng": 151.2078413 }, "geometry": { "type": "Point", "coordinates": [ 151.2078413, -33.9161883 ] } },
{ "type": "Feature", "properties": { "name": "Cubby College", "lat": -33.8543643, "lng": 151.0956758 }, "geometry": { "type": "Point", "coordinates": [ 151.0956758, -33.8543643 ] } },
{ "type": "Feature", "properties": { "name": "Mirrabrook Early Learning Centre Limited", "lat": -33.8234877, "lng": 151.1554775 }, "geometry": { "type": "Point", "coordinates": [ 151.1554775, -33.8234877 ] } },
{ "type": "Feature", "properties": { "name": "Goodstart Early Learning Kensington", "lat": -33.9052288, "lng": 151.2166646 }, "geometry": { "type": "Point", "coordinates": [ 151.2166646, -33.9052288 ] } },
{ "type": "Feature", "properties": { "name": "Kensington Castle Early Education Centre", "lat": -33.9089483, "lng": 151.2143954 }, "geometry": { "type": "Point", "coordinates": [ 151.2143954, -33.9089483 ] } },
{ "type": "Feature", "properties": { "name": "SCECS OSHC St Joseph's Rosebery", "lat": -33.9167393, "lng": 151.2075239 }, "geometry": { "type": "Point", "coordinates": [ 151.2075239, -33.9167393 ] } },
{ "type": "Feature", "properties": { "name": "Wee Wonders Childcare Centre", "lat": -33.9096336, "lng": 151.2139552 }, "geometry": { "type": "Point", "coordinates": [ 151.2139552, -33.9096336 ] } },
{ "type": "Feature", "properties": { "name": "Lavender Bay Preschool", "lat": -33.8430588, "lng": 151.2080133 }, "geometry": { "type": "Point", "coordinates": [ 151.2080133, -33.8430588 ] } },
{ "type": "Feature", "properties": { "name": "Kinderoos Arncliffe Preschool Campus", "lat": -33.935866, "lng": 151.1469766 }, "geometry": { "type": "Point", "coordinates": [ 151.1469766, -33.935866 ] } },
{ "type": "Feature", "properties": { "name": "Playbright Rosebery", "lat": -33.9153272, "lng": 151.2095612 }, "geometry": { "type": "Point", "coordinates": [ 151.2095612, -33.9153272 ] } },
{ "type": "Feature", "properties": { "name": "Earlwood Uniting Church Preschool", "lat": -33.927963, "lng": 151.119782 }, "geometry": { "type": "Point", "coordinates": [ 151.119782, -33.927963 ] } },
{ "type": "Feature", "properties": { "name": "Carrington Occasional Care", "lat": -33.91254253, "lng": 151.0997037 }, "geometry": { "type": "Point", "coordinates": [ 151.0997037, -33.91254253 ] } },
{ "type": "Feature", "properties": { "name": "SCECS OSHC St Martha's Strathfield", "lat": -33.8738916, "lng": 151.0876012 }, "geometry": { "type": "Point", "coordinates": [ 151.0876012, -33.8738916 ] } },
{ "type": "Feature", "properties": { "name": "KU - Greenwich Community Preschool", "lat": -33.8292258, "lng": 151.188435 }, "geometry": { "type": "Point", "coordinates": [ 151.188435, -33.8292258 ] } },
{ "type": "Feature", "properties": { "name": "SCECS OSHC St Patrick's Mortlake", "lat": -33.8402512, "lng": 151.1062343 }, "geometry": { "type": "Point", "coordinates": [ 151.1062343, -33.8402512 ] } },
{ "type": "Feature", "properties": { "name": "Carrington Preschool", "lat": -33.9127572, "lng": 151.0997859 }, "geometry": { "type": "Point", "coordinates": [ 151.0997859, -33.9127572 ] } },
{ "type": "Feature", "properties": { "name": "Love of Learning Early Learning Centre", "lat": -33.8993058, "lng": 151.0909224 }, "geometry": { "type": "Point", "coordinates": [ 151.0909224, -33.8993058 ] } },
{ "type": "Feature", "properties": { "name": "St Marks Vacation Care Ltd", "lat": -33.9364251, "lng": 151.1437105 }, "geometry": { "type": "Point", "coordinates": [ 151.1437105, -33.9364251 ] } },
{ "type": "Feature", "properties": { "name": "North Strathfield Kids Out of School Hours Care", "lat": -33.856829, "lng": 151.0924486 }, "geometry": { "type": "Point", "coordinates": [ 151.0924486, -33.856829 ] } },
{ "type": "Feature", "properties": { "name": "Integricare Early Learning Centre North Strathfield", "lat": -33.856829, "lng": 151.0924486 }, "geometry": { "type": "Point", "coordinates": [ 151.0924486, -33.856829 ] } },
{ "type": "Feature", "properties": { "name": "Toybox Early Learning", "lat": -33.8401915, "lng": 151.2067796 }, "geometry": { "type": "Point", "coordinates": [ 151.2067796, -33.8401915 ] } },
{ "type": "Feature", "properties": { "name": "Kinderoos Rosebery", "lat": -33.9192285, "lng": 151.2069018 }, "geometry": { "type": "Point", "coordinates": [ 151.2069018, -33.9192285 ] } },
{ "type": "Feature", "properties": { "name": "Shiny Star Play Centre OSHC", "lat": -33.8642996, "lng": 151.0889803 }, "geometry": { "type": "Point", "coordinates": [ 151.0889803, -33.8642996 ] } },
{ "type": "Feature", "properties": { "name": "SHORE Preparatory School North Sydney OSHC- Extend", "lat": -33.8376912, "lng": 151.204027 }, "geometry": { "type": "Point", "coordinates": [ 151.204027, -33.8376912 ] } },
{ "type": "Feature", "properties": { "name": "Strathfield Montessori Academy", "lat": -33.8782064, "lng": 151.086327 }, "geometry": { "type": "Point", "coordinates": [ 151.086327, -33.8782064 ] } },
{ "type": "Feature", "properties": { "name": "Kira Child Care Centre", "lat": -33.8878491, "lng": 151.2253705 }, "geometry": { "type": "Point", "coordinates": [ 151.2253705, -33.8878491 ] } },
{ "type": "Feature", "properties": { "name": "Camp Australia - St Aloysius College, Kirribilli OSHC", "lat": -33.8466695, "lng": 151.2135688 }, "geometry": { "type": "Point", "coordinates": [ 151.2135688, -33.8466695 ] } },
{ "type": "Feature", "properties": { "name": "KU Greenwood Child Care Centre", "lat": -33.8402237, "lng": 151.2074469 }, "geometry": { "type": "Point", "coordinates": [ 151.2074469, -33.8402237 ] } },
{ "type": "Feature", "properties": { "name": "3Bridges Community Mascot", "lat": -33.929232, "lng": 151.1930244 }, "geometry": { "type": "Point", "coordinates": [ 151.1930244, -33.929232 ] } },
{ "type": "Feature", "properties": { "name": "Mascot Public School Preschool", "lat": -33.929232, "lng": 151.1930244 }, "geometry": { "type": "Point", "coordinates": [ 151.1930244, -33.929232 ] } },
{ "type": "Feature", "properties": { "name": "Only About Children Croydon Park", "lat": -33.8999506, "lng": 151.0903991 }, "geometry": { "type": "Point", "coordinates": [ 151.0903991, -33.8999506 ] } },
{ "type": "Feature", "properties": { "name": "Willow Cottage Early Learning Centre", "lat": -33.836824, "lng": 151.204085 }, "geometry": { "type": "Point", "coordinates": [ 151.204085, -33.836824 ] } },
{ "type": "Feature", "properties": { "name": "Camp Australia - Harcourt Public School OSHC", "lat": -33.909115, "lng": 151.095047 }, "geometry": { "type": "Point", "coordinates": [ 151.095047, -33.909115 ] } },
{ "type": "Feature", "properties": { "name": "Trinity Early Learning Centre", "lat": -33.8245694, "lng": 151.1315358 }, "geometry": { "type": "Point", "coordinates": [ 151.1315358, -33.8245694 ] } },
{ "type": "Feature", "properties": { "name": "Kinderoos (Arncliffe)", "lat": -33.9368946, "lng": 151.1386552 }, "geometry": { "type": "Point", "coordinates": [ 151.1386552, -33.9368946 ] } },
{ "type": "Feature", "properties": { "name": "SCECS OSHC St Therese Mascot", "lat": -33.9254956, "lng": 151.2011902 }, "geometry": { "type": "Point", "coordinates": [ 151.2011902, -33.9254956 ] } },
{ "type": "Feature", "properties": { "name": "LITTLE AND LOVED Early Learning Centre", "lat": -33.8259514, "lng": 151.1264318 }, "geometry": { "type": "Point", "coordinates": [ 151.1264318, -33.8259514 ] } },
{ "type": "Feature", "properties": { "name": "Papilio Early Learning North Strathfield (Blue Campus)", "lat": -33.8621788, "lng": 151.0879574 }, "geometry": { "type": "Point", "coordinates": [ 151.0879574, -33.8621788 ] } },
{ "type": "Feature", "properties": { "name": "Kensington Castle Early Education Centre", "lat": -33.9100641, "lng": 151.2176891 }, "geometry": { "type": "Point", "coordinates": [ 151.2176891, -33.9100641 ] } },
{ "type": "Feature", "properties": { "name": "KU - Osborne Park Preschool", "lat": -33.8226876, "lng": 151.1758848 }, "geometry": { "type": "Point", "coordinates": [ 151.1758848, -33.8226876 ] } },
{ "type": "Feature", "properties": { "name": "SDN Paddington Children's Education and Care Centre", "lat": -33.8827737, "lng": 151.2276504 }, "geometry": { "type": "Point", "coordinates": [ 151.2276504, -33.8827737 ] } },
{ "type": "Feature", "properties": { "name": "Sunshine Kidz", "lat": -33.9334909, "lng": 151.1253473 }, "geometry": { "type": "Point", "coordinates": [ 151.1253473, -33.9334909 ] } },
{ "type": "Feature", "properties": { "name": "Mascot Child Care Centre", "lat": -33.9262504, "lng": 151.2008588 }, "geometry": { "type": "Point", "coordinates": [ 151.2008588, -33.9262504 ] } },
{ "type": "Feature", "properties": { "name": "Camp Australia - Loreto Kirribilli OSHC", "lat": -33.8471385, "lng": 151.2161181 }, "geometry": { "type": "Point", "coordinates": [ 151.2161181, -33.8471385 ] } },
{ "type": "Feature", "properties": { "name": "The After School Klub Athelstane", "lat": -33.9374853, "lng": 151.1383517 }, "geometry": { "type": "Point", "coordinates": [ 151.1383517, -33.9374853 ] } },
{ "type": "Feature", "properties": { "name": "My Early Learning Centre Clemton Park", "lat": -33.9258245, "lng": 151.1106479 }, "geometry": { "type": "Point", "coordinates": [ 151.1106479, -33.9258245 ] } },
{ "type": "Feature", "properties": { "name": "Yaralla Child Care Centre", "lat": -33.8484464, "lng": 151.0950629 }, "geometry": { "type": "Point", "coordinates": [ 151.0950629, -33.8484464 ] } },
{ "type": "Feature", "properties": { "name": "Alphabeta Gladesville OOSH", "lat": -33.8251757, "lng": 151.1270261 }, "geometry": { "type": "Point", "coordinates": [ 151.1270261, -33.8251757 ] } },
{ "type": "Feature", "properties": { "name": "Inspire Boronia Park", "lat": -33.8227308, "lng": 151.1343575 }, "geometry": { "type": "Point", "coordinates": [ 151.1343575, -33.8227308 ] } },
{ "type": "Feature", "properties": { "name": "Blue Umbrella", "lat": -33.8210717, "lng": 151.1702933 }, "geometry": { "type": "Point", "coordinates": [ 151.1702933, -33.8210717 ] } },
{ "type": "Feature", "properties": { "name": "Currambena Preschool", "lat": -33.8210717, "lng": 151.1702933 }, "geometry": { "type": "Point", "coordinates": [ 151.1702933, -33.8210717 ] } },
{ "type": "Feature", "properties": { "name": "Homebush Public School TheirCare", "lat": -33.8671953, "lng": 151.0856673 }, "geometry": { "type": "Point", "coordinates": [ 151.0856673, -33.8671953 ] } },
{ "type": "Feature", "properties": { "name": "Lighthouse Childcare North Strathfield", "lat": -33.8600737, "lng": 151.0880158 }, "geometry": { "type": "Point", "coordinates": [ 151.0880158, -33.8600737 ] } },
{ "type": "Feature", "properties": { "name": "STAR ACADEMY KIDS - FLETCHER", "lat": -33.9182897, "lng": 151.1008415 }, "geometry": { "type": "Point", "coordinates": [ 151.1008415, -33.9182897 ] } },
{ "type": "Feature", "properties": { "name": "Albyn Road Early Education Centre", "lat": -33.8784873, "lng": 151.0839891 }, "geometry": { "type": "Point", "coordinates": [ 151.0839891, -33.8784873 ] } },
{ "type": "Feature", "properties": { "name": "SCECS OSHC St Francis Xavier's Arncliffe", "lat": -33.9391745, "lng": 151.1462839 }, "geometry": { "type": "Point", "coordinates": [ 151.1462839, -33.9391745 ] } },
{ "type": "Feature", "properties": { "name": "Goodstart Early Learning North Sydney - Berry Street", "lat": -33.8362673, "lng": 151.2059989 }, "geometry": { "type": "Point", "coordinates": [ 151.2059989, -33.8362673 ] } },
{ "type": "Feature", "properties": { "name": "Thumbelina Edgecliff Day Care Centre", "lat": -33.8387036, "lng": 151.2089007 }, "geometry": { "type": "Point", "coordinates": [ 151.2089007, -33.8387036 ] } },
{ "type": "Feature", "properties": { "name": "SCECS OSHC Our Lady of the Assumption North Strathfield", "lat": -33.8596643, "lng": 151.0879098 }, "geometry": { "type": "Point", "coordinates": [ 151.0879098, -33.8596643 ] } },
{ "type": "Feature", "properties": { "name": "Tennyson Pre-school Kindergarten", "lat": -33.8276395, "lng": 151.1200674 }, "geometry": { "type": "Point", "coordinates": [ 151.1200674, -33.8276395 ] } },
{ "type": "Feature", "properties": { "name": "KU - Rushcutters Bay Preschool", "lat": -33.8743615, "lng": 151.2282072 }, "geometry": { "type": "Point", "coordinates": [ 151.2282072, -33.8743615 ] } },
{ "type": "Feature", "properties": { "name": "Cubby OOSH at Homebush", "lat": -33.8673289, "lng": 151.085103 }, "geometry": { "type": "Point", "coordinates": [ 151.085103, -33.8673289 ] } },
{ "type": "Feature", "properties": { "name": "SAGE Early Learning Centre Belfield", "lat": -33.9077254, "lng": 151.0917641 }, "geometry": { "type": "Point", "coordinates": [ 151.0917641, -33.9077254 ] } },
{ "type": "Feature", "properties": { "name": "PCYC - Out of School Hours North Sydney", "lat": -33.8350162, "lng": 151.2050966 }, "geometry": { "type": "Point", "coordinates": [ 151.2050966, -33.8350162 ] } },
{ "type": "Feature", "properties": { "name": "PCYC - Out of School Hours North Sydney", "lat": -33.8350162, "lng": 151.2050966 }, "geometry": { "type": "Point", "coordinates": [ 151.2050966, -33.8350162 ] } },
{ "type": "Feature", "properties": { "name": "Jigsaw OOSH Strathfield South Pty Ltd", "lat": -33.8910328, "lng": 151.0846436 }, "geometry": { "type": "Point", "coordinates": [ 151.0846436, -33.8910328 ] } },
{ "type": "Feature", "properties": { "name": "St Michaels Kids Out of School Hours Care", "lat": -33.9017382, "lng": 151.0883376 }, "geometry": { "type": "Point", "coordinates": [ 151.0883376, -33.9017382 ] } },
{ "type": "Feature", "properties": { "name": "Care for Kindies Kindergarten 1", "lat": -33.9010105, "lng": 151.0879231 }, "geometry": { "type": "Point", "coordinates": [ 151.0879231, -33.9010105 ] } },
{ "type": "Feature", "properties": { "name": "Guardian Childcare & Education Walker Street", "lat": -33.8382862, "lng": 151.209288 }, "geometry": { "type": "Point", "coordinates": [ 151.209288, -33.8382862 ] } },
{ "type": "Feature", "properties": { "name": "Little Academy", "lat": -33.8895615, "lng": 151.0841204 }, "geometry": { "type": "Point", "coordinates": [ 151.0841204, -33.8895615 ] } },
{ "type": "Feature", "properties": { "name": "Yaraandoo Life Centre", "lat": -33.8214846, "lng": 151.1354286 }, "geometry": { "type": "Point", "coordinates": [ 151.1354286, -33.8214846 ] } },
{ "type": "Feature", "properties": { "name": "KU - Peter Pan Paddington Pre-School", "lat": -33.8843587, "lng": 151.2293883 }, "geometry": { "type": "Point", "coordinates": [ 151.2293883, -33.8843587 ] } },
{ "type": "Feature", "properties": { "name": "Sydney Grammar School (Edgecliff) OSHC - Extend", "lat": -33.879299, "lng": 151.2300776 }, "geometry": { "type": "Point", "coordinates": [ 151.2300776, -33.879299 ] } },
{ "type": "Feature", "properties": { "name": "Uniting Early Learning Paddington Children's Centre", "lat": -33.8875779, "lng": 151.2295972 }, "geometry": { "type": "Point", "coordinates": [ 151.2295972, -33.8875779 ] } },
{ "type": "Feature", "properties": { "name": "The After School Klub Arncliffe", "lat": -33.9407159, "lng": 151.1473046 }, "geometry": { "type": "Point", "coordinates": [ 151.1473046, -33.9407159 ] } },
{ "type": "Feature", "properties": { "name": "St Thomas Preschool", "lat": -33.8342689, "lng": 151.2059153 }, "geometry": { "type": "Point", "coordinates": [ 151.2059153, -33.8342689 ] } },
{ "type": "Feature", "properties": { "name": "Kids Cottage Early Childhood Services - Hunters Hill", "lat": -33.8203506, "lng": 151.1367014 }, "geometry": { "type": "Point", "coordinates": [ 151.1367014, -33.8203506 ] } },
{ "type": "Feature", "properties": { "name": "Golden Seeds Early Learning", "lat": -33.9218734, "lng": 151.1019577 }, "geometry": { "type": "Point", "coordinates": [ 151.1019577, -33.9218734 ] } },
{ "type": "Feature", "properties": { "name": "Bambini's 2 Child Care Centre", "lat": -33.8962922, "lng": 151.2277984 }, "geometry": { "type": "Point", "coordinates": [ 151.2277984, -33.8962922 ] } },
{ "type": "Feature", "properties": { "name": "Arncliffe Pre-School", "lat": -33.9398062, "lng": 151.139485 }, "geometry": { "type": "Point", "coordinates": [ 151.139485, -33.9398062 ] } },
{ "type": "Feature", "properties": { "name": "Alphabeta Retaval Preparatory School", "lat": -33.8977581, "lng": 151.0850779 }, "geometry": { "type": "Point", "coordinates": [ 151.0850779, -33.8977581 ] } },
{ "type": "Feature", "properties": { "name": "Bambini's Child Care Centre", "lat": -33.8962754, "lng": 151.2278895 }, "geometry": { "type": "Point", "coordinates": [ 151.2278895, -33.8962754 ] } },
{ "type": "Feature", "properties": { "name": "The Cottage OSHC", "lat": -33.8817963, "lng": 151.2306817 }, "geometry": { "type": "Point", "coordinates": [ 151.2306817, -33.8817963 ] } },
{ "type": "Feature", "properties": { "name": "Homebush out of school care incorporated", "lat": -33.8702576, "lng": 151.0824142 }, "geometry": { "type": "Point", "coordinates": [ 151.0824142, -33.8702576 ] } },
{ "type": "Feature", "properties": { "name": "Busy Bee Long Day Childcare Centre", "lat": -33.9412514, "lng": 151.1467381 }, "geometry": { "type": "Point", "coordinates": [ 151.1467381, -33.9412514 ] } },
{ "type": "Feature", "properties": { "name": "Paddington Out of School Care Inc", "lat": -33.887523, "lng": 151.2302578 }, "geometry": { "type": "Point", "coordinates": [ 151.2302578, -33.887523 ] } },
{ "type": "Feature", "properties": { "name": "Goodstart Early Learning North Sydney - West Street", "lat": -33.8328955, "lng": 151.2050982 }, "geometry": { "type": "Point", "coordinates": [ 151.2050982, -33.8328955 ] } },
{ "type": "Feature", "properties": { "name": "Gowrie NSW North Sydney Community Vacation Care", "lat": -33.8343736, "lng": 151.2074151 }, "geometry": { "type": "Point", "coordinates": [ 151.2074151, -33.8343736 ] } },
{ "type": "Feature", "properties": { "name": "SCECS OSHC St Michael's Lane Cove", "lat": -33.8185004, "lng": 151.1699291 }, "geometry": { "type": "Point", "coordinates": [ 151.1699291, -33.8185004 ] } },
{ "type": "Feature", "properties": { "name": "Cameragal Montessori School", "lat": -33.8337259, "lng": 151.2071067 }, "geometry": { "type": "Point", "coordinates": [ 151.2071067, -33.8337259 ] } },
{ "type": "Feature", "properties": { "name": "North Sydney Community Centre", "lat": -33.8334784, "lng": 151.2067482 }, "geometry": { "type": "Point", "coordinates": [ 151.2067482, -33.8334784 ] } },
{ "type": "Feature", "properties": { "name": "Kool HQ Reddam House North Shore OSHC", "lat": -33.8351592, "lng": 151.2089613 }, "geometry": { "type": "Point", "coordinates": [ 151.2089613, -33.8351592 ] } },
{ "type": "Feature", "properties": { "name": "Greenwood Early Education Centre Concord", "lat": -33.849356, "lng": 151.0902958 }, "geometry": { "type": "Point", "coordinates": [ 151.0902958, -33.849356 ] } },
{ "type": "Feature", "properties": { "name": "St Francis Regional Leisure Centre", "lat": -33.8886836, "lng": 151.2310555 }, "geometry": { "type": "Point", "coordinates": [ 151.2310555, -33.8886836 ] } },
{ "type": "Feature", "properties": { "name": "Nurtured Education and Care", "lat": -33.8228905, "lng": 151.1239608 }, "geometry": { "type": "Point", "coordinates": [ 151.1239608, -33.8228905 ] } },
{ "type": "Feature", "properties": { "name": "Little Zak's Academy Strathfield", "lat": -33.8736094, "lng": 151.0806854 }, "geometry": { "type": "Point", "coordinates": [ 151.0806854, -33.8736094 ] } },
{ "type": "Feature", "properties": { "name": "Gowrie NSW Shirley Road Preschool Crows Nest", "lat": -33.8281724, "lng": 151.1996886 }, "geometry": { "type": "Point", "coordinates": [ 151.1996886, -33.8281724 ] } },
{ "type": "Feature", "properties": { "name": "North Sydney Family Day Care Scheme", "lat": -33.833291, "lng": 151.2073294 }, "geometry": { "type": "Point", "coordinates": [ 151.2073294, -33.833291 ] } },
{ "type": "Feature", "properties": { "name": "Our Lady of the Rosary School OSHC - Extend", "lat": -33.9127551, "lng": 151.2208434 }, "geometry": { "type": "Point", "coordinates": [ 151.2208434, -33.9127551 ] } },
{ "type": "Feature", "properties": { "name": "Blessed By Bubs", "lat": -33.9196578, "lng": 151.0972924 }, "geometry": { "type": "Point", "coordinates": [ 151.0972924, -33.9196578 ] } },
{ "type": "Feature", "properties": { "name": "Monash Early Learning Centre", "lat": -33.8225709, "lng": 151.1237763 }, "geometry": { "type": "Point", "coordinates": [ 151.1237763, -33.8225709 ] } },
{ "type": "Feature", "properties": { "name": "Gumnut Gardens", "lat": -33.8901442, "lng": 151.2312134 }, "geometry": { "type": "Point", "coordinates": [ 151.2312134, -33.8901442 ] } },
{ "type": "Feature", "properties": { "name": "Strathfield Broughton Road Montessori Academy", "lat": -33.870231, "lng": 151.0808142 }, "geometry": { "type": "Point", "coordinates": [ 151.0808142, -33.870231 ] } },
{ "type": "Feature", "properties": { "name": "SDN House at Pooh Corner Kensington @ UNSW", "lat": -33.910021, "lng": 151.2232749 }, "geometry": { "type": "Point", "coordinates": [ 151.2232749, -33.910021 ] } },
{ "type": "Feature", "properties": { "name": "Gowrie NSW Clemton Park Early Education and Care Centre", "lat": -33.9297242, "lng": 151.1091092 }, "geometry": { "type": "Point", "coordinates": [ 151.1091092, -33.9297242 ] } },
{ "type": "Feature", "properties": { "name": "Clemton Park Combined OSHC", "lat": -33.9297242, "lng": 151.1091092 }, "geometry": { "type": "Point", "coordinates": [ 151.1091092, -33.9297242 ] } },
{ "type": "Feature", "properties": { "name": "Chipmunks in the Garden", "lat": -33.9030968, "lng": 151.0848256 }, "geometry": { "type": "Point", "coordinates": [ 151.0848256, -33.9030968 ] } },
{ "type": "Feature", "properties": { "name": "SCECS OSHC Marist North Shore", "lat": -33.832368, "lng": 151.207239 }, "geometry": { "type": "Point", "coordinates": [ 151.207239, -33.832368 ] } },
{ "type": "Feature", "properties": { "name": "Only About Children St Leonards", "lat": -33.8239754, "lng": 151.1930002 }, "geometry": { "type": "Point", "coordinates": [ 151.1930002, -33.8239754 ] } },
{ "type": "Feature", "properties": { "name": "Goodstart Early Learning St Leonards - Christie Street", "lat": -33.8255244, "lng": 151.1966757 }, "geometry": { "type": "Point", "coordinates": [ 151.1966757, -33.8255244 ] } },
{ "type": "Feature", "properties": { "name": "Montessori @ North Strathfield", "lat": -33.8545457, "lng": 151.085558 }, "geometry": { "type": "Point", "coordinates": [ 151.085558, -33.8545457 ] } },
{ "type": "Feature", "properties": { "name": "ToBeMe Early Learning Strathfield South", "lat": -33.8911486, "lng": 151.080449 }, "geometry": { "type": "Point", "coordinates": [ 151.080449, -33.8911486 ] } },
{ "type": "Feature", "properties": { "name": "Wenona OSHCLUB", "lat": -33.8343138, "lng": 151.2103232 }, "geometry": { "type": "Point", "coordinates": [ 151.2103232, -33.8343138 ] } },
{ "type": "Feature", "properties": { "name": "Kindikids Early Learning Centre Ryde", "lat": -33.822662, "lng": 151.1213709 }, "geometry": { "type": "Point", "coordinates": [ 151.1213709, -33.822662 ] } },
{ "type": "Feature", "properties": { "name": "Lane Cove Occasional Child Care Inc", "lat": -33.8177135, "lng": 151.1752967 }, "geometry": { "type": "Point", "coordinates": [ 151.1752967, -33.8177135 ] } },
{ "type": "Feature", "properties": { "name": "Reddam House Early Learning School St Leonards", "lat": -33.824429, "lng": 151.1953553 }, "geometry": { "type": "Point", "coordinates": [ 151.1953553, -33.824429 ] } },
{ "type": "Feature", "properties": { "name": "Camp Australia - All Saints Grammar OSHC", "lat": -33.9149777, "lng": 151.0914001 }, "geometry": { "type": "Point", "coordinates": [ 151.0914001, -33.9149777 ] } },
{ "type": "Feature", "properties": { "name": "Lane Cove Out of School Incorporated 1", "lat": -33.8164739, "lng": 151.1693502 }, "geometry": { "type": "Point", "coordinates": [ 151.1693502, -33.8164739 ] } },
{ "type": "Feature", "properties": { "name": "Marie Bashir OSHC Centre", "lat": -33.8748547, "lng": 151.078964 }, "geometry": { "type": "Point", "coordinates": [ 151.078964, -33.8748547 ] } },
{ "type": "Feature", "properties": { "name": "HEI Schools St Leonards Early Education Centre", "lat": -33.8229275, "lng": 151.1926923 }, "geometry": { "type": "Point", "coordinates": [ 151.1926923, -33.8229275 ] } },
{ "type": "Feature", "properties": { "name": "SCECS OSHC St Ambrose Concord West", "lat": -33.8492464, "lng": 151.0878739 }, "geometry": { "type": "Point", "coordinates": [ 151.0878739, -33.8492464 ] } },
{ "type": "Feature", "properties": { "name": "Kensington Public School OOSH Care Incorporated", "lat": -33.9096104, "lng": 151.2249452 }, "geometry": { "type": "Point", "coordinates": [ 151.2249452, -33.9096104 ] } },
{ "type": "Feature", "properties": { "name": "Guardian Childcare & Education Gladesville", "lat": -33.8214912, "lng": 151.1227427 }, "geometry": { "type": "Point", "coordinates": [ 151.1227427, -33.8214912 ] } },
{ "type": "Feature", "properties": { "name": "CASS Gumnut Early Learning Centre - St Leonards", "lat": -33.8232375, "lng": 151.1940251 }, "geometry": { "type": "Point", "coordinates": [ 151.1940251, -33.8232375 ] } },
{ "type": "Feature", "properties": { "name": "Goodstart Early Learning Lane Cove", "lat": -33.8157981, "lng": 151.1681082 }, "geometry": { "type": "Point", "coordinates": [ 151.1681082, -33.8157981 ] } },
{ "type": "Feature", "properties": { "name": "LITTLE BUNNIES CHILDCARE CENTRE AND PRESCHOOL", "lat": -33.9440058, "lng": 151.1459268 }, "geometry": { "type": "Point", "coordinates": [ 151.1459268, -33.9440058 ] } },
{ "type": "Feature", "properties": { "name": "FROEBEL St Leonards", "lat": -33.8248938, "lng": 151.1977105 }, "geometry": { "type": "Point", "coordinates": [ 151.1977105, -33.8248938 ] } },
{ "type": "Feature", "properties": { "name": "Crows Nest Kindergarten", "lat": -33.8289887, "lng": 151.2047074 }, "geometry": { "type": "Point", "coordinates": [ 151.2047074, -33.8289887 ] } },
{ "type": "Feature", "properties": { "name": "Artarmon Family Day Care", "lat": -33.8259423, "lng": 151.1999427 }, "geometry": { "type": "Point", "coordinates": [ 151.1999427, -33.8259423 ] } },
{ "type": "Feature", "properties": { "name": "Royal North Shore Hospital Child Care Centre", "lat": -33.8216084, "lng": 151.1911824 }, "geometry": { "type": "Point", "coordinates": [ 151.1911824, -33.8216084 ] } },
{ "type": "Feature", "properties": { "name": "Birrahlee Preschool Lane Cove Limited", "lat": -33.8153087, "lng": 151.1672517 }, "geometry": { "type": "Point", "coordinates": [ 151.1672517, -33.8153087 ] } },
{ "type": "Feature", "properties": { "name": "Lane Cove Out Of School Incorporated", "lat": -33.8157403, "lng": 151.170316 }, "geometry": { "type": "Point", "coordinates": [ 151.170316, -33.8157403 ] } },
{ "type": "Feature", "properties": { "name": "Kelly's Place Childrens Centre", "lat": -33.82559, "lng": 151.1999764 }, "geometry": { "type": "Point", "coordinates": [ 151.1999764, -33.82559 ] } },
{ "type": "Feature", "properties": { "name": "Papilio Early Learning North Strathfield (Orange Campus)", "lat": -33.8520554, "lng": 151.0849826 }, "geometry": { "type": "Point", "coordinates": [ 151.0849826, -33.8520554 ] } },
{ "type": "Feature", "properties": { "name": "Explore & Develop Artarmon", "lat": -33.8183678, "lng": 151.1839018 }, "geometry": { "type": "Point", "coordinates": [ 151.1839018, -33.8183678 ] } },
{ "type": "Feature", "properties": { "name": "KU - Grandstand Preschool", "lat": -33.8311669, "lng": 151.2093563 }, "geometry": { "type": "Point", "coordinates": [ 151.2093563, -33.8311669 ] } },
{ "type": "Feature", "properties": { "name": "Arkie Education Lane Cove", "lat": -33.8145133, "lng": 151.1668278 }, "geometry": { "type": "Point", "coordinates": [ 151.1668278, -33.8145133 ] } },
{ "type": "Feature", "properties": { "name": "Care for Kindies Kindergarten 2", "lat": -33.9044828, "lng": 151.0825962 }, "geometry": { "type": "Point", "coordinates": [ 151.0825962, -33.9044828 ] } },
{ "type": "Feature", "properties": { "name": "Leylands Learning Centre", "lat": -33.9189304, "lng": 151.0921053 }, "geometry": { "type": "Point", "coordinates": [ 151.0921053, -33.9189304 ] } },
{ "type": "Feature", "properties": { "name": "Star Academy Kids - Belfield", "lat": -33.9084496, "lng": 151.0843706 }, "geometry": { "type": "Point", "coordinates": [ 151.0843706, -33.9084496 ] } },
{ "type": "Feature", "properties": { "name": "Kindy Cove", "lat": -33.8152678, "lng": 151.1740703 }, "geometry": { "type": "Point", "coordinates": [ 151.1740703, -33.8152678 ] } },
{ "type": "Feature", "properties": { "name": "Growth Mindset Early Learning Centre Belmore", "lat": -33.9162692, "lng": 151.0895079 }, "geometry": { "type": "Point", "coordinates": [ 151.0895079, -33.9162692 ] } },
{ "type": "Feature", "properties": { "name": "Belmore Montessori Academy", "lat": -33.9250741, "lng": 151.0976337 }, "geometry": { "type": "Point", "coordinates": [ 151.0976337, -33.9250741 ] } },
{ "type": "Feature", "properties": { "name": "Esteem Kids St Anne's Strathfield South", "lat": -33.8916584, "lng": 151.0774097 }, "geometry": { "type": "Point", "coordinates": [ 151.0774097, -33.8916584 ] } },
{ "type": "Feature", "properties": { "name": "Only About Children Artarmon", "lat": -33.817096, "lng": 151.1825754 }, "geometry": { "type": "Point", "coordinates": [ 151.1825754, -33.817096 ] } },
{ "type": "Feature", "properties": { "name": "Belmore North Public School OSHC", "lat": -33.9098073, "lng": 151.0846364 }, "geometry": { "type": "Point", "coordinates": [ 151.0846364, -33.9098073 ] } },
{ "type": "Feature", "properties": { "name": "Greenwood Gladesville", "lat": -33.8201881, "lng": 151.1198398 }, "geometry": { "type": "Point", "coordinates": [ 151.1198398, -33.8201881 ] } },
{ "type": "Feature", "properties": { "name": "Putney Playgrounds Kindergarten", "lat": -33.8257733, "lng": 151.1087591 }, "geometry": { "type": "Point", "coordinates": [ 151.1087591, -33.8257733 ] } },
{ "type": "Feature", "properties": { "name": "Putney OOSH", "lat": -33.8244355, "lng": 151.1109807 }, "geometry": { "type": "Point", "coordinates": [ 151.1109807, -33.8244355 ] } },
{ "type": "Feature", "properties": { "name": "Only About Children Concord", "lat": -33.8489428, "lng": 151.0845753 }, "geometry": { "type": "Point", "coordinates": [ 151.0845753, -33.8489428 ] } },
{ "type": "Feature", "properties": { "name": "Bambinos Kindergarten-Banksia", "lat": -33.9458305, "lng": 151.1427091 }, "geometry": { "type": "Point", "coordinates": [ 151.1427091, -33.9458305 ] } },
{ "type": "Feature", "properties": { "name": "Genius Childcare Artarmon", "lat": -33.8166232, "lng": 151.1834498 }, "geometry": { "type": "Point", "coordinates": [ 151.1834498, -33.8166232 ] } },
{ "type": "Feature", "properties": { "name": "SDN North Sydney Children's Education and Care Centre", "lat": -33.8280306, "lng": 151.2076653 }, "geometry": { "type": "Point", "coordinates": [ 151.2076653, -33.8280306 ] } },
{ "type": "Feature", "properties": { "name": "Ascham School TheirCare", "lat": -33.87799, "lng": 151.2370729 }, "geometry": { "type": "Point", "coordinates": [ 151.2370729, -33.87799 ] } },
{ "type": "Feature", "properties": { "name": "Belfield Montessori Academy", "lat": -33.9069921, "lng": 151.0820275 }, "geometry": { "type": "Point", "coordinates": [ 151.0820275, -33.9069921 ] } },
{ "type": "Feature", "properties": { "name": "St Mark's Preschool (Darling Point)", "lat": -33.8747866, "lng": 151.2369065 }, "geometry": { "type": "Point", "coordinates": [ 151.2369065, -33.8747866 ] } },
{ "type": "Feature", "properties": { "name": "Cheeky Monkeys Day Care Centre", "lat": -33.9329072, "lng": 151.1064491 }, "geometry": { "type": "Point", "coordinates": [ 151.1064491, -33.9329072 ] } },
{ "type": "Feature", "properties": { "name": "Buzy Beez Family Day Care", "lat": -33.9105198, "lng": 151.0839617 }, "geometry": { "type": "Point", "coordinates": [ 151.0839617, -33.9105198 ] } },
{ "type": "Feature", "properties": { "name": "Sydney Family Day Care Scheme", "lat": -33.82231, "lng": 151.19867 }, "geometry": { "type": "Point", "coordinates": [ 151.19867, -33.82231 ] } },
{ "type": "Feature", "properties": { "name": "Noahs Ark Learning Academy Eastlakes", "lat": -33.9272341, "lng": 151.2140463 }, "geometry": { "type": "Point", "coordinates": [ 151.2140463, -33.9272341 ] } },
{ "type": "Feature", "properties": { "name": "Crows Nest Montessori Academy", "lat": -33.8233666, "lng": 151.2012528 }, "geometry": { "type": "Point", "coordinates": [ 151.2012528, -33.8233666 ] } },
{ "type": "Feature", "properties": { "name": "Hilltop Kids Preschool and Long Day Care Centre", "lat": -33.9402622, "lng": 151.1194985 }, "geometry": { "type": "Point", "coordinates": [ 151.1194985, -33.9402622 ] } },
{ "type": "Feature", "properties": { "name": "Jubilee Eastlakes Before, After School & Vacation Care", "lat": -33.927706, "lng": 151.2140018 }, "geometry": { "type": "Point", "coordinates": [ 151.2140018, -33.927706 ] } },
{ "type": "Feature", "properties": { "name": "Cameragal Montessori School (Neutral Bay)", "lat": -33.8332807, "lng": 151.2158575 }, "geometry": { "type": "Point", "coordinates": [ 151.2158575, -33.8332807 ] } },
{ "type": "Feature", "properties": { "name": "Little Scribblers Early Learning Centre", "lat": -33.9145587, "lng": 151.085781 }, "geometry": { "type": "Point", "coordinates": [ 151.085781, -33.9145587 ] } },
{ "type": "Feature", "properties": { "name": "Learn Bright Early Learning Centre", "lat": -33.9310788, "lng": 151.1022293 }, "geometry": { "type": "Point", "coordinates": [ 151.1022293, -33.9310788 ] } },
{ "type": "Feature", "properties": { "name": "Little Lion Early Learning", "lat": -33.8156969, "lng": 151.1839733 }, "geometry": { "type": "Point", "coordinates": [ 151.1839733, -33.8156969 ] } },
{ "type": "Feature", "properties": { "name": "EDEN ACADEMY EARLY LEARNING CENTRE", "lat": -33.908801, "lng": 151.0816863 }, "geometry": { "type": "Point", "coordinates": [ 151.0816863, -33.908801 ] } },
{ "type": "Feature", "properties": { "name": "Atchison Cottage", "lat": -33.8227676, "lng": 151.2015419 }, "geometry": { "type": "Point", "coordinates": [ 151.2015419, -33.8227676 ] } },
{ "type": "Feature", "properties": { "name": "Bexley North Public School P and C Before and After Child Care Centre", "lat": -33.9411935, "lng": 151.1198599 }, "geometry": { "type": "Point", "coordinates": [ 151.1198599, -33.9411935 ] } },
{ "type": "Feature", "properties": { "name": "Atchison Preschool", "lat": -33.822874, "lng": 151.2018206 }, "geometry": { "type": "Point", "coordinates": [ 151.2018206, -33.822874 ] } },
{ "type": "Feature", "properties": { "name": "Camp Australia Victoria Avenue Public School OSHC", "lat": -33.8479286, "lng": 151.0830429 }, "geometry": { "type": "Point", "coordinates": [ 151.0830429, -33.8479286 ] } },
{ "type": "Feature", "properties": { "name": "Victoria Avenue Children's Centre", "lat": -33.8479286, "lng": 151.0830429 }, "geometry": { "type": "Point", "coordinates": [ 151.0830429, -33.8479286 ] } },
{ "type": "Feature", "properties": { "name": "3 Steps Early Learning Randwick", "lat": -33.9051153, "lng": 151.2328761 }, "geometry": { "type": "Point", "coordinates": [ 151.2328761, -33.9051153 ] } },
{ "type": "Feature", "properties": { "name": "Curious Minds Early Learning Centre Crows Nest", "lat": -33.8255537, "lng": 151.2068178 }, "geometry": { "type": "Point", "coordinates": [ 151.2068178, -33.8255537 ] } },
{ "type": "Feature", "properties": { "name": "Stringybark Day Care Centre", "lat": -33.8117603, "lng": 151.1701641 }, "geometry": { "type": "Point", "coordinates": [ 151.1701641, -33.8117603 ] } },
{ "type": "Feature", "properties": { "name": "Story House Early Learning Putney", "lat": -33.8228698, "lng": 151.1089297 }, "geometry": { "type": "Point", "coordinates": [ 151.1089297, -33.8228698 ] } },
{ "type": "Feature", "properties": { "name": "North Brighton Community Preschool & Kindergarten", "lat": -33.9487632, "lng": 151.1628168 }, "geometry": { "type": "Point", "coordinates": [ 151.1628168, -33.9487632 ] } },
{ "type": "Feature", "properties": { "name": "Integricare Preschool Strathfield", "lat": -33.8671938, "lng": 151.0741795 }, "geometry": { "type": "Point", "coordinates": [ 151.0741795, -33.8671938 ] } },
{ "type": "Feature", "properties": { "name": "Guardian Childcare & Education Artarmon", "lat": -33.8164262, "lng": 151.1900961 }, "geometry": { "type": "Point", "coordinates": [ 151.1900961, -33.8164262 ] } },
{ "type": "Feature", "properties": { "name": "Jenny's Kindergarten and Early Learning Centre - Lane Cove North", "lat": -33.8111708, "lng": 151.1678351 }, "geometry": { "type": "Point", "coordinates": [ 151.1678351, -33.8111708 ] } },
{ "type": "Feature", "properties": { "name": "KCS OSHC Kyeemagh", "lat": -33.9489716, "lng": 151.162286 }, "geometry": { "type": "Point", "coordinates": [ 151.162286, -33.9489716 ] } },
{ "type": "Feature", "properties": { "name": "The After School Klub Belmore South", "lat": -33.9238922, "lng": 151.0915531 }, "geometry": { "type": "Point", "coordinates": [ 151.0915531, -33.9238922 ] } },
{ "type": "Feature", "properties": { "name": "Cressy Road Early Learning", "lat": -33.8180117, "lng": 151.1174962 }, "geometry": { "type": "Point", "coordinates": [ 151.1174962, -33.8180117 ] } },
{ "type": "Feature", "properties": { "name": "Alphabeta Ryde OOSH", "lat": -33.8190562, "lng": 151.1151261 }, "geometry": { "type": "Point", "coordinates": [ 151.1151261, -33.8190562 ] } },
{ "type": "Feature", "properties": { "name": "Berry Cottage Childcare Naremburn", "lat": -33.8182405, "lng": 151.1954691 }, "geometry": { "type": "Point", "coordinates": [ 151.1954691, -33.8182405 ] } },
{ "type": "Feature", "properties": { "name": "Only About Children Neutral Bay", "lat": -33.8342888, "lng": 151.2197307 }, "geometry": { "type": "Point", "coordinates": [ 151.2197307, -33.8342888 ] } },
{ "type": "Feature", "properties": { "name": "Helping Hands Lane Cove West", "lat": -33.8100148, "lng": 151.1517402 }, "geometry": { "type": "Point", "coordinates": [ 151.1517402, -33.8100148 ] } },
{ "type": "Feature", "properties": { "name": "TeamKids - Anzac Park Public School", "lat": -33.8265745, "lng": 151.2107068 }, "geometry": { "type": "Point", "coordinates": [ 151.2107068, -33.8265745 ] } },
{ "type": "Feature", "properties": { "name": "MindChamps Early Learning @ Lane Cove", "lat": -33.8099558, "lng": 151.1472834 }, "geometry": { "type": "Point", "coordinates": [ 151.1472834, -33.8099558 ] } },
{ "type": "Feature", "properties": { "name": "FIRST 2 LEARN", "lat": -33.9492135, "lng": 151.1437267 }, "geometry": { "type": "Point", "coordinates": [ 151.1437267, -33.9492135 ] } },
{ "type": "Feature", "properties": { "name": "Canterbury Children's Cottage", "lat": -33.9235726, "lng": 151.0899669 }, "geometry": { "type": "Point", "coordinates": [ 151.0899669, -33.9235726 ] } },
{ "type": "Feature", "properties": { "name": "Concord West Child Care Service", "lat": -33.8397592, "lng": 151.086584 }, "geometry": { "type": "Point", "coordinates": [ 151.086584, -33.8397592 ] } },
{ "type": "Feature", "properties": { "name": "Concord West Child Care Service", "lat": -33.8397592, "lng": 151.086584 }, "geometry": { "type": "Point", "coordinates": [ 151.086584, -33.8397592 ] } },
{ "type": "Feature", "properties": { "name": "Young Academics Early Learning Centre Kingsford", "lat": -33.9200811, "lng": 151.2256581 }, "geometry": { "type": "Point", "coordinates": [ 151.2256581, -33.9200811 ] } },
{ "type": "Feature", "properties": { "name": "Bright Stars Pre-School", "lat": -33.9482253, "lng": 151.1366103 }, "geometry": { "type": "Point", "coordinates": [ 151.1366103, -33.9482253 ] } },
{ "type": "Feature", "properties": { "name": "Koala Kids OOSH", "lat": -33.8708529, "lng": 151.0720645 }, "geometry": { "type": "Point", "coordinates": [ 151.0720645, -33.8708529 ] } },
{ "type": "Feature", "properties": { "name": "Butterflies International Child Care Centre", "lat": -33.8145951, "lng": 151.1883667 }, "geometry": { "type": "Point", "coordinates": [ 151.1883667, -33.8145951 ] } },
{ "type": "Feature", "properties": { "name": "Strathfield One-Stop Child Care Service - LDC", "lat": -33.8685114, "lng": 151.0723825 }, "geometry": { "type": "Point", "coordinates": [ 151.0723825, -33.8685114 ] } },
{ "type": "Feature", "properties": { "name": "NORTH SHORE CHILDCARE CENTRE", "lat": -33.8158614, "lng": 151.1919595 }, "geometry": { "type": "Point", "coordinates": [ 151.1919595, -33.8158614 ] } },
{ "type": "Feature", "properties": { "name": "Neutral Bay Pre-school", "lat": -33.8352389, "lng": 151.222094 }, "geometry": { "type": "Point", "coordinates": [ 151.222094, -33.8352389 ] } },
{ "type": "Feature", "properties": { "name": "Babies By The Bay", "lat": -33.876827, "lng": 151.2410053 }, "geometry": { "type": "Point", "coordinates": [ 151.2410053, -33.876827 ] } },
{ "type": "Feature", "properties": { "name": "TeamKids - Botany Public School", "lat": -33.9425348, "lng": 151.1949694 }, "geometry": { "type": "Point", "coordinates": [ 151.1949694, -33.9425348 ] } },
{ "type": "Feature", "properties": { "name": "Double Bay OOSH", "lat": -33.8746199, "lng": 151.2409107 }, "geometry": { "type": "Point", "coordinates": [ 151.2409107, -33.8746199 ] } },
{ "type": "Feature", "properties": { "name": "Fit Kidz Learning Centre Putney", "lat": -33.8211636, "lng": 151.1087819 }, "geometry": { "type": "Point", "coordinates": [ 151.1087819, -33.8211636 ] } },
{ "type": "Feature", "properties": { "name": "Concord West Rhodes Preschool", "lat": -33.836821, "lng": 151.0885504 }, "geometry": { "type": "Point", "coordinates": [ 151.0885504, -33.836821 ] } },
{ "type": "Feature", "properties": { "name": "St George Montessori Kingsgrove Early Learning Centre", "lat": -33.9377443, "lng": 151.107303 }, "geometry": { "type": "Point", "coordinates": [ 151.107303, -33.9377443 ] } },
{ "type": "Feature", "properties": { "name": "KIDS KAPERS", "lat": -33.9239668, "lng": 151.0894759 }, "geometry": { "type": "Point", "coordinates": [ 151.0894759, -33.9239668 ] } },
{ "type": "Feature", "properties": { "name": "Helping Hands Woollahra", "lat": -33.886654, "lng": 151.2411292 }, "geometry": { "type": "Point", "coordinates": [ 151.2411292, -33.886654 ] } },
{ "type": "Feature", "properties": { "name": "Innovative Early Learning", "lat": -33.8119065, "lng": 151.1813328 }, "geometry": { "type": "Point", "coordinates": [ 151.1813328, -33.8119065 ] } },
{ "type": "Feature", "properties": { "name": "Emanuel Woollahra Preschool", "lat": -33.8887956, "lng": 151.2409055 }, "geometry": { "type": "Point", "coordinates": [ 151.2409055, -33.8887956 ] } },
{ "type": "Feature", "properties": { "name": "John Brotchie Nursery School", "lat": -33.942651, "lng": 151.1960838 }, "geometry": { "type": "Point", "coordinates": [ 151.1960838, -33.942651 ] } },
{ "type": "Feature", "properties": { "name": "Neutral Bay OOSH Incorporated", "lat": -33.8321466, "lng": 151.2199561 }, "geometry": { "type": "Point", "coordinates": [ 151.2199561, -33.8321466 ] } },
{ "type": "Feature", "properties": { "name": "Naremburn Early Learning", "lat": -33.8199641, "lng": 151.2027243 }, "geometry": { "type": "Point", "coordinates": [ 151.2027243, -33.8199641 ] } },
{ "type": "Feature", "properties": { "name": "Tarella House Early Learning Centre", "lat": -33.8233536, "lng": 151.2087416 }, "geometry": { "type": "Point", "coordinates": [ 151.2087416, -33.8233536 ] } },
{ "type": "Feature", "properties": { "name": "Hippo's Friends Long Day Child Care Centre", "lat": -33.9433015, "lng": 151.1954236 }, "geometry": { "type": "Point", "coordinates": [ 151.1954236, -33.9433015 ] } },
{ "type": "Feature", "properties": { "name": "Kinda-Mindi Early Learning Centre, Homebush", "lat": -33.8603859, "lng": 151.0732469 }, "geometry": { "type": "Point", "coordinates": [ 151.0732469, -33.8603859 ] } },
{ "type": "Feature", "properties": { "name": "Tarella House on West St", "lat": -33.8222349, "lng": 151.2074749 }, "geometry": { "type": "Point", "coordinates": [ 151.2074749, -33.8222349 ] } },
{ "type": "Feature", "properties": { "name": "Camp Australia - Artarmon White Street OSHC", "lat": -33.8112409, "lng": 151.1813099 }, "geometry": { "type": "Point", "coordinates": [ 151.1813099, -33.8112409 ] } },
{ "type": "Feature", "properties": { "name": "Artarmon OOSH Services", "lat": -33.8112667, "lng": 151.1813328 }, "geometry": { "type": "Point", "coordinates": [ 151.1813328, -33.8112667 ] } },
{ "type": "Feature", "properties": { "name": "Bexley Preparatory Early Learning Centre", "lat": -33.9463925, "lng": 151.1242769 }, "geometry": { "type": "Point", "coordinates": [ 151.1242769, -33.9463925 ] } },
{ "type": "Feature", "properties": { "name": "Little Scribblers Early Learning Centre, Benaroon Road", "lat": -33.9154656, "lng": 151.0812545 }, "geometry": { "type": "Point", "coordinates": [ 151.0812545, -33.9154656 ] } },
{ "type": "Feature", "properties": { "name": "The After School Klub Bexley", "lat": -33.9476293, "lng": 151.128259 }, "geometry": { "type": "Point", "coordinates": [ 151.128259, -33.9476293 ] } },
{ "type": "Feature", "properties": { "name": "Only About Children Cammeray", "lat": -33.8233167, "lng": 151.2096978 }, "geometry": { "type": "Point", "coordinates": [ 151.2096978, -33.8233167 ] } },
{ "type": "Feature", "properties": { "name": "Whizz Kidzz Early Childhood Centre", "lat": -33.9126434, "lng": 151.0792295 }, "geometry": { "type": "Point", "coordinates": [ 151.0792295, -33.9126434 ] } },
{ "type": "Feature", "properties": { "name": "St Johns Child Care Centre", "lat": -33.8324318, "lng": 151.2212979 }, "geometry": { "type": "Point", "coordinates": [ 151.2212979, -33.8324318 ] } },
{ "type": "Feature", "properties": { "name": "White Rabbit Child Care Centre", "lat": -33.8185698, "lng": 151.2017979 }, "geometry": { "type": "Point", "coordinates": [ 151.2017979, -33.8185698 ] } },
{ "type": "Feature", "properties": { "name": "Shining Stars Childcare Centre", "lat": -33.9517723, "lng": 151.15864 }, "geometry": { "type": "Point", "coordinates": [ 151.15864, -33.9517723 ] } },
{ "type": "Feature", "properties": { "name": "Lighthouse Early Learning Centre", "lat": -33.8693339, "lng": 151.0702898 }, "geometry": { "type": "Point", "coordinates": [ 151.0702898, -33.8693339 ] } },
{ "type": "Feature", "properties": { "name": "Little Feet Early Learning and Childcare Double Bay", "lat": -33.8792262, "lng": 151.2430547 }, "geometry": { "type": "Point", "coordinates": [ 151.2430547, -33.8792262 ] } },
{ "type": "Feature", "properties": { "name": "First Grammar Belmore", "lat": -33.9227523, "lng": 151.0862133 }, "geometry": { "type": "Point", "coordinates": [ 151.0862133, -33.9227523 ] } },
{ "type": "Feature", "properties": { "name": "Albyn Cottage Child Care Centre", "lat": -33.9484297, "lng": 151.129283 }, "geometry": { "type": "Point", "coordinates": [ 151.129283, -33.9484297 ] } },
{ "type": "Feature", "properties": { "name": "Stokes Street Montessori Academy", "lat": -33.809143, "lng": 151.174779 }, "geometry": { "type": "Point", "coordinates": [ 151.174779, -33.809143 ] } },
{ "type": "Feature", "properties": { "name": "Botany Bay Preschool", "lat": -33.9427967, "lng": 151.1989294 }, "geometry": { "type": "Point", "coordinates": [ 151.1989294, -33.9427967 ] } },
{ "type": "Feature", "properties": { "name": "Giggle and Learn Early Childcare and Education Centre", "lat": -33.9269313, "lng": 151.0899872 }, "geometry": { "type": "Point", "coordinates": [ 151.0899872, -33.9269313 ] } },
{ "type": "Feature", "properties": { "name": "Lane Cove Montessori Child Care", "lat": -33.807824, "lng": 151.1678806 }, "geometry": { "type": "Point", "coordinates": [ 151.1678806, -33.807824 ] } },
{ "type": "Feature", "properties": { "name": "Only About Children Rhodes Corporate Park", "lat": -33.8346801, "lng": 151.087656 }, "geometry": { "type": "Point", "coordinates": [ 151.087656, -33.8346801 ] } },
{ "type": "Feature", "properties": { "name": "GWC Kingsford OSHC", "lat": -33.9251552, "lng": 151.2245268 }, "geometry": { "type": "Point", "coordinates": [ 151.2245268, -33.9251552 ] } },
{ "type": "Feature", "properties": { "name": "Kids Oasis", "lat": -33.9393994, "lng": 151.1057979 }, "geometry": { "type": "Point", "coordinates": [ 151.1057979, -33.9393994 ] } },
{ "type": "Feature", "properties": { "name": "Nickys Kids Town - Lane Cove", "lat": -33.8071224, "lng": 151.1481178 }, "geometry": { "type": "Point", "coordinates": [ 151.1481178, -33.8071224 ] } },
{ "type": "Feature", "properties": { "name": "SCECS OSHC St Joseph's Rockdale", "lat": -33.9508104, "lng": 151.1357505 }, "geometry": { "type": "Point", "coordinates": [ 151.1357505, -33.9508104 ] } },
{ "type": "Feature", "properties": { "name": "Kingsford Early Learning Centre", "lat": -33.9202029, "lng": 151.2295533 }, "geometry": { "type": "Point", "coordinates": [ 151.2295533, -33.9202029 ] } },
{ "type": "Feature", "properties": { "name": "Integricare Early Learning Centre Rockdale", "lat": -33.9520003, "lng": 151.1426104 }, "geometry": { "type": "Point", "coordinates": [ 151.1426104, -33.9520003 ] } },
{ "type": "Feature", "properties": { "name": "All Star Early Learners", "lat": -33.9433545, "lng": 151.2000221 }, "geometry": { "type": "Point", "coordinates": [ 151.2000221, -33.9433545 ] } },
{ "type": "Feature", "properties": { "name": "3Bridges Community Rockdale", "lat": -33.9522079, "lng": 151.1419014 }, "geometry": { "type": "Point", "coordinates": [ 151.1419014, -33.9522079 ] } },
{ "type": "Feature", "properties": { "name": "Camp Australia - Artarmon Public School OSHC", "lat": -33.8105954, "lng": 151.1860323 }, "geometry": { "type": "Point", "coordinates": [ 151.1860323, -33.8105954 ] } },
{ "type": "Feature", "properties": { "name": "Arabic Australian Child Care Centre", "lat": -33.9197847, "lng": 151.0817641 }, "geometry": { "type": "Point", "coordinates": [ 151.0817641, -33.9197847 ] } },
{ "type": "Feature", "properties": { "name": "Kinderoos", "lat": -33.9444654, "lng": 151.1137858 }, "geometry": { "type": "Point", "coordinates": [ 151.1137858, -33.9444654 ] } },
{ "type": "Feature", "properties": { "name": "Learn & Play Management Pty Ltd", "lat": -33.835377, "lng": 151.0851286 }, "geometry": { "type": "Point", "coordinates": [ 151.0851286, -33.835377 ] } },
{ "type": "Feature", "properties": { "name": "Little Dolphins Long Day Care Centre", "lat": -33.9535774, "lng": 151.1580482 }, "geometry": { "type": "Point", "coordinates": [ 151.1580482, -33.9535774 ] } },
{ "type": "Feature", "properties": { "name": "Colonial Pre-School and Child Care Centre - Lakemba", "lat": -33.9169643, "lng": 151.0789565 }, "geometry": { "type": "Point", "coordinates": [ 151.0789565, -33.9169643 ] } },
{ "type": "Feature", "properties": { "name": "BOZTON BEFORE AND AFTER SCHOOL CARE", "lat": -33.948174, "lng": 151.1217013 }, "geometry": { "type": "Point", "coordinates": [ 151.1217013, -33.948174 ] } },
{ "type": "Feature", "properties": { "name": "Willoughby Community Pre-School", "lat": -33.8159822, "lng": 151.201685 }, "geometry": { "type": "Point", "coordinates": [ 151.201685, -33.8159822 ] } },
{ "type": "Feature", "properties": { "name": "Rhonda's Cottage", "lat": -33.8344225, "lng": 151.2268953 }, "geometry": { "type": "Point", "coordinates": [ 151.2268953, -33.8344225 ] } },
{ "type": "Feature", "properties": { "name": "SCECS OSHC St Therese Lakemba", "lat": -33.9161432, "lng": 151.0781251 }, "geometry": { "type": "Point", "coordinates": [ 151.0781251, -33.9161432 ] } },
{ "type": "Feature", "properties": { "name": "Woodstock Early Learning Centre at Brushbox St", "lat": -33.8485315, "lng": 151.0748392 }, "geometry": { "type": "Point", "coordinates": [ 151.0748392, -33.8485315 ] } },
{ "type": "Feature", "properties": { "name": "Jessicas Early Learning Centre", "lat": -33.8159364, "lng": 151.1099877 }, "geometry": { "type": "Point", "coordinates": [ 151.1099877, -33.8159364 ] } },
{ "type": "Feature", "properties": { "name": "Mini Masterminds Bexley", "lat": -33.9497717, "lng": 151.125005 }, "geometry": { "type": "Point", "coordinates": [ 151.125005, -33.9497717 ] } },
{ "type": "Feature", "properties": { "name": "Uniting Frederick Street Preschool Rockdale", "lat": -33.9518692, "lng": 151.1330604 }, "geometry": { "type": "Point", "coordinates": [ 151.1330604, -33.9518692 ] } },
{ "type": "Feature", "properties": { "name": "Kingsgrove World of Learning", "lat": -33.9373458, "lng": 151.0989532 }, "geometry": { "type": "Point", "coordinates": [ 151.0989532, -33.9373458 ] } },
{ "type": "Feature", "properties": { "name": "Edward Street Early Learning Centre", "lat": -33.9449351, "lng": 151.2001132 }, "geometry": { "type": "Point", "coordinates": [ 151.2001132, -33.9449351 ] } },
{ "type": "Feature", "properties": { "name": "The Nanyima Centre Incorporated", "lat": -33.8210706, "lng": 151.2118875 }, "geometry": { "type": "Point", "coordinates": [ 151.2118875, -33.8210706 ] } },
{ "type": "Feature", "properties": { "name": "Mini Masterminds Sydney Olympic Park - Betty Cuthbert", "lat": -33.8474364, "lng": 151.0749302 }, "geometry": { "type": "Point", "coordinates": [ 151.0749302, -33.8474364 ] } },
{ "type": "Feature", "properties": { "name": "Randwick OOSH", "lat": -33.9091081, "lng": 151.2390143 }, "geometry": { "type": "Point", "coordinates": [ 151.2390143, -33.9091081 ] } },
{ "type": "Feature", "properties": { "name": "Mini Minds Montessori", "lat": -33.9222246, "lng": 151.0817318 }, "geometry": { "type": "Point", "coordinates": [ 151.0817318, -33.9222246 ] } },
{ "type": "Feature", "properties": { "name": "Active Kids Pre School Centre of Excellence", "lat": -33.8685952, "lng": 151.0668551 }, "geometry": { "type": "Point", "coordinates": [ 151.0668551, -33.8685952 ] } },
{ "type": "Feature", "properties": { "name": "Moriah College Early Learning Centre, Queens Park Campus", "lat": -33.9001613, "lng": 151.2432596 }, "geometry": { "type": "Point", "coordinates": [ 151.2432596, -33.9001613 ] } },
{ "type": "Feature", "properties": { "name": "Woollahra Preschool", "lat": -33.8749113, "lng": 151.2464477 }, "geometry": { "type": "Point", "coordinates": [ 151.2464477, -33.8749113 ] } },
{ "type": "Feature", "properties": { "name": "Star Club", "lat": -33.9454901, "lng": 151.2003484 }, "geometry": { "type": "Point", "coordinates": [ 151.2003484, -33.9454901 ] } },
{ "type": "Feature", "properties": { "name": "Bela Babes", "lat": -33.8078564, "lng": 151.1832675 }, "geometry": { "type": "Point", "coordinates": [ 151.1832675, -33.8078564 ] } },
{ "type": "Feature", "properties": { "name": "St Mary Multicultural Child Care Centre - Rhodes", "lat": -33.8255904, "lng": 151.0930153 }, "geometry": { "type": "Point", "coordinates": [ 151.0930153, -33.8255904 ] } },
{ "type": "Feature", "properties": { "name": "Learn and Play", "lat": -33.9517269, "lng": 151.1289872 }, "geometry": { "type": "Point", "coordinates": [ 151.1289872, -33.9517269 ] } },
{ "type": "Feature", "properties": { "name": "YMCA Homebush West OSHC", "lat": -33.866439, "lng": 151.0666276 }, "geometry": { "type": "Point", "coordinates": [ 151.0666276, -33.866439 ] } },
{ "type": "Feature", "properties": { "name": "Koorana Phillip Street Preschool", "lat": -33.9276883, "lng": 151.0858493 }, "geometry": { "type": "Point", "coordinates": [ 151.0858493, -33.9276883 ] } },
{ "type": "Feature", "properties": { "name": "Mowbray OSHC Centre", "lat": -33.804238, "lng": 151.1552718 }, "geometry": { "type": "Point", "coordinates": [ 151.1552718, -33.804238 ] } },
{ "type": "Feature", "properties": { "name": "The Cubbyhouse Preparatory School @ Lane Cove", "lat": -33.804238, "lng": 151.1552718 }, "geometry": { "type": "Point", "coordinates": [ 151.1552718, -33.804238 ] } },
{ "type": "Feature", "properties": { "name": "The Cubbyhouse Preparatory School @ Lane Cove", "lat": -33.804238, "lng": 151.1552718 }, "geometry": { "type": "Point", "coordinates": [ 151.1552718, -33.804238 ] } },
{ "type": "Feature", "properties": { "name": "Mini Masterminds Rockdale", "lat": -33.9539465, "lng": 151.1391266 }, "geometry": { "type": "Point", "coordinates": [ 151.1391266, -33.9539465 ] } },
{ "type": "Feature", "properties": { "name": "Roselands Early Learning Centre", "lat": -33.9267002, "lng": 151.084827 }, "geometry": { "type": "Point", "coordinates": [ 151.084827, -33.9267002 ] } },
{ "type": "Feature", "properties": { "name": "SCECGS Redlands OOSH", "lat": -33.8330855, "lng": 151.2277483 }, "geometry": { "type": "Point", "coordinates": [ 151.2277483, -33.8330855 ] } },
{ "type": "Feature", "properties": { "name": "Redlands House Cremorne", "lat": -33.8330855, "lng": 151.2277483 }, "geometry": { "type": "Point", "coordinates": [ 151.2277483, -33.8330855 ] } },
{ "type": "Feature", "properties": { "name": "Mill Hill Early Education Centre", "lat": -33.8933525, "lng": 151.245719 }, "geometry": { "type": "Point", "coordinates": [ 151.245719, -33.8933525 ] } },
{ "type": "Feature", "properties": { "name": "Waverley Family Day Care", "lat": -33.8934325, "lng": 151.245719 }, "geometry": { "type": "Point", "coordinates": [ 151.245719, -33.8934325 ] } },
{ "type": "Feature", "properties": { "name": "Woodstock Child Care", "lat": -33.8482917, "lng": 151.0732627 }, "geometry": { "type": "Point", "coordinates": [ 151.0732627, -33.8482917 ] } },
{ "type": "Feature", "properties": { "name": "SDN Tigger's Honeypot Randwick @ UNSW", "lat": -33.9156078, "lng": 151.2364283 }, "geometry": { "type": "Point", "coordinates": [ 151.2364283, -33.9156078 ] } },
{ "type": "Feature", "properties": { "name": "Noahs Ark Learning Academy Botany", "lat": -33.9458572, "lng": 151.200646 }, "geometry": { "type": "Point", "coordinates": [ 151.200646, -33.9458572 ] } },
{ "type": "Feature", "properties": { "name": "Farran Street Quality Child Care Centre", "lat": -33.8040316, "lng": 151.1607566 }, "geometry": { "type": "Point", "coordinates": [ 151.1607566, -33.8040316 ] } },
{ "type": "Feature", "properties": { "name": "Jambra Early Learning", "lat": -33.8057065, "lng": 151.1760911 }, "geometry": { "type": "Point", "coordinates": [ 151.1760911, -33.8057065 ] } },
{ "type": "Feature", "properties": { "name": "Guardian Childcare & Education Homebush", "lat": -33.8460186, "lng": 151.0743842 }, "geometry": { "type": "Point", "coordinates": [ 151.0743842, -33.8460186 ] } },
{ "type": "Feature", "properties": { "name": "Rhodes Childrens Centre", "lat": -33.8309501, "lng": 151.0862466 }, "geometry": { "type": "Point", "coordinates": [ 151.0862466, -33.8309501 ] } },
{ "type": "Feature", "properties": { "name": "KU - Cammeray Preschool", "lat": -33.8230887, "lng": 151.2168407 }, "geometry": { "type": "Point", "coordinates": [ 151.2168407, -33.8230887 ] } },
{ "type": "Feature", "properties": { "name": "Cammeray Children's Centre", "lat": -33.8226907, "lng": 151.2163605 }, "geometry": { "type": "Point", "coordinates": [ 151.2163605, -33.8226907 ] } },
{ "type": "Feature", "properties": { "name": "Pow Place Community Child Care Centre", "lat": -33.9203789, "lng": 151.2334502 }, "geometry": { "type": "Point", "coordinates": [ 151.2334502, -33.9203789 ] } },
{ "type": "Feature", "properties": { "name": "The Grove Academy - Bexley", "lat": -33.9486409, "lng": 151.1174359 }, "geometry": { "type": "Point", "coordinates": [ 151.1174359, -33.9486409 ] } },
{ "type": "Feature", "properties": { "name": "SCECS OSHC Our Lady of Fatima Kingsgrove", "lat": -33.9421478, "lng": 151.1036854 }, "geometry": { "type": "Point", "coordinates": [ 151.1036854, -33.9421478 ] } },
{ "type": "Feature", "properties": { "name": "SCECS OSHC St Michael's Daceyville", "lat": -33.9295135, "lng": 151.2256087 }, "geometry": { "type": "Point", "coordinates": [ 151.2256087, -33.9295135 ] } },
{ "type": "Feature", "properties": { "name": "Wind in the Willows Child Care Centre", "lat": -33.9256868, "lng": 151.2295175 }, "geometry": { "type": "Point", "coordinates": [ 151.2295175, -33.9256868 ] } },
{ "type": "Feature", "properties": { "name": "SDN Owl's House Kingsford @ UNSW", "lat": -33.9211191, "lng": 151.2333543 }, "geometry": { "type": "Point", "coordinates": [ 151.2333543, -33.9211191 ] } },
{ "type": "Feature", "properties": { "name": "MINI MASTERMINDS SYDNEY OLYMPIC PARK", "lat": -33.8445756, "lng": 151.0745207 }, "geometry": { "type": "Point", "coordinates": [ 151.0745207, -33.8445756 ] } },
{ "type": "Feature", "properties": { "name": "Hibiscus Children's Centre", "lat": -33.9285133, "lng": 151.2269889 }, "geometry": { "type": "Point", "coordinates": [ 151.2269889, -33.9285133 ] } },
{ "type": "Feature", "properties": { "name": "KU - Chatswood West Preschool", "lat": -33.8048707, "lng": 151.1743448 }, "geometry": { "type": "Point", "coordinates": [ 151.1743448, -33.8048707 ] } },
{ "type": "Feature", "properties": { "name": "KIDZ ON PORTER CHILD CARE CENTRE", "lat": -33.8209931, "lng": 151.0971856 }, "geometry": { "type": "Point", "coordinates": [ 151.0971856, -33.8209931 ] } },
{ "type": "Feature", "properties": { "name": "Possums Corner Child Care Centre", "lat": -33.8035362, "lng": 151.1471924 }, "geometry": { "type": "Point", "coordinates": [ 151.1471924, -33.8035362 ] } },
{ "type": "Feature", "properties": { "name": "KU - Randwick-Coogee Preschool", "lat": -33.9110892, "lng": 151.2403449 }, "geometry": { "type": "Point", "coordinates": [ 151.2403449, -33.9110892 ] } },
{ "type": "Feature", "properties": { "name": "Waverley Early Education Centre", "lat": -33.893585, "lng": 151.246964 }, "geometry": { "type": "Point", "coordinates": [ 151.246964, -33.893585 ] } },
{ "type": "Feature", "properties": { "name": "the GRACE child care centre", "lat": -33.893585, "lng": 151.246964 }, "geometry": { "type": "Point", "coordinates": [ 151.246964, -33.893585 ] } },
{ "type": "Feature", "properties": { "name": "The Children's House Montessori Preschool", "lat": -33.8056876, "lng": 151.1325331 }, "geometry": { "type": "Point", "coordinates": [ 151.1325331, -33.8056876 ] } },
{ "type": "Feature", "properties": { "name": "Daceyville OSHClub", "lat": -33.9289542, "lng": 151.2271632 }, "geometry": { "type": "Point", "coordinates": [ 151.2271632, -33.9289542 ] } },
{ "type": "Feature", "properties": { "name": "Woollahra Cottage", "lat": -33.8900288, "lng": 151.2478778 }, "geometry": { "type": "Point", "coordinates": [ 151.2478778, -33.8900288 ] } },
{ "type": "Feature", "properties": { "name": "Neutral Bay Kindergarten", "lat": -33.8284548, "lng": 151.2250434 }, "geometry": { "type": "Point", "coordinates": [ 151.2250434, -33.8284548 ] } },
{ "type": "Feature", "properties": { "name": "Randwick Open Care for Kids", "lat": -33.9146709, "lng": 151.2386371 }, "geometry": { "type": "Point", "coordinates": [ 151.2386371, -33.9146709 ] } },
{ "type": "Feature", "properties": { "name": "Papilio Early Learning Ryde", "lat": -33.8202014, "lng": 151.0972684 }, "geometry": { "type": "Point", "coordinates": [ 151.0972684, -33.8202014 ] } },
{ "type": "Feature", "properties": { "name": "Papilio Early Learning Meadowbank", "lat": -33.8207986, "lng": 151.0963276 }, "geometry": { "type": "Point", "coordinates": [ 151.0963276, -33.8207986 ] } },
{ "type": "Feature", "properties": { "name": "Kids World Child Care Centre", "lat": -33.9182824, "lng": 151.0754676 }, "geometry": { "type": "Point", "coordinates": [ 151.0754676, -33.9182824 ] } },
{ "type": "Feature", "properties": { "name": "Ryde East Out of School Hour Care Centre Inc", "lat": -33.8063967, "lng": 151.1268534 }, "geometry": { "type": "Point", "coordinates": [ 151.1268534, -33.8063967 ] } },
{ "type": "Feature", "properties": { "name": "Tree of Life Early Learning School", "lat": -33.8111664, "lng": 151.1991798 }, "geometry": { "type": "Point", "coordinates": [ 151.1991798, -33.8111664 ] } },
{ "type": "Feature", "properties": { "name": "SDN Mosman Children's Education and Care Centre", "lat": -33.8323999, "lng": 151.2298705 }, "geometry": { "type": "Point", "coordinates": [ 151.2298705, -33.8323999 ] } },
{ "type": "Feature", "properties": { "name": "Grow with me", "lat": -33.8953977, "lng": 151.064717 }, "geometry": { "type": "Point", "coordinates": [ 151.064717, -33.8953977 ] } },
{ "type": "Feature", "properties": { "name": "Emanuel OOSH", "lat": -33.907542, "lng": 151.2432966 }, "geometry": { "type": "Point", "coordinates": [ 151.2432966, -33.907542 ] } },
{ "type": "Feature", "properties": { "name": "Little Gems Early Learning Centre Kingsgrove", "lat": -33.9341347, "lng": 151.0896842 }, "geometry": { "type": "Point", "coordinates": [ 151.0896842, -33.9341347 ] } },
{ "type": "Feature", "properties": { "name": "ST MARY MULTICULTURAL EARLY LEARNING CENTRE - BLAXLAND RD", "lat": -33.8261788, "lng": 151.0886702 }, "geometry": { "type": "Point", "coordinates": [ 151.0886702, -33.8261788 ] } },
{ "type": "Feature", "properties": { "name": "The Kornmehl Centre", "lat": -33.9069896, "lng": 151.2436911 }, "geometry": { "type": "Point", "coordinates": [ 151.2436911, -33.9069896 ] } },
{ "type": "Feature", "properties": { "name": "Gardiner Early Education Centre", "lat": -33.8951404, "lng": 151.247723 }, "geometry": { "type": "Point", "coordinates": [ 151.247723, -33.8951404 ] } },
{ "type": "Feature", "properties": { "name": "Only About Children Cremorne", "lat": -33.8291675, "lng": 151.2270582 }, "geometry": { "type": "Point", "coordinates": [ 151.2270582, -33.8291675 ] } },
{ "type": "Feature", "properties": { "name": "Lakemba Children's Centre", "lat": -33.9159573, "lng": 151.0731211 }, "geometry": { "type": "Point", "coordinates": [ 151.0731211, -33.9159573 ] } },
{ "type": "Feature", "properties": { "name": "Mini Masterminds- Brighton Le Sands", "lat": -33.9574447, "lng": 151.1487912 }, "geometry": { "type": "Point", "coordinates": [ 151.1487912, -33.9574447 ] } },
{ "type": "Feature", "properties": { "name": "SCECS OSHC St Margaret Mary's Randwick North", "lat": -33.9054364, "lng": 151.2449109 }, "geometry": { "type": "Point", "coordinates": [ 151.2449109, -33.9054364 ] } },
{ "type": "Feature", "properties": { "name": "TeamKids - Ryde Public School", "lat": -33.8130919, "lng": 151.1069411 }, "geometry": { "type": "Point", "coordinates": [ 151.1069411, -33.8130919 ] } },
{ "type": "Feature", "properties": { "name": "Little Zak's Academy Bondi", "lat": -33.8912047, "lng": 151.2494981 }, "geometry": { "type": "Point", "coordinates": [ 151.2494981, -33.8912047 ] } },
{ "type": "Feature", "properties": { "name": "Koorana Croydon St Pre School", "lat": -33.9213915, "lng": 151.0761358 }, "geometry": { "type": "Point", "coordinates": [ 151.0761358, -33.9213915 ] } },
{ "type": "Feature", "properties": { "name": "Lilliput Corner Nursery School", "lat": -33.9580733, "lng": 151.1523585 }, "geometry": { "type": "Point", "coordinates": [ 151.1523585, -33.9580733 ] } },
{ "type": "Feature", "properties": { "name": "Woollahra Little School", "lat": -33.8904877, "lng": 151.2498339 }, "geometry": { "type": "Point", "coordinates": [ 151.2498339, -33.8904877 ] } },
{ "type": "Feature", "properties": { "name": "Little Zak's Academy Rhodes", "lat": -33.8259643, "lng": 151.0870972 }, "geometry": { "type": "Point", "coordinates": [ 151.0870972, -33.8259643 ] } },
{ "type": "Feature", "properties": { "name": "St Jude's Early Learning", "lat": -33.9113608, "lng": 151.2429864 }, "geometry": { "type": "Point", "coordinates": [ 151.2429864, -33.9113608 ] } },
{ "type": "Feature", "properties": { "name": "Paisley Park Early Learning Centre Randwick", "lat": -33.9162689, "lng": 151.2401973 }, "geometry": { "type": "Point", "coordinates": [ 151.2401973, -33.9162689 ] } },
{ "type": "Feature", "properties": { "name": "Kiddie Cloud Early Learning Centre", "lat": -33.9446605, "lng": 151.2098571 }, "geometry": { "type": "Point", "coordinates": [ 151.2098571, -33.9446605 ] } },
{ "type": "Feature", "properties": { "name": "Star Club Pagewood Public School", "lat": -33.9421762, "lng": 151.2141424 }, "geometry": { "type": "Point", "coordinates": [ 151.2141424, -33.9421762 ] } },
{ "type": "Feature", "properties": { "name": "SCECS OSHC St Thomas More's Brighton-Le-Sands", "lat": -33.9586331, "lng": 151.151497 }, "geometry": { "type": "Point", "coordinates": [ 151.151497, -33.9586331 ] } },
{ "type": "Feature", "properties": { "name": "Goodstart Early Learning Bondi Junction - Oxford Street West", "lat": -33.8918165, "lng": 151.2503133 }, "geometry": { "type": "Point", "coordinates": [ 151.2503133, -33.8918165 ] } },
{ "type": "Feature", "properties": { "name": "Shepherds Bay Montessori Academy", "lat": -33.819375, "lng": 151.0945682 }, "geometry": { "type": "Point", "coordinates": [ 151.0945682, -33.819375 ] } },
{ "type": "Feature", "properties": { "name": "Integricare Early Learning Centre Rockdale Plaza", "lat": -33.9577294, "lng": 151.1398831 }, "geometry": { "type": "Point", "coordinates": [ 151.1398831, -33.9577294 ] } },
{ "type": "Feature", "properties": { "name": "Lilypad Early Learning Centre", "lat": -33.8122148, "lng": 151.1062214 }, "geometry": { "type": "Point", "coordinates": [ 151.1062214, -33.8122148 ] } },
{ "type": "Feature", "properties": { "name": "Sunny Kids Lakemba", "lat": -33.9266919, "lng": 151.0792636 }, "geometry": { "type": "Point", "coordinates": [ 151.0792636, -33.9266919 ] } },
{ "type": "Feature", "properties": { "name": "Goodstart Early Learning Bondi Junction - Oxford Street North", "lat": -33.8915695, "lng": 151.2505012 }, "geometry": { "type": "Point", "coordinates": [ 151.2505012, -33.8915695 ] } },
{ "type": "Feature", "properties": { "name": "Goodstart Early Learning Bondi Junction - Oxford Street South", "lat": -33.8915695, "lng": 151.2505012 }, "geometry": { "type": "Point", "coordinates": [ 151.2505012, -33.8915695 ] } },
{ "type": "Feature", "properties": { "name": "Randwick Creative Childcare", "lat": -33.9121118, "lng": 151.2433861 }, "geometry": { "type": "Point", "coordinates": [ 151.2433861, -33.9121118 ] } },
{ "type": "Feature", "properties": { "name": "Care A Lot Kindy 2", "lat": -33.9033863, "lng": 151.2473814 }, "geometry": { "type": "Point", "coordinates": [ 151.2473814, -33.9033863 ] } },
{ "type": "Feature", "properties": { "name": "St Mary's Day Care Centre", "lat": -33.9548587, "lng": 151.1252326 }, "geometry": { "type": "Point", "coordinates": [ 151.1252326, -33.9548587 ] } },
{ "type": "Feature", "properties": { "name": "Amana OSHC MFIS Greenacre", "lat": -33.8915104, "lng": 151.0615079 }, "geometry": { "type": "Point", "coordinates": [ 151.0615079, -33.8915104 ] } },
{ "type": "Feature", "properties": { "name": "Mama Bear Child Care Centre", "lat": -33.9324969, "lng": 151.0845981 }, "geometry": { "type": "Point", "coordinates": [ 151.0845981, -33.9324969 ] } },
{ "type": "Feature", "properties": { "name": "Mount Sinai College Early Learning Centre", "lat": -33.9294259, "lng": 151.2309862 }, "geometry": { "type": "Point", "coordinates": [ 151.2309862, -33.9294259 ] } },
{ "type": "Feature", "properties": { "name": "Gingerbread Preschool Kindergarten", "lat": -33.8974537, "lng": 151.2495368 }, "geometry": { "type": "Point", "coordinates": [ 151.2495368, -33.8974537 ] } },
{ "type": "Feature", "properties": { "name": "Bexley Jack & Jill Pre-School", "lat": -33.9548889, "lng": 151.1244134 }, "geometry": { "type": "Point", "coordinates": [ 151.1244134, -33.9548889 ] } },
{ "type": "Feature", "properties": { "name": "Ryde Early Learning Centre", "lat": -33.810424, "lng": 151.1089499 }, "geometry": { "type": "Point", "coordinates": [ 151.1089499, -33.810424 ] } },
{ "type": "Feature", "properties": { "name": "Star Kids Long Day Care and Preschool", "lat": -33.9147509, "lng": 151.0699941 }, "geometry": { "type": "Point", "coordinates": [ 151.0699941, -33.9147509 ] } },
{ "type": "Feature", "properties": { "name": "Turtletot Childcare", "lat": -33.9530513, "lng": 151.1183153 }, "geometry": { "type": "Point", "coordinates": [ 151.1183153, -33.9530513 ] } },
{ "type": "Feature", "properties": { "name": "Randwick Montessori Academy", "lat": -33.9223559, "lng": 151.237507 }, "geometry": { "type": "Point", "coordinates": [ 151.237507, -33.9223559 ] } },
{ "type": "Feature", "properties": { "name": "Tumbling Teddy's Cottage", "lat": -33.9538848, "lng": 151.1202494 }, "geometry": { "type": "Point", "coordinates": [ 151.1202494, -33.9538848 ] } },
{ "type": "Feature", "properties": { "name": "The Scots College BASC Bellevue Hill", "lat": -33.8802368, "lng": 151.252892 }, "geometry": { "type": "Point", "coordinates": [ 151.252892, -33.8802368 ] } },
{ "type": "Feature", "properties": { "name": "Babyccino", "lat": -33.9599232, "lng": 151.1516302 }, "geometry": { "type": "Point", "coordinates": [ 151.1516302, -33.9599232 ] } },
{ "type": "Feature", "properties": { "name": "Platinum Pre School and Long Day Care", "lat": -33.9159601, "lng": 151.242531 }, "geometry": { "type": "Point", "coordinates": [ 151.242531, -33.9159601 ] } },
{ "type": "Feature", "properties": { "name": "Uniting West Bexley Preschool", "lat": -33.9519731, "lng": 151.1136282 }, "geometry": { "type": "Point", "coordinates": [ 151.1136282, -33.9519731 ] } },
{ "type": "Feature", "properties": { "name": "Kool HQ Reddam OSHC", "lat": -33.8895519, "lng": 151.2523498 }, "geometry": { "type": "Point", "coordinates": [ 151.2523498, -33.8895519 ] } },
{ "type": "Feature", "properties": { "name": "Goodstart Early Learning Mosman - Cabramatta Road", "lat": -33.8288821, "lng": 151.2312139 }, "geometry": { "type": "Point", "coordinates": [ 151.2312139, -33.8288821 ] } },
{ "type": "Feature", "properties": { "name": "Galaxy Outside School Hours- Randwick", "lat": -33.9162016, "lng": 151.2427033 }, "geometry": { "type": "Point", "coordinates": [ 151.2427033, -33.9162016 ] } },
{ "type": "Feature", "properties": { "name": "Oz Education Homebush", "lat": -33.8617066, "lng": 151.0614122 }, "geometry": { "type": "Point", "coordinates": [ 151.0614122, -33.8617066 ] } },
{ "type": "Feature", "properties": { "name": "Get Set Grow Early Learning Centre", "lat": -33.8617066, "lng": 151.0614122 }, "geometry": { "type": "Point", "coordinates": [ 151.0614122, -33.8617066 ] } },
{ "type": "Feature", "properties": { "name": "Reddam House Early Learning School", "lat": -33.8898478, "lng": 151.2525094 }, "geometry": { "type": "Point", "coordinates": [ 151.2525094, -33.8898478 ] } },
{ "type": "Feature", "properties": { "name": "TeamKids - McCallums Hill Public School", "lat": -33.9347149, "lng": 151.0850797 }, "geometry": { "type": "Point", "coordinates": [ 151.0850797, -33.9347149 ] } },
{ "type": "Feature", "properties": { "name": "Holy Cross OSHC Centre", "lat": -33.8892636, "lng": 151.2526756 }, "geometry": { "type": "Point", "coordinates": [ 151.2526756, -33.8892636 ] } },
{ "type": "Feature", "properties": { "name": "My Best Me Early Learning Academy", "lat": -33.9593745, "lng": 151.1402172 }, "geometry": { "type": "Point", "coordinates": [ 151.1402172, -33.9593745 ] } },
{ "type": "Feature", "properties": { "name": "3Bridges Rainbow Street", "lat": -33.9246034, "lng": 151.2371583 }, "geometry": { "type": "Point", "coordinates": [ 151.2371583, -33.9246034 ] } },
{ "type": "Feature", "properties": { "name": "Koala Cottage", "lat": -33.8078719, "lng": 151.200614 }, "geometry": { "type": "Point", "coordinates": [ 151.200614, -33.8078719 ] } },
{ "type": "Feature", "properties": { "name": "Integricare Brighton Le Sands", "lat": -33.9606622, "lng": 151.1536998 }, "geometry": { "type": "Point", "coordinates": [ 151.1536998, -33.9606622 ] } },
{ "type": "Feature", "properties": { "name": "Kincoppal-Rose Bay Early Learning Centre", "lat": -33.8701836, "lng": 151.2529708 }, "geometry": { "type": "Point", "coordinates": [ 151.2529708, -33.8701836 ] } },
{ "type": "Feature", "properties": { "name": "Family First Daycare Pty Ltd", "lat": -33.90281, "lng": 151.0626764 }, "geometry": { "type": "Point", "coordinates": [ 151.0626764, -33.90281 ] } },
{ "type": "Feature", "properties": { "name": "All About Me Early Learning Centre", "lat": -33.9100666, "lng": 151.0656496 }, "geometry": { "type": "Point", "coordinates": [ 151.0656496, -33.9100666 ] } },
{ "type": "Feature", "properties": { "name": "Happy Faces Early Learning Centre - Meadowbank", "lat": -33.8198923, "lng": 151.0904786 }, "geometry": { "type": "Point", "coordinates": [ 151.0904786, -33.8198923 ] } },
{ "type": "Feature", "properties": { "name": "Three Little Birds Early Learning Centre", "lat": -33.8024811, "lng": 151.185544 }, "geometry": { "type": "Point", "coordinates": [ 151.185544, -33.8024811 ] } },
{ "type": "Feature", "properties": { "name": "Rainbow Street Child Care Centre", "lat": -33.9246418, "lng": 151.2377035 }, "geometry": { "type": "Point", "coordinates": [ 151.2377035, -33.9246418 ] } },
{ "type": "Feature", "properties": { "name": "Shore Preparatory School OSHC - Extend", "lat": -33.8101629, "lng": 151.2067359 }, "geometry": { "type": "Point", "coordinates": [ 151.2067359, -33.8101629 ] } },
{ "type": "Feature", "properties": { "name": "Shore Preparatory School Early Learning Centre", "lat": -33.8101629, "lng": 151.2067359 }, "geometry": { "type": "Point", "coordinates": [ 151.2067359, -33.8101629 ] } },
{ "type": "Feature", "properties": { "name": "Bright Beginnings Learning Centre Bexley", "lat": -33.9547775, "lng": 151.1180423 }, "geometry": { "type": "Point", "coordinates": [ 151.1180423, -33.9547775 ] } },
{ "type": "Feature", "properties": { "name": "Giggle and Learn Early Childcare and Education Centre", "lat": -33.9611035, "lng": 151.1510157 }, "geometry": { "type": "Point", "coordinates": [ 151.1510157, -33.9611035 ] } },
{ "type": "Feature", "properties": { "name": "Waverley Community Out of School Care", "lat": -33.8984861, "lng": 151.2517501 }, "geometry": { "type": "Point", "coordinates": [ 151.2517501, -33.8984861 ] } },
{ "type": "Feature", "properties": { "name": "Konomi Kindergarten International", "lat": -33.805954, "lng": 151.198478 }, "geometry": { "type": "Point", "coordinates": [ 151.198478, -33.805954 ] } },
{ "type": "Feature", "properties": { "name": "Integricare Preschool Northbridge", "lat": -33.8108917, "lng": 151.209792 }, "geometry": { "type": "Point", "coordinates": [ 151.209792, -33.8108917 ] } },
{ "type": "Feature", "properties": { "name": "Voyage Education Wiley Park", "lat": -33.918027, "lng": 151.0684473 }, "geometry": { "type": "Point", "coordinates": [ 151.0684473, -33.918027 ] } },
{ "type": "Feature", "properties": { "name": "Little Stars Kindergarten", "lat": -33.8167705, "lng": 151.092401 }, "geometry": { "type": "Point", "coordinates": [ 151.092401, -33.8167705 ] } },
{ "type": "Feature", "properties": { "name": "ROOSH", "lat": -33.806197, "lng": 151.1114987 }, "geometry": { "type": "Point", "coordinates": [ 151.1114987, -33.806197 ] } },
{ "type": "Feature", "properties": { "name": "TeamKids - Kingsgrove Public School", "lat": -33.9489905, "lng": 151.1017543 }, "geometry": { "type": "Point", "coordinates": [ 151.1017543, -33.9489905 ] } },
{ "type": "Feature", "properties": { "name": "Little Sails OOSH", "lat": -33.9622883, "lng": 151.1501206 }, "geometry": { "type": "Point", "coordinates": [ 151.1501206, -33.9622883 ] } },
{ "type": "Feature", "properties": { "name": "Learn & Laugh Randwick", "lat": -33.924615, "lng": 151.2397984 }, "geometry": { "type": "Point", "coordinates": [ 151.2397984, -33.924615 ] } },
{ "type": "Feature", "properties": { "name": "Little Sails Pre-School", "lat": -33.9623081, "lng": 151.1501054 }, "geometry": { "type": "Point", "coordinates": [ 151.1501054, -33.9623081 ] } },
{ "type": "Feature", "properties": { "name": "Stay & Play Early Learning Centre", "lat": -33.9203508, "lng": 151.0692655 }, "geometry": { "type": "Point", "coordinates": [ 151.0692655, -33.9203508 ] } },
{ "type": "Feature", "properties": { "name": "LITTLE ZAKS ACADEMY RYDE", "lat": -33.8143936, "lng": 151.0950174 }, "geometry": { "type": "Point", "coordinates": [ 151.0950174, -33.8143936 ] } },
{ "type": "Feature", "properties": { "name": "Bright Little Stars on Mowbray", "lat": -33.8029588, "lng": 151.1935569 }, "geometry": { "type": "Point", "coordinates": [ 151.1935569, -33.8029588 ] } },
{ "type": "Feature", "properties": { "name": "Stepping Stones Academy Randwick", "lat": -33.9212382, "lng": 151.2425567 }, "geometry": { "type": "Point", "coordinates": [ 151.2425567, -33.9212382 ] } },
{ "type": "Feature", "properties": { "name": "TeamKids - Claremont College", "lat": -33.9182957, "lng": 151.2445881 }, "geometry": { "type": "Point", "coordinates": [ 151.2445881, -33.9182957 ] } },
{ "type": "Feature", "properties": { "name": "Camp Australia - St Charles Catholic Primary School OSHC", "lat": -33.8991006, "lng": 151.2533016 }, "geometry": { "type": "Point", "coordinates": [ 151.2533016, -33.8991006 ] } },
{ "type": "Feature", "properties": { "name": "Alice Street Child Care Centre", "lat": -33.9255588, "lng": 151.0727692 }, "geometry": { "type": "Point", "coordinates": [ 151.0727692, -33.9255588 ] } },
{ "type": "Feature", "properties": { "name": "Italian Bilingual School (IBS) Out of School Hours Care Program - Meadowbank", "lat": -33.8154363, "lng": 151.0929068 }, "geometry": { "type": "Point", "coordinates": [ 151.0929068, -33.8154363 ] } },
{ "type": "Feature", "properties": { "name": "Mt Zion War Memorial Kindergarten", "lat": -33.8923063, "lng": 151.2550781 }, "geometry": { "type": "Point", "coordinates": [ 151.2550781, -33.8923063 ] } },
{ "type": "Feature", "properties": { "name": "St Philip Neri School TheirCare", "lat": -33.8120921, "lng": 151.2145472 }, "geometry": { "type": "Point", "coordinates": [ 151.2145472, -33.8120921 ] } },
{ "type": "Feature", "properties": { "name": "Meadowbank TAFE Children's Centre", "lat": -33.814945, "lng": 151.0929652 }, "geometry": { "type": "Point", "coordinates": [ 151.0929652, -33.814945 ] } },
{ "type": "Feature", "properties": { "name": "Chatswood OSHC Centre", "lat": -33.7981402, "lng": 151.1781461 }, "geometry": { "type": "Point", "coordinates": [ 151.1781461, -33.7981402 ] } },
{ "type": "Feature", "properties": { "name": "St Mary's Child Care Centre - Waverley", "lat": -33.8960886, "lng": 151.2549192 }, "geometry": { "type": "Point", "coordinates": [ 151.2549192, -33.8960886 ] } },
{ "type": "Feature", "properties": { "name": "TeamKids - Wentworth Point Public School", "lat": -33.8236746, "lng": 151.0814006 }, "geometry": { "type": "Point", "coordinates": [ 151.0814006, -33.8236746 ] } },
{ "type": "Feature", "properties": { "name": "Children's Choice Early Learning", "lat": -33.7984068, "lng": 151.1798041 }, "geometry": { "type": "Point", "coordinates": [ 151.1798041, -33.7984068 ] } },
{ "type": "Feature", "properties": { "name": "Rochie's Creche", "lat": -33.8919771, "lng": 151.2558666 }, "geometry": { "type": "Point", "coordinates": [ 151.2558666, -33.8919771 ] } },
{ "type": "Feature", "properties": { "name": "Enchanted Castle", "lat": -33.9155713, "lng": 151.0650127 }, "geometry": { "type": "Point", "coordinates": [ 151.0650127, -33.9155713 ] } },
{ "type": "Feature", "properties": { "name": "KU - North Ryde Preschool", "lat": -33.7992948, "lng": 151.1282602 }, "geometry": { "type": "Point", "coordinates": [ 151.1282602, -33.7992948 ] } },
{ "type": "Feature", "properties": { "name": "Goulding Hill Pre-School", "lat": -33.8046558, "lng": 151.1114008 }, "geometry": { "type": "Point", "coordinates": [ 151.1114008, -33.8046558 ] } },
{ "type": "Feature", "properties": { "name": "Sandcastles Childcare Chatswood 2", "lat": -33.797995, "lng": 151.1784822 }, "geometry": { "type": "Point", "coordinates": [ 151.1784822, -33.797995 ] } },
{ "type": "Feature", "properties": { "name": "KU - Chatswood Community Preschool", "lat": -33.7988401, "lng": 151.1828147 }, "geometry": { "type": "Point", "coordinates": [ 151.1828147, -33.7988401 ] } },
{ "type": "Feature", "properties": { "name": "Camp Australia - Banksmeadow Public School OSHC", "lat": -33.9528835, "lng": 151.2065571 }, "geometry": { "type": "Point", "coordinates": [ 151.2065571, -33.9528835 ] } },
{ "type": "Feature", "properties": { "name": "Rawson St Kids", "lat": -33.9591941, "lng": 151.1222245 }, "geometry": { "type": "Point", "coordinates": [ 151.1222245, -33.9591941 ] } },
{ "type": "Feature", "properties": { "name": "Kool HQ Waverley", "lat": -33.8968705, "lng": 151.255561 }, "geometry": { "type": "Point", "coordinates": [ 151.255561, -33.8968705 ] } },
{ "type": "Feature", "properties": { "name": "Mosman Prep School", "lat": -33.8325038, "lng": 151.2402797 }, "geometry": { "type": "Point", "coordinates": [ 151.2402797, -33.8325038 ] } },
{ "type": "Feature", "properties": { "name": "Toddlers Ink OSHC", "lat": -33.9041143, "lng": 151.0588912 }, "geometry": { "type": "Point", "coordinates": [ 151.0588912, -33.9041143 ] } },
{ "type": "Feature", "properties": { "name": "Devonshire Street Childrens Centre", "lat": -33.7986018, "lng": 151.184542 }, "geometry": { "type": "Point", "coordinates": [ 151.184542, -33.7986018 ] } },
{ "type": "Feature", "properties": { "name": "Amana OSHC Arkana College", "lat": -33.9498519, "lng": 151.098859 }, "geometry": { "type": "Point", "coordinates": [ 151.098859, -33.9498519 ] } },
{ "type": "Feature", "properties": { "name": "Stepping Stones Early Learning Centre, Bexley", "lat": -33.958599, "lng": 151.1186123 }, "geometry": { "type": "Point", "coordinates": [ 151.1186123, -33.958599 ] } },
{ "type": "Feature", "properties": { "name": "Bright Sunshine Children Centre", "lat": -33.9602027, "lng": 151.1242446 }, "geometry": { "type": "Point", "coordinates": [ 151.1242446, -33.9602027 ] } },
{ "type": "Feature", "properties": { "name": "The Killarney School", "lat": -33.827727, "lng": 151.2367154 }, "geometry": { "type": "Point", "coordinates": [ 151.2367154, -33.827727 ] } },
{ "type": "Feature", "properties": { "name": "Pandora Early Learning Centre", "lat": -33.9053196, "lng": 151.058644 }, "geometry": { "type": "Point", "coordinates": [ 151.058644, -33.9053196 ] } },
{ "type": "Feature", "properties": { "name": "Mini Masterminds Lidcombe", "lat": -33.8507396, "lng": 151.0600071 }, "geometry": { "type": "Point", "coordinates": [ 151.0600071, -33.8507396 ] } },
{ "type": "Feature", "properties": { "name": "Mini Masterminds Lidcombe", "lat": -33.8507396, "lng": 151.0600071 }, "geometry": { "type": "Point", "coordinates": [ 151.0600071, -33.8507396 ] } },
{ "type": "Feature", "properties": { "name": "Banksmeadow Public School Preschool", "lat": -33.9533864, "lng": 151.2072277 }, "geometry": { "type": "Point", "coordinates": [ 151.2072277, -33.9533864 ] } },
{ "type": "Feature", "properties": { "name": "Willoughby Kids House Assoc Inc", "lat": -33.8024589, "lng": 151.1987251 }, "geometry": { "type": "Point", "coordinates": [ 151.1987251, -33.8024589 ] } },
{ "type": "Feature", "properties": { "name": "KIDS COTTAGE MIDDLE HARBOUR", "lat": -33.8234008, "lng": 151.2329343 }, "geometry": { "type": "Point", "coordinates": [ 151.2329343, -33.8234008 ] } },
{ "type": "Feature", "properties": { "name": "Shadforth Cottage (Shadforth Street)", "lat": -33.8322066, "lng": 151.2411229 }, "geometry": { "type": "Point", "coordinates": [ 151.2411229, -33.8322066 ] } },
{ "type": "Feature", "properties": { "name": "Wee Care Kindergarten", "lat": -33.8960805, "lng": 151.2568549 }, "geometry": { "type": "Point", "coordinates": [ 151.2568549, -33.8960805 ] } },
{ "type": "Feature", "properties": { "name": "Wee Care 2 Child Care Centre", "lat": -33.896537, "lng": 151.2567638 }, "geometry": { "type": "Point", "coordinates": [ 151.2567638, -33.896537 ] } },
{ "type": "Feature", "properties": { "name": "KU - Mosman Community Pre-school", "lat": -33.8284975, "lng": 151.2380738 }, "geometry": { "type": "Point", "coordinates": [ 151.2380738, -33.8284975 ] } },
{ "type": "Feature", "properties": { "name": "Meadowbank PS TheirCare", "lat": -33.8131564, "lng": 151.0921281 }, "geometry": { "type": "Point", "coordinates": [ 151.0921281, -33.8131564 ] } },
{ "type": "Feature", "properties": { "name": "Bambini House", "lat": -33.7986984, "lng": 151.1878886 }, "geometry": { "type": "Point", "coordinates": [ 151.1878886, -33.7986984 ] } },
{ "type": "Feature", "properties": { "name": "KU Kogarah Children's Centre", "lat": -33.9632121, "lng": 151.1351204 }, "geometry": { "type": "Point", "coordinates": [ 151.1351204, -33.9632121 ] } },
{ "type": "Feature", "properties": { "name": "St Mark's Northbridge Kindergarten", "lat": -33.810623, "lng": 151.216676 }, "geometry": { "type": "Point", "coordinates": [ 151.216676, -33.810623 ] } },
{ "type": "Feature", "properties": { "name": "Kookaburra Kindergarten Chatswood", "lat": -33.7956355, "lng": 151.1745926 }, "geometry": { "type": "Point", "coordinates": [ 151.1745926, -33.7956355 ] } },
{ "type": "Feature", "properties": { "name": "St Catherine's School Waverley", "lat": -33.9042186, "lng": 151.2548281 }, "geometry": { "type": "Point", "coordinates": [ 151.2548281, -33.9042186 ] } },
{ "type": "Feature", "properties": { "name": "Beulah Matumbi Child Care Centre", "lat": -33.9106868, "lng": 151.2522092 }, "geometry": { "type": "Point", "coordinates": [ 151.2522092, -33.9106868 ] } },
{ "type": "Feature", "properties": { "name": "Growing Patch Early Learning Centre", "lat": -33.9553837, "lng": 151.1076897 }, "geometry": { "type": "Point", "coordinates": [ 151.1076897, -33.9553837 ] } },
{ "type": "Feature", "properties": { "name": "Mosman Kinderland", "lat": -33.8237381, "lng": 151.2342651 }, "geometry": { "type": "Point", "coordinates": [ 151.2342651, -33.8237381 ] } },
{ "type": "Feature", "properties": { "name": "Kids Planet Academy", "lat": -33.7953852, "lng": 151.1381657 }, "geometry": { "type": "Point", "coordinates": [ 151.1381657, -33.7953852 ] } },
{ "type": "Feature", "properties": { "name": "Mowbray Place Early Learning Centre", "lat": -33.8042856, "lng": 151.2050264 }, "geometry": { "type": "Point", "coordinates": [ 151.2050264, -33.8042856 ] } },
{ "type": "Feature", "properties": { "name": "360 Early Education North Ryde", "lat": -33.7951321, "lng": 151.1392491 }, "geometry": { "type": "Point", "coordinates": [ 151.1392491, -33.7951321 ] } },
{ "type": "Feature", "properties": { "name": "St Stephen's Children's Centre", "lat": -33.8880231, "lng": 151.2590738 }, "geometry": { "type": "Point", "coordinates": [ 151.2590738, -33.8880231 ] } },
{ "type": "Feature", "properties": { "name": "Mini Masterminds Wentworth Point", "lat": -33.8231373, "lng": 151.0784142 }, "geometry": { "type": "Point", "coordinates": [ 151.0784142, -33.8231373 ] } },
{ "type": "Feature", "properties": { "name": "Shiny Star Early Education Center Hurstville", "lat": -33.9549174, "lng": 151.1062564 }, "geometry": { "type": "Point", "coordinates": [ 151.1062564, -33.9549174 ] } },
{ "type": "Feature", "properties": { "name": "Only About Children Chatswood Station", "lat": -33.7963113, "lng": 151.180623 }, "geometry": { "type": "Point", "coordinates": [ 151.180623, -33.7963113 ] } },
{ "type": "Feature", "properties": { "name": "Shadforth Cottage (Avenue Road)", "lat": -33.8311895, "lng": 151.2415516 }, "geometry": { "type": "Point", "coordinates": [ 151.2415516, -33.8311895 ] } },
{ "type": "Feature", "properties": { "name": "Bellevue Hill OSHC Centre", "lat": -33.8870066, "lng": 151.2594588 }, "geometry": { "type": "Point", "coordinates": [ 151.2594588, -33.8870066 ] } },
{ "type": "Feature", "properties": { "name": "Little Angels at Pagewood Green", "lat": -33.9425894, "lng": 151.2271505 }, "geometry": { "type": "Point", "coordinates": [ 151.2271505, -33.9425894 ] } },
{ "type": "Feature", "properties": { "name": "Reggio Emilia Early Learning Centre Pagewood", "lat": -33.9425894, "lng": 151.2271505 }, "geometry": { "type": "Point", "coordinates": [ 151.2271505, -33.9425894 ] } },
{ "type": "Feature", "properties": { "name": "SCECS OSHC Blessed Sacrament Clifton Gardens", "lat": -33.8349373, "lng": 151.2447886 }, "geometry": { "type": "Point", "coordinates": [ 151.2447886, -33.8349373 ] } },
{ "type": "Feature", "properties": { "name": "Greenwood Bronte", "lat": -33.9058865, "lng": 151.2551013 }, "geometry": { "type": "Point", "coordinates": [ 151.2551013, -33.9058865 ] } },
{ "type": "Feature", "properties": { "name": "SCECS OSHC Sacred Heart Mosman", "lat": -33.8248395, "lng": 151.2362294 }, "geometry": { "type": "Point", "coordinates": [ 151.2362294, -33.8248395 ] } },
{ "type": "Feature", "properties": { "name": "Eastgardens Kindy", "lat": -33.9448127, "lng": 151.2243236 }, "geometry": { "type": "Point", "coordinates": [ 151.2243236, -33.9448127 ] } },
{ "type": "Feature", "properties": { "name": "Helping Hands Willoughby", "lat": -33.8019645, "lng": 151.2010858 }, "geometry": { "type": "Point", "coordinates": [ 151.2010858, -33.8019645 ] } },
{ "type": "Feature", "properties": { "name": "JEMS OSHC", "lat": -33.8918308, "lng": 151.2593888 }, "geometry": { "type": "Point", "coordinates": [ 151.2593888, -33.8918308 ] } },
{ "type": "Feature", "properties": { "name": "Orchard Early Learning Centre Ryde", "lat": -33.8020613, "lng": 151.1101584 }, "geometry": { "type": "Point", "coordinates": [ 151.1101584, -33.8020613 ] } },
{ "type": "Feature", "properties": { "name": "Only About Children Chatswood Albert Avenue", "lat": -33.7969987, "lng": 151.1870236 }, "geometry": { "type": "Point", "coordinates": [ 151.1870236, -33.7969987 ] } },
{ "type": "Feature", "properties": { "name": "Only About Children Mosman", "lat": -33.8342993, "lng": 151.2451497 }, "geometry": { "type": "Point", "coordinates": [ 151.2451497, -33.8342993 ] } },
{ "type": "Feature", "properties": { "name": "Bunny Cottage", "lat": -33.9576955, "lng": 151.1099422 }, "geometry": { "type": "Point", "coordinates": [ 151.1099422, -33.9576955 ] } },
{ "type": "Feature", "properties": { "name": "Little Feet Early Learning & Childcare Centre", "lat": -33.9052591, "lng": 151.2561717 }, "geometry": { "type": "Point", "coordinates": [ 151.2561717, -33.9052591 ] } },
{ "type": "Feature", "properties": { "name": "Mount Sinai College OSHC - Extend", "lat": -33.9351811, "lng": 151.236752 }, "geometry": { "type": "Point", "coordinates": [ 151.236752, -33.9351811 ] } },
{ "type": "Feature", "properties": { "name": "Barfa Bear Child Care Centre", "lat": -33.9388438, "lng": 151.079457 }, "geometry": { "type": "Point", "coordinates": [ 151.079457, -33.9388438 ] } },
{ "type": "Feature", "properties": { "name": "Little Lion Kogarah", "lat": -33.9650099, "lng": 151.1362342 }, "geometry": { "type": "Point", "coordinates": [ 151.1362342, -33.9650099 ] } },
{ "type": "Feature", "properties": { "name": "Mount Sinai College Early Learning Centre", "lat": -33.9351453, "lng": 151.2368059 }, "geometry": { "type": "Point", "coordinates": [ 151.2368059, -33.9351453 ] } },
{ "type": "Feature", "properties": { "name": "Toddlers Ink Childcare", "lat": -33.9092335, "lng": 151.057484 }, "geometry": { "type": "Point", "coordinates": [ 151.057484, -33.9092335 ] } },
{ "type": "Feature", "properties": { "name": "Chatswood Montessori Academy", "lat": -33.7947168, "lng": 151.1795789 }, "geometry": { "type": "Point", "coordinates": [ 151.1795789, -33.7947168 ] } },
{ "type": "Feature", "properties": { "name": "KU - Karingal Preschool", "lat": -33.9077301, "lng": 151.0565688 }, "geometry": { "type": "Point", "coordinates": [ 151.0565688, -33.9077301 ] } },
{ "type": "Feature", "properties": { "name": "Funtime Childcare", "lat": -33.903158, "lng": 151.0548001 }, "geometry": { "type": "Point", "coordinates": [ 151.0548001, -33.903158 ] } },
{ "type": "Feature", "properties": { "name": "Hee Mang Family Day Care Scheme", "lat": -33.796083, "lng": 151.186073 }, "geometry": { "type": "Point", "coordinates": [ 151.186073, -33.796083 ] } },
{ "type": "Feature", "properties": { "name": "Sandcastles Childcare Chatswood", "lat": -33.7948255, "lng": 151.1811507 }, "geometry": { "type": "Point", "coordinates": [ 151.1811507, -33.7948255 ] } },
{ "type": "Feature", "properties": { "name": "Tennyson Road Early Learning Centre", "lat": -33.8962872, "lng": 151.0527531 }, "geometry": { "type": "Point", "coordinates": [ 151.0527531, -33.8962872 ] } },
{ "type": "Feature", "properties": { "name": "Gan Yeladim", "lat": -33.8904582, "lng": 151.2606309 }, "geometry": { "type": "Point", "coordinates": [ 151.2606309, -33.8904582 ] } },
{ "type": "Feature", "properties": { "name": "Shadforth Outside School Hours Care", "lat": -33.8281721, "lng": 151.2412558 }, "geometry": { "type": "Point", "coordinates": [ 151.2412558, -33.8281721 ] } },
{ "type": "Feature", "properties": { "name": "West Ryde Early Learning Centre", "lat": -33.8070437, "lng": 151.0973577 }, "geometry": { "type": "Point", "coordinates": [ 151.0973577, -33.8070437 ] } },
{ "type": "Feature", "properties": { "name": "St George TAFE Child Care Centre - Kameruka Cottage", "lat": -33.9656263, "lng": 151.1351994 }, "geometry": { "type": "Point", "coordinates": [ 151.1351994, -33.9656263 ] } },
{ "type": "Feature", "properties": { "name": "Coogee Care Centre Incorporated", "lat": -33.9203963, "lng": 151.2497476 }, "geometry": { "type": "Point", "coordinates": [ 151.2497476, -33.9203963 ] } },
{ "type": "Feature", "properties": { "name": "Bennett Street Childcare Centre", "lat": -33.8962273, "lng": 151.2599521 }, "geometry": { "type": "Point", "coordinates": [ 151.2599521, -33.8962273 ] } },
{ "type": "Feature", "properties": { "name": "Liberty Church of Christ Preschool", "lat": -33.9092542, "lng": 151.0565514 }, "geometry": { "type": "Point", "coordinates": [ 151.0565514, -33.9092542 ] } },
{ "type": "Feature", "properties": { "name": "Glenaeon Rudolf Steiner Preschool", "lat": -33.7979418, "lng": 151.1945199 }, "geometry": { "type": "Point", "coordinates": [ 151.1945199, -33.7979418 ] } },
{ "type": "Feature", "properties": { "name": "Antara Childcare & Preschool Bexley", "lat": -33.9597437, "lng": 151.1124905 }, "geometry": { "type": "Point", "coordinates": [ 151.1124905, -33.9597437 ] } },
{ "type": "Feature", "properties": { "name": "Swan Academy", "lat": -33.7961369, "lng": 151.1887085 }, "geometry": { "type": "Point", "coordinates": [ 151.1887085, -33.7961369 ] } },
{ "type": "Feature", "properties": { "name": "Roberts Park Early Learning Centre Pty Ltd", "lat": -33.9120083, "lng": 151.0576432 }, "geometry": { "type": "Point", "coordinates": [ 151.0576432, -33.9120083 ] } },
{ "type": "Feature", "properties": { "name": "North Ryde Community PreSchool", "lat": -33.8014048, "lng": 151.1077808 }, "geometry": { "type": "Point", "coordinates": [ 151.1077808, -33.8014048 ] } },
{ "type": "Feature", "properties": { "name": "Inspire Bales Park", "lat": -33.7977557, "lng": 151.1947983 }, "geometry": { "type": "Point", "coordinates": [ 151.1947983, -33.7977557 ] } },
{ "type": "Feature", "properties": { "name": "Bond Street Montessori Early Learning Centre", "lat": -33.8230445, "lng": 151.2373619 }, "geometry": { "type": "Point", "coordinates": [ 151.2373619, -33.8230445 ] } },
{ "type": "Feature", "properties": { "name": "Jack High Child Care Centre", "lat": -33.9463124, "lng": 151.0865772 }, "geometry": { "type": "Point", "coordinates": [ 151.0865772, -33.9463124 ] } },
{ "type": "Feature", "properties": { "name": "Helping Hands Carlton", "lat": -33.9634756, "lng": 151.1227979 }, "geometry": { "type": "Point", "coordinates": [ 151.1227979, -33.9634756 ] } },
{ "type": "Feature", "properties": { "name": "Koala Kids Preschool and Early Learning Centre", "lat": -33.9220304, "lng": 151.0629997 }, "geometry": { "type": "Point", "coordinates": [ 151.0629997, -33.9220304 ] } },
{ "type": "Feature", "properties": { "name": "TeamKids - Lycee Condorcet", "lat": -33.935331, "lng": 151.2386828 }, "geometry": { "type": "Point", "coordinates": [ 151.2386828, -33.935331 ] } },
{ "type": "Feature", "properties": { "name": "Lycee Condorcet - The International French School of Sydney", "lat": -33.935331, "lng": 151.2386828 }, "geometry": { "type": "Point", "coordinates": [ 151.2386828, -33.935331 ] } },
{ "type": "Feature", "properties": { "name": "SCECS OSHC St Michael's Meadowbank", "lat": -33.812396, "lng": 151.0876757 }, "geometry": { "type": "Point", "coordinates": [ 151.0876757, -33.812396 ] } },
{ "type": "Feature", "properties": { "name": "St Paul's Children Centre Inc", "lat": -33.9664355, "lng": 151.1365894 }, "geometry": { "type": "Point", "coordinates": [ 151.1365894, -33.9664355 ] } },
{ "type": "Feature", "properties": { "name": "TeamKids - Truscott Street Public School", "lat": -33.7942349, "lng": 151.1298705 }, "geometry": { "type": "Point", "coordinates": [ 151.1298705, -33.7942349 ] } },
{ "type": "Feature", "properties": { "name": "Only About Children Maroubra", "lat": -33.9364411, "lng": 151.2376807 }, "geometry": { "type": "Point", "coordinates": [ 151.2376807, -33.9364411 ] } },
{ "type": "Feature", "properties": { "name": "Carlton Academy of Early Learning", "lat": -33.9621534, "lng": 151.1180537 }, "geometry": { "type": "Point", "coordinates": [ 151.1180537, -33.9621534 ] } },
{ "type": "Feature", "properties": { "name": "Carlton Academy of Early Learning", "lat": -33.9621534, "lng": 151.1180537 }, "geometry": { "type": "Point", "coordinates": [ 151.1180537, -33.9621534 ] } },
{ "type": "Feature", "properties": { "name": "Our Lady of Dolours Chatswood OSHC", "lat": -33.7945056, "lng": 151.1846107 }, "geometry": { "type": "Point", "coordinates": [ 151.1846107, -33.7945056 ] } },
{ "type": "Feature", "properties": { "name": "SCECS OSHC Holy Spirit North Ryde", "lat": -33.7954707, "lng": 151.1230709 }, "geometry": { "type": "Point", "coordinates": [ 151.1230709, -33.7954707 ] } },
{ "type": "Feature", "properties": { "name": "Uniting Early Learning Kogarah", "lat": -33.9661293, "lng": 151.1319893 }, "geometry": { "type": "Point", "coordinates": [ 151.1319893, -33.9661293 ] } },
{ "type": "Feature", "properties": { "name": "Smalls Road OSHClub", "lat": -33.7996927, "lng": 151.1100787 }, "geometry": { "type": "Point", "coordinates": [ 151.1100787, -33.7996927 ] } },
{ "type": "Feature", "properties": { "name": "Only About Children Coogee Carr Street", "lat": -33.922097, "lng": 151.2502507 }, "geometry": { "type": "Point", "coordinates": [ 151.2502507, -33.922097 ] } },
{ "type": "Feature", "properties": { "name": "Ballykin at Scots Kirk", "lat": -33.827939, "lng": 151.243014 }, "geometry": { "type": "Point", "coordinates": [ 151.243014, -33.827939 ] } },
{ "type": "Feature", "properties": { "name": "Advanced Kindercare", "lat": -33.9255995, "lng": 151.064353 }, "geometry": { "type": "Point", "coordinates": [ 151.064353, -33.9255995 ] } },
{ "type": "Feature", "properties": { "name": "Jack & Jill Kindergarten Mosman", "lat": -33.8345102, "lng": 151.2483969 }, "geometry": { "type": "Point", "coordinates": [ 151.2483969, -33.8345102 ] } },
{ "type": "Feature", "properties": { "name": "Betty Elaine Kindergarten", "lat": -33.8544199, "lng": 151.0534355 }, "geometry": { "type": "Point", "coordinates": [ 151.0534355, -33.8544199 ] } },
{ "type": "Feature", "properties": { "name": "Carlton Childcare & Preschool", "lat": -33.9639939, "lng": 151.1210003 }, "geometry": { "type": "Point", "coordinates": [ 151.1210003, -33.9639939 ] } },
{ "type": "Feature", "properties": { "name": "Camp Australia - St Mary's Star of The Sea OSHC", "lat": -33.9612735, "lng": 151.1127574 }, "geometry": { "type": "Point", "coordinates": [ 151.1127574, -33.9612735 ] } },
{ "type": "Feature", "properties": { "name": "Platinum Pre School", "lat": -33.8925887, "lng": 151.2627513 }, "geometry": { "type": "Point", "coordinates": [ 151.2627513, -33.8925887 ] } },
{ "type": "Feature", "properties": { "name": "Roly Poly Child Care (Clovelly)", "lat": -33.9116182, "lng": 151.2568091 }, "geometry": { "type": "Point", "coordinates": [ 151.2568091, -33.9116182 ] } },
{ "type": "Feature", "properties": { "name": "Headstart Early Learning Centre West Ryde", "lat": -33.8070742, "lng": 151.0933629 }, "geometry": { "type": "Point", "coordinates": [ 151.0933629, -33.8070742 ] } },
{ "type": "Feature", "properties": { "name": "KU - Castlecrag Preschool", "lat": -33.8047071, "lng": 151.2149656 }, "geometry": { "type": "Point", "coordinates": [ 151.2149656, -33.8047071 ] } },
{ "type": "Feature", "properties": { "name": "Whizz Kidzz Early Learning Centre Beverly Hills", "lat": -33.9467438, "lng": 151.0845981 }, "geometry": { "type": "Point", "coordinates": [ 151.0845981, -33.9467438 ] } },
{ "type": "Feature", "properties": { "name": "Giraffe Early Learning Centre", "lat": -33.8259212, "lng": 151.2424038 }, "geometry": { "type": "Point", "coordinates": [ 151.2424038, -33.8259212 ] } },
{ "type": "Feature", "properties": { "name": "Active Kids @ Bondi", "lat": -33.8882198, "lng": 151.2636279 }, "geometry": { "type": "Point", "coordinates": [ 151.2636279, -33.8882198 ] } },
{ "type": "Feature", "properties": { "name": "Camp Australia - St Patrick's Catholic Primary School Kogarah OSHC", "lat": -33.967788, "lng": 151.1353815 }, "geometry": { "type": "Point", "coordinates": [ 151.1353815, -33.967788 ] } },
{ "type": "Feature", "properties": { "name": "Northbridge Public School TheirCare", "lat": -33.8105761, "lng": 151.224879 }, "geometry": { "type": "Point", "coordinates": [ 151.224879, -33.8105761 ] } },
{ "type": "Feature", "properties": { "name": "Only About Children Coogee Beach", "lat": -33.917753, "lng": 151.2540822 }, "geometry": { "type": "Point", "coordinates": [ 151.2540822, -33.917753 ] } },
{ "type": "Feature", "properties": { "name": "First Steps Early Education", "lat": -33.9434247, "lng": 151.0800484 }, "geometry": { "type": "Point", "coordinates": [ 151.0800484, -33.9434247 ] } },
{ "type": "Feature", "properties": { "name": "Lindfield Learning Village TheirCare", "lat": -33.7900333, "lng": 151.1608327 }, "geometry": { "type": "Point", "coordinates": [ 151.1608327, -33.7900333 ] } },
{ "type": "Feature", "properties": { "name": "The Northern Nursery School", "lat": -33.818452, "lng": 151.235159 }, "geometry": { "type": "Point", "coordinates": [ 151.235159, -33.818452 ] } },
{ "type": "Feature", "properties": { "name": "Cranbrook School TheirCare", "lat": -33.873449, "lng": 151.2640877 }, "geometry": { "type": "Point", "coordinates": [ 151.2640877, -33.873449 ] } },
{ "type": "Feature", "properties": { "name": "Jenny's Kindergarten - Hurstville", "lat": -33.9610139, "lng": 151.1101127 }, "geometry": { "type": "Point", "coordinates": [ 151.1101127, -33.9610139 ] } },
{ "type": "Feature", "properties": { "name": "Pandora Early Learning Centre", "lat": -33.8994985, "lng": 151.0505146 }, "geometry": { "type": "Point", "coordinates": [ 151.0505146, -33.8994985 ] } },
{ "type": "Feature", "properties": { "name": "Chatswood Early Learning Centre - Magnolia Cottage", "lat": -33.7930659, "lng": 151.1846107 }, "geometry": { "type": "Point", "coordinates": [ 151.1846107, -33.7930659 ] } },
{ "type": "Feature", "properties": { "name": "Maroubra Junction Before and After School and Vacation Care Centre", "lat": -33.9369562, "lng": 151.239903 }, "geometry": { "type": "Point", "coordinates": [ 151.239903, -33.9369562 ] } },
{ "type": "Feature", "properties": { "name": "Camp Australia - St Brigids Primary School - Coogee OSHC", "lat": -33.9201087, "lng": 151.2531148 }, "geometry": { "type": "Point", "coordinates": [ 151.2531148, -33.9201087 ] } },
{ "type": "Feature", "properties": { "name": "TeamKids - North Ryde Public School", "lat": -33.7945522, "lng": 151.1206583 }, "geometry": { "type": "Point", "coordinates": [ 151.1206583, -33.7945522 ] } },
{ "type": "Feature", "properties": { "name": "Clovelly Child Care Centre", "lat": -33.908882, "lng": 151.2589501 }, "geometry": { "type": "Point", "coordinates": [ 151.2589501, -33.908882 ] } },
{ "type": "Feature", "properties": { "name": "Kindy Academy", "lat": -33.914416, "lng": 151.0558236 }, "geometry": { "type": "Point", "coordinates": [ 151.0558236, -33.914416 ] } },
{ "type": "Feature", "properties": { "name": "Rise Early Learning Epping Road", "lat": -33.7919387, "lng": 151.1307053 }, "geometry": { "type": "Point", "coordinates": [ 151.1307053, -33.7919387 ] } },
{ "type": "Feature", "properties": { "name": "Everlearn Preschool - Clovelly", "lat": -33.9107473, "lng": 151.2583221 }, "geometry": { "type": "Point", "coordinates": [ 151.2583221, -33.9107473 ] } },
{ "type": "Feature", "properties": { "name": "Explore and Develop North Ryde Public School", "lat": -33.7943903, "lng": 151.1206362 }, "geometry": { "type": "Point", "coordinates": [ 151.1206362, -33.7943903 ] } },
{ "type": "Feature", "properties": { "name": "Bronte Kids Preschool", "lat": -33.9014835, "lng": 151.2618906 }, "geometry": { "type": "Point", "coordinates": [ 151.2618906, -33.9014835 ] } },
{ "type": "Feature", "properties": { "name": "Montessori East Primary School- VillageOSHC", "lat": -33.8931588, "lng": 151.2638466 }, "geometry": { "type": "Point", "coordinates": [ 151.2638466, -33.8931588 ] } },
{ "type": "Feature", "properties": { "name": "Montessori East - Bondi", "lat": -33.8931588, "lng": 151.2638466 }, "geometry": { "type": "Point", "coordinates": [ 151.2638466, -33.8931588 ] } },
{ "type": "Feature", "properties": { "name": "Colonial Preschool Kindergarten and Child Care Centre", "lat": -33.9325579, "lng": 151.0676057 }, "geometry": { "type": "Point", "coordinates": [ 151.0676057, -33.9325579 ] } },
{ "type": "Feature", "properties": { "name": "Teddy Bear Early Learning Centre", "lat": -33.96146, "lng": 151.1092141 }, "geometry": { "type": "Point", "coordinates": [ 151.1092141, -33.96146 ] } },
{ "type": "Feature", "properties": { "name": "Clovelly Out of School Care", "lat": -33.9075121, "lng": 151.2599294 }, "geometry": { "type": "Point", "coordinates": [ 151.2599294, -33.9075121 ] } },
{ "type": "Feature", "properties": { "name": "SCECS OSHC St Anthony's Clovelly", "lat": -33.9107625, "lng": 151.2586432 }, "geometry": { "type": "Point", "coordinates": [ 151.2586432, -33.9107625 ] } },
{ "type": "Feature", "properties": { "name": "Maroubra Kinder Haven", "lat": -33.942559, "lng": 151.2347205 }, "geometry": { "type": "Point", "coordinates": [ 151.2347205, -33.942559 ] } },
{ "type": "Feature", "properties": { "name": "Kindy Kingdom", "lat": -33.9236633, "lng": 151.0605318 }, "geometry": { "type": "Point", "coordinates": [ 151.0605318, -33.9236633 ] } },
{ "type": "Feature", "properties": { "name": "SOS Preschool", "lat": -33.9304769, "lng": 151.2467968 }, "geometry": { "type": "Point", "coordinates": [ 151.2467968, -33.9304769 ] } },
{ "type": "Feature", "properties": { "name": "OAC on the Park", "lat": -33.9305044, "lng": 151.2467569 }, "geometry": { "type": "Point", "coordinates": [ 151.2467569, -33.9305044 ] } },
{ "type": "Feature", "properties": { "name": "CASS Gumnut Early Learning Centre - Hurstville", "lat": -33.9607773, "lng": 151.1067146 }, "geometry": { "type": "Point", "coordinates": [ 151.1067146, -33.9607773 ] } },
{ "type": "Feature", "properties": { "name": "Lorikeet Early Learning Centre", "lat": -33.9687799, "lng": 151.1343684 }, "geometry": { "type": "Point", "coordinates": [ 151.1343684, -33.9687799 ] } },
{ "type": "Feature", "properties": { "name": "West Ryde Long Day Care Centre", "lat": -33.8105793, "lng": 151.0852181 }, "geometry": { "type": "Point", "coordinates": [ 151.0852181, -33.8105793 ] } },
{ "type": "Feature", "properties": { "name": "Kids R Us Preschool", "lat": -33.9183107, "lng": 151.0570063 }, "geometry": { "type": "Point", "coordinates": [ 151.0570063, -33.9183107 ] } },
{ "type": "Feature", "properties": { "name": "Oz Education Lidcombe", "lat": -33.8613373, "lng": 151.0489408 }, "geometry": { "type": "Point", "coordinates": [ 151.0489408, -33.8613373 ] } },
{ "type": "Feature", "properties": { "name": "Bronte Activity Centre Incorporated", "lat": -33.9004333, "lng": 151.262842 }, "geometry": { "type": "Point", "coordinates": [ 151.262842, -33.9004333 ] } },
{ "type": "Feature", "properties": { "name": "Best Foot Forward Early Learning Centre", "lat": -33.9121241, "lng": 151.0537311 }, "geometry": { "type": "Point", "coordinates": [ 151.0537311, -33.9121241 ] } },
{ "type": "Feature", "properties": { "name": "SAGE Early Learning Centre Carlton", "lat": -33.9660565, "lng": 151.1213416 }, "geometry": { "type": "Point", "coordinates": [ 151.1213416, -33.9660565 ] } },
{ "type": "Feature", "properties": { "name": "Early Minds Education & Care Centre", "lat": -33.8841541, "lng": 151.0466061 }, "geometry": { "type": "Point", "coordinates": [ 151.0466061, -33.8841541 ] } },
{ "type": "Feature", "properties": { "name": "Bondi Before and After Care", "lat": -33.8926836, "lng": 151.2647021 }, "geometry": { "type": "Point", "coordinates": [ 151.2647021, -33.8926836 ] } },
{ "type": "Feature", "properties": { "name": "Kids First Early Learning Centre", "lat": -33.8561825, "lng": 151.0500239 }, "geometry": { "type": "Point", "coordinates": [ 151.0500239, -33.8561825 ] } },
{ "type": "Feature", "properties": { "name": "St Joseph's Child Care Centre", "lat": -33.8630151, "lng": 151.0480907 }, "geometry": { "type": "Point", "coordinates": [ 151.0480907, -33.8630151 ] } },
{ "type": "Feature", "properties": { "name": "First Steps Early Education - Beverly Hills 2", "lat": -33.9492257, "lng": 151.084746 }, "geometry": { "type": "Point", "coordinates": [ 151.084746, -33.9492257 ] } },
{ "type": "Feature", "properties": { "name": "Camp Australia - Beverly Hills North Public School", "lat": -33.9410285, "lng": 151.0745649 }, "geometry": { "type": "Point", "coordinates": [ 151.0745649, -33.9410285 ] } },
{ "type": "Feature", "properties": { "name": "Whoosh Care St Thomas", "lat": -33.7959274, "lng": 151.1999116 }, "geometry": { "type": "Point", "coordinates": [ 151.1999116, -33.7959274 ] } },
{ "type": "Feature", "properties": { "name": "SDN Ngallia Children's Education and Care Centre", "lat": -33.8650076, "lng": 151.0475647 }, "geometry": { "type": "Point", "coordinates": [ 151.0475647, -33.8650076 ] } },
{ "type": "Feature", "properties": { "name": "London Carriage Preschool and Nursery", "lat": -33.8967724, "lng": 151.2644615 }, "geometry": { "type": "Point", "coordinates": [ 151.2644615, -33.8967724 ] } },
{ "type": "Feature", "properties": { "name": "Empowered Early Learning Academy", "lat": -33.9305829, "lng": 151.0644895 }, "geometry": { "type": "Point", "coordinates": [ 151.0644895, -33.9305829 ] } },
{ "type": "Feature", "properties": { "name": "Miri's Creche", "lat": -33.9211258, "lng": 151.254652 }, "geometry": { "type": "Point", "coordinates": [ 151.254652, -33.9211258 ] } },
{ "type": "Feature", "properties": { "name": "Simba Education Macquarie Park", "lat": -33.7905664, "lng": 151.1308076 }, "geometry": { "type": "Point", "coordinates": [ 151.1308076, -33.7905664 ] } },
{ "type": "Feature", "properties": { "name": "Lidcombe Early Learning Centre", "lat": -33.8839924, "lng": 151.0458164 }, "geometry": { "type": "Point", "coordinates": [ 151.0458164, -33.8839924 ] } },
{ "type": "Feature", "properties": { "name": "Miris Kindy", "lat": -33.9217913, "lng": 151.2543954 }, "geometry": { "type": "Point", "coordinates": [ 151.2543954, -33.9217913 ] } },
{ "type": "Feature", "properties": { "name": "Antara Childcare and Preschool Hurstville", "lat": -33.9616582, "lng": 151.1062175 }, "geometry": { "type": "Point", "coordinates": [ 151.1062175, -33.9616582 ] } },
{ "type": "Feature", "properties": { "name": "Glenaeon OOSH Services", "lat": -33.8021694, "lng": 151.2153458 }, "geometry": { "type": "Point", "coordinates": [ 151.2153458, -33.8021694 ] } },
{ "type": "Feature", "properties": { "name": "SDN Macquarie Park Children's Education and Care Centre", "lat": -33.7839701, "lng": 151.1208106 }, "geometry": { "type": "Point", "coordinates": [ 151.1208106, -33.7839701 ] } },
{ "type": "Feature", "properties": { "name": "Mini Masterminds Macquarie Park", "lat": -33.7802253, "lng": 151.1181561 }, "geometry": { "type": "Point", "coordinates": [ 151.1181561, -33.7802253 ] } },
{ "type": "Feature", "properties": { "name": "Guardian Childcare & Education Macquarie Park", "lat": -33.778426, "lng": 151.127068 }, "geometry": { "type": "Point", "coordinates": [ 151.127068, -33.778426 ] } },
{ "type": "Feature", "properties": { "name": "360 Early Education Macquarie Park", "lat": -33.7862406, "lng": 151.1251748 }, "geometry": { "type": "Point", "coordinates": [ 151.1251748, -33.7862406 ] } },
{ "type": "Feature", "properties": { "name": "Goodstart Early Learning North Ryde", "lat": -33.7752161, "lng": 151.1212077 }, "geometry": { "type": "Point", "coordinates": [ 151.1212077, -33.7752161 ] } },
{ "type": "Feature", "properties": { "name": "North Ryde Early Learning Centre", "lat": -33.7802975, "lng": 151.1293904 }, "geometry": { "type": "Point", "coordinates": [ 151.1293904, -33.7802975 ] } },
{ "type": "Feature", "properties": { "name": "Little Lions Macquarie", "lat": -33.7736831, "lng": 151.1200802 }, "geometry": { "type": "Point", "coordinates": [ 151.1200802, -33.7736831 ] } },
{ "type": "Feature", "properties": { "name": "Waratah Cottage", "lat": -33.7779096, "lng": 151.1131503 }, "geometry": { "type": "Point", "coordinates": [ 151.1131503, -33.7779096 ] } },
{ "type": "Feature", "properties": { "name": "Gumnut Cottage", "lat": -33.77713, "lng": 151.11174 }, "geometry": { "type": "Point", "coordinates": [ 151.11174, -33.77713 ] } },
{ "type": "Feature", "properties": { "name": "Creative Learning Preschool and Child Care Centre", "lat": -33.7904304, "lng": 151.1273715 }, "geometry": { "type": "Point", "coordinates": [ 151.1273715, -33.7904304 ] } },
{ "type": "Feature", "properties": { "name": "Nought to Five Early Childhood Centre Incorporated", "lat": -33.7882164, "lng": 151.1316268 }, "geometry": { "type": "Point", "coordinates": [ 151.1316268, -33.7882164 ] } },
{ "type": "Feature", "properties": { "name": "Macquarie Park Montessori Academy", "lat": -33.7886418, "lng": 151.132355 }, "geometry": { "type": "Point", "coordinates": [ 151.132355, -33.7886418 ] } },
{ "type": "Feature", "properties": { "name": "Mia Mia Child and Family Study Centre", "lat": -33.7742704, "lng": 151.1105191 }, "geometry": { "type": "Point", "coordinates": [ 151.1105191, -33.7742704 ] } },
{ "type": "Feature", "properties": { "name": "Banksia Cottage", "lat": -33.7751642, "lng": 151.1090283 }, "geometry": { "type": "Point", "coordinates": [ 151.1090283, -33.7751642 ] } },
{ "type": "Feature", "properties": { "name": "Gowrie NSW Kent Road Outside School Hours Care", "lat": -33.787281, "lng": 151.107513 }, "geometry": { "type": "Point", "coordinates": [ 151.107513, -33.787281 ] } },
{ "type": "Feature", "properties": { "name": "NextSense Preschool", "lat": -33.7713016, "lng": 151.1086534 }, "geometry": { "type": "Point", "coordinates": [ 151.1086534, -33.7713016 ] } },
{ "type": "Feature", "properties": { "name": "Kids Klub Marsfield", "lat": -33.7802484, "lng": 151.1027941 }, "geometry": { "type": "Point", "coordinates": [ 151.1027941, -33.7802484 ] } },
{ "type": "Feature", "properties": { "name": "Goodstart Early Learning West Pymble", "lat": -33.7673947, "lng": 151.1337886 }, "geometry": { "type": "Point", "coordinates": [ 151.1337886, -33.7673947 ] } },
{ "type": "Feature", "properties": { "name": "Imaginations Pre-School", "lat": -33.7764038, "lng": 151.1022293 }, "geometry": { "type": "Point", "coordinates": [ 151.1022293, -33.7764038 ] } },
{ "type": "Feature", "properties": { "name": "West Pymble Out of School Care Inc", "lat": -33.7639434, "lng": 151.1243224 }, "geometry": { "type": "Point", "coordinates": [ 151.1243224, -33.7639434 ] } },
{ "type": "Feature", "properties": { "name": "Little Leos Early Learning Centre Killara", "lat": -33.7738024, "lng": 151.1426181 }, "geometry": { "type": "Point", "coordinates": [ 151.1426181, -33.7738024 ] } },
{ "type": "Feature", "properties": { "name": "Academy For Early Learners", "lat": -33.7676744, "lng": 151.1376344 }, "geometry": { "type": "Point", "coordinates": [ 151.1376344, -33.7676744 ] } },
{ "type": "Feature", "properties": { "name": "Guardian Childcare & Education Marsfield", "lat": -33.7760942, "lng": 151.0991352 }, "geometry": { "type": "Point", "coordinates": [ 151.0991352, -33.7760942 ] } },
{ "type": "Feature", "properties": { "name": "St George Pre-School (Marsfield)", "lat": -33.7817297, "lng": 151.0979097 }, "geometry": { "type": "Point", "coordinates": [ 151.0979097, -33.7817297 ] } },
{ "type": "Feature", "properties": { "name": "Beaumont Road OSHClub", "lat": -33.7749134, "lng": 151.1460034 }, "geometry": { "type": "Point", "coordinates": [ 151.1460034, -33.7749134 ] } },
{ "type": "Feature", "properties": { "name": "OLPS FJs Outside School Hours Care", "lat": -33.7610767, "lng": 151.1303097 }, "geometry": { "type": "Point", "coordinates": [ 151.1303097, -33.7610767 ] } },
{ "type": "Feature", "properties": { "name": "St Dunstans Pre-School Kindergarten", "lat": -33.7935534, "lng": 151.1009769 }, "geometry": { "type": "Point", "coordinates": [ 151.1009769, -33.7935534 ] } },
{ "type": "Feature", "properties": { "name": "Kids Academy Killara", "lat": -33.7766667, "lng": 151.1471924 }, "geometry": { "type": "Point", "coordinates": [ 151.1471924, -33.7766667 ] } },
{ "type": "Feature", "properties": { "name": "Kids Academy Killara", "lat": -33.7766667, "lng": 151.1471924 }, "geometry": { "type": "Point", "coordinates": [ 151.1471924, -33.7766667 ] } },
{ "type": "Feature", "properties": { "name": "KU - West Pymble Preschool", "lat": -33.7621103, "lng": 151.1346305 }, "geometry": { "type": "Point", "coordinates": [ 151.1346305, -33.7621103 ] } },
{ "type": "Feature", "properties": { "name": "Kuringgai Council Vacation Care West Pymble Kids Klub", "lat": -33.7619076, "lng": 151.1342955 }, "geometry": { "type": "Point", "coordinates": [ 151.1342955, -33.7619076 ] } },
{ "type": "Feature", "properties": { "name": "Eastwood Heights Out of School Hours Centre", "lat": -33.7813778, "lng": 151.0957449 }, "geometry": { "type": "Point", "coordinates": [ 151.0957449, -33.7813778 ] } },
{ "type": "Feature", "properties": { "name": "GEM Early Learning Pty Ltd", "lat": -33.759584, "lng": 151.1256411 }, "geometry": { "type": "Point", "coordinates": [ 151.1256411, -33.759584 ] } },
{ "type": "Feature", "properties": { "name": "Lindfield Montessori Preschool", "lat": -33.7775537, "lng": 151.1480354 }, "geometry": { "type": "Point", "coordinates": [ 151.1480354, -33.7775537 ] } },
{ "type": "Feature", "properties": { "name": "Little Gumnuts West Pymble Early Learning Centre", "lat": -33.76037, "lng": 151.1307714 }, "geometry": { "type": "Point", "coordinates": [ 151.1307714, -33.76037 ] } },
{ "type": "Feature", "properties": { "name": "Papilio Early Learning Killara", "lat": -33.7742407, "lng": 151.1472924 }, "geometry": { "type": "Point", "coordinates": [ 151.1472924, -33.7742407 ] } },
{ "type": "Feature", "properties": { "name": "KU Bradfield Park Children's Centre", "lat": -33.7815342, "lng": 151.1487817 }, "geometry": { "type": "Point", "coordinates": [ 151.1487817, -33.7815342 ] } },
{ "type": "Feature", "properties": { "name": "Eastwood Blessings Early Learning and Preschool", "lat": -33.7788963, "lng": 151.0951539 }, "geometry": { "type": "Point", "coordinates": [ 151.0951539, -33.7788963 ] } },
{ "type": "Feature", "properties": { "name": "Lady Game Community Kindergarten", "lat": -33.7829434, "lng": 151.1488265 }, "geometry": { "type": "Point", "coordinates": [ 151.1488265, -33.7829434 ] } },
{ "type": "Feature", "properties": { "name": "NINIGARTEN FDC", "lat": -33.7791039, "lng": 151.093803 }, "geometry": { "type": "Point", "coordinates": [ 151.093803, -33.7791039 ] } },
{ "type": "Feature", "properties": { "name": "West Lindfield Getaway", "lat": -33.7772583, "lng": 151.1498761 }, "geometry": { "type": "Point", "coordinates": [ 151.1498761, -33.7772583 ] } },
{ "type": "Feature", "properties": { "name": "Denistone East Before and After School Care Assoc Inc", "lat": -33.7939223, "lng": 151.0960228 }, "geometry": { "type": "Point", "coordinates": [ 151.0960228, -33.7939223 ] } },
{ "type": "Feature", "properties": { "name": "TeamKids - Gordon West Public School", "lat": -33.760353, "lng": 151.1388946 }, "geometry": { "type": "Point", "coordinates": [ 151.1388946, -33.760353 ] } },
{ "type": "Feature", "properties": { "name": "Morning Buds Early Learning Centre", "lat": -33.7951886, "lng": 151.0966554 }, "geometry": { "type": "Point", "coordinates": [ 151.0966554, -33.7951886 ] } },
{ "type": "Feature", "properties": { "name": "Berry Cottage Childcare Eastwood", "lat": -33.7825531, "lng": 151.0902616 }, "geometry": { "type": "Point", "coordinates": [ 151.0902616, -33.7825531 ] } },
{ "type": "Feature", "properties": { "name": "Gowrie NSW Killara Outside School hours Care", "lat": -33.7659154, "lng": 151.1486014 }, "geometry": { "type": "Point", "coordinates": [ 151.1486014, -33.7659154 ] } },
{ "type": "Feature", "properties": { "name": "Handprints Killara", "lat": -33.7659154, "lng": 151.1486014 }, "geometry": { "type": "Point", "coordinates": [ 151.1486014, -33.7659154 ] } },
{ "type": "Feature", "properties": { "name": "Red Robin Kindergarten", "lat": -33.7904865, "lng": 151.0906039 }, "geometry": { "type": "Point", "coordinates": [ 151.0906039, -33.7904865 ] } },
{ "type": "Feature", "properties": { "name": "Teddy Bear Early Learning Centre (Denistone East)", "lat": -33.7926127, "lng": 151.0911044 }, "geometry": { "type": "Point", "coordinates": [ 151.0911044, -33.7926127 ] } },
{ "type": "Feature", "properties": { "name": "Good Hands", "lat": -33.7543558, "lng": 151.1118079 }, "geometry": { "type": "Point", "coordinates": [ 151.1118079, -33.7543558 ] } },
{ "type": "Feature", "properties": { "name": "Being Pymble", "lat": -33.7547581, "lng": 151.1341072 }, "geometry": { "type": "Point", "coordinates": [ 151.1341072, -33.7547581 ] } },
{ "type": "Feature", "properties": { "name": "KIDS KLUB", "lat": -33.7977566, "lng": 151.0939329 }, "geometry": { "type": "Point", "coordinates": [ 151.0939329, -33.7977566 ] } },
{ "type": "Feature", "properties": { "name": "Columbus Early Learning Centre", "lat": -33.7958515, "lng": 151.0914229 }, "geometry": { "type": "Point", "coordinates": [ 151.0914229, -33.7958515 ] } },
{ "type": "Feature", "properties": { "name": "Pinjarra Early Years Pre-School", "lat": -33.7594905, "lng": 151.1466462 }, "geometry": { "type": "Point", "coordinates": [ 151.1466462, -33.7594905 ] } },
{ "type": "Feature", "properties": { "name": "Little Zak's Academy Epping 2", "lat": -33.7648327, "lng": 151.0917414 }, "geometry": { "type": "Point", "coordinates": [ 151.0917414, -33.7648327 ] } },
{ "type": "Feature", "properties": { "name": "Epping Before and After School Care Association Inc", "lat": -33.7709538, "lng": 151.0876805 }, "geometry": { "type": "Point", "coordinates": [ 151.0876805, -33.7709538 ] } },
{ "type": "Feature", "properties": { "name": "Clovel Childcare & Early Learning Centre Ryde", "lat": -33.7955089, "lng": 151.089669 }, "geometry": { "type": "Point", "coordinates": [ 151.089669, -33.7955089 ] } },
{ "type": "Feature", "properties": { "name": "Essex Street Kindy", "lat": -33.7729543, "lng": 151.0862815 }, "geometry": { "type": "Point", "coordinates": [ 151.0862815, -33.7729543 ] } },
{ "type": "Feature", "properties": { "name": "MINDCHAMPS EARLY LEARNING @ EASTWOOD", "lat": -33.7824188, "lng": 151.0847573 }, "geometry": { "type": "Point", "coordinates": [ 151.0847573, -33.7824188 ] } },
{ "type": "Feature", "properties": { "name": "Daystars Killara", "lat": -33.7715662, "lng": 151.1581848 }, "geometry": { "type": "Point", "coordinates": [ 151.1581848, -33.7715662 ] } },
{ "type": "Feature", "properties": { "name": "KU - South Turramurra Preschool", "lat": -33.7497554, "lng": 151.1113992 }, "geometry": { "type": "Point", "coordinates": [ 151.1113992, -33.7497554 ] } },
{ "type": "Feature", "properties": { "name": "North Epping Kindergarten", "lat": -33.7581466, "lng": 151.0937433 }, "geometry": { "type": "Point", "coordinates": [ 151.0937433, -33.7581466 ] } },
{ "type": "Feature", "properties": { "name": "Epping North OSHCP", "lat": -33.7567865, "lng": 151.0951662 }, "geometry": { "type": "Point", "coordinates": [ 151.0951662, -33.7567865 ] } },
{ "type": "Feature", "properties": { "name": "TeamKids - St Alban's", "lat": -33.7720627, "lng": 151.0834152 }, "geometry": { "type": "Point", "coordinates": [ 151.0834152, -33.7720627 ] } },
{ "type": "Feature", "properties": { "name": "Pymble Ladies' College", "lat": -33.7487426, "lng": 151.1366902 }, "geometry": { "type": "Point", "coordinates": [ 151.1366902, -33.7487426 ] } },
{ "type": "Feature", "properties": { "name": "LITTLE STEPS EARLY LEARNING EPPING PTY LTD ATF LITTLE STEPS EARLY LEARNING EPPING TRUST", "lat": -33.7689999, "lng": 151.0823005 }, "geometry": { "type": "Point", "coordinates": [ 151.0823005, -33.7689999 ] } },
{ "type": "Feature", "properties": { "name": "Highfields CommunityOSH", "lat": -33.7752989, "lng": 151.1637382 }, "geometry": { "type": "Point", "coordinates": [ 151.1637382, -33.7752989 ] } },
{ "type": "Feature", "properties": { "name": "Highfields Kindergarten", "lat": -33.7752989, "lng": 151.1637382 }, "geometry": { "type": "Point", "coordinates": [ 151.1637382, -33.7752989 ] } },
{ "type": "Feature", "properties": { "name": "Turramurra Montessori Academy", "lat": -33.7469883, "lng": 151.1116942 }, "geometry": { "type": "Point", "coordinates": [ 151.1116942, -33.7469883 ] } },
{ "type": "Feature", "properties": { "name": "Ravenswood School TheirCare", "lat": -33.7594179, "lng": 151.1554486 }, "geometry": { "type": "Point", "coordinates": [ 151.1554486, -33.7594179 ] } },
{ "type": "Feature", "properties": { "name": "Exceed Early Learning Centre", "lat": -33.7605351, "lng": 151.086964 }, "geometry": { "type": "Point", "coordinates": [ 151.086964, -33.7605351 ] } },
{ "type": "Feature", "properties": { "name": "KU - Eastwood Preschool", "lat": -33.7930136, "lng": 151.0814815 }, "geometry": { "type": "Point", "coordinates": [ 151.0814815, -33.7930136 ] } },
{ "type": "Feature", "properties": { "name": "Guardian Childcare & Education Pymble", "lat": -33.7512398, "lng": 151.1454926 }, "geometry": { "type": "Point", "coordinates": [ 151.1454926, -33.7512398 ] } },
{ "type": "Feature", "properties": { "name": "CCA Family Day Care", "lat": -33.7896985, "lng": 151.0800029 }, "geometry": { "type": "Point", "coordinates": [ 151.0800029, -33.7896985 ] } },
{ "type": "Feature", "properties": { "name": "Ku-Ring-Gai Family Day Care", "lat": -33.754205, "lng": 151.151653 }, "geometry": { "type": "Point", "coordinates": [ 151.151653, -33.754205 ] } },
{ "type": "Feature", "properties": { "name": "Little Amigos Childcare Lindfield", "lat": -33.7825259, "lng": 151.166128 }, "geometry": { "type": "Point", "coordinates": [ 151.166128, -33.7825259 ] } },
{ "type": "Feature", "properties": { "name": "SCECS OSHC St Kevin's Eastwood", "lat": -33.7897071, "lng": 151.0787063 }, "geometry": { "type": "Point", "coordinates": [ 151.0787063, -33.7897071 ] } },
{ "type": "Feature", "properties": { "name": "KU - Isobel Pulsford Memorial Preschool", "lat": -33.7752266, "lng": 151.0780675 }, "geometry": { "type": "Point", "coordinates": [ 151.0780675, -33.7752266 ] } },
{ "type": "Feature", "properties": { "name": "West Ryde Neighbourhood Children's Centre", "lat": -33.8058104, "lng": 151.0887238 }, "geometry": { "type": "Point", "coordinates": [ 151.0887238, -33.8058104 ] } },
{ "type": "Feature", "properties": { "name": "Holy Family Outside School Hours Care Lindfield", "lat": -33.7740434, "lng": 151.1659941 }, "geometry": { "type": "Point", "coordinates": [ 151.1659941, -33.7740434 ] } },
{ "type": "Feature", "properties": { "name": "Reddam House Early Learning School Lindfield", "lat": -33.7712509, "lng": 151.1653981 }, "geometry": { "type": "Point", "coordinates": [ 151.1653981, -33.7712509 ] } },
{ "type": "Feature", "properties": { "name": "Learn & Laugh Epping", "lat": -33.7686077, "lng": 151.0790436 }, "geometry": { "type": "Point", "coordinates": [ 151.0790436, -33.7686077 ] } },
{ "type": "Feature", "properties": { "name": "South Turramurra OOSH", "lat": -33.7440501, "lng": 151.1133762 }, "geometry": { "type": "Point", "coordinates": [ 151.1133762, -33.7440501 ] } },
{ "type": "Feature", "properties": { "name": "Ku-Ring-Gai Kindergarten", "lat": -33.7439481, "lng": 151.1138102 }, "geometry": { "type": "Point", "coordinates": [ 151.1138102, -33.7439481 ] } },
{ "type": "Feature", "properties": { "name": "Gordon Community Preschool", "lat": -33.7535588, "lng": 151.1532005 }, "geometry": { "type": "Point", "coordinates": [ 151.1532005, -33.7535588 ] } },
{ "type": "Feature", "properties": { "name": "Epping Little Sprouts Early Learning Centre", "lat": -33.7654841, "lng": 151.0801167 }, "geometry": { "type": "Point", "coordinates": [ 151.0801167, -33.7654841 ] } },
{ "type": "Feature", "properties": { "name": "Blossoms Childcare & Early Learning Centre", "lat": -33.8061665, "lng": 151.087055 }, "geometry": { "type": "Point", "coordinates": [ 151.087055, -33.8061665 ] } },
{ "type": "Feature", "properties": { "name": "EBASCA", "lat": -33.792397, "lng": 151.077835 }, "geometry": { "type": "Point", "coordinates": [ 151.077835, -33.792397 ] } },
{ "type": "Feature", "properties": { "name": "Eastwood Occasional Child Care Centre", "lat": -33.79169577, "lng": 151.0773704 }, "geometry": { "type": "Point", "coordinates": [ 151.0773704, -33.79169577 ] } },
{ "type": "Feature", "properties": { "name": "Lindfield Activity Centre", "lat": -33.7809803, "lng": 151.1692411 }, "geometry": { "type": "Point", "coordinates": [ 151.1692411, -33.7809803 ] } },
{ "type": "Feature", "properties": { "name": "Bangalow Pre-School Kindergarten", "lat": -33.787938, "lng": 151.0743615 }, "geometry": { "type": "Point", "coordinates": [ 151.0743615, -33.787938 ] } },
{ "type": "Feature", "properties": { "name": "Midson Road Child Care Centre", "lat": -33.7806699, "lng": 151.0734857 }, "geometry": { "type": "Point", "coordinates": [ 151.0734857, -33.7806699 ] } },
{ "type": "Feature", "properties": { "name": "Just for Kids - Epping", "lat": -33.7784535, "lng": 151.0728948 }, "geometry": { "type": "Point", "coordinates": [ 151.0728948, -33.7784535 ] } },
{ "type": "Feature", "properties": { "name": "Adventures Preschool and Long Day Care", "lat": -33.7402071, "lng": 151.1191434 }, "geometry": { "type": "Point", "coordinates": [ 151.1191434, -33.7402071 ] } },
{ "type": "Feature", "properties": { "name": "Pinjarra Preschool at Pymble", "lat": -33.744469, "lng": 151.1447564 }, "geometry": { "type": "Point", "coordinates": [ 151.1447564, -33.744469 ] } },
{ "type": "Feature", "properties": { "name": "West Ryde Before & After School Care", "lat": -33.8086368, "lng": 151.0847573 }, "geometry": { "type": "Point", "coordinates": [ 151.0847573, -33.8086368 ] } },
{ "type": "Feature", "properties": { "name": "Roseville Preschool Kindergarten", "lat": -33.7854346, "lng": 151.1739943 }, "geometry": { "type": "Point", "coordinates": [ 151.1739943, -33.7854346 ] } },
{ "type": "Feature", "properties": { "name": "Sacred Heart Outside School Hours Care", "lat": -33.739373, "lng": 151.1369823 }, "geometry": { "type": "Point", "coordinates": [ 151.1369823, -33.739373 ] } },
{ "type": "Feature", "properties": { "name": "Kidz Prints Pre-School", "lat": -33.7761085, "lng": 151.0697866 }, "geometry": { "type": "Point", "coordinates": [ 151.0697866, -33.7761085 ] } },
{ "type": "Feature", "properties": { "name": "CommunityOSH Lindfield Prep K-6", "lat": -33.7688712, "lng": 151.1724328 }, "geometry": { "type": "Point", "coordinates": [ 151.1724328, -33.7688712 ] } },
{ "type": "Feature", "properties": { "name": "The After School Klub Ngarala", "lat": -33.7810835, "lng": 151.069198 }, "geometry": { "type": "Point", "coordinates": [ 151.069198, -33.7810835 ] } },
{ "type": "Feature", "properties": { "name": "Epping Heights Out of School Hours Care Inc", "lat": -33.76267, "lng": 151.073981 }, "geometry": { "type": "Point", "coordinates": [ 151.073981, -33.76267 ] } },
{ "type": "Feature", "properties": { "name": "Appleseed Childcare", "lat": -33.7662948, "lng": 151.0720186 }, "geometry": { "type": "Point", "coordinates": [ 151.0720186, -33.7662948 ] } },
{ "type": "Feature", "properties": { "name": "Billy Kids - Pymble Early Learning Centre", "lat": -33.7427937, "lng": 151.1501964 }, "geometry": { "type": "Point", "coordinates": [ 151.1501964, -33.7427937 ] } },
{ "type": "Feature", "properties": { "name": "Papilio Early Learning Epping", "lat": -33.7836967, "lng": 151.067438 }, "geometry": { "type": "Point", "coordinates": [ 151.067438, -33.7836967 ] } },
{ "type": "Feature", "properties": { "name": "Wesley Out of School Hours Care", "lat": -33.772808, "lng": 151.0681516 }, "geometry": { "type": "Point", "coordinates": [ 151.0681516, -33.772808 ] } },
{ "type": "Feature", "properties": { "name": "Cheltenham Early Education Centre", "lat": -33.7579981, "lng": 151.0743615 }, "geometry": { "type": "Point", "coordinates": [ 151.0743615, -33.7579981 ] } },
{ "type": "Feature", "properties": { "name": "Gordon East Out of School Hours Care", "lat": -33.7459112, "lng": 151.1573495 }, "geometry": { "type": "Point", "coordinates": [ 151.1573495, -33.7459112 ] } },
{ "type": "Feature", "properties": { "name": "KU - Cheltenham Memorial Preschool", "lat": -33.7580203, "lng": 151.0737586 }, "geometry": { "type": "Point", "coordinates": [ 151.0737586, -33.7580203 ] } },
{ "type": "Feature", "properties": { "name": "KU - Killara Park Pre-school", "lat": -33.7593442, "lng": 151.1712265 }, "geometry": { "type": "Point", "coordinates": [ 151.1712265, -33.7593442 ] } },
{ "type": "Feature", "properties": { "name": "Northside Montessori Preschool and OOSH", "lat": -33.7346829, "lng": 151.137111 }, "geometry": { "type": "Point", "coordinates": [ 151.137111, -33.7346829 ] } },
{ "type": "Feature", "properties": { "name": "Arkie Wahroonga", "lat": -33.7361236, "lng": 151.0998988 }, "geometry": { "type": "Point", "coordinates": [ 151.0998988, -33.7361236 ] } },
{ "type": "Feature", "properties": { "name": "Ermington Public School OSHC", "lat": -33.8050485, "lng": 151.070758 }, "geometry": { "type": "Point", "coordinates": [ 151.070758, -33.8050485 ] } },
{ "type": "Feature", "properties": { "name": "Inspire Roseville", "lat": -33.7825122, "lng": 151.1810232 }, "geometry": { "type": "Point", "coordinates": [ 151.1810232, -33.7825122 ] } },
{ "type": "Feature", "properties": { "name": "Goodstart Early Learning West Ryde - Winbourne Street", "lat": -33.8053897, "lng": 151.0704035 }, "geometry": { "type": "Point", "coordinates": [ 151.0704035, -33.8053897 ] } },
{ "type": "Feature", "properties": { "name": "Colour My World Children's Centre", "lat": -33.8025788, "lng": 151.0686293 }, "geometry": { "type": "Point", "coordinates": [ 151.0686293, -33.8025788 ] } },
{ "type": "Feature", "properties": { "name": "Carlingford Kindergarten", "lat": -33.786705, "lng": 151.062804 }, "geometry": { "type": "Point", "coordinates": [ 151.062804, -33.786705 ] } },
{ "type": "Feature", "properties": { "name": "Little Zak's Academy West Ryde", "lat": -33.8045862, "lng": 151.0694482 }, "geometry": { "type": "Point", "coordinates": [ 151.0694482, -33.8045862 ] } },
{ "type": "Feature", "properties": { "name": "West Epping Pre-School Kindergarten", "lat": -33.7719112, "lng": 151.0632829 }, "geometry": { "type": "Point", "coordinates": [ 151.0632829, -33.7719112 ] } },
{ "type": "Feature", "properties": { "name": "Uniting Preschool Turramurra - Turratots", "lat": -33.7317333, "lng": 151.1302822 }, "geometry": { "type": "Point", "coordinates": [ 151.1302822, -33.7317333 ] } },
{ "type": "Feature", "properties": { "name": "TURRAMURRA OCCASIONAL CHILD CARE CENTRE", "lat": -33.73159233, "lng": 151.1302958 }, "geometry": { "type": "Point", "coordinates": [ 151.1302958, -33.73159233 ] } },
{ "type": "Feature", "properties": { "name": "Thrive Early Learning Ermington", "lat": -33.7970958, "lng": 151.0646934 }, "geometry": { "type": "Point", "coordinates": [ 151.0646934, -33.7970958 ] } },
{ "type": "Feature", "properties": { "name": "Play to Learn Early Learning Centre", "lat": -33.7305391, "lng": 151.1238218 }, "geometry": { "type": "Point", "coordinates": [ 151.1238218, -33.7305391 ] } },
{ "type": "Feature", "properties": { "name": "Colour My World Children's Centre", "lat": -33.8007984, "lng": 151.0656496 }, "geometry": { "type": "Point", "coordinates": [ 151.0656496, -33.8007984 ] } },
{ "type": "Feature", "properties": { "name": "Roseville College CommunityOSH", "lat": -33.7844729, "lng": 151.1829131 }, "geometry": { "type": "Point", "coordinates": [ 151.1829131, -33.7844729 ] } },
{ "type": "Feature", "properties": { "name": "Guardian Childcare & Education Roseville", "lat": -33.7769603, "lng": 151.1832449 }, "geometry": { "type": "Point", "coordinates": [ 151.1832449, -33.7769603 ] } },
{ "type": "Feature", "properties": { "name": "East Killara Montessori Preschool", "lat": -33.7568427, "lng": 151.1762298 }, "geometry": { "type": "Point", "coordinates": [ 151.1762298, -33.7568427 ] } },
{ "type": "Feature", "properties": { "name": "Munchkin Manor ELC & Preschool", "lat": -33.7863888, "lng": 151.0605545 }, "geometry": { "type": "Point", "coordinates": [ 151.0605545, -33.7863888 ] } },
{ "type": "Feature", "properties": { "name": "Warrawee Care Centre", "lat": -33.7297217, "lng": 151.1225362 }, "geometry": { "type": "Point", "coordinates": [ 151.1225362, -33.7297217 ] } },
{ "type": "Feature", "properties": { "name": "Guardian Childcare & Education Wahroonga", "lat": -33.7332733, "lng": 151.0991045 }, "geometry": { "type": "Point", "coordinates": [ 151.0991045, -33.7332733 ] } },
{ "type": "Feature", "properties": { "name": "Kids Klub Wahroonga", "lat": -33.7324925, "lng": 151.1009553 }, "geometry": { "type": "Point", "coordinates": [ 151.1009553, -33.7324925 ] } },
{ "type": "Feature", "properties": { "name": "POOSH Care Inc", "lat": -33.7317209, "lng": 151.1412244 }, "geometry": { "type": "Point", "coordinates": [ 151.1412244, -33.7317209 ] } },
{ "type": "Feature", "properties": { "name": "KU - Fox Valley Preschool", "lat": -33.7307248, "lng": 151.1057103 }, "geometry": { "type": "Point", "coordinates": [ 151.1057103, -33.7307248 ] } },
{ "type": "Feature", "properties": { "name": "Families @ Carlingford Education Service", "lat": -33.7803414, "lng": 151.0583938 }, "geometry": { "type": "Point", "coordinates": [ 151.0583938, -33.7803414 ] } },
{ "type": "Feature", "properties": { "name": "Gum Tree Cottage Preschool", "lat": -33.7699549, "lng": 151.0596483 }, "geometry": { "type": "Point", "coordinates": [ 151.0596483, -33.7699549 ] } },
{ "type": "Feature", "properties": { "name": "KU - St Ives Barra-Brui Pre-school", "lat": -33.7442429, "lng": 151.1679261 }, "geometry": { "type": "Point", "coordinates": [ 151.1679261, -33.7442429 ] } },
{ "type": "Feature", "properties": { "name": "Guardian Childcare & Education St Ives", "lat": -33.7423839, "lng": 151.16565 }, "geometry": { "type": "Point", "coordinates": [ 151.16565, -33.7423839 ] } },
{ "type": "Feature", "properties": { "name": "Jigsaw OOSH Melrose Park Pty Ltd", "lat": -33.8148581, "lng": 151.0719245 }, "geometry": { "type": "Point", "coordinates": [ 151.0719245, -33.8148581 ] } },
{ "type": "Feature", "properties": { "name": "Heritage House Wahroonga Childcare & Early Learning Centre", "lat": -33.7280263, "lng": 151.1138784 }, "geometry": { "type": "Point", "coordinates": [ 151.1138784, -33.7280263 ] } },
{ "type": "Feature", "properties": { "name": "Fit Kidz Learning Centre - Turramurra", "lat": -33.7277604, "lng": 151.1291692 }, "geometry": { "type": "Point", "coordinates": [ 151.1291692, -33.7277604 ] } },
{ "type": "Feature", "properties": { "name": "Handprints Turramurra", "lat": -33.7280446, "lng": 151.131979 }, "geometry": { "type": "Point", "coordinates": [ 151.131979, -33.7280446 ] } },
{ "type": "Feature", "properties": { "name": "Lindfield East Before and After School Care", "lat": -33.7676755, "lng": 151.1845989 }, "geometry": { "type": "Point", "coordinates": [ 151.1845989, -33.7676755 ] } },
{ "type": "Feature", "properties": { "name": "Twinklestar Childcare Beecroft", "lat": -33.7539185, "lng": 151.0658998 }, "geometry": { "type": "Point", "coordinates": [ 151.0658998, -33.7539185 ] } },
{ "type": "Feature", "properties": { "name": "Only About Children Turramurra", "lat": -33.7290199, "lng": 151.140358 }, "geometry": { "type": "Point", "coordinates": [ 151.140358, -33.7290199 ] } },
{ "type": "Feature", "properties": { "name": "Yates Avenue OOSH", "lat": -33.7958796, "lng": 151.058951 }, "geometry": { "type": "Point", "coordinates": [ 151.058951, -33.7958796 ] } },
{ "type": "Feature", "properties": { "name": "Little Steps Early Learning Centre", "lat": -33.7683619, "lng": 151.1856123 }, "geometry": { "type": "Point", "coordinates": [ 151.1856123, -33.7683619 ] } },
{ "type": "Feature", "properties": { "name": "A Bright Beginning Australia {ABBA} Early Learning Centre", "lat": -33.7815065, "lng": 151.187698 }, "geometry": { "type": "Point", "coordinates": [ 151.187698, -33.7815065 ] } },
{ "type": "Feature", "properties": { "name": "Fit Kidz Learning Centre Warrawee", "lat": -33.7264617, "lng": 151.1209435 }, "geometry": { "type": "Point", "coordinates": [ 151.1209435, -33.7264617 ] } },
{ "type": "Feature", "properties": { "name": "East Lindfield Community Preschool", "lat": -33.7667386, "lng": 151.1855212 }, "geometry": { "type": "Point", "coordinates": [ 151.1855212, -33.7667386 ] } },
{ "type": "Feature", "properties": { "name": "Carlingford Multipurpose Learning Centre", "lat": -33.7795409, "lng": 151.055862 }, "geometry": { "type": "Point", "coordinates": [ 151.055862, -33.7795409 ] } },
{ "type": "Feature", "properties": { "name": "Roseville Kids Care", "lat": -33.7823669, "lng": 151.1883543 }, "geometry": { "type": "Point", "coordinates": [ 151.1883543, -33.7823669 ] } },
{ "type": "Feature", "properties": { "name": "Active Kids Pre school - Ermington", "lat": -33.8076725, "lng": 151.063466 }, "geometry": { "type": "Point", "coordinates": [ 151.063466, -33.8076725 ] } },
{ "type": "Feature", "properties": { "name": "Camp Australia - Carlingford Public School OSHC", "lat": -33.7796939, "lng": 151.0551078 }, "geometry": { "type": "Point", "coordinates": [ 151.0551078, -33.7796939 ] } },
{ "type": "Feature", "properties": { "name": "The BOOSH Centre", "lat": -33.7520998, "lng": 151.0646487 }, "geometry": { "type": "Point", "coordinates": [ 151.0646487, -33.7520998 ] } },
{ "type": "Feature", "properties": { "name": "Little Lion Wahroonga", "lat": -33.7253749, "lng": 151.1190321 }, "geometry": { "type": "Point", "coordinates": [ 151.1190321, -33.7253749 ] } },
{ "type": "Feature", "properties": { "name": "St Ives OSHC", "lat": -33.7382134, "lng": 151.1658821 }, "geometry": { "type": "Point", "coordinates": [ 151.1658821, -33.7382134 ] } },
{ "type": "Feature", "properties": { "name": "Heritage House Turramurra Childcare and Learning Centre", "lat": -33.7270941, "lng": 151.1416395 }, "geometry": { "type": "Point", "coordinates": [ 151.1416395, -33.7270941 ] } },
{ "type": "Feature", "properties": { "name": "Yates Avenue Public School Preschool", "lat": -33.7939208, "lng": 151.0555222 }, "geometry": { "type": "Point", "coordinates": [ 151.0555222, -33.7939208 ] } },
{ "type": "Feature", "properties": { "name": "Munchkin Manor Early Learning Centre", "lat": -33.7670873, "lng": 151.0554825 }, "geometry": { "type": "Point", "coordinates": [ 151.0554825, -33.7670873 ] } },
{ "type": "Feature", "properties": { "name": "Apples and Honey Preschool Incorporated", "lat": -33.7917037, "lng": 151.1895606 }, "geometry": { "type": "Point", "coordinates": [ 151.1895606, -33.7917037 ] } },
{ "type": "Feature", "properties": { "name": "Smart Cookies Early Learning Centre", "lat": -33.7481665, "lng": 151.0657633 }, "geometry": { "type": "Point", "coordinates": [ 151.0657633, -33.7481665 ] } },
{ "type": "Feature", "properties": { "name": "The Love Heart Early Education Centre", "lat": -33.7259949, "lng": 151.1410934 }, "geometry": { "type": "Point", "coordinates": [ 151.1410934, -33.7259949 ] } },
{ "type": "Feature", "properties": { "name": "Knox Grammar OSHClub", "lat": -33.7235474, "lng": 151.1197896 }, "geometry": { "type": "Point", "coordinates": [ 151.1197896, -33.7235474 ] } },
{ "type": "Feature", "properties": { "name": "Fairytales Preschool and Long Day Care Centre", "lat": -33.7706695, "lng": 151.05339 }, "geometry": { "type": "Point", "coordinates": [ 151.05339, -33.7706695 ] } },
{ "type": "Feature", "properties": { "name": "Little Zak's Academy Dundas Valley", "lat": -33.7965485, "lng": 151.0545727 }, "geometry": { "type": "Point", "coordinates": [ 151.0545727, -33.7965485 ] } },
{ "type": "Feature", "properties": { "name": "Arden Anglican School Preschool", "lat": -33.7465631, "lng": 151.0652352 }, "geometry": { "type": "Point", "coordinates": [ 151.0652352, -33.7465631 ] } },
{ "type": "Feature", "properties": { "name": "Wonder Years Beecroft Early Learning Centre", "lat": -33.751435, "lng": 151.0613047 }, "geometry": { "type": "Point", "coordinates": [ 151.0613047, -33.751435 ] } },
{ "type": "Feature", "properties": { "name": "Ermington Possum Patch Child Care Centre", "lat": -33.8049156, "lng": 151.0573703 }, "geometry": { "type": "Point", "coordinates": [ 151.0573703, -33.8049156 ] } },
{ "type": "Feature", "properties": { "name": "Treewood Early Learning Centre", "lat": -33.7392527, "lng": 151.1714313 }, "geometry": { "type": "Point", "coordinates": [ 151.1714313, -33.7392527 ] } },
{ "type": "Feature", "properties": { "name": "Camp Australia - Arden Anglican School OSHC", "lat": -33.7464056, "lng": 151.0649775 }, "geometry": { "type": "Point", "coordinates": [ 151.0649775, -33.7464056 ] } },
{ "type": "Feature", "properties": { "name": "Beecroft Buddies Early Learning Centre", "lat": -33.7461957, "lng": 151.0650127 }, "geometry": { "type": "Point", "coordinates": [ 151.0650127, -33.7461957 ] } },
{ "type": "Feature", "properties": { "name": "Heritage House Pennant Hills Childcare & Learning Centre", "lat": -33.7365353, "lng": 151.0757703 }, "geometry": { "type": "Point", "coordinates": [ 151.0757703, -33.7365353 ] } },
{ "type": "Feature", "properties": { "name": "Papilio Early Learning Carlingford", "lat": -33.7762998, "lng": 151.0510246 }, "geometry": { "type": "Point", "coordinates": [ 151.0510246, -33.7762998 ] } },
{ "type": "Feature", "properties": { "name": "Ermington West OOSH", "lat": -33.8068661, "lng": 151.0574299 }, "geometry": { "type": "Point", "coordinates": [ 151.0574299, -33.8068661 ] } },
{ "type": "Feature", "properties": { "name": "Papilio Early Learning Dundas Valley", "lat": -33.7985121, "lng": 151.0533445 }, "geometry": { "type": "Point", "coordinates": [ 151.0533445, -33.7985121 ] } },
{ "type": "Feature", "properties": { "name": "Little Explorers Learning Centre", "lat": -33.8181545, "lng": 151.0656369 }, "geometry": { "type": "Point", "coordinates": [ 151.0656369, -33.8181545 ] } },
{ "type": "Feature", "properties": { "name": "Wahroonga Long Day Care Centre", "lat": -33.7228123, "lng": 151.1067962 }, "geometry": { "type": "Point", "coordinates": [ 151.1067962, -33.7228123 ] } },
{ "type": "Feature", "properties": { "name": "Ermington Early Learning Centre", "lat": -33.8172333, "lng": 151.0647882 }, "geometry": { "type": "Point", "coordinates": [ 151.0647882, -33.8172333 ] } },
{ "type": "Feature", "properties": { "name": "Roselea Student Care Centre Inc", "lat": -33.7651811, "lng": 151.0526917 }, "geometry": { "type": "Point", "coordinates": [ 151.0526917, -33.7651811 ] } },
{ "type": "Feature", "properties": { "name": "Thornleigh Preschool", "lat": -33.7331507, "lng": 151.0781551 }, "geometry": { "type": "Point", "coordinates": [ 151.0781551, -33.7331507 ] } },
{ "type": "Feature", "properties": { "name": "Ambrose School Age Care, St Bernadette's, Dundas", "lat": -33.7903773, "lng": 151.0500179 }, "geometry": { "type": "Point", "coordinates": [ 151.0500179, -33.7903773 ] } },
{ "type": "Feature", "properties": { "name": "Pymble Turramurra Preschool", "lat": -33.7227372, "lng": 151.1411844 }, "geometry": { "type": "Point", "coordinates": [ 151.1411844, -33.7227372 ] } },
{ "type": "Feature", "properties": { "name": "Roseville Kids Care", "lat": -33.7787771, "lng": 151.1947466 }, "geometry": { "type": "Point", "coordinates": [ 151.1947466, -33.7787771 ] } },
{ "type": "Feature", "properties": { "name": "KU - The Chase Preschool", "lat": -33.7787854, "lng": 151.1947153 }, "geometry": { "type": "Point", "coordinates": [ 151.1947153, -33.7787854 ] } },
{ "type": "Feature", "properties": { "name": "Tennyson Preschool by Handprints", "lat": -33.7208416, "lng": 151.1315358 }, "geometry": { "type": "Point", "coordinates": [ 151.1315358, -33.7208416 ] } },
{ "type": "Feature", "properties": { "name": "Carlingford West Kindergarten", "lat": -33.7820818, "lng": 151.0487079 }, "geometry": { "type": "Point", "coordinates": [ 151.0487079, -33.7820818 ] } },
{ "type": "Feature", "properties": { "name": "Bluebird Early Education Roseville", "lat": -33.7845092, "lng": 151.1950846 }, "geometry": { "type": "Point", "coordinates": [ 151.1950846, -33.7845092 ] } },
{ "type": "Feature", "properties": { "name": "Pennant Hills Preschool and Kindergarten", "lat": -33.734391, "lng": 151.075154 }, "geometry": { "type": "Point", "coordinates": [ 151.075154, -33.734391 ] } },
{ "type": "Feature", "properties": { "name": "Normanhurst Out of School Hours Care Inc", "lat": -33.7237602, "lng": 151.0974799 }, "geometry": { "type": "Point", "coordinates": [ 151.0974799, -33.7237602 ] } },
{ "type": "Feature", "properties": { "name": "Pennant Hills War Memorial Children's Centre", "lat": -33.736243, "lng": 151.0723858 }, "geometry": { "type": "Point", "coordinates": [ 151.0723858, -33.736243 ] } },
{ "type": "Feature", "properties": { "name": "Golden Seeds Early Learning Carlingford", "lat": -33.7793654, "lng": 151.0484773 }, "geometry": { "type": "Point", "coordinates": [ 151.0484773, -33.7793654 ] } },
{ "type": "Feature", "properties": { "name": "Young Academics Early Learning Centre Dundas, Kissing Point Rd", "lat": -33.7991554, "lng": 151.0516963 }, "geometry": { "type": "Point", "coordinates": [ 151.0516963, -33.7991554 ] } },
{ "type": "Feature", "properties": { "name": "Shellytots Preschool & Long Daycare Centre", "lat": -33.731926, "lng": 151.166156 }, "geometry": { "type": "Point", "coordinates": [ 151.166156, -33.731926 ] } },
{ "type": "Feature", "properties": { "name": "Simba Education St Ives", "lat": -33.7255735, "lng": 151.1533425 }, "geometry": { "type": "Point", "coordinates": [ 151.1533425, -33.7255735 ] } },
{ "type": "Feature", "properties": { "name": "Little Wallabies Early Learning Centre", "lat": -33.7220886, "lng": 151.1420947 }, "geometry": { "type": "Point", "coordinates": [ 151.1420947, -33.7220886 ] } },
{ "type": "Feature", "properties": { "name": "Ermington Uniting Church Preschool", "lat": -33.8128351, "lng": 151.0585757 }, "geometry": { "type": "Point", "coordinates": [ 151.0585757, -33.8128351 ] } },
{ "type": "Feature", "properties": { "name": "NEIGHBOURHOOD ELC", "lat": -33.7251213, "lng": 151.0911044 }, "geometry": { "type": "Point", "coordinates": [ 151.0911044, -33.7251213 ] } },
{ "type": "Feature", "properties": { "name": "Petit Ange", "lat": -33.7820489, "lng": 151.0475624 }, "geometry": { "type": "Point", "coordinates": [ 151.0475624, -33.7820489 ] } },
{ "type": "Feature", "properties": { "name": "Ermington Rainbow Cottage", "lat": -33.8168872, "lng": 151.061127 }, "geometry": { "type": "Point", "coordinates": [ 151.061127, -33.8168872 ] } },
{ "type": "Feature", "properties": { "name": "Rydalmere East Public School Preschool", "lat": -33.808267, "lng": 151.0549806 }, "geometry": { "type": "Point", "coordinates": [ 151.0549806, -33.808267 ] } },
{ "type": "Feature", "properties": { "name": "Bright Little Stars on Haig", "lat": -33.7902532, "lng": 151.1956512 }, "geometry": { "type": "Point", "coordinates": [ 151.1956512, -33.7902532 ] } },
{ "type": "Feature", "properties": { "name": "St Agatha's Pennant Hills OSHC", "lat": -33.7392361, "lng": 151.0670992 }, "geometry": { "type": "Point", "coordinates": [ 151.0670992, -33.7392361 ] } },
{ "type": "Feature", "properties": { "name": "St Gerard's Outside School Hours Care", "lat": -33.7652301, "lng": 151.0498614 }, "geometry": { "type": "Point", "coordinates": [ 151.0498614, -33.7652301 ] } },
{ "type": "Feature", "properties": { "name": "Mungarra Kindergarten", "lat": -33.7247223, "lng": 151.1540199 }, "geometry": { "type": "Point", "coordinates": [ 151.1540199, -33.7247223 ] } },
{ "type": "Feature", "properties": { "name": "PLAY PARK EARLY LEARNING CENTRE", "lat": -33.7251042, "lng": 151.0881484 }, "geometry": { "type": "Point", "coordinates": [ 151.0881484, -33.7251042 ] } },
{ "type": "Feature", "properties": { "name": "Explore & Develop Roseville", "lat": -33.7833146, "lng": 151.1973114 }, "geometry": { "type": "Point", "coordinates": [ 151.1973114, -33.7833146 ] } },
{ "type": "Feature", "properties": { "name": "Just For Kids", "lat": -33.7358087, "lng": 151.0697352 }, "geometry": { "type": "Point", "coordinates": [ 151.0697352, -33.7358087 ] } },
{ "type": "Feature", "properties": { "name": "St Stephens Preschool Kindergarten", "lat": -33.7231866, "lng": 151.0931484 }, "geometry": { "type": "Point", "coordinates": [ 151.0931484, -33.7231866 ] } },
{ "type": "Feature", "properties": { "name": "Ganeinu - Gan Izzy", "lat": -33.7312199, "lng": 151.1680854 }, "geometry": { "type": "Point", "coordinates": [ 151.1680854, -33.7312199 ] } },
{ "type": "Feature", "properties": { "name": "Carlingford Montessori Academy", "lat": -33.7816463, "lng": 151.0460026 }, "geometry": { "type": "Point", "coordinates": [ 151.0460026, -33.7816463 ] } },
{ "type": "Feature", "properties": { "name": "Normanhurst Child Care Centre", "lat": -33.7211492, "lng": 151.0984299 }, "geometry": { "type": "Point", "coordinates": [ 151.0984299, -33.7211492 ] } },
{ "type": "Feature", "properties": { "name": "Thomas Carlyle Children's Centre", "lat": -33.7623653, "lng": 151.1944447 }, "geometry": { "type": "Point", "coordinates": [ 151.1944447, -33.7623653 ] } },
{ "type": "Feature", "properties": { "name": "Kool HQ St Ives", "lat": -33.7296945, "lng": 151.1669089 }, "geometry": { "type": "Point", "coordinates": [ 151.1669089, -33.7296945 ] } },
{ "type": "Feature", "properties": { "name": "Masada Cottage Early Learning Centre", "lat": -33.7296945, "lng": 151.1669089 }, "geometry": { "type": "Point", "coordinates": [ 151.1669089, -33.7296945 ] } },
{ "type": "Feature", "properties": { "name": "Corpus Christi Outside School Hours Care St Ives", "lat": -33.7288181, "lng": 151.1657634 }, "geometry": { "type": "Point", "coordinates": [ 151.1657634, -33.7288181 ] } },
{ "type": "Feature", "properties": { "name": "Sophie's Cottage Kindergarten", "lat": -33.793282, "lng": 151.046572 }, "geometry": { "type": "Point", "coordinates": [ 151.046572, -33.793282 ] } },
{ "type": "Feature", "properties": { "name": "Lead Early Learning Centre St Ives", "lat": -33.7262001, "lng": 151.1613256 }, "geometry": { "type": "Point", "coordinates": [ 151.1613256, -33.7262001 ] } },
{ "type": "Feature", "properties": { "name": "Only About Children St Ives Link Road", "lat": -33.7282901, "lng": 151.1654875 }, "geometry": { "type": "Point", "coordinates": [ 151.1654875, -33.7282901 ] } },
{ "type": "Feature", "properties": { "name": "Peter Rabbit Community Preschool", "lat": -33.7180526, "lng": 151.1079322 }, "geometry": { "type": "Point", "coordinates": [ 151.1079322, -33.7180526 ] } },
{ "type": "Feature", "properties": { "name": "Kelvin Kindergarten St Ives", "lat": -33.7279725, "lng": 151.1651493 }, "geometry": { "type": "Point", "coordinates": [ 151.1651493, -33.7279725 ] } },
{ "type": "Feature", "properties": { "name": "Pennant Hills BASC", "lat": -33.737389, "lng": 151.0652856 }, "geometry": { "type": "Point", "coordinates": [ 151.0652856, -33.737389 ] } },
{ "type": "Feature", "properties": { "name": "Prouille Wahroonga OSHC", "lat": -33.7165287, "lng": 151.1212814 }, "geometry": { "type": "Point", "coordinates": [ 151.1212814, -33.7165287 ] } },
{ "type": "Feature", "properties": { "name": "Turramurra Kindergarten Pty Ltd", "lat": -33.7190209, "lng": 151.1434829 }, "geometry": { "type": "Point", "coordinates": [ 151.1434829, -33.7190209 ] } },
{ "type": "Feature", "properties": { "name": "Being Ermington Lambert Avenue", "lat": -33.8154133, "lng": 151.0558464 }, "geometry": { "type": "Point", "coordinates": [ 151.0558464, -33.8154133 ] } },
{ "type": "Feature", "properties": { "name": "MindChamps Early Learning @ Chatswood", "lat": -33.787643, "lng": 151.1997009 }, "geometry": { "type": "Point", "coordinates": [ 151.1997009, -33.787643 ] } },
{ "type": "Feature", "properties": { "name": "KU - Wahroonga Preschool", "lat": -33.7159851, "lng": 151.1162001 }, "geometry": { "type": "Point", "coordinates": [ 151.1162001, -33.7159851 ] } },
{ "type": "Feature", "properties": { "name": "Kids Club OSHC at Abbotsleigh", "lat": -33.7162711, "lng": 151.1123312 }, "geometry": { "type": "Point", "coordinates": [ 151.1123312, -33.7162711 ] } },
{ "type": "Feature", "properties": { "name": "Abbotsleigh Early Learning Centre", "lat": -33.7161297, "lng": 151.1130628 }, "geometry": { "type": "Point", "coordinates": [ 151.1130628, -33.7161297 ] } },
{ "type": "Feature", "properties": { "name": "Wahroonga After School Care Centre", "lat": -33.7156527, "lng": 151.128441 }, "geometry": { "type": "Point", "coordinates": [ 151.128441, -33.7156527 ] } },
{ "type": "Feature", "properties": { "name": "Normanhurst West OSHC", "lat": -33.7216046, "lng": 151.0881063 }, "geometry": { "type": "Point", "coordinates": [ 151.0881063, -33.7216046 ] } },
{ "type": "Feature", "properties": { "name": "Normanhurst West Community Preschool", "lat": -33.7211207, "lng": 151.0886702 }, "geometry": { "type": "Point", "coordinates": [ 151.0886702, -33.7211207 ] } },
{ "type": "Feature", "properties": { "name": "MORNING STAR DAYCARE", "lat": -33.7836411, "lng": 151.0421786 }, "geometry": { "type": "Point", "coordinates": [ 151.0421786, -33.7836411 ] } },
{ "type": "Feature", "properties": { "name": "St Ives Preschool Kindergarten", "lat": -33.7248342, "lng": 151.1642161 }, "geometry": { "type": "Point", "coordinates": [ 151.1642161, -33.7248342 ] } },
{ "type": "Feature", "properties": { "name": "Uniting Wahroonga Prep Outside School Hours Care", "lat": -33.7148851, "lng": 151.1171777 }, "geometry": { "type": "Point", "coordinates": [ 151.1171777, -33.7148851 ] } },
{ "type": "Feature", "properties": { "name": "Kuringgai Council Vacation Care Kids Getaway", "lat": -33.7235985, "lng": 151.1617562 }, "geometry": { "type": "Point", "coordinates": [ 151.1617562, -33.7235985 ] } },
{ "type": "Feature", "properties": { "name": "Willowbee Early Learning Centre 2", "lat": -33.787666, "lng": 151.2015247 }, "geometry": { "type": "Point", "coordinates": [ 151.2015247, -33.787666 ] } },
{ "type": "Feature", "properties": { "name": "The Kids' Castle Inc", "lat": -33.781352, "lng": 151.2019655 }, "geometry": { "type": "Point", "coordinates": [ 151.2019655, -33.781352 ] } },
{ "type": "Feature", "properties": { "name": "Adventures Preschool and Long Day Care", "lat": -33.734951, "lng": 151.0641938 }, "geometry": { "type": "Point", "coordinates": [ 151.0641938, -33.734951 ] } },
{ "type": "Feature", "properties": { "name": "Green Trees Early Learning Centre", "lat": -33.7972949, "lng": 151.0434284 }, "geometry": { "type": "Point", "coordinates": [ 151.0434284, -33.7972949 ] } },
{ "type": "Feature", "properties": { "name": "Greenwood Chatswood East", "lat": -33.7895195, "lng": 151.2022076 }, "geometry": { "type": "Point", "coordinates": [ 151.2022076, -33.7895195 ] } },
{ "type": "Feature", "properties": { "name": "Chilverleigh Early Learning", "lat": -33.722558, "lng": 151.0816101 }, "geometry": { "type": "Point", "coordinates": [ 151.0816101, -33.722558 ] } },
{ "type": "Feature", "properties": { "name": "Colin Place Out of School care", "lat": -33.766432, "lng": 151.0419728 }, "geometry": { "type": "Point", "coordinates": [ 151.0419728, -33.766432 ] } },
{ "type": "Feature", "properties": { "name": "Kids Planet Academy West Pennant Hill", "lat": -33.7464356, "lng": 151.0511611 }, "geometry": { "type": "Point", "coordinates": [ 151.0511611, -33.7464356 ] } },
{ "type": "Feature", "properties": { "name": "Little Blessings Early Learning Centre", "lat": -33.790304, "lng": 151.0401534 }, "geometry": { "type": "Point", "coordinates": [ 151.0401534, -33.790304 ] } },
{ "type": "Feature", "properties": { "name": "Waitara Childrens Services Outside School Hours Care", "lat": -33.7137893, "lng": 151.1043001 }, "geometry": { "type": "Point", "coordinates": [ 151.1043001, -33.7137893 ] } },
{ "type": "Feature", "properties": { "name": "Diocese of Broken Bay Early Learning and Care Centre - Waitara", "lat": -33.7138644, "lng": 151.1036241 }, "geometry": { "type": "Point", "coordinates": [ 151.1036241, -33.7138644 ] } },
{ "type": "Feature", "properties": { "name": "Being Ermington River Road", "lat": -33.8191469, "lng": 151.0525647 }, "geometry": { "type": "Point", "coordinates": [ 151.0525647, -33.8191469 ] } },
{ "type": "Feature", "properties": { "name": "Dundas ELC", "lat": -33.805249, "lng": 151.043886 }, "geometry": { "type": "Point", "coordinates": [ 151.043886, -33.805249 ] } },
{ "type": "Feature", "properties": { "name": "Larool Pre-School", "lat": -33.7202393, "lng": 151.0823915 }, "geometry": { "type": "Point", "coordinates": [ 151.0823915, -33.7202393 ] } },
{ "type": "Feature", "properties": { "name": "Shine Preschool Carlingford", "lat": -33.7652529, "lng": 151.040722 }, "geometry": { "type": "Point", "coordinates": [ 151.040722, -33.7652529 ] } },
{ "type": "Feature", "properties": { "name": "YMCA West Pennant Hills OSHC", "lat": -33.7458211, "lng": 151.0501517 }, "geometry": { "type": "Point", "coordinates": [ 151.0501517, -33.7458211 ] } },
{ "type": "Feature", "properties": { "name": "TeamKids - Turramurra North Public School", "lat": -33.71481, "lng": 151.1477986 }, "geometry": { "type": "Point", "coordinates": [ 151.1477986, -33.71481 ] } },
{ "type": "Feature", "properties": { "name": "Barker College OSHClub", "lat": -33.713589, "lng": 151.1015696 }, "geometry": { "type": "Point", "coordinates": [ 151.1015696, -33.713589 ] } },
{ "type": "Feature", "properties": { "name": "The Y Carlingford West OSHC", "lat": -33.7820239, "lng": 151.0379301 }, "geometry": { "type": "Point", "coordinates": [ 151.0379301, -33.7820239 ] } },
{ "type": "Feature", "properties": { "name": "Dundas Child Care Centre", "lat": -33.8061505, "lng": 151.0434511 }, "geometry": { "type": "Point", "coordinates": [ 151.0434511, -33.8061505 ] } },
{ "type": "Feature", "properties": { "name": "Camp Australia - Murray Farm Public School OSHC", "lat": -33.766267, "lng": 151.0396397 }, "geometry": { "type": "Point", "coordinates": [ 151.0396397, -33.766267 ] } },
{ "type": "Feature", "properties": { "name": "North Rocks Preschool", "lat": -33.7705065, "lng": 151.0384478 }, "geometry": { "type": "Point", "coordinates": [ 151.0384478, -33.7705065 ] } },
{ "type": "Feature", "properties": { "name": "Mini Masterminds Thornleigh", "lat": -33.7208972, "lng": 151.0784049 }, "geometry": { "type": "Point", "coordinates": [ 151.0784049, -33.7208972 ] } },
{ "type": "Feature", "properties": { "name": "Thornleigh West OOSH", "lat": -33.7244284, "lng": 151.0719431 }, "geometry": { "type": "Point", "coordinates": [ 151.0719431, -33.7244284 ] } },
{ "type": "Feature", "properties": { "name": "Handprints Early Learning Centre", "lat": -33.7173993, "lng": 151.1585034 }, "geometry": { "type": "Point", "coordinates": [ 151.1585034, -33.7173993 ] } },
{ "type": "Feature", "properties": { "name": "North Rocks Child Care Centre", "lat": -33.7721681, "lng": 151.0371043 }, "geometry": { "type": "Point", "coordinates": [ 151.0371043, -33.7721681 ] } },
{ "type": "Feature", "properties": { "name": "KU Rydalmere Preschool", "lat": -33.8085764, "lng": 151.0428472 }, "geometry": { "type": "Point", "coordinates": [ 151.0428472, -33.8085764 ] } },
{ "type": "Feature", "properties": { "name": "East Willoughby Preschool", "lat": -33.7962419, "lng": 151.2059185 }, "geometry": { "type": "Point", "coordinates": [ 151.2059185, -33.7962419 ] } },
{ "type": "Feature", "properties": { "name": "St Ives North OSHC", "lat": -33.7186744, "lng": 151.1636188 }, "geometry": { "type": "Point", "coordinates": [ 151.1636188, -33.7186744 ] } },
{ "type": "Feature", "properties": { "name": "Hornsby South OSHClub", "lat": -33.7131802, "lng": 151.0952149 }, "geometry": { "type": "Point", "coordinates": [ 151.0952149, -33.7131802 ] } },
{ "type": "Feature", "properties": { "name": "Belonging Early Learning Hornsby", "lat": -33.7128504, "lng": 151.0957681 }, "geometry": { "type": "Point", "coordinates": [ 151.0957681, -33.7128504 ] } },
{ "type": "Feature", "properties": { "name": "ORCHARD EARLY LEARNING CENTRE ST IVES", "lat": -33.7220649, "lng": 151.1709533 }, "geometry": { "type": "Point", "coordinates": [ 151.1709533, -33.7220649 ] } },
{ "type": "Feature", "properties": { "name": "Next Generation Childcare", "lat": -33.7099896, "lng": 151.110602 }, "geometry": { "type": "Point", "coordinates": [ 151.110602, -33.7099896 ] } },
{ "type": "Feature", "properties": { "name": "Only About Children Wahroonga Eastern Road", "lat": -33.7095733, "lng": 151.132537 }, "geometry": { "type": "Point", "coordinates": [ 151.132537, -33.7095733 ] } },
{ "type": "Feature", "properties": { "name": "Binnowee Kindergarten Co-Op Society Ltd", "lat": -33.7429653, "lng": 151.0477495 }, "geometry": { "type": "Point", "coordinates": [ 151.0477495, -33.7429653 ] } },
{ "type": "Feature", "properties": { "name": "The Jack and Jill Kindergarten", "lat": -33.7114277, "lng": 151.0974061 }, "geometry": { "type": "Point", "coordinates": [ 151.0974061, -33.7114277 ] } },
{ "type": "Feature", "properties": { "name": "Mimosa Kids", "lat": -33.7399531, "lng": 151.1945813 }, "geometry": { "type": "Point", "coordinates": [ 151.1945813, -33.7399531 ] } },
{ "type": "Feature", "properties": { "name": "St Ives Chase Kindergarten", "lat": -33.7148693, "lng": 151.1590193 }, "geometry": { "type": "Point", "coordinates": [ 151.1590193, -33.7148693 ] } },
{ "type": "Feature", "properties": { "name": "Scribbles & Giggles Childcare Centre", "lat": -33.8107622, "lng": 151.0411768 }, "geometry": { "type": "Point", "coordinates": [ 151.0411768, -33.8107622 ] } },
{ "type": "Feature", "properties": { "name": "Adventures Preschool and Long Day Care", "lat": -33.7410597, "lng": 151.0477321 }, "geometry": { "type": "Point", "coordinates": [ 151.0477321, -33.7410597 ] } },
{ "type": "Feature", "properties": { "name": "Waitara Before & After School Care Inc", "lat": -33.7079525, "lng": 151.1115577 }, "geometry": { "type": "Point", "coordinates": [ 151.1115577, -33.7079525 ] } },
{ "type": "Feature", "properties": { "name": "Explore & Develop Waitara", "lat": -33.7082959, "lng": 151.1084639 }, "geometry": { "type": "Point", "coordinates": [ 151.1084639, -33.7082959 ] } },
{ "type": "Feature", "properties": { "name": "Ambrose School Age Care, St Mary's, Rydalmere", "lat": -33.8117004, "lng": 151.0411166 }, "geometry": { "type": "Point", "coordinates": [ 151.0411166, -33.8117004 ] } },
{ "type": "Feature", "properties": { "name": "Orchard Early Learning Centre West Pennant Hills", "lat": -33.7422078, "lng": 151.0462712 }, "geometry": { "type": "Point", "coordinates": [ 151.0462712, -33.7422078 ] } },
{ "type": "Feature", "properties": { "name": "Helping Hands St Ives Park", "lat": -33.7237167, "lng": 151.1785558 }, "geometry": { "type": "Point", "coordinates": [ 151.1785558, -33.7237167 ] } },
{ "type": "Feature", "properties": { "name": "Balamara Preschool", "lat": -33.7071051, "lng": 151.1110026 }, "geometry": { "type": "Point", "coordinates": [ 151.1110026, -33.7071051 ] } },
{ "type": "Feature", "properties": { "name": "Sydney Grammar School (St Ives) TheirCare", "lat": -33.718318, "lng": 151.1706726 }, "geometry": { "type": "Point", "coordinates": [ 151.1706726, -33.718318 ] } },
{ "type": "Feature", "properties": { "name": "St Martin's Davidson OSHC", "lat": -33.7415424, "lng": 151.1982184 }, "geometry": { "type": "Point", "coordinates": [ 151.1982184, -33.7415424 ] } },
{ "type": "Feature", "properties": { "name": "Camp Australia - Dundas Public School OSHC", "lat": -33.804463, "lng": 151.0363825 }, "geometry": { "type": "Point", "coordinates": [ 151.0363825, -33.804463 ] } },
{ "type": "Feature", "properties": { "name": "Earth Kids Early Learning Centre", "lat": -33.7094041, "lng": 151.1483075 }, "geometry": { "type": "Point", "coordinates": [ 151.1483075, -33.7094041 ] } },
{ "type": "Feature", "properties": { "name": "Polaris Family Day Care", "lat": -33.8330053, "lng": 151.055437 }, "geometry": { "type": "Point", "coordinates": [ 151.055437, -33.8330053 ] } },
{ "type": "Feature", "properties": { "name": "Mini Wonderland Early Learning Centre", "lat": -33.7064358, "lng": 151.1045196 }, "geometry": { "type": "Point", "coordinates": [ 151.1045196, -33.7064358 ] } },
{ "type": "Feature", "properties": { "name": "First Grammar Westleigh", "lat": -33.7190431, "lng": 151.068925 }, "geometry": { "type": "Point", "coordinates": [ 151.068925, -33.7190431 ] } },
{ "type": "Feature", "properties": { "name": "Guardian Childcare & Education West Pennant Hills", "lat": -33.7567581, "lng": 151.0348546 }, "geometry": { "type": "Point", "coordinates": [ 151.0348546, -33.7567581 ] } },
{ "type": "Feature", "properties": { "name": "Rydalmere Public School Preschool", "lat": -33.8116429, "lng": 151.0370986 }, "geometry": { "type": "Point", "coordinates": [ 151.0370986, -33.8116429 ] } },
{ "type": "Feature", "properties": { "name": "Rise & Shine Kindergarten Rydalmere", "lat": -33.8161964, "lng": 151.0394036 }, "geometry": { "type": "Point", "coordinates": [ 151.0394036, -33.8161964 ] } },
{ "type": "Feature", "properties": { "name": "Twinkle Tots Cottage", "lat": -33.7048026, "lng": 151.1081448 }, "geometry": { "type": "Point", "coordinates": [ 151.1081448, -33.7048026 ] } },
{ "type": "Feature", "properties": { "name": "Only About Children Waitara", "lat": -33.7044395, "lng": 151.1113529 }, "geometry": { "type": "Point", "coordinates": [ 151.1113529, -33.7044395 ] } },
{ "type": "Feature", "properties": { "name": "Wonder Years Cherrybrook Early Learning Centre", "lat": -33.7365851, "lng": 151.0458747 }, "geometry": { "type": "Point", "coordinates": [ 151.0458747, -33.7365851 ] } },
{ "type": "Feature", "properties": { "name": "The Love Heart Early Education Centre St Ives Chase", "lat": -33.7104672, "lng": 151.1607475 }, "geometry": { "type": "Point", "coordinates": [ 151.1607475, -33.7104672 ] } },
{ "type": "Feature", "properties": { "name": "Integricare Preschool St Ives", "lat": -33.7197189, "lng": 151.1793212 }, "geometry": { "type": "Point", "coordinates": [ 151.1793212, -33.7197189 ] } },
{ "type": "Feature", "properties": { "name": "The Y Forestville OSHC", "lat": -33.7615558, "lng": 151.2127874 }, "geometry": { "type": "Point", "coordinates": [ 151.2127874, -33.7615558 ] } },
{ "type": "Feature", "properties": { "name": "Only About Children Wahroonga", "lat": -33.7036936, "lng": 151.1113301 }, "geometry": { "type": "Point", "coordinates": [ 151.1113301, -33.7036936 ] } },
{ "type": "Feature", "properties": { "name": "Killarney Heights OSHC Centre", "lat": -33.7753643, "lng": 151.2157766 }, "geometry": { "type": "Point", "coordinates": [ 151.2157766, -33.7753643 ] } },
{ "type": "Feature", "properties": { "name": "UnitingCare Forestville Preschool", "lat": -33.7622109, "lng": 151.2133797 }, "geometry": { "type": "Point", "coordinates": [ 151.2133797, -33.7622109 ] } },
{ "type": "Feature", "properties": { "name": "Only About Children Hornsby", "lat": -33.7033391, "lng": 151.1104883 }, "geometry": { "type": "Point", "coordinates": [ 151.1104883, -33.7033391 ] } },
{ "type": "Feature", "properties": { "name": "Mimosa Out of School Hours", "lat": -33.7435056, "lng": 151.2049649 }, "geometry": { "type": "Point", "coordinates": [ 151.2049649, -33.7435056 ] } },
{ "type": "Feature", "properties": { "name": "Mimosa Kids Preschool & Early Learning Centre", "lat": -33.7435056, "lng": 151.2049649 }, "geometry": { "type": "Point", "coordinates": [ 151.2049649, -33.7435056 ] } },
{ "type": "Feature", "properties": { "name": "Orchard Early Learning Centre Forestville", "lat": -33.760705, "lng": 151.2132386 }, "geometry": { "type": "Point", "coordinates": [ 151.2132386, -33.760705 ] } },
{ "type": "Feature", "properties": { "name": "Heritage House Childcare and Early Learning Centre - Cherrybrook", "lat": -33.7336736, "lng": 151.0463939 }, "geometry": { "type": "Point", "coordinates": [ 151.0463939, -33.7336736 ] } },
{ "type": "Feature", "properties": { "name": "Guardian Childcare & Education Hornsby", "lat": -33.7029958, "lng": 151.1103973 }, "geometry": { "type": "Point", "coordinates": [ 151.1103973, -33.7029958 ] } },
{ "type": "Feature", "properties": { "name": "Forestville Early Learning Centre", "lat": -33.7627407, "lng": 151.2145927 }, "geometry": { "type": "Point", "coordinates": [ 151.2145927, -33.7627407 ] } },
{ "type": "Feature", "properties": { "name": "The King's School OSHC- Extend", "lat": -33.7841679, "lng": 151.0266992 }, "geometry": { "type": "Point", "coordinates": [ 151.0266992, -33.7841679 ] } },
{ "type": "Feature", "properties": { "name": "Headstart Early Learning Centre Oatlands", "lat": -33.7946927, "lng": 151.027714 }, "geometry": { "type": "Point", "coordinates": [ 151.027714, -33.7946927 ] } },
{ "type": "Feature", "properties": { "name": "KU - Killarney Heights Preschool", "lat": -33.774454, "lng": 151.2176308 }, "geometry": { "type": "Point", "coordinates": [ 151.2176308, -33.774454 ] } },
{ "type": "Feature", "properties": { "name": "Busy Bees at Killarney Heights", "lat": -33.7759904, "lng": 151.2178485 }, "geometry": { "type": "Point", "coordinates": [ 151.2178485, -33.7759904 ] } },
{ "type": "Feature", "properties": { "name": "Little Wildflower School Forestville", "lat": -33.762882, "lng": 151.2156819 }, "geometry": { "type": "Point", "coordinates": [ 151.2156819, -33.762882 ] } },
{ "type": "Feature", "properties": { "name": "Koter Early Learning", "lat": -33.7005085, "lng": 151.1144954 }, "geometry": { "type": "Point", "coordinates": [ 151.1144954, -33.7005085 ] } },
{ "type": "Feature", "properties": { "name": "LITTLE GREEN TREEHOUSE", "lat": -33.7719989, "lng": 151.0251443 }, "geometry": { "type": "Point", "coordinates": [ 151.0251443, -33.7719989 ] } },
{ "type": "Feature", "properties": { "name": "Little Zak's Academy Hornsby", "lat": -33.7021327, "lng": 151.1002142 }, "geometry": { "type": "Point", "coordinates": [ 151.1002142, -33.7021327 ] } },
{ "type": "Feature", "properties": { "name": "Wesley Out of School Hours Care, North Rocks", "lat": -33.7685086, "lng": 151.0255725 }, "geometry": { "type": "Point", "coordinates": [ 151.0255725, -33.7685086 ] } },
{ "type": "Feature", "properties": { "name": "Papilio Early Learning Hornsby", "lat": -33.7008628, "lng": 151.1078681 }, "geometry": { "type": "Point", "coordinates": [ 151.1078681, -33.7008628 ] } },
{ "type": "Feature", "properties": { "name": "Little Blessings Early Learning Centre", "lat": -33.7031077, "lng": 151.0945851 }, "geometry": { "type": "Point", "coordinates": [ 151.0945851, -33.7031077 ] } },
{ "type": "Feature", "properties": { "name": "Heritage House Hornsby Childcare and Early Learning Centre", "lat": -33.7010796, "lng": 151.1043165 }, "geometry": { "type": "Point", "coordinates": [ 151.1043165, -33.7010796 ] } },
{ "type": "Feature", "properties": { "name": "Camp Australia - Newington Public School OSHC", "lat": -33.8411369, "lng": 151.0553106 }, "geometry": { "type": "Point", "coordinates": [ 151.0553106, -33.8411369 ] } },
{ "type": "Feature", "properties": { "name": "Hornsby Ku-Ring-Gai Montessori Preschool", "lat": -33.7021844, "lng": 151.0960639 }, "geometry": { "type": "Point", "coordinates": [ 151.0960639, -33.7021844 ] } },
{ "type": "Feature", "properties": { "name": "St Stephens Belrose Kindergarten", "lat": -33.7394213, "lng": 151.2068292 }, "geometry": { "type": "Point", "coordinates": [ 151.2068292, -33.7394213 ] } },
{ "type": "Feature", "properties": { "name": "Ambrose School Age Care, Christ the King, North Rocks", "lat": -33.7754819, "lng": 151.0235298 }, "geometry": { "type": "Point", "coordinates": [ 151.0235298, -33.7754819 ] } },
{ "type": "Feature", "properties": { "name": "Cherrybrook OOSH Care Inc", "lat": -33.7314595, "lng": 151.0432965 }, "geometry": { "type": "Point", "coordinates": [ 151.0432965, -33.7314595 ] } },
{ "type": "Feature", "properties": { "name": "Kids Cottage Early Years Learning Centre", "lat": -33.799198, "lng": 151.024853 }, "geometry": { "type": "Point", "coordinates": [ 151.024853, -33.799198 ] } },
{ "type": "Feature", "properties": { "name": "Let's Play Daycare", "lat": -33.7396168, "lng": 151.208309 }, "geometry": { "type": "Point", "coordinates": [ 151.208309, -33.7396168 ] } },
{ "type": "Feature", "properties": { "name": "Maria's Place Child Minding Service", "lat": -33.8412557, "lng": 151.0530261 }, "geometry": { "type": "Point", "coordinates": [ 151.0530261, -33.8412557 ] } },
{ "type": "Feature", "properties": { "name": "Blue Gum Community School (NSW)", "lat": -33.7023813, "lng": 151.0905584 }, "geometry": { "type": "Point", "coordinates": [ 151.0905584, -33.7023813 ] } },
{ "type": "Feature", "properties": { "name": "Eurambie Park Child Care Centre", "lat": -33.7459739, "lng": 151.0310568 }, "geometry": { "type": "Point", "coordinates": [ 151.0310568, -33.7459739 ] } },
{ "type": "Feature", "properties": { "name": "Forestville Montessori School", "lat": -33.7582163, "lng": 151.2187592 }, "geometry": { "type": "Point", "coordinates": [ 151.2187592, -33.7582163 ] } },
{ "type": "Feature", "properties": { "name": "Great Beginnings Hornsby", "lat": -33.6974834, "lng": 151.1126937 }, "geometry": { "type": "Point", "coordinates": [ 151.1126937, -33.6974834 ] } },
{ "type": "Feature", "properties": { "name": "Little Joeys & Co", "lat": -33.7299745, "lng": 151.0412678 }, "geometry": { "type": "Point", "coordinates": [ 151.0412678, -33.7299745 ] } },
{ "type": "Feature", "properties": { "name": "Tangara School For Girls OSHC - Extend", "lat": -33.7356887, "lng": 151.0362665 }, "geometry": { "type": "Point", "coordinates": [ 151.0362665, -33.7356887 ] } },
{ "type": "Feature", "properties": { "name": "Camp Australia - Oatlands Public School OSHC", "lat": -33.7995489, "lng": 151.0224155 }, "geometry": { "type": "Point", "coordinates": [ 151.0224155, -33.7995489 ] } },
{ "type": "Feature", "properties": { "name": "Inspire Carlingford", "lat": -33.7650495, "lng": 151.0217256 }, "geometry": { "type": "Point", "coordinates": [ 151.0217256, -33.7650495 ] } },
{ "type": "Feature", "properties": { "name": "Thrive Early Learning Centre Hornsby", "lat": -33.6978214, "lng": 151.1009949 }, "geometry": { "type": "Point", "coordinates": [ 151.1009949, -33.6978214 ] } },
{ "type": "Feature", "properties": { "name": "Our Lady of Good Counsel Early Leaning Centre -  After School Care", "lat": -33.7602469, "lng": 151.2213433 }, "geometry": { "type": "Point", "coordinates": [ 151.2213433, -33.7602469 ] } },
{ "type": "Feature", "properties": { "name": "Our Lady of Good Counsel Outside School Hours Care", "lat": -33.7602469, "lng": 151.2213433 }, "geometry": { "type": "Point", "coordinates": [ 151.2213433, -33.7602469 ] } },
{ "type": "Feature", "properties": { "name": "Diocese of Broken Bay Early Learning Centre Forestville", "lat": -33.7602469, "lng": 151.2213433 }, "geometry": { "type": "Point", "coordinates": [ 151.2213433, -33.7602469 ] } },
{ "type": "Feature", "properties": { "name": "Hills Montessori School", "lat": -33.7518004, "lng": 151.0253012 }, "geometry": { "type": "Point", "coordinates": [ 151.0253012, -33.7518004 ] } },
{ "type": "Feature", "properties": { "name": "The Village Creative Education", "lat": -33.7390701, "lng": 151.2117665 }, "geometry": { "type": "Point", "coordinates": [ 151.2117665, -33.7390701 ] } },
{ "type": "Feature", "properties": { "name": "Western Sydney University Early Learning Parramatta", "lat": -33.8117675, "lng": 151.0255869 }, "geometry": { "type": "Point", "coordinates": [ 151.0255869, -33.8117675 ] } },
{ "type": "Feature", "properties": { "name": "Sun Valley Pre-School Kindergarten", "lat": -33.7474677, "lng": 151.0270745 }, "geometry": { "type": "Point", "coordinates": [ 151.0270745, -33.7474677 ] } },
{ "type": "Feature", "properties": { "name": "AI Kids Academy", "lat": -33.6962698, "lng": 151.1059834 }, "geometry": { "type": "Point", "coordinates": [ 151.1059834, -33.6962698 ] } },
{ "type": "Feature", "properties": { "name": "Milestones Early Learning Centre North Parramatta", "lat": -33.8045798, "lng": 151.0224838 }, "geometry": { "type": "Point", "coordinates": [ 151.0224838, -33.8045798 ] } },
{ "type": "Feature", "properties": { "name": "Tiny Tots Long Day Care Centre", "lat": -33.6965073, "lng": 151.1036172 }, "geometry": { "type": "Point", "coordinates": [ 151.1036172, -33.6965073 ] } },
{ "type": "Feature", "properties": { "name": "Three Bears Kindergarten", "lat": -33.6965125, "lng": 151.1010463 }, "geometry": { "type": "Point", "coordinates": [ 151.1010463, -33.6965125 ] } },
{ "type": "Feature", "properties": { "name": "Cherrybrook Community Preschool", "lat": -33.7270895, "lng": 151.0405605 }, "geometry": { "type": "Point", "coordinates": [ 151.0405605, -33.7270895 ] } },
{ "type": "Feature", "properties": { "name": "Guardian Childcare & Education Cherrybrook", "lat": -33.738962, "lng": 151.030749 }, "geometry": { "type": "Point", "coordinates": [ 151.030749, -33.738962 ] } },
{ "type": "Feature", "properties": { "name": "Reggio Emilia Early Learning Centre Parramatta", "lat": -33.8022815, "lng": 151.0205282 }, "geometry": { "type": "Point", "coordinates": [ 151.0205282, -33.8022815 ] } },
{ "type": "Feature", "properties": { "name": "Camp Australia - Burnside Public School OSHC", "lat": -33.7931139, "lng": 151.0182026 }, "geometry": { "type": "Point", "coordinates": [ 151.0182026, -33.7931139 ] } },
{ "type": "Feature", "properties": { "name": "Tara Anglican School for Girls", "lat": -33.7911378, "lng": 151.0173588 }, "geometry": { "type": "Point", "coordinates": [ 151.0173588, -33.7911378 ] } },
{ "type": "Feature", "properties": { "name": "Kindalin Early Childhood Learning Centre - West Pennant Hills", "lat": -33.7368622, "lng": 151.0309886 }, "geometry": { "type": "Point", "coordinates": [ 151.0309886, -33.7368622 ] } },
{ "type": "Feature", "properties": { "name": "Full House Child Care", "lat": -33.8419013, "lng": 151.0457279 }, "geometry": { "type": "Point", "coordinates": [ 151.0457279, -33.8419013 ] } },
{ "type": "Feature", "properties": { "name": "Kindalin Early Childhood Learning Centre - Cherrybrook Shops", "lat": -33.7210253, "lng": 151.043988 }, "geometry": { "type": "Point", "coordinates": [ 151.043988, -33.7210253 ] } },
{ "type": "Feature", "properties": { "name": "MindChamps Early Learning @ Hornsby", "lat": -33.694725, "lng": 151.097857 }, "geometry": { "type": "Point", "coordinates": [ 151.097857, -33.694725 ] } },
{ "type": "Feature", "properties": { "name": "Only About Children Asquith", "lat": -33.6926614, "lng": 151.1096464 }, "geometry": { "type": "Point", "coordinates": [ 151.1096464, -33.6926614 ] } },
{ "type": "Feature", "properties": { "name": "Explore and Develop - Parramatta", "lat": -33.8197471, "lng": 151.0251448 }, "geometry": { "type": "Point", "coordinates": [ 151.0251448, -33.8197471 ] } },
{ "type": "Feature", "properties": { "name": "Uniting Airlie Preschool Oatlands", "lat": -33.795774, "lng": 151.0157075 }, "geometry": { "type": "Point", "coordinates": [ 151.0157075, -33.795774 ] } },
{ "type": "Feature", "properties": { "name": "Frenchs Forest OSHC", "lat": -33.7527171, "lng": 151.2240898 }, "geometry": { "type": "Point", "coordinates": [ 151.2240898, -33.7527171 ] } },
{ "type": "Feature", "properties": { "name": "Making a Difference for Babies at Frenchs Forest", "lat": -33.7519784, "lng": 151.2238801 }, "geometry": { "type": "Point", "coordinates": [ 151.2238801, -33.7519784 ] } },
{ "type": "Feature", "properties": { "name": "Making A Difference at Frenchs Forest", "lat": -33.7519784, "lng": 151.2238801 }, "geometry": { "type": "Point", "coordinates": [ 151.2238801, -33.7519784 ] } },
{ "type": "Feature", "properties": { "name": "Parramatta East OSHClub", "lat": -33.8060801, "lng": 151.0178904 }, "geometry": { "type": "Point", "coordinates": [ 151.0178904, -33.8060801 ] } },
{ "type": "Feature", "properties": { "name": "Kindalin Early Childhood Learning Centre - Cherrybrook", "lat": -33.7298771, "lng": 151.0328306 }, "geometry": { "type": "Point", "coordinates": [ 151.0328306, -33.7298771 ] } },
{ "type": "Feature", "properties": { "name": "Sustainable OSHC", "lat": -33.7388269, "lng": 151.2178992 }, "geometry": { "type": "Point", "coordinates": [ 151.2178992, -33.7388269 ] } },
{ "type": "Feature", "properties": { "name": "MindChamps Early Learning @ Cherrybrook", "lat": -33.7201788, "lng": 151.0417446 }, "geometry": { "type": "Point", "coordinates": [ 151.0417446, -33.7201788 ] } },
{ "type": "Feature", "properties": { "name": "St Marina Early Learning Centre", "lat": -33.8102509, "lng": 151.0188909 }, "geometry": { "type": "Point", "coordinates": [ 151.0188909, -33.8102509 ] } },
{ "type": "Feature", "properties": { "name": "Redeemer Baptist After School Care", "lat": -33.7950113, "lng": 151.0141929 }, "geometry": { "type": "Point", "coordinates": [ 151.0141929, -33.7950113 ] } },
{ "type": "Feature", "properties": { "name": "Kinder Academy Early Learning Centre", "lat": -33.6909374, "lng": 151.1086908 }, "geometry": { "type": "Point", "coordinates": [ 151.1086908, -33.6909374 ] } },
{ "type": "Feature", "properties": { "name": "Belrose Community & Children's Centre", "lat": -33.7416083, "lng": 151.2207477 }, "geometry": { "type": "Point", "coordinates": [ 151.2207477, -33.7416083 ] } },
{ "type": "Feature", "properties": { "name": "Choice Pre School Kindergarten", "lat": -33.8412353, "lng": 151.0392833 }, "geometry": { "type": "Point", "coordinates": [ 151.0392833, -33.8412353 ] } },
{ "type": "Feature", "properties": { "name": "Vital Start Early Learning", "lat": -33.8079884, "lng": 151.0166853 }, "geometry": { "type": "Point", "coordinates": [ 151.0166853, -33.8079884 ] } },
{ "type": "Feature", "properties": { "name": "Mini Masterminds North Parramatta", "lat": -33.8004656, "lng": 151.0141386 }, "geometry": { "type": "Point", "coordinates": [ 151.0141386, -33.8004656 ] } },
{ "type": "Feature", "properties": { "name": "Norwood Community Preschool", "lat": -33.6894918, "lng": 151.1164495 }, "geometry": { "type": "Point", "coordinates": [ 151.1164495, -33.6894918 ] } },
{ "type": "Feature", "properties": { "name": "Camp Australia Auburn North Public School OSHC", "lat": -33.8412234, "lng": 151.0381169 }, "geometry": { "type": "Point", "coordinates": [ 151.0381169, -33.8412234 ] } },
{ "type": "Feature", "properties": { "name": "Parramatta East Pre School", "lat": -33.8083182, "lng": 151.0157726 }, "geometry": { "type": "Point", "coordinates": [ 151.0157726, -33.8083182 ] } },
{ "type": "Feature", "properties": { "name": "Little Zak's Academy Auburn", "lat": -33.8427026, "lng": 151.0390163 }, "geometry": { "type": "Point", "coordinates": [ 151.0390163, -33.8427026 ] } },
{ "type": "Feature", "properties": { "name": "Banana Early Learning Centre", "lat": -33.8437159, "lng": 151.0396986 }, "geometry": { "type": "Point", "coordinates": [ 151.0396986, -33.8437159 ] } },
{ "type": "Feature", "properties": { "name": "Angel Cottage Childcare Centre", "lat": -33.8117398, "lng": 151.0160486 }, "geometry": { "type": "Point", "coordinates": [ 151.0160486, -33.8117398 ] } },
{ "type": "Feature", "properties": { "name": "Thrive Early Learning Centre Rosehill", "lat": -33.8193585, "lng": 151.0195959 }, "geometry": { "type": "Point", "coordinates": [ 151.0195959, -33.8193585 ] } },
{ "type": "Feature", "properties": { "name": "Angels Childcare Centre", "lat": -33.8114985, "lng": 151.0157302 }, "geometry": { "type": "Point", "coordinates": [ 151.0157302, -33.8114985 ] } },
{ "type": "Feature", "properties": { "name": "Angel Babies Child Care Centre", "lat": -33.8117831, "lng": 151.0155938 }, "geometry": { "type": "Point", "coordinates": [ 151.0155938, -33.8117831 ] } },
{ "type": "Feature", "properties": { "name": "Asquith St Patricks OSHC", "lat": -33.6877279, "lng": 151.1096009 }, "geometry": { "type": "Point", "coordinates": [ 151.1096009, -33.6877279 ] } },
{ "type": "Feature", "properties": { "name": "Big Bear Academy North Rocks", "lat": -33.7857975, "lng": 151.0089316 }, "geometry": { "type": "Point", "coordinates": [ 151.0089316, -33.7857975 ] } },
{ "type": "Feature", "properties": { "name": "FUTURE SCHOLARS EARLY LEARNING", "lat": -33.8121227, "lng": 151.0150481 }, "geometry": { "type": "Point", "coordinates": [ 151.0150481, -33.8121227 ] } },
{ "type": "Feature", "properties": { "name": "Heritage House Auburn Childcare & Early Learning Centre", "lat": -33.8432952, "lng": 151.0366512 }, "geometry": { "type": "Point", "coordinates": [ 151.0366512, -33.8432952 ] } },
{ "type": "Feature", "properties": { "name": "ASPIRE OSHC Belrose", "lat": -33.7276025, "lng": 151.2153955 }, "geometry": { "type": "Point", "coordinates": [ 151.2153955, -33.7276025 ] } },
{ "type": "Feature", "properties": { "name": "Lidcombe Pre School-Kindergarten", "lat": -33.8531278, "lng": 151.0483863 }, "geometry": { "type": "Point", "coordinates": [ 151.0483863, -33.8531278 ] } },
{ "type": "Feature", "properties": { "name": "Belonging Early Learning Asquith", "lat": -33.6865256, "lng": 151.1124763 }, "geometry": { "type": "Point", "coordinates": [ 151.1124763, -33.6865256 ] } },
{ "type": "Feature", "properties": { "name": "Fun2Learn Early Learning Centre", "lat": -33.825263, "lng": 151.0202172 }, "geometry": { "type": "Point", "coordinates": [ 151.0202172, -33.825263 ] } },
{ "type": "Feature", "properties": { "name": "Asquith Community After School Care Centre Inc", "lat": -33.6861072, "lng": 151.1123403 }, "geometry": { "type": "Point", "coordinates": [ 151.1123403, -33.6861072 ] } },
{ "type": "Feature", "properties": { "name": "Integricare Early Learning Centre Parramatta", "lat": -33.808238, "lng": 151.0119135 }, "geometry": { "type": "Point", "coordinates": [ 151.0119135, -33.808238 ] } },
{ "type": "Feature", "properties": { "name": "Angels Childcare Early Learning Centre", "lat": -33.823474, "lng": 151.0188227 }, "geometry": { "type": "Point", "coordinates": [ 151.0188227, -33.823474 ] } },
{ "type": "Feature", "properties": { "name": "Hornsby Heights Pre-School Kindergarten", "lat": -33.6877945, "lng": 151.0974214 }, "geometry": { "type": "Point", "coordinates": [ 151.0974214, -33.6877945 ] } },
{ "type": "Feature", "properties": { "name": "Camp Australia Rosehill Public School OSHC", "lat": -33.8239101, "lng": 151.018914 }, "geometry": { "type": "Point", "coordinates": [ 151.018914, -33.8239101 ] } },
{ "type": "Feature", "properties": { "name": "Rainbow Village Child Care Centre", "lat": -33.8227825, "lng": 151.0169809 }, "geometry": { "type": "Point", "coordinates": [ 151.0169809, -33.8227825 ] } },
{ "type": "Feature", "properties": { "name": "Camp Australia - John Colet School OSHC", "lat": -33.7227641, "lng": 151.2147602 }, "geometry": { "type": "Point", "coordinates": [ 151.2147602, -33.7227641 ] } },
{ "type": "Feature", "properties": { "name": "Rosehill Public School Preschool", "lat": -33.8235526, "lng": 151.0172354 }, "geometry": { "type": "Point", "coordinates": [ 151.0172354, -33.8235526 ] } },
{ "type": "Feature", "properties": { "name": "Inspire & Innovate Family Day Care Scheme", "lat": -33.7104098, "lng": 151.04233 }, "geometry": { "type": "Point", "coordinates": [ 151.04233, -33.7104098 ] } },
{ "type": "Feature", "properties": { "name": "Rosehill Montessori Kindergarten", "lat": -33.8227271, "lng": 151.0166366 }, "geometry": { "type": "Point", "coordinates": [ 151.0166366, -33.8227271 ] } },
{ "type": "Feature", "properties": { "name": "Belrose Kindergarten", "lat": -33.7286241, "lng": 151.2201936 }, "geometry": { "type": "Point", "coordinates": [ 151.2201936, -33.7286241 ] } },
{ "type": "Feature", "properties": { "name": "Young Academics Early Learning Centre Harris park", "lat": -33.8209304, "lng": 151.0152073 }, "geometry": { "type": "Point", "coordinates": [ 151.0152073, -33.8209304 ] } },
{ "type": "Feature", "properties": { "name": "Only About Children North Parramatta", "lat": -33.8025265, "lng": 151.007681 }, "geometry": { "type": "Point", "coordinates": [ 151.007681, -33.8025265 ] } },
{ "type": "Feature", "properties": { "name": "Milestones After School", "lat": -33.8214925, "lng": 151.0149323 }, "geometry": { "type": "Point", "coordinates": [ 151.0149323, -33.8214925 ] } },
{ "type": "Feature", "properties": { "name": "Kinderoo Early Learning Centre", "lat": -33.8263029, "lng": 151.0175493 }, "geometry": { "type": "Point", "coordinates": [ 151.0175493, -33.8263029 ] } },
{ "type": "Feature", "properties": { "name": "Reggio Emilia Early Learning Centre North Parramatta", "lat": -33.7940873, "lng": 151.0050662 }, "geometry": { "type": "Point", "coordinates": [ 151.0050662, -33.7940873 ] } },
{ "type": "Feature", "properties": { "name": "MindChamps Early Learning @ Frenchs Forest", "lat": -33.7539362, "lng": 151.2355171 }, "geometry": { "type": "Point", "coordinates": [ 151.2355171, -33.7539362 ] } },
{ "type": "Feature", "properties": { "name": "Parramatta Preschool & Long Day Care", "lat": -33.7942878, "lng": 151.0046797 }, "geometry": { "type": "Point", "coordinates": [ 151.0046797, -33.7942878 ] } },
{ "type": "Feature", "properties": { "name": "Little Lion Parramatta", "lat": -33.8146559, "lng": 151.0102379 }, "geometry": { "type": "Point", "coordinates": [ 151.0102379, -33.8146559 ] } },
{ "type": "Feature", "properties": { "name": "Parramatta Montessori Academy", "lat": -33.7966072, "lng": 151.0046115 }, "geometry": { "type": "Point", "coordinates": [ 151.0046115, -33.7966072 ] } },
{ "type": "Feature", "properties": { "name": "Angsana Early Learning Centre", "lat": -33.7900235, "lng": 151.0033155 }, "geometry": { "type": "Point", "coordinates": [ 151.0033155, -33.7900235 ] } },
{ "type": "Feature", "properties": { "name": "Auburn Long Day Child Care Centre", "lat": -33.84839, "lng": 151.0343319 }, "geometry": { "type": "Point", "coordinates": [ 151.0343319, -33.84839 ] } },
{ "type": "Feature", "properties": { "name": "Swan Academy Auburn", "lat": -33.8491827, "lng": 151.034972 }, "geometry": { "type": "Point", "coordinates": [ 151.034972, -33.8491827 ] } },
{ "type": "Feature", "properties": { "name": "KU - Bligh Park Preschool", "lat": -33.7836601, "lng": 151.2416884 }, "geometry": { "type": "Point", "coordinates": [ 151.2416884, -33.7836601 ] } },
{ "type": "Feature", "properties": { "name": "First Grammar Baulkham Hills", "lat": -33.7591106, "lng": 151.0051572 }, "geometry": { "type": "Point", "coordinates": [ 151.0051572, -33.7591106 ] } },
{ "type": "Feature", "properties": { "name": "Appletree Preschool", "lat": -33.7215127, "lng": 151.0259344 }, "geometry": { "type": "Point", "coordinates": [ 151.0259344, -33.7215127 ] } },
{ "type": "Feature", "properties": { "name": "Uniting Forest Preschool Belrose", "lat": -33.7227121, "lng": 151.2190428 }, "geometry": { "type": "Point", "coordinates": [ 151.2190428, -33.7227121 ] } },
{ "type": "Feature", "properties": { "name": "Hornsby North Community Care Association", "lat": -33.6833506, "lng": 151.0982756 }, "geometry": { "type": "Point", "coordinates": [ 151.0982756, -33.6833506 ] } },
{ "type": "Feature", "properties": { "name": "Entrada Montessori Academy", "lat": -33.8086, "lng": 151.006319 }, "geometry": { "type": "Point", "coordinates": [ 151.006319, -33.8086 ] } },
{ "type": "Feature", "properties": { "name": "Only About Children Seaforth", "lat": -33.7920816, "lng": 151.241529 }, "geometry": { "type": "Point", "coordinates": [ 151.241529, -33.7920816 ] } },
{ "type": "Feature", "properties": { "name": "Uniting Outside School Hours Care North Parramatta", "lat": -33.8039134, "lng": 151.0046194 }, "geometry": { "type": "Point", "coordinates": [ 151.0046194, -33.8039134 ] } },
{ "type": "Feature", "properties": { "name": "Orange Blossom Early Learning Centre", "lat": -33.6830381, "lng": 151.0966099 }, "geometry": { "type": "Point", "coordinates": [ 151.0966099, -33.6830381 ] } },
{ "type": "Feature", "properties": { "name": "Kids Early Education Pre-school / LDC", "lat": -33.8508676, "lng": 151.0348773 }, "geometry": { "type": "Point", "coordinates": [ 151.0348773, -33.8508676 ] } },
{ "type": "Feature", "properties": { "name": "Lidcombe OSHC", "lat": -33.8606905, "lng": 151.047625 }, "geometry": { "type": "Point", "coordinates": [ 151.047625, -33.8606905 ] } },
{ "type": "Feature", "properties": { "name": "Jacaranda Creative Play Centre", "lat": -33.7897156, "lng": 151.2426904 }, "geometry": { "type": "Point", "coordinates": [ 151.2426904, -33.7897156 ] } },
{ "type": "Feature", "properties": { "name": "Ambrose School Age Care, St Patrick's Parramatta", "lat": -33.8064796, "lng": 151.0045062 }, "geometry": { "type": "Point", "coordinates": [ 151.0045062, -33.8064796 ] } },
{ "type": "Feature", "properties": { "name": "Genius Childcare - Castle Hill - Walsh Avenue", "lat": -33.7415172, "lng": 151.0104322 }, "geometry": { "type": "Point", "coordinates": [ 151.0104322, -33.7415172 ] } },
{ "type": "Feature", "properties": { "name": "Fern Gully Child Care Centre", "lat": -33.7528348, "lng": 151.0054388 }, "geometry": { "type": "Point", "coordinates": [ 151.0054388, -33.7528348 ] } },
{ "type": "Feature", "properties": { "name": "Parramatta Public School TheirCare", "lat": -33.8156356, "lng": 151.0077444 }, "geometry": { "type": "Point", "coordinates": [ 151.0077444, -33.8156356 ] } },
{ "type": "Feature", "properties": { "name": "Ambrose School Age Care, St Monica's, North Parramatta", "lat": -33.7931087, "lng": 151.0012464 }, "geometry": { "type": "Point", "coordinates": [ 151.0012464, -33.7931087 ] } },
{ "type": "Feature", "properties": { "name": "Kindalin Early Childhood Learning Centre - Frenchs Forest", "lat": -33.755414, "lng": 151.2395567 }, "geometry": { "type": "Point", "coordinates": [ 151.2395567, -33.755414 ] } },
{ "type": "Feature", "properties": { "name": "Pre-Kinder academy", "lat": -33.8199908, "lng": 151.0095909 }, "geometry": { "type": "Point", "coordinates": [ 151.0095909, -33.8199908 ] } },
{ "type": "Feature", "properties": { "name": "Reggio Emilia Early Learning Centre Parramatta CBD", "lat": -33.8140037, "lng": 151.0068241 }, "geometry": { "type": "Point", "coordinates": [ 151.0068241, -33.8140037 ] } },
{ "type": "Feature", "properties": { "name": "YMCA Oakhill Drive OSHC", "lat": -33.721815, "lng": 151.0232229 }, "geometry": { "type": "Point", "coordinates": [ 151.0232229, -33.721815 ] } },
{ "type": "Feature", "properties": { "name": "Carabella Early Learning Centre", "lat": -33.7719881, "lng": 151.0005189 }, "geometry": { "type": "Point", "coordinates": [ 151.0005189, -33.7719881 ] } },
{ "type": "Feature", "properties": { "name": "Baulkham Hills Family Day Care", "lat": -33.8082524, "lng": 151.0043613 }, "geometry": { "type": "Point", "coordinates": [ 151.0043613, -33.8082524 ] } },
{ "type": "Feature", "properties": { "name": "St John's Preschool & Long Day Care Auburn", "lat": -33.8482565, "lng": 151.0300272 }, "geometry": { "type": "Point", "coordinates": [ 151.0300272, -33.8482565 ] } },
{ "type": "Feature", "properties": { "name": "Esteem Kids St John's Auburn", "lat": -33.8482565, "lng": 151.0300272 }, "geometry": { "type": "Point", "coordinates": [ 151.0300272, -33.8482565 ] } },
{ "type": "Feature", "properties": { "name": "Mosman Early Learning Centre", "lat": -33.8118581, "lng": 151.2385988 }, "geometry": { "type": "Point", "coordinates": [ 151.2385988, -33.8118581 ] } },
{ "type": "Feature", "properties": { "name": "Barnardos Long Day Care Centre", "lat": -33.852751, "lng": 151.0348386 }, "geometry": { "type": "Point", "coordinates": [ 151.0348386, -33.852751 ] } },
{ "type": "Feature", "properties": { "name": "Alfred Street Early Education Centre", "lat": -33.8305808, "lng": 151.0147494 }, "geometry": { "type": "Point", "coordinates": [ 151.0147494, -33.8305808 ] } },
{ "type": "Feature", "properties": { "name": "ladybugoosh", "lat": -33.8525505, "lng": 151.0343543 }, "geometry": { "type": "Point", "coordinates": [ 151.0343543, -33.8525505 ] } },
{ "type": "Feature", "properties": { "name": "MindChamps Early Learning @ Parramatta", "lat": -33.8113368, "lng": 151.004772 }, "geometry": { "type": "Point", "coordinates": [ 151.004772, -33.8113368 ] } },
{ "type": "Feature", "properties": { "name": "Little Amigos Childcare", "lat": -33.7652188, "lng": 151.0006098 }, "geometry": { "type": "Point", "coordinates": [ 151.0006098, -33.7652188 ] } },
{ "type": "Feature", "properties": { "name": "Twinklestar Childcare Granville", "lat": -33.8286497, "lng": 151.0130699 }, "geometry": { "type": "Point", "coordinates": [ 151.0130699, -33.8286497 ] } },
{ "type": "Feature", "properties": { "name": "Covenant Christian School OSHC - Extend", "lat": -33.7141672, "lng": 151.21495 }, "geometry": { "type": "Point", "coordinates": [ 151.21495, -33.7141672 ] } },
{ "type": "Feature", "properties": { "name": "Fantastic Kids Family Day Care", "lat": -33.8519929, "lng": 151.0329999 }, "geometry": { "type": "Point", "coordinates": [ 151.0329999, -33.8519929 ] } },
{ "type": "Feature", "properties": { "name": "Kiddie Garden Daycare & Pre-school", "lat": -33.8066306, "lng": 151.0024969 }, "geometry": { "type": "Point", "coordinates": [ 151.0024969, -33.8066306 ] } },
{ "type": "Feature", "properties": { "name": "Jubilee Park Child Care Centre", "lat": -33.8224148, "lng": 151.0089654 }, "geometry": { "type": "Point", "coordinates": [ 151.0089654, -33.8224148 ] } },
{ "type": "Feature", "properties": { "name": "The Mount Colah Alphabet Academy", "lat": -33.6786359, "lng": 151.1167226 }, "geometry": { "type": "Point", "coordinates": [ 151.1167226, -33.6786359 ] } },
{ "type": "Feature", "properties": { "name": "HazelGrove Early Education Centre", "lat": -33.7648252, "lng": 151.0000869 }, "geometry": { "type": "Point", "coordinates": [ 151.0000869, -33.7648252 ] } },
{ "type": "Feature", "properties": { "name": "Castle Hill Pre-School Kindergarten", "lat": -33.7384611, "lng": 151.0094467 }, "geometry": { "type": "Point", "coordinates": [ 151.0094467, -33.7384611 ] } },
{ "type": "Feature", "properties": { "name": "Alphabet Cottage", "lat": -33.733496, "lng": 151.012229 }, "geometry": { "type": "Point", "coordinates": [ 151.012229, -33.733496 ] } },
{ "type": "Feature", "properties": { "name": "Funtastic Gems Pty Ltd", "lat": -33.8629111, "lng": 151.0462688 }, "geometry": { "type": "Point", "coordinates": [ 151.0462688, -33.8629111 ] } },
{ "type": "Feature", "properties": { "name": "Reggio Emilia Early Learning Centre Parramatta Station", "lat": -33.8206, "lng": 151.007 }, "geometry": { "type": "Point", "coordinates": [ 151.007, -33.8206 ] } },
{ "type": "Feature", "properties": { "name": "Northmead Early Education Centre", "lat": -33.779233, "lng": 150.9976247 }, "geometry": { "type": "Point", "coordinates": [ 150.9976247, -33.779233 ] } },
{ "type": "Feature", "properties": { "name": "My Story- Experiential Early Learning Belrose", "lat": -33.7128909, "lng": 151.2152216 }, "geometry": { "type": "Point", "coordinates": [ 151.2152216, -33.7128909 ] } },
{ "type": "Feature", "properties": { "name": "The After School Klub Bayanami", "lat": -33.8095745, "lng": 151.0023979 }, "geometry": { "type": "Point", "coordinates": [ 151.0023979, -33.8095745 ] } },
{ "type": "Feature", "properties": { "name": "Ambrose School Age Care, St Oliver's, Harris Park", "lat": -33.8245056, "lng": 151.0090106 }, "geometry": { "type": "Point", "coordinates": [ 151.0090106, -33.8245056 ] } },
{ "type": "Feature", "properties": { "name": "Just Kids Family Day Care Scheme", "lat": -33.851482, "lng": 151.0305265 }, "geometry": { "type": "Point", "coordinates": [ 151.0305265, -33.851482 ] } },
{ "type": "Feature", "properties": { "name": "Balgowlah North BASC", "lat": -33.7828012, "lng": 151.2465241 }, "geometry": { "type": "Point", "coordinates": [ 151.2465241, -33.7828012 ] } },
{ "type": "Feature", "properties": { "name": "Seaforth Out of School Hours Care", "lat": -33.7901912, "lng": 151.2461615 }, "geometry": { "type": "Point", "coordinates": [ 151.2461615, -33.7901912 ] } },
{ "type": "Feature", "properties": { "name": "Ambrose School Age Care, Our Lady of Lourdes, Baulkham Hills", "lat": -33.7665778, "lng": 150.9982705 }, "geometry": { "type": "Point", "coordinates": [ 150.9982705, -33.7665778 ] } },
{ "type": "Feature", "properties": { "name": "Fun Kids Auburn", "lat": -33.8539447, "lng": 151.032626 }, "geometry": { "type": "Point", "coordinates": [ 151.032626, -33.8539447 ] } },
{ "type": "Feature", "properties": { "name": "Little Friends Early Learning Granville", "lat": -33.8326228, "lng": 151.0132631 }, "geometry": { "type": "Point", "coordinates": [ 151.0132631, -33.8326228 ] } },
{ "type": "Feature", "properties": { "name": "Ambrose School Age Care, St Bernadette's, Castle Hill", "lat": -33.7319647, "lng": 151.0117588 }, "geometry": { "type": "Point", "coordinates": [ 151.0117588, -33.7319647 ] } },
{ "type": "Feature", "properties": { "name": "The Farmhouse Montessori School", "lat": -33.7837516, "lng": 151.2471764 }, "geometry": { "type": "Point", "coordinates": [ 151.2471764, -33.7837516 ] } },
{ "type": "Feature", "properties": { "name": "Integricare Preschool Auburn", "lat": -33.8527059, "lng": 151.0308294 }, "geometry": { "type": "Point", "coordinates": [ 151.0308294, -33.8527059 ] } },
{ "type": "Feature", "properties": { "name": "Beauty Point OOSH Care Inc", "lat": -33.8118104, "lng": 151.2423933 }, "geometry": { "type": "Point", "coordinates": [ 151.2423933, -33.8118104 ] } },
{ "type": "Feature", "properties": { "name": "Little Bees Childcare", "lat": -33.818563, "lng": 151.0041269 }, "geometry": { "type": "Point", "coordinates": [ 151.0041269, -33.818563 ] } },
{ "type": "Feature", "properties": { "name": "KU - Grevillea Pre-school", "lat": -33.6781485, "lng": 151.0985437 }, "geometry": { "type": "Point", "coordinates": [ 151.0985437, -33.6781485 ] } },
{ "type": "Feature", "properties": { "name": "The Seaforth Kindergarten", "lat": -33.7973067, "lng": 151.2468781 }, "geometry": { "type": "Point", "coordinates": [ 151.2468781, -33.7973067 ] } },
{ "type": "Feature", "properties": { "name": "Milestones Early Learning Baulkham Hills", "lat": -33.7629651, "lng": 150.9974267 }, "geometry": { "type": "Point", "coordinates": [ 150.9974267, -33.7629651 ] } },
{ "type": "Feature", "properties": { "name": "LITTLE ZAKS ACADEMY MT COLAH", "lat": -33.6761725, "lng": 151.1134916 }, "geometry": { "type": "Point", "coordinates": [ 151.1134916, -33.6761725 ] } },
{ "type": "Feature", "properties": { "name": "Ana Kindergarten", "lat": -33.8564507, "lng": 151.0334084 }, "geometry": { "type": "Point", "coordinates": [ 151.0334084, -33.8564507 ] } },
{ "type": "Feature", "properties": { "name": "FRENCHS FOREST EARLY LEARNING CENTRE", "lat": -33.7517171, "lng": 151.2435765 }, "geometry": { "type": "Point", "coordinates": [ 151.2435765, -33.7517171 ] } },
{ "type": "Feature", "properties": { "name": "Dashing Ducks", "lat": -33.7300719, "lng": 151.0111775 }, "geometry": { "type": "Point", "coordinates": [ 151.0111775, -33.7300719 ] } },
{ "type": "Feature", "properties": { "name": "Seaforth Child Care Centre", "lat": -33.7916077, "lng": 151.2481784 }, "geometry": { "type": "Point", "coordinates": [ 151.2481784, -33.7916077 ] } },
{ "type": "Feature", "properties": { "name": "Peacock Street Long Day Care", "lat": -33.7952485, "lng": 151.2476436 }, "geometry": { "type": "Point", "coordinates": [ 151.2476436, -33.7952485 ] } },
{ "type": "Feature", "properties": { "name": "Baulkham Hills North OSHC Centre", "lat": -33.7519463, "lng": 151.0000414 }, "geometry": { "type": "Point", "coordinates": [ 151.0000414, -33.7519463 ] } },
{ "type": "Feature", "properties": { "name": "Parramatta Preparatory School Early Learning Centre", "lat": -33.8180945, "lng": 151.002998 }, "geometry": { "type": "Point", "coordinates": [ 151.002998, -33.8180945 ] } },
{ "type": "Feature", "properties": { "name": "Baulkham Hills PreSchool Kindergarten", "lat": -33.7661366, "lng": 150.9960396 }, "geometry": { "type": "Point", "coordinates": [ 150.9960396, -33.7661366 ] } },
{ "type": "Feature", "properties": { "name": "Kids Early Education Pre-school / LDC", "lat": -33.8533322, "lng": 151.0289874 }, "geometry": { "type": "Point", "coordinates": [ 151.0289874, -33.8533322 ] } },
{ "type": "Feature", "properties": { "name": "Harbour View Children's Centre", "lat": -33.7973694, "lng": 151.2480517 }, "geometry": { "type": "Point", "coordinates": [ 151.2480517, -33.7973694 ] } },
{ "type": "Feature", "properties": { "name": "Allambie Heights Children's Centre OSHC", "lat": -33.7668601, "lng": 151.2486566 }, "geometry": { "type": "Point", "coordinates": [ 151.2486566, -33.7668601 ] } },
{ "type": "Feature", "properties": { "name": "Allambie Bush Kindy", "lat": -33.7668601, "lng": 151.2486566 }, "geometry": { "type": "Point", "coordinates": [ 151.2486566, -33.7668601 ] } },
{ "type": "Feature", "properties": { "name": "Kids at Weldon", "lat": -33.7516926, "lng": 150.9989728 }, "geometry": { "type": "Point", "coordinates": [ 150.9989728, -33.7516926 ] } },
{ "type": "Feature", "properties": { "name": "Excelsior Ave Child Care Centre", "lat": -33.7447514, "lng": 151.0015193 }, "geometry": { "type": "Point", "coordinates": [ 151.0015193, -33.7447514 ] } },
{ "type": "Feature", "properties": { "name": "Hills Adventist College Early Learning Centre", "lat": -33.7354886, "lng": 151.0056997 }, "geometry": { "type": "Point", "coordinates": [ 151.0056997, -33.7354886 ] } },
{ "type": "Feature", "properties": { "name": "Young Ummah Academy", "lat": -33.849555, "lng": 151.0223473 }, "geometry": { "type": "Point", "coordinates": [ 151.0223473, -33.849555 ] } },
{ "type": "Feature", "properties": { "name": "Northmead Child Care & Early Learning Centre", "lat": -33.7892229, "lng": 150.9929125 }, "geometry": { "type": "Point", "coordinates": [ 150.9929125, -33.7892229 ] } },
{ "type": "Feature", "properties": { "name": "Kidopia", "lat": -33.6739765, "lng": 151.1116259 }, "geometry": { "type": "Point", "coordinates": [ 151.1116259, -33.6739765 ] } },
{ "type": "Feature", "properties": { "name": "Only About Children Castle HIll", "lat": -33.7155975, "lng": 151.0194367 }, "geometry": { "type": "Point", "coordinates": [ 151.0194367, -33.7155975 ] } },
{ "type": "Feature", "properties": { "name": "Young Ummah Academy", "lat": -33.8505707, "lng": 151.0229613 }, "geometry": { "type": "Point", "coordinates": [ 151.0229613, -33.8505707 ] } },
{ "type": "Feature", "properties": { "name": "Explore and Develop Frenchs Forest", "lat": -33.7558384, "lng": 151.2480418 }, "geometry": { "type": "Point", "coordinates": [ 151.2480418, -33.7558384 ] } },
{ "type": "Feature", "properties": { "name": "The Cottage on Kerrs", "lat": -33.8662694, "lng": 151.0420865 }, "geometry": { "type": "Point", "coordinates": [ 151.0420865, -33.8662694 ] } },
{ "type": "Feature", "properties": { "name": "Children's Village Northmead", "lat": -33.7947121, "lng": 150.9930843 }, "geometry": { "type": "Point", "coordinates": [ 150.9930843, -33.7947121 ] } },
{ "type": "Feature", "properties": { "name": "The Mount Colah Pre-school Kindergarten", "lat": -33.673441, "lng": 151.1118182 }, "geometry": { "type": "Point", "coordinates": [ 151.1118182, -33.673441 ] } },
{ "type": "Feature", "properties": { "name": "Sustainable OSHC - Seaforth", "lat": -33.7938273, "lng": 151.2510429 }, "geometry": { "type": "Point", "coordinates": [ 151.2510429, -33.7938273 ] } },
{ "type": "Feature", "properties": { "name": "Peek-A-Boo Cottage", "lat": -33.7989892, "lng": 151.2503873 }, "geometry": { "type": "Point", "coordinates": [ 151.2503873, -33.7989892 ] } },
{ "type": "Feature", "properties": { "name": "Northmead Pre-School Kindergarten Pty Ltd", "lat": -33.7859148, "lng": 150.9918793 }, "geometry": { "type": "Point", "coordinates": [ 150.9918793, -33.7859148 ] } },
{ "type": "Feature", "properties": { "name": "Diamond Kidzz Family Day Care Pty Limited", "lat": -33.8537819, "lng": 151.0250534 }, "geometry": { "type": "Point", "coordinates": [ 151.0250534, -33.8537819 ] } },
{ "type": "Feature", "properties": { "name": "Vacation Care at the Childrens Hospital at Westmead", "lat": -33.8031409, "lng": 150.9938383 }, "geometry": { "type": "Point", "coordinates": [ 150.9938383, -33.8031409 ] } },
{ "type": "Feature", "properties": { "name": "Integricare Early Learning Centre Northmead", "lat": -33.7884348, "lng": 150.9914246 }, "geometry": { "type": "Point", "coordinates": [ 150.9914246, -33.7884348 ] } },
{ "type": "Feature", "properties": { "name": "Aurora Early Learning Centre", "lat": -33.7544222, "lng": 151.2487705 }, "geometry": { "type": "Point", "coordinates": [ 151.2487705, -33.7544222 ] } },
{ "type": "Feature", "properties": { "name": "Mount Colah After School Care Association Inc.", "lat": -33.6724295, "lng": 151.1157368 }, "geometry": { "type": "Point", "coordinates": [ 151.1157368, -33.6724295 ] } },
{ "type": "Feature", "properties": { "name": "Northmead Before and After School Care Incorporated", "lat": -33.7860579, "lng": 150.991021 }, "geometry": { "type": "Point", "coordinates": [ 150.991021, -33.7860579 ] } },
{ "type": "Feature", "properties": { "name": "Just For Kids Preschool Early Learning Pty Ltd", "lat": -33.8399046, "lng": 151.01141 }, "geometry": { "type": "Point", "coordinates": [ 151.01141, -33.8399046 ] } },
{ "type": "Feature", "properties": { "name": "South Parramatta - Granville Preschool", "lat": -33.8311653, "lng": 151.0050435 }, "geometry": { "type": "Point", "coordinates": [ 151.0050435, -33.8311653 ] } },
{ "type": "Feature", "properties": { "name": "Pacific Hills Christian School A.S.C.", "lat": -33.6968023, "lng": 151.0380183 }, "geometry": { "type": "Point", "coordinates": [ 151.0380183, -33.6968023 ] } },
{ "type": "Feature", "properties": { "name": "OXFORD FALLS EARLY LEARNING CENTRE", "lat": -33.732907, "lng": 151.2401627 }, "geometry": { "type": "Point", "coordinates": [ 151.2401627, -33.732907 ] } },
{ "type": "Feature", "properties": { "name": "Prepare Early Education Centre Baulkham Hills", "lat": -33.7656721, "lng": 150.9915383 }, "geometry": { "type": "Point", "coordinates": [ 150.9915383, -33.7656721 ] } },
{ "type": "Feature", "properties": { "name": "Palm Child Care Centre", "lat": -33.8342985, "lng": 151.0063622 }, "geometry": { "type": "Point", "coordinates": [ 151.0063622, -33.8342985 ] } },
{ "type": "Feature", "properties": { "name": "Castle Hill Montessori Academy", "lat": -33.7364456, "lng": 151.0013146 }, "geometry": { "type": "Point", "coordinates": [ 151.0013146, -33.7364456 ] } },
{ "type": "Feature", "properties": { "name": "The Childrens Hospital at Westmead Child Care Centre", "lat": -33.8015133, "lng": 150.992002 }, "geometry": { "type": "Point", "coordinates": [ 150.992002, -33.8015133 ] } },
{ "type": "Feature", "properties": { "name": "Keen Kiddies Early Learning Centre", "lat": -33.7433404, "lng": 150.9978815 }, "geometry": { "type": "Point", "coordinates": [ 150.9978815, -33.7433404 ] } },
{ "type": "Feature", "properties": { "name": "Frances Fisk Child Care Centre", "lat": -33.8344632, "lng": 151.0062258 }, "geometry": { "type": "Point", "coordinates": [ 151.0062258, -33.8344632 ] } },
{ "type": "Feature", "properties": { "name": "Kidz Place Early Learning Centre", "lat": -33.7506941, "lng": 150.9948008 }, "geometry": { "type": "Point", "coordinates": [ 150.9948008, -33.7506941 ] } },
{ "type": "Feature", "properties": { "name": "Granville Public School Preschool", "lat": -33.8337521, "lng": 151.0056149 }, "geometry": { "type": "Point", "coordinates": [ 151.0056149, -33.8337521 ] } },
{ "type": "Feature", "properties": { "name": "Northside PreSchool", "lat": -33.7973387, "lng": 151.253029 }, "geometry": { "type": "Point", "coordinates": [ 151.253029, -33.7973387 ] } },
{ "type": "Feature", "properties": { "name": "Papilio Early Learning Castle Hill", "lat": -33.7389635, "lng": 150.9995185 }, "geometry": { "type": "Point", "coordinates": [ 150.9995185, -33.7389635 ] } },
{ "type": "Feature", "properties": { "name": "Explore & Develop Baulkham Hills", "lat": -33.7546211, "lng": 150.9932434 }, "geometry": { "type": "Point", "coordinates": [ 150.9932434, -33.7546211 ] } },
{ "type": "Feature", "properties": { "name": "Learning Blocks", "lat": -33.7038157, "lng": 151.0274562 }, "geometry": { "type": "Point", "coordinates": [ 151.0274562, -33.7038157 ] } },
{ "type": "Feature", "properties": { "name": "Kids Of The Castle Occasional Care Centre", "lat": -33.72861284, "lng": 151.0050034 }, "geometry": { "type": "Point", "coordinates": [ 151.0050034, -33.72861284 ] } },
{ "type": "Feature", "properties": { "name": "Uniting Early Learning Westmead", "lat": -33.8057507, "lng": 150.9920327 }, "geometry": { "type": "Point", "coordinates": [ 150.9920327, -33.8057507 ] } },
{ "type": "Feature", "properties": { "name": "Hills Daycare and Learning Centre", "lat": -33.7835553, "lng": 150.9886737 }, "geometry": { "type": "Point", "coordinates": [ 150.9886737, -33.7835553 ] } },
{ "type": "Feature", "properties": { "name": "Tiny Feet Pre-school/Long Day Care", "lat": -33.8671243, "lng": 151.0376291 }, "geometry": { "type": "Point", "coordinates": [ 151.0376291, -33.8671243 ] } },
{ "type": "Feature", "properties": { "name": "Early Education Family Day Care Scheme", "lat": -33.843034, "lng": 151.0110007 }, "geometry": { "type": "Point", "coordinates": [ 151.0110007, -33.843034 ] } },
{ "type": "Feature", "properties": { "name": "Baulkham Hills Early Learning Centre", "lat": -33.7530527, "lng": 150.9927994 }, "geometry": { "type": "Point", "coordinates": [ 150.9927994, -33.7530527 ] } },
{ "type": "Feature", "properties": { "name": "Granville OSHClub", "lat": -33.8349148, "lng": 151.0049816 }, "geometry": { "type": "Point", "coordinates": [ 151.0049816, -33.8349148 ] } },
{ "type": "Feature", "properties": { "name": "Castle Hill Funhouse", "lat": -33.7278736, "lng": 151.0046479 }, "geometry": { "type": "Point", "coordinates": [ 151.0046479, -33.7278736 ] } },
{ "type": "Feature", "properties": { "name": "My Story - Experiential Early Learning", "lat": -33.6987223, "lng": 151.0322621 }, "geometry": { "type": "Point", "coordinates": [ 151.0322621, -33.6987223 ] } },
{ "type": "Feature", "properties": { "name": "Hilltop Childcare Centre -  Lidcombe", "lat": -33.8687284, "lng": 151.0393058 }, "geometry": { "type": "Point", "coordinates": [ 151.0393058, -33.8687284 ] } },
{ "type": "Feature", "properties": { "name": "UnitingCare St Matthews Preschool", "lat": -33.7643293, "lng": 150.9894359 }, "geometry": { "type": "Point", "coordinates": [ 150.9894359, -33.7643293 ] } },
{ "type": "Feature", "properties": { "name": "Terrey Hills Early Learning Centre", "lat": -33.6994603, "lng": 151.2132494 }, "geometry": { "type": "Point", "coordinates": [ 151.2132494, -33.6994603 ] } },
{ "type": "Feature", "properties": { "name": "Heritage House Baulkham Hills Childcare & Early Learning Centre", "lat": -33.747412, "lng": 150.9940391 }, "geometry": { "type": "Point", "coordinates": [ 150.9940391, -33.747412 ] } },
{ "type": "Feature", "properties": { "name": "Granville TAFE Children's Centre", "lat": -33.8376568, "lng": 151.0060229 }, "geometry": { "type": "Point", "coordinates": [ 151.0060229, -33.8376568 ] } },
{ "type": "Feature", "properties": { "name": "Allambie Heights Kindergarten", "lat": -33.7654641, "lng": 151.255222 }, "geometry": { "type": "Point", "coordinates": [ 151.255222, -33.7654641 ] } },
{ "type": "Feature", "properties": { "name": "Oz Education Auburn", "lat": -33.8620604, "lng": 151.0286918 }, "geometry": { "type": "Point", "coordinates": [ 151.0286918, -33.8620604 ] } },
{ "type": "Feature", "properties": { "name": "June Scifo Trading As OFGS Care", "lat": -33.73904, "lng": 151.2468256 }, "geometry": { "type": "Point", "coordinates": [ 151.2468256, -33.73904 ] } },
{ "type": "Feature", "properties": { "name": "Northmead Redbank Children's Centre", "lat": -33.7947634, "lng": 150.9879898 }, "geometry": { "type": "Point", "coordinates": [ 150.9879898, -33.7947634 ] } }
]
}
