SA1_CODE21,2025_supply,2026_supply,2027_supply,2028_supply,2029_supply,2030_supply,2031_supply,2032_supply,2033_supply,2034_supply,2035_supply,2036_supply,2037_supply,2038_supply,2039_supply,2040_supply,2041_supply,2042_supply,2043_supply,2044_supply,2045_supply,2025_demand,2026_demand,2027_demand,2028_demand,2029_demand,2030_demand,2031_demand,2032_demand,2033_demand,2034_demand,2035_demand,2036_demand,2037_demand,2038_demand,2039_demand,2040_demand,2041_demand,2042_demand,2043_demand,2044_demand,2045_demand
11701132103,0.0,0.0,0.0,0.0,0.0,0.0,0.0,0.0,0.0,0.0,0.0,0.0,0.0,0.0,0.0,0.0,0.0,0.0,0.0,0.0,0.0,21.967,21.778,21.786,21.841,21.728,21.669,21.618,21.601,21.602,21.603,21.652,21.682,21.736,21.801,21.876,21.932,21.993,22.028,22.048,22.055,22.025
11701132106,217.0,217.0,217.0,217.0,217.0,217.0,217.0,217.0,217.0,217.0,217.0,217.0,217.0,217.0,217.0,217.0,217.0,217.0,217.0,217.0,217.0,30.371,30.109,30.302,30.612,31.193,32.187,33.213,34.417,35.67,36.962,38.351,39.665,40.817,41.623,42.215,42.644,43.007,43.248000000000005,43.421,43.535,43.563
11701132111,88.0,88.0,88.0,88.0,88.0,88.0,88.0,88.0,88.0,88.0,88.0,88.0,88.0,88.0,88.0,88.0,88.0,88.0,88.0,88.0,88.0,63.441,63.27,63.95399999999999,64.768,65.017,65.846,66.455,67.28200000000001,68.02199999999999,68.658,69.307,69.821,70.294,70.704,71.137,71.578,72.099,72.59,73.10900000000001,73.668,74.181
11701132112,48.0,48.0,48.0,48.0,48.0,48.0,48.0,48.0,48.0,48.0,48.0,48.0,48.0,48.0,48.0,48.0,48.0,48.0,48.0,48.0,48.0,27.165,26.938,27.116,27.399,27.14,27.061,27.018,27.119999999999997,27.256,27.416,27.639000000000003,27.839,28.074,28.489,28.974,29.444000000000003,29.871,30.214999999999996,30.513,30.769999999999996,30.965
11701132117,143.0,143.0,143.0,143.0,143.0,143.0,143.0,143.0,143.0,143.0,143.0,143.0,143.0,143.0,143.0,143.0,143.0,143.0,143.0,143.0,143.0,30.156999999999996,29.895000000000003,29.933,30.006,30.436,31.115,31.858000000000004,32.723,33.572,34.466,35.451,36.379,37.222,37.682,38.031,38.31,38.549,38.733,38.837999999999994,38.901,38.891
11701132119,0.0,0.0,0.0,0.0,0.0,0.0,0.0,0.0,0.0,0.0,0.0,0.0,0.0,0.0,0.0,0.0,0.0,0.0,0.0,0.0,0.0,41.339,40.916,40.86,40.876000000000005,40.683,40.569,40.512,40.513,40.554,40.599,40.733,40.833,40.973,41.131,41.32,41.488,41.655,41.768,41.844,41.893,41.869
11701132120,0.0,0.0,0.0,0.0,0.0,0.0,0.0,0.0,0.0,0.0,0.0,0.0,0.0,0.0,0.0,0.0,0.0,0.0,0.0,0.0,0.0,0.599,0.598,0.605,0.613,0.614,0.622,0.629,0.636,0.643,0.649,0.655,0.6599999999999999,0.665,0.669,0.6699999999999999,0.669,0.667,0.6659999999999999,0.665,0.6639999999999999,0.663
11701132122,0.0,0.0,0.0,0.0,0.0,0.0,0.0,0.0,0.0,0.0,0.0,0.0,0.0,0.0,0.0,0.0,0.0,0.0,0.0,0.0,0.0,0.0,0.0,0.0,0.0,0.0,0.0,0.0,0.0,0.0,0.0,0.0,0.0,0.0,0.0,0.0,0.0,0.0,0.0,0.0,0.0,0.0
11701132123,0.0,0.0,0.0,0.0,0.0,0.0,0.0,0.0,0.0,0.0,0.0,0.0,0.0,0.0,0.0,0.0,0.0,0.0,0.0,0.0,0.0,0.0,0.0,0.0,0.0,0.0,0.0,0.0,0.0,0.0,0.0,0.0,0.0,0.0,0.0,0.0,0.0,0.0,0.0,0.0,0.0,0.0
11701132131,0.0,0.0,0.0,0.0,0.0,0.0,0.0,0.0,0.0,0.0,0.0,0.0,0.0,0.0,0.0,0.0,0.0,0.0,0.0,0.0,0.0,22.937,22.74,22.747,22.804,22.687,22.626,22.571,22.555,22.554,22.555999999999997,22.607,22.639,22.695,22.762,22.878,23.031,23.187,23.318,23.432,23.533,23.595
11701132132,0.0,0.0,0.0,0.0,0.0,0.0,0.0,0.0,0.0,0.0,0.0,0.0,0.0,0.0,0.0,0.0,0.0,0.0,0.0,0.0,0.0,30.851,30.586,30.595,30.673,30.516,30.432,30.36,30.337000000000003,30.338,30.339,30.407,30.451,30.525999999999996,30.617,30.723,30.802,30.887,30.938,30.964,30.973999999999997,30.932
11701132134,0.0,0.0,0.0,0.0,0.0,0.0,0.0,0.0,0.0,0.0,0.0,0.0,0.0,0.0,0.0,0.0,0.0,0.0,0.0,0.0,0.0,30.987,30.719,30.729,30.805999999999997,30.648000000000003,30.563,30.49,30.467,30.467,30.468,30.536,30.579,30.654,30.744,30.85,30.929,31.014000000000003,31.064,31.09,31.098999999999997,31.057
11701132306,0.0,0.0,0.0,0.0,0.0,0.0,0.0,0.0,0.0,0.0,0.0,0.0,0.0,0.0,0.0,0.0,0.0,0.0,0.0,0.0,0.0,37.307,38.457,37.747,37.898,37.733,37.376000000000005,37.212999999999994,37.085,36.998000000000005,36.94,36.892,36.885000000000005,36.913,36.995,37.095,37.197,37.338,37.469,37.566,37.615,37.664
11701132307,0.0,0.0,0.0,0.0,0.0,0.0,0.0,0.0,0.0,0.0,0.0,0.0,0.0,0.0,0.0,0.0,0.0,0.0,0.0,0.0,0.0,11.547,11.904,11.683,11.73,11.679,11.569,11.518,11.478,11.452,11.434,11.419,11.417,11.425999999999998,11.451,11.482,11.514,11.557,11.597,11.628,11.643,11.658
11701132308,253.0,253.0,253.0,253.0,253.0,253.0,253.0,253.0,253.0,253.0,253.0,253.0,253.0,253.0,253.0,253.0,253.0,253.0,253.0,253.0,253.0,30.708,31.655,31.071,31.194000000000003,31.058,30.765,30.631,30.526,30.454,30.407000000000004,30.367,30.362,30.384,30.452,30.534,30.618,30.734,30.841,30.921,30.962000000000003,31.002
11701132315,0.0,0.0,0.0,0.0,0.0,0.0,0.0,0.0,0.0,0.0,0.0,0.0,0.0,0.0,0.0,0.0,0.0,0.0,0.0,0.0,0.0,25.298,26.135,29.770000000000003,30.626,30.963,30.956,30.931,30.971,30.835,30.668,30.471,30.304,30.132,30.035,29.96,29.896,29.872,29.817,29.787,29.716,29.644
11701132316,0.0,0.0,0.0,0.0,0.0,0.0,0.0,0.0,0.0,0.0,0.0,0.0,0.0,0.0,0.0,0.0,0.0,0.0,0.0,0.0,0.0,34.554,35.696,33.07,34.022,34.396,34.389,34.361999999999995,34.408,34.257,34.072,33.854,33.67,33.479,33.372,33.289,33.218999999999994,33.192,33.132,33.101,33.021,32.943
11701132501,0.0,0.0,0.0,0.0,0.0,0.0,0.0,0.0,0.0,0.0,0.0,0.0,0.0,0.0,0.0,0.0,0.0,0.0,0.0,0.0,0.0,0.0,0.0,0.0,0.0,0.0,0.0,0.0,0.0,0.0,0.0,0.0,0.0,0.0,0.0,0.0,0.0,0.0,0.0,0.0,0.0,0.0
11701163401,0.0,0.0,0.0,0.0,0.0,0.0,0.0,0.0,0.0,0.0,0.0,0.0,0.0,0.0,0.0,0.0,0.0,0.0,0.0,0.0,0.0,18.089,19.01,19.029,19.575,19.692,19.857,19.755,19.535,19.329,19.106,18.901,18.692,18.538,18.475,18.352,18.319,18.215,18.203,18.096,18.085,17.962
11701163402,0.0,0.0,0.0,0.0,0.0,0.0,0.0,0.0,0.0,0.0,0.0,0.0,0.0,0.0,0.0,0.0,0.0,0.0,0.0,0.0,0.0,0.0,0.0,2.11,3.995,5.829000000000001,7.786,8.045,8.234,8.403,8.532,8.652,8.743,8.843,8.841000000000001,8.94,8.948,9.036,9.045,9.115,9.123,9.173
11701163403,0.0,0.0,0.0,0.0,0.0,0.0,0.0,0.0,0.0,0.0,0.0,0.0,0.0,0.0,0.0,0.0,0.0,0.0,0.0,0.0,0.0,13.634999999999998,14.44,14.575,15.078,15.225,15.395,15.449,15.401,15.353000000000002,15.273,15.203,15.111,15.058,14.993,14.965,14.925,14.906,14.877,14.844,14.818,14.772
11701163404,0.0,0.0,0.0,0.0,0.0,0.0,0.0,0.0,0.0,0.0,0.0,0.0,0.0,0.0,0.0,0.0,0.0,0.0,0.0,0.0,0.0,8.056,8.485,7.101,6.721,6.539999999999999,6.552,6.769,6.927999999999999,7.071,7.178999999999999,7.281000000000001,7.356,7.441000000000001,7.439,7.522,7.529,7.604,7.612,7.67,7.677,7.719
11701163405,0.0,0.0,0.0,0.0,0.0,0.0,0.0,0.0,0.0,0.0,0.0,0.0,0.0,0.0,0.0,0.0,0.0,0.0,0.0,0.0,0.0,21.103,22.218,22.284,22.947,23.095,23.299,23.367,23.282,23.201,23.069000000000003,22.955,22.807,22.719,22.619999999999997,22.573,22.51,22.475,22.43,22.375,22.336,22.261
11701163406,0.0,0.0,0.0,0.0,0.0,0.0,0.0,0.0,0.0,0.0,0.0,0.0,0.0,0.0,0.0,0.0,0.0,0.0,0.0,0.0,0.0,18.475,19.548,19.718,20.403,20.616,20.857,20.909,20.843,20.795,20.719,20.68,20.623,20.632,20.575,20.625,20.604,20.668,20.665,20.724,20.725,20.767
11701163407,0.0,0.0,0.0,0.0,0.0,0.0,0.0,0.0,0.0,0.0,0.0,0.0,0.0,0.0,0.0,0.0,0.0,0.0,0.0,0.0,0.0,9.685,9.217,9.563,10.108,10.384,10.648,10.74,10.771,10.809,10.825,10.859,10.88,10.933,10.918,10.997,11.003,11.092,11.104,11.19,11.207,11.285
11701163408,0.0,0.0,0.0,0.0,0.0,0.0,0.0,0.0,0.0,0.0,0.0,0.0,0.0,0.0,0.0,0.0,0.0,0.0,0.0,0.0,0.0,17.932000000000002,18.821,18.811,19.324,19.415,19.562,19.613,19.536,19.463,19.348,19.249,19.121,19.043,18.96,18.917,18.864,18.833,18.793,18.746,18.712,18.647
11701163409,0.0,0.0,0.0,0.0,0.0,0.0,0.0,0.0,0.0,0.0,0.0,0.0,0.0,0.0,0.0,0.0,0.0,0.0,0.0,0.0,0.0,11.731,12.344,12.376,12.748,12.839,12.953,12.899,12.771,12.653,12.504,12.393,12.26,12.169,12.124,12.061,12.042,11.979,11.963,11.897,11.884,11.809
11701163410,0.0,0.0,0.0,0.0,0.0,0.0,0.0,0.0,0.0,0.0,0.0,0.0,0.0,0.0,0.0,0.0,0.0,0.0,0.0,0.0,0.0,13.074000000000002,13.759,13.794,14.208,14.311,14.437,14.573,14.623,14.681,14.697,14.756,14.783,14.858,14.803,14.909,14.885000000000002,14.989,14.968,15.065,15.049,15.131
11701163411,80.0,80.0,80.0,80.0,80.0,80.0,80.0,80.0,80.0,80.0,80.0,80.0,80.0,80.0,80.0,80.0,80.0,80.0,80.0,80.0,80.0,19.108,20.154,20.273,20.942,21.146,21.396,21.476,21.418,21.369,21.267,21.199,21.095,21.053,20.971,20.973,20.93,20.943,20.912,20.914,20.89,20.876
11701163412,0.0,0.0,0.0,0.0,0.0,0.0,0.0,0.0,0.0,0.0,0.0,0.0,0.0,0.0,0.0,0.0,0.0,0.0,0.0,0.0,0.0,23.213,24.494,24.632,25.429,25.653,25.915,26.002,25.911,25.818,25.672000000000004,25.554,25.402,25.315,25.199,25.148,25.077,25.033,24.983000000000004,24.93,24.882,24.799999999999997
11701163413,0.0,0.0,0.0,0.0,0.0,0.0,0.0,0.0,0.0,0.0,0.0,0.0,0.0,0.0,0.0,0.0,0.0,0.0,0.0,0.0,0.0,10.05,10.637,10.731,11.096,11.2,11.323,11.362,11.325,11.291,11.231,11.179,11.111,11.071,11.024,11.003,10.974,10.959,10.938,10.914,10.895,10.86
11701163414,0.0,0.0,0.0,0.0,0.0,0.0,0.0,0.0,0.0,0.0,0.0,0.0,0.0,0.0,0.0,0.0,0.0,0.0,0.0,0.0,0.0,18.619,19.646,19.756,20.396,20.576,20.786,20.856,20.783,20.707,20.591,20.494999999999997,20.374,20.305,20.212,20.17,20.114,20.078,20.038,19.997,19.958,19.891
11701163415,0.0,0.0,0.0,0.0,0.0,0.0,0.0,0.0,0.0,0.0,0.0,0.0,0.0,0.0,0.0,0.0,0.0,0.0,0.0,0.0,0.0,9.532,10.017,10.028,10.315,10.376,10.464,10.685,10.837,10.991,11.13,11.273,11.409,11.572,11.532,11.711,11.689,11.876,11.868,12.05,12.043,12.209
11701163416,0.0,0.0,0.0,0.0,0.0,0.0,0.0,0.0,0.0,0.0,0.0,0.0,0.0,0.0,0.0,0.0,0.0,0.0,0.0,0.0,0.0,18.379,19.446,19.615,20.295,20.507,20.747,20.89,20.912,20.951,20.958,21.0,21.023,21.111,21.051,21.179,21.158,21.3,21.295,21.430999999999997,21.43,21.547
11701163417,0.0,0.0,0.0,0.0,0.0,0.0,0.0,0.0,0.0,0.0,0.0,0.0,0.0,0.0,0.0,0.0,0.0,0.0,0.0,0.0,0.0,22.904,24.222,24.422,25.254,25.503,25.8,25.895000000000003,25.823,25.756,25.634,25.532,25.394,25.321,25.219,25.196,25.135,25.128,25.086,25.06,25.026,24.978
11701163418,0.0,0.0,0.0,0.0,0.0,0.0,0.0,0.0,0.0,0.0,0.0,0.0,0.0,0.0,0.0,0.0,0.0,0.0,0.0,0.0,0.0,9.323,9.833,9.891,10.218,10.318,10.439,10.478,10.45,10.426,10.376,10.343,10.293,10.271,10.232,10.233,10.211,10.218,10.204,10.204,10.192,10.185
11701163419,0.0,0.0,0.0,0.0,0.0,0.0,0.0,0.0,0.0,0.0,0.0,0.0,0.0,0.0,0.0,0.0,0.0,0.0,0.0,0.0,0.0,19.849,21.009,21.193,21.914,22.121,22.363,22.44,22.368,22.3,22.182,22.08,21.944,21.866,21.773,21.732,21.674,21.645,21.602,21.555,21.518,21.45
11701163420,0.0,0.0,0.0,0.0,0.0,0.0,0.0,0.0,0.0,0.0,0.0,0.0,0.0,0.0,0.0,0.0,0.0,0.0,0.0,0.0,0.0,31.921999999999997,34.216,34.983000000000004,36.52,37.109,37.695,37.866,37.783,37.703,37.536,37.391,37.188,37.079,36.927,36.879000000000005,36.785,36.755,36.688,36.623,36.564,36.463
11701163421,0.0,0.0,0.0,0.0,0.0,0.0,0.0,0.0,0.0,0.0,0.0,0.0,0.0,0.0,0.0,0.0,0.0,0.0,0.0,0.0,0.0,22.091,23.395,23.614,24.429,24.667,24.943,25.029000000000003,24.951,24.876,24.744999999999997,24.632,24.482,24.394,24.291,24.247,24.181,24.149,24.101999999999997,24.05,24.009,23.933
11701163422,0.0,0.0,0.0,0.0,0.0,0.0,0.0,0.0,0.0,0.0,0.0,0.0,0.0,0.0,0.0,0.0,0.0,0.0,0.0,0.0,0.0,14.049,15.058,15.395,16.072,16.331,16.589,16.664,16.628,16.592,16.519,16.455,16.366,16.317,16.251,16.23,16.189,16.174999999999997,16.145,16.117,16.092,16.047
11701163423,0.0,0.0,0.0,0.0,0.0,0.0,0.0,0.0,0.0,0.0,0.0,0.0,0.0,0.0,0.0,0.0,0.0,0.0,0.0,0.0,0.0,21.147,22.195,22.185,22.789,22.896,23.069,23.130000000000003,23.039,22.952,22.818,22.700000000000003,22.549999999999997,22.458,22.359,22.309,22.246,22.209,22.163,22.107,22.067,21.991
11701163424,242.0,242.0,242.0,242.0,242.0,242.0,242.0,242.0,242.0,242.0,242.0,242.0,242.0,242.0,242.0,242.0,242.0,242.0,242.0,242.0,242.0,13.129,15.514,16.073,16.964,17.401,17.819,17.941000000000003,17.96,17.991999999999997,17.989,18.018,18.022,18.083,18.036,18.142,18.129,18.25,18.25,18.365,18.372,18.477
11701163425,0.0,0.0,0.0,0.0,0.0,0.0,0.0,0.0,0.0,0.0,0.0,0.0,0.0,0.0,0.0,0.0,0.0,0.0,0.0,0.0,0.0,16.088,17.012999999999998,17.153,17.738,17.913,18.122,18.188,18.138,18.09,18.005000000000003,17.933,17.836,17.785,17.714,17.697,17.654,17.649,17.619999999999997,17.602,17.578,17.544
11701163501,0.0,0.0,0.0,0.0,0.0,0.0,0.0,0.0,0.0,0.0,0.0,0.0,0.0,0.0,0.0,0.0,0.0,0.0,0.0,0.0,0.0,37.216,37.018,38.078,39.259,40.409,41.793,43.087,44.546,45.395,45.567,45.776,45.952,46.167,46.376999999999995,46.569,46.731,46.843,46.888000000000005,46.92,46.895,46.819
11701163502,80.0,80.0,80.0,80.0,80.0,80.0,80.0,80.0,80.0,80.0,80.0,80.0,80.0,80.0,80.0,80.0,80.0,80.0,80.0,80.0,80.0,33.164,33.317,33.843,34.514,34.382999999999996,34.443,34.202,34.06,34.074999999999996,34.221,34.388,34.537,34.71,34.888,34.896,34.717,34.606,34.42,34.3,34.129000000000005,33.980000000000004
11701163503,0.0,0.0,0.0,0.0,0.0,0.0,0.0,0.0,0.0,0.0,0.0,0.0,0.0,0.0,0.0,0.0,0.0,0.0,0.0,0.0,0.0,0.535,0.61,0.668,0.73,0.749,0.775,0.782,0.79,0.796,0.8,0.8029999999999999,0.8069999999999999,0.81,0.8140000000000001,0.8180000000000001,0.821,0.823,0.8260000000000001,0.827,0.8260000000000001,0.825
11701163504,0.0,0.0,0.0,0.0,0.0,0.0,0.0,0.0,0.0,0.0,0.0,0.0,0.0,0.0,0.0,0.0,0.0,0.0,0.0,0.0,0.0,17.488,17.686,17.825,18.059,18.096,18.111,18.068,18.043,18.019,17.993,17.982,17.958,17.963,17.973,17.982,17.992,17.993,17.969,17.956,17.921999999999997,17.88
11701163505,0.0,0.0,0.0,0.0,0.0,0.0,0.0,0.0,0.0,0.0,0.0,0.0,0.0,0.0,0.0,0.0,0.0,0.0,0.0,0.0,0.0,39.985,39.56,38.639,37.923,37.243,36.83,36.375,36.092,36.053,36.191,36.359,36.498999999999995,36.67,36.837,36.99,37.119,37.208,37.245000000000005,37.272000000000006,37.253,37.193
11701163506,0.0,0.0,0.0,0.0,0.0,0.0,0.0,0.0,0.0,0.0,0.0,0.0,0.0,0.0,0.0,0.0,0.0,0.0,0.0,0.0,0.0,22.173,22.339,22.322,22.414,22.185,21.99,21.758000000000003,21.598,21.462,21.338,21.265,21.203,21.199,21.221,21.264,21.329,21.392,21.451,21.503,21.551,21.567
11701163507,0.0,0.0,0.0,0.0,0.0,0.0,0.0,0.0,0.0,0.0,0.0,0.0,0.0,0.0,0.0,0.0,0.0,0.0,0.0,0.0,0.0,20.602,20.382,19.908,19.539,19.189,18.976,18.741999999999997,18.596,18.576,18.647,18.733,18.806,18.894,18.979,19.059,19.126,19.171999999999997,19.19,19.204,19.194,19.163
11701163508,0.0,0.0,0.0,0.0,0.0,0.0,0.0,0.0,0.0,0.0,0.0,0.0,0.0,0.0,0.0,0.0,0.0,0.0,0.0,0.0,0.0,13.381,13.85,14.186,14.606,14.657,14.652,14.582,14.52,14.454999999999998,14.387,14.347,14.315,14.307,14.311,14.323,14.338,14.352,14.357,14.367,14.362,14.343
11701163509,0.0,0.0,0.0,0.0,0.0,0.0,0.0,0.0,0.0,0.0,0.0,0.0,0.0,0.0,0.0,0.0,0.0,0.0,0.0,0.0,0.0,11.871,11.86,11.792,11.788,11.677,11.625,11.521,11.451,11.201,10.806,10.499,10.258,10.089,9.981,10.042,10.274,10.466,10.647,10.798,10.926,11.016
11701163510,0.0,0.0,0.0,0.0,0.0,0.0,0.0,0.0,0.0,0.0,0.0,0.0,0.0,0.0,0.0,0.0,0.0,0.0,0.0,0.0,0.0,13.332999999999998,13.68,13.908,14.225,14.219,14.175999999999998,14.079,13.999,13.919999999999998,13.843,13.796,13.759,13.747,13.746,13.733,13.697,13.676000000000002,13.642,13.623,13.587,13.55
11701163511,0.0,0.0,0.0,0.0,0.0,0.0,0.0,0.0,0.0,0.0,0.0,0.0,0.0,0.0,0.0,0.0,0.0,0.0,0.0,0.0,0.0,18.994,18.976,18.867,18.861,18.683999999999997,18.6,18.432,18.322000000000003,17.922,17.289,16.8,16.413,16.143,15.968,16.068,16.437,16.747,17.035,17.277,17.482,17.627
11701163512,0.0,0.0,0.0,0.0,0.0,0.0,0.0,0.0,0.0,0.0,0.0,0.0,0.0,0.0,0.0,0.0,0.0,0.0,0.0,0.0,0.0,53.497,52.929,51.697,50.739,49.829,49.276,48.669,48.289,48.238,48.422,48.646,48.833,49.063,49.286,49.491,49.665,49.783,49.831999999999994,49.867999999999995,49.842,49.762
11701163513,0.0,0.0,0.0,0.0,0.0,0.0,0.0,0.0,0.0,0.0,0.0,0.0,0.0,0.0,0.0,0.0,0.0,0.0,0.0,0.0,0.0,21.09,21.244,21.214,21.286,21.064,20.865,20.621,20.433999999999997,20.277,20.138,20.044,19.967,19.928,19.918,19.722,19.316000000000003,19.067,18.755,18.557,18.33,18.162
11701163514,0.0,0.0,0.0,0.0,0.0,0.0,0.0,0.0,0.0,0.0,0.0,0.0,0.0,0.0,0.0,0.0,0.0,0.0,0.0,0.0,0.0,24.033,23.882,23.554,23.357,22.924999999999997,22.555,22.156,21.839,21.599,21.397,21.288,21.174,21.096,21.057,21.039,21.049,21.046,21.026,21.033,21.045,21.038
11701163515,0.0,0.0,0.0,0.0,0.0,0.0,0.0,0.0,0.0,0.0,0.0,0.0,0.0,0.0,0.0,0.0,0.0,0.0,0.0,0.0,0.0,29.938,30.379,30.406,30.584,30.281,30.015,29.662,29.388,29.222,29.137,29.105,29.082,29.104,29.144,29.248,29.426,29.588,29.787,29.988,30.213,30.421
11701163516,0.0,0.0,0.0,0.0,0.0,0.0,0.0,0.0,0.0,0.0,0.0,0.0,0.0,0.0,0.0,0.0,0.0,0.0,0.0,0.0,0.0,55.611,56.429,56.690000000000005,57.092,56.822,56.686,56.349999999999994,56.129000000000005,55.934,55.733,55.609,55.49,55.45099999999999,55.447,55.466,55.485,55.495,55.455,55.432,55.353,55.236
11701163517,0.0,0.0,0.0,0.0,0.0,0.0,0.0,0.0,0.0,0.0,0.0,0.0,0.0,0.0,0.0,0.0,0.0,0.0,0.0,0.0,0.0,32.123000000000005,32.662,32.394,32.365,32.074,31.952,31.903,32.048,32.025999999999996,31.783,31.648,31.56,31.549,31.584,31.744,32.043,32.335,32.620999999999995,32.911,33.201,33.472
11701163518,0.0,0.0,0.0,0.0,0.0,0.0,0.0,0.0,0.0,0.0,0.0,0.0,0.0,0.0,0.0,0.0,0.0,0.0,0.0,0.0,0.0,19.959,20.253,20.27,20.39,20.188,20.01,19.774,19.592,19.481,19.424,19.403,19.388,19.402,19.43,19.366,19.192,19.083,18.932,18.834,18.707,18.599
11701163519,0.0,0.0,0.0,0.0,0.0,0.0,0.0,0.0,0.0,0.0,0.0,0.0,0.0,0.0,0.0,0.0,0.0,0.0,0.0,0.0,0.0,40.055,39.803,39.256,38.929,38.207,37.592,36.928,36.399,35.998000000000005,35.662,35.480000000000004,35.289,35.160000000000004,35.095,35.063,35.083,35.077,35.043,35.055,35.076,35.064
11701163520,26.0,26.0,26.0,26.0,26.0,26.0,26.0,26.0,26.0,26.0,26.0,26.0,26.0,26.0,26.0,26.0,26.0,26.0,26.0,26.0,26.0,16.582,16.658,16.922,17.257,17.191000000000003,17.221,17.101,17.029,17.038,17.111,17.194,17.269,17.355,17.444,17.701,18.166,18.525,18.976,19.363,19.81,20.21
11701163521,0.0,0.0,0.0,0.0,0.0,0.0,0.0,0.0,0.0,0.0,0.0,0.0,0.0,0.0,0.0,0.0,0.0,0.0,0.0,0.0,0.0,8.734,8.774000000000001,8.913,9.09,9.055,9.071,9.007,8.969999999999999,8.974,9.013,9.056,9.095,9.141,9.188,9.249,9.329,9.395,9.472,9.544,9.622,9.692
11701163522,0.0,0.0,0.0,0.0,0.0,0.0,0.0,0.0,0.0,0.0,0.0,0.0,0.0,0.0,0.0,0.0,0.0,0.0,0.0,0.0,0.0,14.175999999999998,14.283,14.272,14.329999999999998,14.184,14.059,13.911,13.808,13.721,13.642,13.595,13.556,13.553,13.568,13.595,13.636,13.676,13.715,13.749,13.778,13.789
11701163523,0.0,0.0,0.0,0.0,0.0,0.0,0.0,0.0,0.0,0.0,0.0,0.0,0.0,0.0,0.0,0.0,0.0,0.0,0.0,0.0,0.0,19.274,19.491,19.643,19.902,19.942,19.958,19.912,19.883000000000003,19.857,19.829,19.817,19.792,19.795,19.807,19.817,19.828000000000003,19.829,19.802,19.789,19.752,19.704
11701163524,0.0,0.0,0.0,0.0,0.0,0.0,0.0,0.0,0.0,0.0,0.0,0.0,0.0,0.0,0.0,0.0,0.0,0.0,0.0,0.0,0.0,24.098,24.076,23.937,23.93,23.704,23.599,23.387,23.246,22.739,21.936,21.315,20.824,20.483,20.261,20.386000000000003,20.855,21.247,21.614,21.92,22.18,22.364
11701163525,0.0,0.0,0.0,0.0,0.0,0.0,0.0,0.0,0.0,0.0,0.0,0.0,0.0,0.0,0.0,0.0,0.0,0.0,0.0,0.0,0.0,18.488,18.482,18.35,18.317,18.084,17.906,17.696,17.551000000000002,17.39,17.207,17.078,16.974,16.916,16.89,16.986,17.212,17.41,17.639,17.851,18.085,18.291
11701163526,0.0,0.0,0.0,0.0,0.0,0.0,0.0,0.0,0.0,0.0,0.0,0.0,0.0,0.0,0.0,0.0,0.0,0.0,0.0,0.0,0.0,15.982,16.053,15.999,16.029,15.868,15.725,15.547,15.407,15.302,15.213,15.175999999999998,15.129,15.1,15.094,15.096,15.115,15.123,15.114,15.121,15.124,15.114
11701163527,0.0,0.0,0.0,0.0,0.0,0.0,0.0,0.0,0.0,0.0,0.0,0.0,0.0,0.0,0.0,0.0,0.0,0.0,0.0,0.0,0.0,37.832,38.26,38.56,39.067,39.145,39.177,39.085,39.03,38.98,38.924,38.899,38.849,38.858,38.881,38.9,38.921,38.924,38.871,38.845,38.771,38.679
11701163528,0.0,0.0,0.0,0.0,0.0,0.0,0.0,0.0,0.0,0.0,0.0,0.0,0.0,0.0,0.0,0.0,0.0,0.0,0.0,0.0,0.0,27.775,28.37,28.847,29.514,29.671,29.754,29.718000000000004,29.697,29.665999999999997,29.619999999999997,29.61,29.591,29.61,29.638,29.67,29.695,29.713,29.697000000000003,29.699,29.668999999999997,29.621
11701163529,0.0,0.0,0.0,0.0,0.0,0.0,0.0,0.0,0.0,0.0,0.0,0.0,0.0,0.0,0.0,0.0,0.0,0.0,0.0,0.0,0.0,18.511,17.561,17.137,16.859,16.461,16.168,15.925,15.79,16.021,16.574,17.176000000000002,17.799999999999997,18.465,19.155,19.782,20.32,20.765,21.293,21.762,22.288,22.768
11701163530,0.0,0.0,0.0,0.0,0.0,0.0,0.0,0.0,0.0,0.0,0.0,0.0,0.0,0.0,0.0,0.0,0.0,0.0,0.0,0.0,0.0,27.041,27.62,28.084,28.734,28.886000000000003,28.968000000000004,28.932,28.912,28.881,28.838,28.827,28.808999999999997,28.828,28.855,28.886,28.91,28.927999999999997,28.912,28.913,28.885,28.836999999999996
11701163531,0.0,0.0,0.0,0.0,0.0,0.0,0.0,0.0,0.0,0.0,0.0,0.0,0.0,0.0,0.0,0.0,0.0,0.0,0.0,0.0,0.0,27.159,27.558,27.685,27.882,27.75,27.683999999999997,27.520000000000003,27.412,27.317,27.218,27.158,27.1,27.081000000000003,27.079,27.088,27.097,27.101999999999997,27.083,27.071,27.033,26.976
11701163532,166.0,166.0,166.0,166.0,166.0,166.0,166.0,166.0,166.0,166.0,166.0,166.0,166.0,166.0,166.0,166.0,166.0,166.0,166.0,166.0,166.0,18.519,18.501,18.394,18.389000000000003,18.216,18.135,17.972,17.864,17.474,16.857,16.38,16.003,15.74,15.569,15.667000000000002,16.026,16.328,16.609,16.846,17.045,17.187
11701163533,0.0,0.0,0.0,0.0,0.0,0.0,0.0,0.0,0.0,0.0,0.0,0.0,0.0,0.0,0.0,0.0,0.0,0.0,0.0,0.0,0.0,41.914,42.582,43.126999999999995,43.891,43.962,44.075,44.052,44.135,44.128,43.998000000000005,43.948,43.913,43.944,44.004,44.171,44.462,44.723,45.045,45.366,45.727,46.061
11701163534,0.0,0.0,0.0,0.0,0.0,0.0,0.0,0.0,0.0,0.0,0.0,0.0,0.0,0.0,0.0,0.0,0.0,0.0,0.0,0.0,0.0,55.739999999999995,56.56,56.821,57.224,56.954,56.817,56.481,56.26,56.06399999999999,55.861999999999995,55.738,55.619,55.58,55.576,55.595,55.614,55.623999999999995,55.584,55.56100000000001,55.482,55.364999999999995
11701163535,0.0,0.0,0.0,0.0,0.0,0.0,0.0,0.0,0.0,0.0,0.0,0.0,0.0,0.0,0.0,0.0,0.0,0.0,0.0,0.0,0.0,16.273,16.622,16.901,17.293,17.384,17.433,17.411,17.399,17.381,17.355,17.348,17.337,17.349,17.365000000000002,17.384,17.398,17.409,17.4,17.401,17.384,17.355
11701163536,74.0,74.0,74.0,74.0,74.0,74.0,74.0,74.0,74.0,74.0,74.0,74.0,74.0,74.0,74.0,74.0,74.0,74.0,74.0,74.0,74.0,52.637,53.41,53.657,54.038,53.783,53.653000000000006,53.336,53.127,52.943,52.752,52.634,52.522,52.485,52.482,52.498999999999995,52.518,52.526,52.489,52.466,52.392,52.282
11701163537,0.0,0.0,0.0,0.0,0.0,0.0,0.0,0.0,0.0,0.0,0.0,0.0,0.0,0.0,0.0,0.0,0.0,0.0,0.0,0.0,0.0,25.879,25.854,25.706000000000003,25.697000000000003,25.455999999999996,25.343000000000004,25.114,24.964,26.203,28.722,31.254,33.803,36.463,39.248000000000005,41.251999999999995,42.2,42.995000000000005,43.736,44.356,44.883,45.254000000000005
11701163538,0.0,0.0,0.0,0.0,0.0,0.0,0.0,0.0,0.0,0.0,0.0,0.0,0.0,0.0,0.0,0.0,0.0,0.0,0.0,0.0,0.0,24.052,24.895,25.498,26.253,26.347,26.337000000000003,26.212,26.098999999999997,25.982,25.86,25.789,25.730000000000004,25.717,25.722,25.746,25.771,25.797,25.808,25.826,25.814,25.782
11701163539,154.0,154.0,154.0,154.0,154.0,154.0,154.0,154.0,154.0,154.0,154.0,154.0,154.0,154.0,154.0,154.0,154.0,154.0,154.0,154.0,154.0,41.254999999999995,41.862,42.056,42.354,42.154,42.053,41.804,41.639,41.495,41.346,41.254000000000005,41.166,41.137,41.134,41.147,41.162,41.169,41.14,41.122,41.064,40.978
11701163540,106.0,106.0,106.0,106.0,106.0,106.0,106.0,106.0,106.0,106.0,106.0,106.0,106.0,106.0,106.0,106.0,106.0,106.0,106.0,106.0,106.0,36.531,36.519,36.26,36.195,35.733999999999995,35.381,34.968,34.681,34.509,34.432,34.457,34.528,34.687,34.912,35.103,35.221000000000004,35.37,35.498999999999995,35.65,35.793,35.914
11701163541,0.0,0.0,0.0,0.0,0.0,0.0,0.0,0.0,0.0,0.0,0.0,0.0,0.0,0.0,0.0,0.0,0.0,0.0,0.0,0.0,0.0,33.227999999999994,32.875,32.11,31.515,30.95,30.607,30.229,29.993,29.962,30.075000000000003,30.215,30.331000000000003,30.473,30.612,30.74,30.848,30.921,30.952,30.974,30.958,30.909
11701163542,0.0,0.0,0.0,0.0,0.0,0.0,0.0,0.0,0.0,0.0,0.0,0.0,0.0,0.0,0.0,0.0,0.0,0.0,0.0,0.0,0.0,56.482,60.643,62.738,65.141,66.046,67.316,67.992,68.835,69.414,69.684,69.994,70.269,70.594,70.925,71.265,71.64,71.96000000000001,72.307,72.656,73.018,73.343
11701163543,67.0,67.0,67.0,67.0,67.0,67.0,67.0,67.0,67.0,67.0,67.0,67.0,67.0,67.0,67.0,67.0,67.0,67.0,67.0,67.0,67.0,47.677,48.301,48.453,48.867999999999995,48.242,47.639,46.854,46.178,45.553,44.955,44.471999999999994,44.032,43.687,43.398,43.156,42.932,42.724,42.494,42.284,42.041,41.776
11701163544,0.0,0.0,0.0,0.0,0.0,0.0,0.0,0.0,0.0,0.0,0.0,0.0,0.0,0.0,0.0,0.0,0.0,0.0,0.0,0.0,0.0,22.834,23.001,22.969,23.047,22.805,22.59,22.327,22.123,21.954,21.803,21.702,21.618,21.577,21.566,21.817,22.38,22.841,23.448,24.002,24.666,25.296
11701163545,0.0,0.0,0.0,0.0,0.0,0.0,0.0,0.0,0.0,0.0,0.0,0.0,0.0,0.0,0.0,0.0,0.0,0.0,0.0,0.0,0.0,26.363,27.048,27.501,28.126,28.115,28.029,27.838,27.677999999999997,27.525,27.372,27.28,27.206,27.181,27.181,27.228,27.318,27.399,27.492,27.587,27.674999999999997,27.742
11701163546,0.0,0.0,0.0,0.0,0.0,0.0,0.0,0.0,0.0,0.0,0.0,0.0,0.0,0.0,0.0,0.0,0.0,0.0,0.0,0.0,0.0,29.162,29.293,29.195,29.248,28.955,28.695,28.37,28.114,27.923,27.76,27.691,27.605,27.555,27.543,27.546999999999997,27.581000000000003,27.595,27.579,27.591,27.598999999999997,27.58
11702132701,0.0,0.0,0.0,0.0,0.0,0.0,0.0,0.0,0.0,0.0,0.0,0.0,0.0,0.0,0.0,0.0,0.0,0.0,0.0,0.0,0.0,14.976,15.007,14.842,14.424,14.144,13.9,13.694,13.536,13.422,13.32,13.248,13.173000000000002,13.125,13.089,13.063,13.043,13.021,12.997,12.962,12.934,12.887
11702132702,0.0,0.0,0.0,0.0,0.0,0.0,0.0,0.0,0.0,0.0,0.0,0.0,0.0,0.0,0.0,0.0,0.0,0.0,0.0,0.0,0.0,17.451,17.559,17.413,16.962,16.658,16.337,16.082,15.869,15.706,15.565,15.463,15.363,15.300999999999998,15.254,15.225,15.207,15.187,15.167000000000002,15.136,15.111,15.063
11702132703,0.0,0.0,0.0,0.0,0.0,0.0,0.0,0.0,0.0,0.0,0.0,0.0,0.0,0.0,0.0,0.0,0.0,0.0,0.0,0.0,0.0,16.706,16.81,16.671,16.238,15.948,15.64,15.396,15.192,15.036,14.901,14.803,14.708,14.648,14.604,14.576,14.558,14.539,14.52,14.491,14.466,14.420000000000002
11702132704,50.0,50.0,50.0,50.0,50.0,50.0,50.0,50.0,50.0,50.0,50.0,50.0,50.0,50.0,50.0,50.0,50.0,50.0,50.0,50.0,50.0,18.507,18.93,19.079,18.911,18.746,18.565,18.375,18.236,18.151,18.083,18.052999999999997,18.026,18.045,18.069,18.115,18.148,18.171,18.203,18.231,18.265,18.259
11702132705,135.0,135.0,135.0,135.0,135.0,135.0,135.0,135.0,135.0,135.0,135.0,135.0,135.0,135.0,135.0,135.0,135.0,135.0,135.0,135.0,135.0,28.388,29.933,31.317,32.406,32.222,32.402,31.875,31.589,31.656999999999996,31.877,32.111,32.368,32.723,33.123999999999995,33.582,34.051,34.522999999999996,35.001000000000005,35.472,35.954,36.377
11702132706,0.0,0.0,0.0,0.0,0.0,0.0,0.0,0.0,0.0,0.0,0.0,0.0,0.0,0.0,0.0,0.0,0.0,0.0,0.0,0.0,0.0,28.272999999999996,28.921,29.148,28.89,28.638,28.361,28.071,27.857,27.726999999999997,27.624,27.577,27.534999999999997,27.564,27.601,27.67,27.721,27.755000000000003,27.804,27.845,27.898,27.888
11702132707,0.0,0.0,0.0,0.0,0.0,0.0,0.0,0.0,0.0,0.0,0.0,0.0,0.0,0.0,0.0,0.0,0.0,0.0,0.0,0.0,0.0,23.148,23.493,23.449,23.017000000000003,22.621,22.249,21.893,21.614,21.405,21.231,21.109,20.993,20.929,20.888,20.872,20.866,20.856,20.85,20.831,20.818,20.772
11702132708,88.0,88.0,88.0,88.0,88.0,88.0,88.0,88.0,88.0,88.0,88.0,88.0,88.0,88.0,88.0,88.0,88.0,88.0,88.0,88.0,88.0,22.694,23.032,22.989,22.566000000000003,22.177,21.812,21.463,21.191,20.985,20.814,20.695,20.582,20.52,20.478,20.462,20.457,20.447,20.441000000000003,20.422,20.409,20.365
11702132709,0.0,0.0,0.0,0.0,0.0,0.0,0.0,0.0,0.0,0.0,0.0,0.0,0.0,0.0,0.0,0.0,0.0,0.0,0.0,0.0,0.0,15.504,16.348,16.719,16.805,16.709,16.803,16.53,16.381999999999998,16.152,15.932000000000002,15.772000000000002,15.63,15.538999999999998,15.473,15.434,15.402,15.373,15.347,15.319,15.297,15.25
11702132710,24.0,24.0,24.0,24.0,24.0,24.0,24.0,24.0,24.0,24.0,24.0,24.0,24.0,24.0,24.0,24.0,24.0,24.0,24.0,24.0,24.0,17.32,17.463,17.341,16.918,16.611,16.293,16.03,15.81,15.64,15.493,15.384,15.278,15.208000000000002,15.156,15.12,15.097,15.072,15.046,15.01,14.979,14.927
11702132711,0.0,0.0,0.0,0.0,0.0,0.0,0.0,0.0,0.0,0.0,0.0,0.0,0.0,0.0,0.0,0.0,0.0,0.0,0.0,0.0,0.0,22.673,22.859,22.7,22.146,21.744,21.327,20.983,20.696,20.473,20.279,20.137,19.998,19.907,19.838,19.793,19.762,19.728,19.696,19.649,19.608,19.54
11702132712,0.0,0.0,0.0,0.0,0.0,0.0,0.0,0.0,0.0,0.0,0.0,0.0,0.0,0.0,0.0,0.0,0.0,0.0,0.0,0.0,0.0,16.36,16.490000000000002,16.381,15.936,15.522,15.152,14.829999999999998,14.579,14.329,14.099,13.959,13.841,13.772,13.731,13.716,13.713,13.713,13.714,13.709,13.707,13.686
11702132713,103.0,103.0,103.0,103.0,103.0,103.0,103.0,103.0,103.0,103.0,103.0,103.0,103.0,103.0,103.0,103.0,103.0,103.0,103.0,103.0,103.0,17.665,17.806,17.688,17.208,16.761,16.361,16.014,15.743,15.473,15.224,15.073,14.945,14.871,14.827,14.811,14.807,14.806,14.808,14.802,14.8,14.778
11702132714,0.0,0.0,0.0,0.0,0.0,0.0,0.0,0.0,0.0,0.0,0.0,0.0,0.0,0.0,0.0,0.0,0.0,0.0,0.0,0.0,0.0,25.149,25.348999999999997,25.181,24.674999999999997,24.607,24.578,24.605,24.726,25.098,25.644,26.195,26.771,27.431,28.14,28.9,29.683,30.470999999999997,31.265,32.041,32.823,33.561
11702132715,58.0,58.0,58.0,58.0,58.0,58.0,58.0,58.0,58.0,58.0,58.0,58.0,58.0,58.0,58.0,58.0,58.0,58.0,58.0,58.0,58.0,15.143,15.385,15.386,15.129,14.905,14.671,14.46,14.288,14.154,14.04,13.959,13.879,13.832,13.797,13.777,13.764,13.748,13.733,13.71,13.689,13.65
11702132716,0.0,0.0,0.0,0.0,0.0,0.0,0.0,0.0,0.0,0.0,0.0,0.0,0.0,0.0,0.0,0.0,0.0,0.0,0.0,0.0,0.0,17.989,18.276,18.278,17.972,17.706,17.428,17.177999999999997,16.973,16.814999999999998,16.679,16.582,16.487000000000002,16.431,16.39,16.366,16.35,16.332,16.314,16.286,16.261,16.215
11702132717,0.0,0.0,0.0,0.0,0.0,0.0,0.0,0.0,0.0,0.0,0.0,0.0,0.0,0.0,0.0,0.0,0.0,0.0,0.0,0.0,0.0,43.866,46.898,48.267,48.504999999999995,48.223,48.486,47.691,47.256,46.747,46.304,46.006,45.753,45.648,45.614,45.662,45.728,45.8,45.884,45.959,46.051,46.07
11702132718,40.0,40.0,40.0,40.0,40.0,40.0,40.0,40.0,40.0,40.0,40.0,40.0,40.0,40.0,40.0,40.0,40.0,40.0,40.0,40.0,40.0,26.862,27.239,27.201,26.695,26.295,25.877,25.512,25.209,24.942,24.702,24.531,24.364,24.26,24.181,24.130000000000003,24.096,24.058,24.021,23.97,23.925,23.849
11702132719,0.0,0.0,0.0,0.0,0.0,0.0,0.0,0.0,0.0,0.0,0.0,0.0,0.0,0.0,0.0,0.0,0.0,0.0,0.0,0.0,0.0,13.453,14.229,14.451,14.041,13.919,13.842,13.8,13.783,13.714000000000002,13.627,13.576999999999998,13.524,13.497,13.482,13.48,13.481,13.482,13.483,13.471,13.468,13.445
11702132720,26.0,26.0,26.0,26.0,26.0,26.0,26.0,26.0,26.0,26.0,26.0,26.0,26.0,26.0,26.0,26.0,26.0,26.0,26.0,26.0,26.0,12.857,12.392,12.087,11.745,11.644,11.581,11.546,11.533,11.476,11.404,11.363,11.319,11.297,11.286,11.284,11.287,11.288,11.289,11.281,11.279,11.26
11702132721,45.0,45.0,45.0,45.0,45.0,45.0,45.0,45.0,45.0,45.0,45.0,45.0,45.0,45.0,45.0,45.0,45.0,45.0,45.0,45.0,45.0,16.092,16.085,15.948,15.497,15.362,15.279,15.233,15.215,15.477,15.817,16.131999999999998,16.439,16.777,17.127,17.494,17.864,18.232999999999997,18.602,18.953,19.314,19.646
11702132722,0.0,0.0,0.0,0.0,0.0,0.0,0.0,0.0,0.0,0.0,0.0,0.0,0.0,0.0,0.0,0.0,0.0,0.0,0.0,0.0,0.0,12.502,12.678,12.661,12.426,12.239,12.044,11.874,11.733,11.661,11.616,11.593,11.57,11.578,11.596,11.627,11.667,11.703,11.742,11.771,11.805,11.823
11702132723,0.0,0.0,0.0,0.0,0.0,0.0,0.0,0.0,0.0,0.0,0.0,0.0,0.0,0.0,0.0,0.0,0.0,0.0,0.0,0.0,0.0,22.051,22.896,23.665,24.111,24.131,24.127,23.953,23.841,23.909,24.047,24.21,24.377,24.608,24.869,25.162,25.469,25.776,26.086,26.382,26.683999999999997,26.948
11702132724,0.0,0.0,0.0,0.0,0.0,0.0,0.0,0.0,0.0,0.0,0.0,0.0,0.0,0.0,0.0,0.0,0.0,0.0,0.0,0.0,0.0,15.549,15.797999999999998,15.799,15.535,15.305,15.064,14.849,14.671,14.534,14.417000000000002,14.334,14.252,14.203,14.167,14.147000000000002,14.133,14.117,14.102,14.078,14.056,14.016000000000002
11702132725,0.0,0.0,0.0,0.0,0.0,0.0,0.0,0.0,0.0,0.0,0.0,0.0,0.0,0.0,0.0,0.0,0.0,0.0,0.0,0.0,0.0,27.769,29.769,31.287,32.381,32.814,32.967,33.035,33.077,33.141,33.206,33.299,33.374,33.506,33.616,33.741,33.838,33.921,34.018,34.1,34.187,34.212
11702132726,0.0,0.0,0.0,0.0,0.0,0.0,0.0,0.0,0.0,0.0,0.0,0.0,0.0,0.0,0.0,0.0,0.0,0.0,0.0,0.0,0.0,9.828,9.893,9.842,9.609,9.493,9.359,9.258,9.171,9.105,9.045,9.003,8.958,8.933,8.913,8.9,8.892,8.881,8.870000000000001,8.850999999999999,8.835,8.808
11702132727,0.0,0.0,0.0,0.0,0.0,0.0,0.0,0.0,0.0,0.0,0.0,0.0,0.0,0.0,0.0,0.0,0.0,0.0,0.0,0.0,0.0,11.094,11.053,10.88,10.502,10.292,10.089,9.934,9.806,9.71,9.625,9.562,9.497,9.456,9.422,9.398,9.38,9.358,9.338,9.31,9.285,9.249
11702132728,0.0,0.0,0.0,0.0,0.0,0.0,0.0,0.0,0.0,0.0,0.0,0.0,0.0,0.0,0.0,0.0,0.0,0.0,0.0,0.0,0.0,13.13,13.157,13.012,12.646,12.401,12.186,12.006,11.868,11.767,11.678,11.615,11.549,11.507,11.475,11.453,11.435,11.415,11.394,11.364,11.339,11.298
11702132729,0.0,0.0,0.0,0.0,0.0,0.0,0.0,0.0,0.0,0.0,0.0,0.0,0.0,0.0,0.0,0.0,0.0,0.0,0.0,0.0,0.0,17.838,18.521,18.599,18.267000000000003,18.283,18.281,18.149,18.065,17.869999999999997,17.662,17.52,17.387,17.303,17.241,17.204,17.177,17.15,17.127,17.096,17.067,17.018
11702132730,0.0,0.0,0.0,0.0,0.0,0.0,0.0,0.0,0.0,0.0,0.0,0.0,0.0,0.0,0.0,0.0,0.0,0.0,0.0,0.0,0.0,13.24,13.386,13.32,13.026,12.79,12.553999999999998,12.347,12.177,12.045,11.931,11.847,11.766,11.713,11.673,11.648,11.63,11.612,11.593,11.567,11.544,11.506
11702132731,0.0,0.0,0.0,0.0,0.0,0.0,0.0,0.0,0.0,0.0,0.0,0.0,0.0,0.0,0.0,0.0,0.0,0.0,0.0,0.0,0.0,17.105,17.217,17.128,16.724,16.521,16.288,16.111,15.96,15.846,15.742,15.669,15.591,15.547,15.511,15.49,15.476,15.454999999999998,15.436,15.405,15.378,15.329
11702132732,0.0,0.0,0.0,0.0,0.0,0.0,0.0,0.0,0.0,0.0,0.0,0.0,0.0,0.0,0.0,0.0,0.0,0.0,0.0,0.0,0.0,20.759,20.989,20.885,20.424,20.054,19.683999999999997,19.36,19.094,18.886,18.708,18.577,18.449,18.366,18.303,18.263,18.236,18.207,18.178,18.137,18.101,18.04
11702132733,0.0,0.0,0.0,0.0,0.0,0.0,0.0,0.0,0.0,0.0,0.0,0.0,0.0,0.0,0.0,0.0,0.0,0.0,0.0,0.0,0.0,17.899,18.098,18.008,17.611,17.291,16.973,16.692999999999998,16.464,16.284,16.131,16.017,15.907,15.836,15.782,15.747,15.724,15.698,15.674,15.639,15.607,15.555
11702132734,0.0,0.0,0.0,0.0,0.0,0.0,0.0,0.0,0.0,0.0,0.0,0.0,0.0,0.0,0.0,0.0,0.0,0.0,0.0,0.0,0.0,18.732,18.055999999999997,17.61,17.112,16.965,16.872,16.821,16.803,16.719,16.615000000000002,16.555,16.491,16.46,16.442999999999998,16.442,16.444,16.447,16.448,16.436,16.433,16.405
11702132735,0.0,0.0,0.0,0.0,0.0,0.0,0.0,0.0,0.0,0.0,0.0,0.0,0.0,0.0,0.0,0.0,0.0,0.0,0.0,0.0,0.0,17.899,18.098,18.008,17.611,17.291,16.973,16.692999999999998,16.464,16.284,16.131,16.017,15.907,15.836,15.782,15.747,15.724,15.698,15.674,15.639,15.607,15.555
11702132736,0.0,0.0,0.0,0.0,0.0,0.0,0.0,0.0,0.0,0.0,0.0,0.0,0.0,0.0,0.0,0.0,0.0,0.0,0.0,0.0,0.0,13.594,13.813,13.795000000000002,13.551,13.311,13.086,12.867,12.692,12.557,12.442,12.358,12.276,12.225,12.185,12.162,12.145,12.129,12.113,12.089,12.07,12.032
11702132737,0.0,0.0,0.0,0.0,0.0,0.0,0.0,0.0,0.0,0.0,0.0,0.0,0.0,0.0,0.0,0.0,0.0,0.0,0.0,0.0,0.0,18.304,17.883,17.377000000000002,16.49,16.208,15.961000000000002,15.802,15.678,15.607,15.541,15.498,15.442,15.421,15.407,15.404,15.41,15.408,15.408,15.393,15.385,15.355
11702132738,340.0,340.0,340.0,340.0,340.0,340.0,340.0,340.0,340.0,340.0,340.0,340.0,340.0,340.0,340.0,340.0,340.0,340.0,340.0,340.0,340.0,18.914,18.479,17.956,17.039,16.748,16.494,16.329,16.201,16.11,16.02,15.956,15.88,15.839,15.806,15.784,15.772,15.751,15.732,15.699,15.672,15.623
11702132739,0.0,0.0,0.0,0.0,0.0,0.0,0.0,0.0,0.0,0.0,0.0,0.0,0.0,0.0,0.0,0.0,0.0,0.0,0.0,0.0,0.0,20.496,20.796,20.789,20.429,20.153,19.847,19.59,19.378,19.219,19.083,18.989,18.892,18.838,18.799,18.777,18.765,18.749,18.736,18.709,18.688,18.64
11702132740,60.0,60.0,60.0,60.0,60.0,60.0,60.0,60.0,60.0,60.0,60.0,60.0,60.0,60.0,60.0,60.0,60.0,60.0,60.0,60.0,60.0,12.260000000000002,12.44,12.436,12.221,12.055,11.872,11.719,11.592,11.497,11.416,11.359,11.302,11.27,11.246,11.233,11.226,11.216,11.208,11.192,11.18,11.151
11702132741,0.0,0.0,0.0,0.0,0.0,0.0,0.0,0.0,0.0,0.0,0.0,0.0,0.0,0.0,0.0,0.0,0.0,0.0,0.0,0.0,0.0,12.851,12.804,12.602,12.165,11.921,11.687,11.506,11.358,11.248,11.149,11.076,11.001,10.954,10.914,10.886,10.864,10.84,10.816,10.784,10.756,10.714
11702132742,0.0,0.0,0.0,0.0,0.0,0.0,0.0,0.0,0.0,0.0,0.0,0.0,0.0,0.0,0.0,0.0,0.0,0.0,0.0,0.0,0.0,18.491,18.422,18.132,17.503,17.152,16.814,16.556,16.343,16.184,16.041999999999998,15.938,15.829,15.76,15.704,15.663,15.633,15.597,15.563,15.516,15.476,15.415
11702132743,0.0,0.0,0.0,0.0,0.0,0.0,0.0,0.0,0.0,0.0,0.0,0.0,0.0,0.0,0.0,0.0,0.0,0.0,0.0,0.0,0.0,15.969,16.247,16.249,15.985,15.719,15.477,15.237,15.054000000000002,14.918,14.806,14.723,14.642,14.593,14.554,14.534,14.521999999999998,14.513,14.509,14.492,14.483,14.452000000000002
11702132744,0.0,0.0,0.0,0.0,0.0,0.0,0.0,0.0,0.0,0.0,0.0,0.0,0.0,0.0,0.0,0.0,0.0,0.0,0.0,0.0,0.0,10.015,10.736,11.284,11.678,11.834,11.89,11.914,11.928999999999998,11.953,11.976,12.009,12.037,12.084,12.124,12.169,12.204,12.234,12.269,12.298,12.329999999999998,12.338
11702132745,0.0,0.0,0.0,0.0,0.0,0.0,0.0,0.0,0.0,0.0,0.0,0.0,0.0,0.0,0.0,0.0,0.0,0.0,0.0,0.0,0.0,14.88,14.796,14.564,14.049,13.826,13.602,13.441,13.312,13.223,13.145,13.09,13.032,13.002,12.979,12.97,12.968,12.963,12.96,12.947,12.938,12.91
11702132746,0.0,0.0,0.0,0.0,0.0,0.0,0.0,0.0,0.0,0.0,0.0,0.0,0.0,0.0,0.0,0.0,0.0,0.0,0.0,0.0,0.0,12.299,12.23,12.038,11.613,11.428,11.244,11.109,11.003,10.93,10.865,10.821,10.772,10.747,10.729,10.721,10.72,10.715,10.714,10.702,10.694,10.672
11702132747,0.0,0.0,0.0,0.0,0.0,0.0,0.0,0.0,0.0,0.0,0.0,0.0,0.0,0.0,0.0,0.0,0.0,0.0,0.0,0.0,0.0,15.395,15.309,15.069,14.537,14.305,14.074,13.907,13.773,13.682,13.601,13.545,13.484000000000002,13.453,13.43,13.420000000000002,13.418,13.412,13.41,13.396,13.387,13.358
11702132748,0.0,0.0,0.0,0.0,0.0,0.0,0.0,0.0,0.0,0.0,0.0,0.0,0.0,0.0,0.0,0.0,0.0,0.0,0.0,0.0,0.0,12.782,12.955,13.014,13.18,14.273,15.339,16.475,17.694000000000003,18.278,18.797,19.258,19.625,19.945,20.177999999999997,20.358,20.482,20.56,20.608,20.621,20.616999999999997,20.573
11702132749,0.0,0.0,0.0,0.0,0.0,0.0,0.0,0.0,0.0,0.0,0.0,0.0,0.0,0.0,0.0,0.0,0.0,0.0,0.0,0.0,0.0,18.391,18.639,18.723,18.159,17.235,16.486,15.955,15.592,15.964,16.421,16.823999999999998,17.148,17.43,17.634,17.794,17.903,17.975,18.019,18.032,18.031,17.994
11702132750,0.0,0.0,0.0,0.0,0.0,0.0,0.0,0.0,0.0,0.0,0.0,0.0,0.0,0.0,0.0,0.0,0.0,0.0,0.0,0.0,0.0,18.575000000000003,18.873,18.851,18.517000000000003,18.188,17.881999999999998,17.582,17.344,17.158,17.001,16.886,16.774,16.703,16.65,16.618000000000002,16.596,16.572000000000003,16.551000000000002,16.519,16.492,16.441
11702132801,0.0,0.0,0.0,0.0,0.0,0.0,0.0,0.0,0.0,0.0,0.0,0.0,0.0,0.0,0.0,0.0,0.0,0.0,0.0,0.0,0.0,40.867,41.858,50.197,61.745000000000005,65.299,66.352,66.675,67.314,67.142,65.885,64.87700000000001,64.11,63.503,63.086,62.809,62.7,62.625,62.626999999999995,62.601,62.605,62.526
11702132802,0.0,0.0,0.0,0.0,0.0,0.0,0.0,0.0,0.0,0.0,0.0,0.0,0.0,0.0,0.0,0.0,0.0,0.0,0.0,0.0,0.0,30.131,30.860999999999997,28.254,28.107,29.278,29.752,29.898,30.187,30.110999999999997,29.549,29.099000000000004,28.757,28.485,28.3,28.177,28.129,28.098,28.1,28.091,28.094,28.06
11702132803,0.0,0.0,0.0,0.0,0.0,0.0,0.0,0.0,0.0,0.0,0.0,0.0,0.0,0.0,0.0,0.0,0.0,0.0,0.0,0.0,0.0,17.012,17.571,17.057,17.098,23.255000000000003,23.938,24.406,24.624,24.797,25.155,24.959,24.892000000000003,24.851,24.823,24.808999999999997,24.832,24.833,24.86,24.842,24.855,24.812
11702132804,0.0,0.0,0.0,0.0,0.0,0.0,0.0,0.0,0.0,0.0,0.0,0.0,0.0,0.0,0.0,0.0,0.0,0.0,0.0,0.0,0.0,12.891,13.315,12.926000000000002,12.957,12.611,12.982,13.236,13.355,13.449,13.643,13.536,13.501,13.479,13.464,13.457,13.469,13.47,13.485,13.474999999999998,13.483,13.46
11702132805,0.0,0.0,0.0,0.0,0.0,0.0,0.0,0.0,0.0,0.0,0.0,0.0,0.0,0.0,0.0,0.0,0.0,0.0,0.0,0.0,0.0,1.905,1.961,1.912,1.919,1.882,1.851,1.835,1.833,1.839,1.818,1.808,1.8,1.775,1.763,1.751,1.746,1.742,1.751,1.7679999999999998,1.766,1.77
11702132806,0.0,0.0,0.0,0.0,0.0,0.0,0.0,0.0,0.0,0.0,0.0,0.0,0.0,0.0,0.0,0.0,0.0,0.0,0.0,0.0,0.0,18.074,18.669,18.123,18.167,17.681,18.201,18.558,18.724,18.855,19.129,18.979,18.929,18.899,18.878,18.866,18.885,18.886,18.907,18.894,18.904,18.872
11702132807,0.0,0.0,0.0,0.0,0.0,0.0,0.0,0.0,0.0,0.0,0.0,0.0,0.0,0.0,0.0,0.0,0.0,0.0,0.0,0.0,0.0,41.724,42.693,41.154,40.942,40.39,39.954,39.64,39.392,39.186,39.004000000000005,38.919,38.887,38.875,38.92,38.974,39.079,39.162,39.271,39.328,39.391000000000005,39.384
11702132808,0.0,0.0,0.0,0.0,0.0,0.0,0.0,0.0,0.0,0.0,0.0,0.0,0.0,0.0,0.0,0.0,0.0,0.0,0.0,0.0,0.0,23.819000000000003,24.372,23.494,23.372,23.057,22.809,22.629,22.487,22.37,22.266,22.218,22.199,22.193,22.218,22.249,22.309,22.356,22.418,22.451,22.488,22.482
11702132809,0.0,0.0,0.0,0.0,0.0,0.0,0.0,0.0,0.0,0.0,0.0,0.0,0.0,0.0,0.0,0.0,0.0,0.0,0.0,0.0,0.0,14.784,15.127,14.582,14.507,14.311,14.157,14.046,13.957,13.885,13.821,13.79,13.778,13.775,13.79,13.81,13.847,13.876,13.914,13.935,13.958,13.954
11702132810,57.0,57.0,57.0,57.0,57.0,57.0,57.0,57.0,57.0,57.0,57.0,57.0,57.0,57.0,57.0,57.0,57.0,57.0,57.0,57.0,57.0,30.884,31.505,30.24,29.936,29.418,28.982,28.683,28.438,28.244,28.08,27.994,27.952,27.931,27.959000000000003,28.0,28.085,28.156999999999996,28.244999999999997,28.296,28.352,28.356
11702132811,0.0,0.0,0.0,0.0,0.0,0.0,0.0,0.0,0.0,0.0,0.0,0.0,0.0,0.0,0.0,0.0,0.0,0.0,0.0,0.0,0.0,32.952999999999996,33.617,32.266,31.943,31.388,30.924,30.605000000000004,30.342999999999996,30.137,29.961999999999996,29.87,29.825000000000003,29.801,29.832,29.876,29.968,30.043,30.138,30.192,30.251,30.256
11702132812,0.0,0.0,0.0,0.0,0.0,0.0,0.0,0.0,0.0,0.0,0.0,0.0,0.0,0.0,0.0,0.0,0.0,0.0,0.0,0.0,0.0,15.77,16.085,15.43,15.257,14.967,14.745,14.619,14.515999999999998,14.434,14.35,14.301,14.27,14.245,14.251,14.259,14.288,14.311,14.35,14.369,14.385000000000002,14.383
11702132813,0.0,0.0,0.0,0.0,0.0,0.0,0.0,0.0,0.0,0.0,0.0,0.0,0.0,0.0,0.0,0.0,0.0,0.0,0.0,0.0,0.0,12.723,12.978,12.45,12.31,12.076,11.896,11.794,11.712,11.645,11.579,11.539,11.513,11.493,11.498,11.504,11.528,11.546,11.578,11.593,11.605,11.604
11702132814,90.0,90.0,90.0,90.0,90.0,90.0,90.0,90.0,90.0,90.0,90.0,90.0,90.0,90.0,90.0,90.0,90.0,90.0,90.0,90.0,90.0,21.862,22.299,21.392,21.152,20.75,20.441,20.266,20.125,20.01,19.895,19.827,19.783,19.75,19.757,19.769,19.808999999999997,19.84,19.896,19.92,19.943,19.939
11702132815,0.0,0.0,0.0,0.0,0.0,0.0,0.0,0.0,0.0,0.0,0.0,0.0,0.0,0.0,0.0,0.0,0.0,0.0,0.0,0.0,0.0,31.841,32.458,31.114,30.848,30.448,30.132,29.963,29.822000000000003,29.718000000000004,29.618,29.583,29.581000000000003,29.586,29.633,29.678,29.759,29.819000000000003,29.901000000000003,29.943,29.986,29.976
11702132816,0.0,0.0,0.0,0.0,0.0,0.0,0.0,0.0,0.0,0.0,0.0,0.0,0.0,0.0,0.0,0.0,0.0,0.0,0.0,0.0,0.0,0.52,0.533,0.488,0.485,0.505,0.513,0.516,0.52,0.519,0.51,0.501,0.496,0.491,0.488,0.486,0.485,0.484,0.484,0.485,0.484,0.484
11702132817,247.0,247.0,247.0,247.0,247.0,247.0,247.0,247.0,247.0,247.0,247.0,247.0,247.0,247.0,247.0,247.0,247.0,247.0,247.0,247.0,247.0,41.131,41.56,39.59,38.849,38.036,37.472,37.05,36.762,36.517,36.299,36.17,36.098,36.059,36.086,36.123999999999995,36.213,36.286,36.394,36.442,36.501000000000005,36.498999999999995
11702132818,0.0,0.0,0.0,0.0,0.0,0.0,0.0,0.0,0.0,0.0,0.0,0.0,0.0,0.0,0.0,0.0,0.0,0.0,0.0,0.0,0.0,15.284,15.787,15.324,15.361,17.278,17.786,18.134,18.297,18.425,18.692,18.545,18.496,18.466,18.445,18.434,18.451,18.454,18.473,18.46,18.47,18.438
11702132819,0.0,0.0,0.0,0.0,0.0,0.0,0.0,0.0,0.0,0.0,0.0,0.0,0.0,0.0,0.0,0.0,0.0,0.0,0.0,0.0,0.0,24.287999999999997,25.495,25.308,25.829,25.897,25.957,25.935,25.926,25.89,25.844,25.843000000000004,25.851,25.882,25.921,25.961,26.023,26.061,26.115,26.129,26.159,26.133000000000003
11702132820,0.0,0.0,0.0,0.0,0.0,0.0,0.0,0.0,0.0,0.0,0.0,0.0,0.0,0.0,0.0,0.0,0.0,0.0,0.0,0.0,0.0,54.808,57.532,57.11,58.285,58.44,58.57599999999999,58.526,58.504999999999995,58.42400000000001,58.321,58.319,58.336,58.406000000000006,58.495000000000005,58.583,58.724999999999994,58.81099999999999,58.93300000000001,58.965,59.032,58.974
11702132821,100.0,100.0,100.0,100.0,100.0,100.0,100.0,100.0,100.0,100.0,100.0,100.0,100.0,100.0,100.0,100.0,100.0,100.0,100.0,100.0,100.0,37.986,39.686,39.177,39.876000000000005,39.91,39.899,39.875,39.85,39.801,39.726,39.726,39.758,39.798,39.878,39.954,40.069,40.157,40.275,40.35,40.423,40.428
11702132822,0.0,0.0,0.0,0.0,0.0,0.0,0.0,0.0,0.0,0.0,0.0,0.0,0.0,0.0,0.0,0.0,0.0,0.0,0.0,0.0,0.0,27.133000000000003,28.347,27.984,28.482,28.507,28.5,28.482,28.464,28.429,28.376,28.376,28.399,28.428,28.484,28.539,28.621,28.684,28.768,28.822000000000003,28.873,28.877
11702163601,40.0,40.0,40.0,40.0,40.0,40.0,40.0,40.0,40.0,40.0,40.0,40.0,40.0,40.0,40.0,40.0,40.0,40.0,40.0,40.0,40.0,42.328,43.035,41.783,40.373,39.236,38.427,37.235,36.369,35.713,35.206,34.843,34.574,34.387,34.268,34.16,34.129,34.045,34.0,33.93,33.861,33.763999999999996
11702163602,0.0,0.0,0.0,0.0,0.0,0.0,0.0,0.0,0.0,0.0,0.0,0.0,0.0,0.0,0.0,0.0,0.0,0.0,0.0,0.0,0.0,22.577,22.692,21.885,21.184,20.552,19.909999999999997,19.466,19.094,18.821,18.613,18.469,18.362,18.293,18.257,18.221,18.222,18.194,18.186,18.162,18.137,18.094
11702163603,55.0,55.0,55.0,55.0,55.0,55.0,55.0,55.0,55.0,55.0,55.0,55.0,55.0,55.0,55.0,55.0,55.0,55.0,55.0,55.0,55.0,21.149,21.407,20.827,20.36,19.924,19.458,19.158,18.889000000000003,18.722,18.587,18.512,18.444000000000003,18.402,18.399,18.395,18.409,18.413,18.436,18.447,18.449,18.432
11702163604,0.0,0.0,0.0,0.0,0.0,0.0,0.0,0.0,0.0,0.0,0.0,0.0,0.0,0.0,0.0,0.0,0.0,0.0,0.0,0.0,0.0,30.475,30.492,29.284,28.195,27.363,26.563,26.04,25.603,25.307,25.082,24.954,24.84,24.766,24.747,24.717,24.732,24.726,24.737,24.729999999999997,24.717,24.693
11702163605,49.0,49.0,49.0,49.0,49.0,49.0,49.0,49.0,49.0,49.0,49.0,49.0,49.0,49.0,49.0,49.0,49.0,49.0,49.0,49.0,49.0,20.688,20.953,20.481,20.152,19.894,19.581,19.417,19.267,19.177,19.11,19.086,19.048,19.044,19.043,19.028,19.029,19.001,18.979,18.942,18.904,18.852
11702163606,0.0,0.0,0.0,0.0,0.0,0.0,0.0,0.0,0.0,0.0,0.0,0.0,0.0,0.0,0.0,0.0,0.0,0.0,0.0,0.0,0.0,24.08,26.247,26.502,26.498,27.519,25.753,24.592,23.564,22.752,22.115,21.626,21.236,20.953000000000003,20.741,20.58,20.473,20.372,20.301,20.223,20.153,20.069
11702163607,0.0,0.0,0.0,0.0,0.0,0.0,0.0,0.0,0.0,0.0,0.0,0.0,0.0,0.0,0.0,0.0,0.0,0.0,0.0,0.0,0.0,24.848,25.168,24.601,24.206,23.896,23.519,23.323,23.143,23.035,22.954,22.924999999999997,22.88,22.875,22.874,22.854999999999997,22.856,22.822,22.796999999999997,22.753,22.707,22.644
11702163608,0.0,0.0,0.0,0.0,0.0,0.0,0.0,0.0,0.0,0.0,0.0,0.0,0.0,0.0,0.0,0.0,0.0,0.0,0.0,0.0,0.0,24.322,24.735,24.225,23.856,23.502,23.074,22.817,22.585,22.43,22.319000000000003,22.265,22.209000000000003,22.196,22.199,22.19,22.208,22.193,22.192,22.171,22.146,22.104
11702163609,0.0,0.0,0.0,0.0,0.0,0.0,0.0,0.0,0.0,0.0,0.0,0.0,0.0,0.0,0.0,0.0,0.0,0.0,0.0,0.0,0.0,17.188000000000002,17.197,16.516,15.902,15.433,14.981,14.686,14.439,14.273,14.146,14.073,14.009,13.968,13.957,13.939,13.949,13.946000000000002,13.951,13.947,13.94,13.926
11702163610,0.0,0.0,0.0,0.0,0.0,0.0,0.0,0.0,0.0,0.0,0.0,0.0,0.0,0.0,0.0,0.0,0.0,0.0,0.0,0.0,0.0,21.305,21.816,21.427,21.046999999999997,20.717,20.409,20.077,19.953,20.172,20.497,20.664,20.675,20.692,20.721,20.703,20.668,20.612,20.576,20.535,20.496,20.453
11702163611,0.0,0.0,0.0,0.0,0.0,0.0,0.0,0.0,0.0,0.0,0.0,0.0,0.0,0.0,0.0,0.0,0.0,0.0,0.0,0.0,0.0,19.419,19.884,19.529,19.183,18.883,18.602,18.299,18.247,18.599,19.044,19.24,19.251,19.266,19.293,19.277,19.243,19.191,19.158,19.119,19.081,19.042
11702163612,30.0,30.0,30.0,30.0,30.0,30.0,30.0,30.0,30.0,30.0,30.0,30.0,30.0,30.0,30.0,30.0,30.0,30.0,30.0,30.0,30.0,26.632,26.768,25.817,24.99,24.244,23.486,22.963,22.524,22.202,21.957,21.787,21.66,21.58,21.536,21.494,21.496,21.463,21.453,21.425,21.395,21.345
11702163613,0.0,0.0,0.0,0.0,0.0,0.0,0.0,0.0,0.0,0.0,0.0,0.0,0.0,0.0,0.0,0.0,0.0,0.0,0.0,0.0,0.0,28.554,29.298,28.897999999999996,28.738,28.442,28.244,27.986,27.895,27.687,27.406,27.369,27.1,26.816,26.535,26.313,26.176,26.013,25.903,25.791,25.692,25.587
11702163614,0.0,0.0,0.0,0.0,0.0,0.0,0.0,0.0,0.0,0.0,0.0,0.0,0.0,0.0,0.0,0.0,0.0,0.0,0.0,0.0,0.0,31.296,31.677,30.819,30.129,29.483000000000004,28.793999999999997,28.35,27.952,27.702999999999996,27.504,27.394,27.292,27.231,27.226999999999997,27.219,27.241,27.247,27.281,27.298,27.301,27.274
11702163615,65.0,65.0,65.0,65.0,65.0,65.0,65.0,65.0,65.0,65.0,65.0,65.0,65.0,65.0,65.0,65.0,65.0,65.0,65.0,65.0,65.0,24.373,24.686,24.129,23.743,23.439,23.069,22.876,22.701,22.593,22.515,22.486,22.442,22.436,22.436,22.417,22.419,22.385,22.361,22.317,22.272,22.211
11702163616,0.0,0.0,0.0,0.0,0.0,0.0,0.0,0.0,0.0,0.0,0.0,0.0,0.0,0.0,0.0,0.0,0.0,0.0,0.0,0.0,0.0,26.217,26.762,26.34,26.092999999999996,25.797,25.423,25.219,25.037,24.933,24.856,24.843,24.835,24.848,24.892,24.92,24.972,24.999,25.045,25.068,25.087000000000003,25.089
11702163617,64.0,64.0,64.0,64.0,64.0,64.0,64.0,64.0,64.0,64.0,64.0,64.0,64.0,64.0,64.0,64.0,64.0,64.0,64.0,64.0,64.0,25.686,25.817,24.899,24.101,23.382,22.652,22.147,21.723,21.414,21.177,21.16,21.037,20.959,20.917,20.874,20.876,20.845,20.836,20.808,20.779,20.731
11702163618,0.0,0.0,0.0,0.0,0.0,0.0,0.0,0.0,0.0,0.0,0.0,0.0,0.0,0.0,0.0,0.0,0.0,0.0,0.0,0.0,0.0,31.508000000000003,32.260999999999996,31.683,31.118,30.627,30.169,29.674999999999997,29.221,28.884,28.71,28.755000000000003,28.77,28.793,28.831000000000003,28.806,28.755,28.678,28.627,28.569,28.512,28.453
11702163619,207.0,207.0,207.0,207.0,207.0,207.0,207.0,207.0,207.0,207.0,207.0,207.0,207.0,207.0,207.0,207.0,207.0,207.0,207.0,207.0,207.0,24.644,25.289,25.683,26.255,26.673,27.15,27.543999999999997,27.829,27.623,27.345,27.034,26.770000000000003,26.49,26.215,25.998,25.863999999999997,25.705,25.598,25.488999999999997,25.393,25.29
11702163620,0.0,0.0,0.0,0.0,0.0,0.0,0.0,0.0,0.0,0.0,0.0,0.0,0.0,0.0,0.0,0.0,0.0,0.0,0.0,0.0,0.0,24.749,25.166,24.436,23.616,22.954,22.483,21.79,21.285,20.904,20.610999999999997,20.59,20.435,20.327,20.258000000000003,20.197000000000003,20.182,20.134,20.111,20.072000000000003,20.034,19.979
11702163621,275.0,275.0,275.0,275.0,275.0,275.0,275.0,275.0,275.0,275.0,275.0,275.0,275.0,275.0,275.0,275.0,275.0,275.0,275.0,275.0,275.0,19.216,19.615,19.306,19.124,18.909,18.634,18.484,18.351,18.275,18.219,18.209,18.203000000000003,18.212,18.245,18.265,18.304,18.324,18.356,18.374,18.387,18.389
11702163622,0.0,0.0,0.0,0.0,0.0,0.0,0.0,0.0,0.0,0.0,0.0,0.0,0.0,0.0,0.0,0.0,0.0,0.0,0.0,0.0,0.0,19.813,20.149,19.734,19.432,19.146,18.797,18.587,18.398,18.272,18.180999999999997,18.137,18.092,18.08,18.083,18.076,18.09,18.08,18.078,18.06,18.04,18.005
11702163623,0.0,0.0,0.0,0.0,0.0,0.0,0.0,0.0,0.0,0.0,0.0,0.0,0.0,0.0,0.0,0.0,0.0,0.0,0.0,0.0,0.0,29.155,29.413,28.508,27.728,27.063,26.364,25.895,25.496,25.208,24.987,24.83,24.738,24.682,24.658,24.628,24.645,24.611,24.604,24.576,24.546,24.493
11702163624,50.0,50.0,50.0,50.0,50.0,50.0,50.0,50.0,50.0,50.0,50.0,50.0,50.0,50.0,50.0,50.0,50.0,50.0,50.0,50.0,50.0,36.608,39.877,40.242,40.21,41.733,39.032,37.25,35.672,34.422,33.437,32.68,32.07,31.623,31.284,31.023,30.842999999999996,30.672,30.548,30.412999999999997,30.289,30.144
11702163625,0.0,0.0,0.0,0.0,0.0,0.0,0.0,0.0,0.0,0.0,0.0,0.0,0.0,0.0,0.0,0.0,0.0,0.0,0.0,0.0,0.0,27.262,27.594,26.846000000000004,26.245,25.683,25.082,24.696,24.349,24.132,23.959000000000003,23.862,23.775,23.721,23.717,23.711,23.729,23.734,23.764,23.779,23.782,23.759
11702163626,0.0,0.0,0.0,0.0,0.0,0.0,0.0,0.0,0.0,0.0,0.0,0.0,0.0,0.0,0.0,0.0,0.0,0.0,0.0,0.0,0.0,23.334,23.727,23.04,22.267,21.642,21.199,20.544,20.069000000000003,19.709,19.433,19.234,19.088,18.988,18.925,18.868,18.853,18.809,18.788,18.751,18.715,18.664
11702163627,45.0,45.0,45.0,45.0,45.0,45.0,45.0,45.0,45.0,45.0,45.0,45.0,45.0,45.0,45.0,45.0,45.0,45.0,45.0,45.0,45.0,28.318,28.569000000000003,27.691000000000003,26.932,26.286,25.607,25.152,24.764,24.484,24.27,24.302999999999997,24.212,24.158,24.134,24.104,24.122,24.088,24.081,24.053,24.024,23.972
11702163628,0.0,0.0,0.0,0.0,0.0,0.0,0.0,0.0,0.0,0.0,0.0,0.0,0.0,0.0,0.0,0.0,0.0,0.0,0.0,0.0,0.0,21.282,21.555,21.069,20.731,20.466,20.143,19.974,19.821,19.728,19.66,19.634,19.596,19.591,19.59,19.575,19.576,19.546,19.525,19.487,19.448,19.394
11702163629,0.0,0.0,0.0,0.0,0.0,0.0,0.0,0.0,0.0,0.0,0.0,0.0,0.0,0.0,0.0,0.0,0.0,0.0,0.0,0.0,0.0,11.532,11.681,11.417,11.234,11.091,10.916,10.825,10.741,10.691,10.653,10.64,10.619,10.617,10.616,10.607,10.608,10.593,10.581,10.56,10.539,10.509
11702163630,0.0,0.0,0.0,0.0,0.0,0.0,0.0,0.0,0.0,0.0,0.0,0.0,0.0,0.0,0.0,0.0,0.0,0.0,0.0,0.0,0.0,16.493000000000002,16.576999999999998,15.988,15.475,15.014,14.544999999999998,14.221,13.948,13.75,13.597,13.492,13.414,13.364,13.337,13.311,13.312,13.292,13.286,13.268,13.25,13.219
11702163701,60.0,60.0,60.0,60.0,60.0,60.0,60.0,60.0,60.0,60.0,60.0,60.0,60.0,60.0,60.0,60.0,60.0,60.0,60.0,60.0,60.0,35.851,36.624,37.09,36.295,35.932,35.414,35.001,34.595,34.296,34.067,33.911,33.786,33.705,33.677,33.674,33.708999999999996,33.731,33.769,33.782,33.787,33.758
11702163702,0.0,0.0,0.0,0.0,0.0,0.0,0.0,0.0,0.0,0.0,0.0,0.0,0.0,0.0,0.0,0.0,0.0,0.0,0.0,0.0,0.0,35.277,36.525,37.751,37.633,37.870000000000005,37.859,37.869,37.789,37.702,37.562,37.415,37.253,37.11,37.013,36.941,36.913,36.875,36.861999999999995,36.827,36.787,36.717
11702163703,0.0,0.0,0.0,0.0,0.0,0.0,0.0,0.0,0.0,0.0,0.0,0.0,0.0,0.0,0.0,0.0,0.0,0.0,0.0,0.0,0.0,16.570999999999998,17.072000000000003,17.439,17.22,17.139,16.966,16.823999999999998,16.671,16.554,16.463,16.41,16.372,16.349999999999998,16.357,16.37,16.404,16.429,16.463,16.481,16.492,16.490000000000002
11702163704,0.0,0.0,0.0,0.0,0.0,0.0,0.0,0.0,0.0,0.0,0.0,0.0,0.0,0.0,0.0,0.0,0.0,0.0,0.0,0.0,0.0,22.664,22.166,21.999,21.183,21.713,22.382,23.258000000000003,24.165,25.138,26.076,26.98,27.838,28.687,29.535,30.368,31.212,32.018,32.822,33.586,34.331,35.035
11702163705,0.0,0.0,0.0,0.0,0.0,0.0,0.0,0.0,0.0,0.0,0.0,0.0,0.0,0.0,0.0,0.0,0.0,0.0,0.0,0.0,0.0,23.331000000000003,25.534999999999997,27.639000000000003,29.087,29.886000000000003,30.268,30.494,30.588,30.647,30.689,30.767000000000003,30.85,30.948,31.058999999999997,31.164,31.272,31.368,31.477,31.571,31.653,31.706
11702163706,0.0,0.0,0.0,0.0,0.0,0.0,0.0,0.0,0.0,0.0,0.0,0.0,0.0,0.0,0.0,0.0,0.0,0.0,0.0,0.0,0.0,25.025,25.969,26.704,26.590000000000003,26.574,26.384,26.203,25.998,25.843,25.726,25.656,25.606,25.586,25.601,25.631,25.685,25.728,25.786,25.825000000000003,25.856,25.864
11702163707,0.0,0.0,0.0,0.0,0.0,0.0,0.0,0.0,0.0,0.0,0.0,0.0,0.0,0.0,0.0,0.0,0.0,0.0,0.0,0.0,0.0,21.713,22.532,23.17,23.071,23.057,22.892000000000003,22.736,22.557,22.423,22.321,22.26,22.217,22.199,22.212,22.238999999999997,22.286,22.323,22.372,22.407,22.435,22.44
11702163708,0.0,0.0,0.0,0.0,0.0,0.0,0.0,0.0,0.0,0.0,0.0,0.0,0.0,0.0,0.0,0.0,0.0,0.0,0.0,0.0,0.0,21.056,21.996,22.811,22.516,22.271,21.89,21.603,21.361,21.21,21.129,21.105,21.104999999999997,21.134,21.192,21.259,21.342,21.409,21.48,21.529,21.566,21.579
11702163709,72.0,72.0,72.0,72.0,72.0,72.0,72.0,72.0,72.0,72.0,72.0,72.0,72.0,72.0,72.0,72.0,72.0,72.0,72.0,72.0,72.0,20.843,21.558999999999997,22.163,22.014,22.002,21.883,21.85,21.777,21.716,21.679,21.721,21.793,21.854,21.976,22.096,22.257,22.388,22.53,22.643,22.711,22.779
11702163710,0.0,0.0,0.0,0.0,0.0,0.0,0.0,0.0,0.0,0.0,0.0,0.0,0.0,0.0,0.0,0.0,0.0,0.0,0.0,0.0,0.0,13.54,13.451,13.363,12.912,12.909,12.906,12.91,12.883,12.854,12.808,12.758,12.704,12.656,12.624,12.599,12.591,12.578,12.575,12.564,12.551,12.528
11702163711,147.0,147.0,147.0,147.0,147.0,147.0,147.0,147.0,147.0,147.0,147.0,147.0,147.0,147.0,147.0,147.0,147.0,147.0,147.0,147.0,147.0,22.538,23.091,23.445,22.499,22.274,22.166,22.087,21.98,21.926,21.865,21.814,21.759,21.716,21.701,21.698,21.717,21.727,21.75,21.758,21.76,21.744
11702163712,0.0,0.0,0.0,0.0,0.0,0.0,0.0,0.0,0.0,0.0,0.0,0.0,0.0,0.0,0.0,0.0,0.0,0.0,0.0,0.0,0.0,13.119,13.515,13.805,13.633,13.568,13.431,13.319,13.198,13.105,13.032,12.991,12.962,12.944,12.949,12.959,12.986,13.006,13.033,13.047,13.057,13.055
11702163713,0.0,0.0,0.0,0.0,0.0,0.0,0.0,0.0,0.0,0.0,0.0,0.0,0.0,0.0,0.0,0.0,0.0,0.0,0.0,0.0,0.0,31.752,32.318,32.678,31.998,32.587,33.244,34.001999999999995,34.804,35.730999999999995,36.761,37.886,39.052,40.274,41.551,42.855999999999995,44.19799999999999,45.518,46.851,48.142,49.414,50.629
11702163714,0.0,0.0,0.0,0.0,0.0,0.0,0.0,0.0,0.0,0.0,0.0,0.0,0.0,0.0,0.0,0.0,0.0,0.0,0.0,0.0,0.0,9.752,10.12,10.407,10.363,10.356,10.282,10.212,10.131,10.071,10.026,9.999,9.979,9.971,9.977,9.988,10.01,10.027,10.049,10.064,10.076,10.079
11702163715,0.0,0.0,0.0,0.0,0.0,0.0,0.0,0.0,0.0,0.0,0.0,0.0,0.0,0.0,0.0,0.0,0.0,0.0,0.0,0.0,0.0,15.751,15.646999999999998,15.544999999999998,15.02,15.017,15.013,15.018,14.987,14.953,14.898,14.841,14.779,14.722,14.685,14.657,14.647,14.633,14.628,14.615000000000002,14.601,14.573
11702163716,0.0,0.0,0.0,0.0,0.0,0.0,0.0,0.0,0.0,0.0,0.0,0.0,0.0,0.0,0.0,0.0,0.0,0.0,0.0,0.0,0.0,22.326,22.455,22.462,21.981,21.364,20.677,20.218,19.906,19.745,19.704,19.751,19.834,19.944,20.077,20.213,20.354,20.473,20.586,20.668,20.732,20.764
11702163717,0.0,0.0,0.0,0.0,0.0,0.0,0.0,0.0,0.0,0.0,0.0,0.0,0.0,0.0,0.0,0.0,0.0,0.0,0.0,0.0,0.0,23.137,23.269,23.274,22.775,23.429,24.322000000000003,25.391,26.584,27.94,29.447000000000003,31.086,32.791,34.556,36.379,38.226,40.104,41.962,43.819,45.629000000000005,47.409000000000006,49.123000000000005
11702163718,59.0,59.0,59.0,59.0,59.0,59.0,59.0,59.0,59.0,59.0,59.0,59.0,59.0,59.0,59.0,59.0,59.0,59.0,59.0,59.0,59.0,26.01,26.761,27.254,26.834000000000003,26.636,26.298,25.991999999999997,25.68,25.436,25.241,25.1,24.982,24.899,24.858,24.837,24.845,24.847,24.863,24.86,24.853,24.822
11702163719,54.0,54.0,54.0,54.0,54.0,54.0,54.0,54.0,54.0,54.0,54.0,54.0,54.0,54.0,54.0,54.0,54.0,54.0,54.0,54.0,54.0,28.71,29.167,29.378,28.56,28.124,27.601,27.17,26.767,26.465000000000003,26.23,26.062,25.923,25.827,25.776,25.748,25.752,25.747,25.758000000000003,25.75,25.736,25.697000000000003
11702163720,0.0,0.0,0.0,0.0,0.0,0.0,0.0,0.0,0.0,0.0,0.0,0.0,0.0,0.0,0.0,0.0,0.0,0.0,0.0,0.0,0.0,14.953,15.466,15.9,15.793,15.784,15.698,15.674,15.623,15.579,15.552,15.582,15.634,15.678,15.765,15.851,15.967,16.061,16.163,16.244,16.293,16.341
11702163721,0.0,0.0,0.0,0.0,0.0,0.0,0.0,0.0,0.0,0.0,0.0,0.0,0.0,0.0,0.0,0.0,0.0,0.0,0.0,0.0,0.0,21.405,22.051,22.525,22.243,22.138,21.914,21.731,21.534,21.381,21.264,21.196,21.147,21.119,21.127,21.145,21.189,21.221,21.264,21.288,21.303,21.3
11702163722,90.0,90.0,90.0,90.0,90.0,90.0,90.0,90.0,90.0,90.0,90.0,90.0,90.0,90.0,90.0,90.0,90.0,90.0,90.0,90.0,90.0,13.831,14.129,14.308,14.002,13.861,13.662,13.502,13.345,13.230999999999998,13.142,13.082,13.034,13.002,12.992,12.991,13.003,13.012,13.027,13.033,13.034,13.023
11702163723,0.0,0.0,0.0,0.0,0.0,0.0,0.0,0.0,0.0,0.0,0.0,0.0,0.0,0.0,0.0,0.0,0.0,0.0,0.0,0.0,0.0,10.528,10.021999999999998,9.689,8.862,8.797,8.868,9.017,9.171,9.344,9.496,9.631,9.744,9.849,9.951,10.044,10.137,10.214,10.289,10.348,10.4,10.437
11702163724,0.0,0.0,0.0,0.0,0.0,0.0,0.0,0.0,0.0,0.0,0.0,0.0,0.0,0.0,0.0,0.0,0.0,0.0,0.0,0.0,0.0,11.246,12.057,12.79,13.183,13.338,13.328,13.294,13.232,13.184,13.15,13.14,13.137999999999998,13.149,13.168,13.19,13.214000000000002,13.232,13.253,13.265,13.272,13.265
11702163725,210.0,210.0,210.0,210.0,210.0,210.0,210.0,210.0,210.0,210.0,210.0,210.0,210.0,210.0,210.0,210.0,210.0,210.0,210.0,210.0,210.0,23.589,25.289,26.827,27.654,28.279,28.656,28.979,29.237,29.522999999999996,29.839,30.207,30.595,31.01,31.446,31.89,32.339999999999996,32.772000000000006,33.217,33.64,34.049,34.422
11702163726,0.0,0.0,0.0,0.0,0.0,0.0,0.0,0.0,0.0,0.0,0.0,0.0,0.0,0.0,0.0,0.0,0.0,0.0,0.0,0.0,0.0,11.868,12.316,12.665,12.611,12.603,12.513,12.427,12.329,12.257,12.201,12.168,12.145,12.134,12.141,12.156,12.182,12.202,12.23,12.248,12.263,12.266
11702163727,0.0,0.0,0.0,0.0,0.0,0.0,0.0,0.0,0.0,0.0,0.0,0.0,0.0,0.0,0.0,0.0,0.0,0.0,0.0,0.0,0.0,16.869,18.085,19.184,19.776,20.006,19.991,19.94,19.847,19.775,19.724,19.709,19.708,19.724,19.754,19.786,19.822,19.847,19.880000000000003,19.898,19.908,19.897
11702163728,130.0,130.0,130.0,130.0,130.0,130.0,130.0,130.0,130.0,130.0,130.0,130.0,130.0,130.0,130.0,130.0,130.0,130.0,130.0,130.0,130.0,20.458,21.049,21.436,21.106,20.949,20.683999999999997,20.443,20.198,20.006,19.852,19.741,19.649,19.584,19.551,19.535,19.541,19.542,19.555,19.553,19.548,19.523
11702163729,0.0,0.0,0.0,0.0,0.0,0.0,0.0,0.0,0.0,0.0,0.0,0.0,0.0,0.0,0.0,0.0,0.0,0.0,0.0,0.0,0.0,28.799,29.505,29.957,30.194,30.396,30.247,30.138,29.99,29.915,29.831000000000003,29.759,29.683999999999997,29.624,29.601,29.595,29.619,29.633,29.663,29.673,29.675,29.651000000000003
11702163730,0.0,0.0,0.0,0.0,0.0,0.0,0.0,0.0,0.0,0.0,0.0,0.0,0.0,0.0,0.0,0.0,0.0,0.0,0.0,0.0,0.0,22.363,24.475,26.491999999999997,27.880000000000003,28.646,29.012,29.229999999999997,29.32,29.376,29.416,29.49,29.57,29.664,29.77,29.871,29.974,30.066000000000003,30.171,30.261,30.339,30.39
11702163731,0.0,0.0,0.0,0.0,0.0,0.0,0.0,0.0,0.0,0.0,0.0,0.0,0.0,0.0,0.0,0.0,0.0,0.0,0.0,0.0,0.0,34.203,34.814,35.203,34.472,34.096999999999994,33.516000000000005,33.076,32.707,32.475,32.351,32.315,32.316,32.361,32.45,32.553,32.681,32.784,32.893,32.968,33.027,33.046
11702163732,0.0,0.0,0.0,0.0,0.0,0.0,0.0,0.0,0.0,0.0,0.0,0.0,0.0,0.0,0.0,0.0,0.0,0.0,0.0,0.0,0.0,21.023,21.741,22.46,22.16,22.161,22.074,22.045,21.988,21.951,21.916,21.899,21.883000000000003,21.883,21.905,21.937,21.988,22.028,22.078,22.113999999999997,22.142,22.15
11702163733,0.0,0.0,0.0,0.0,0.0,0.0,0.0,0.0,0.0,0.0,0.0,0.0,0.0,0.0,0.0,0.0,0.0,0.0,0.0,0.0,0.0,27.227,27.289,27.352,26.734,26.737,26.635,26.603,26.536,26.494,26.454,26.436,26.419000000000004,26.421,26.452,26.493,26.555,26.607,26.671,26.716,26.753,26.764
11702163734,105.0,105.0,105.0,105.0,105.0,105.0,105.0,105.0,105.0,105.0,105.0,105.0,105.0,105.0,105.0,105.0,105.0,105.0,105.0,105.0,105.0,30.38,31.879,33.213,32.917,32.817,32.81,33.108000000000004,33.607,34.336,35.263999999999996,36.346,37.503,38.719,39.992,41.284,42.598,43.882000000000005,45.16,46.382,47.569,48.689
11703132901,0.0,0.0,0.0,0.0,0.0,0.0,0.0,0.0,0.0,0.0,0.0,0.0,0.0,0.0,0.0,0.0,0.0,0.0,0.0,0.0,0.0,7.508,7.566,7.285,7.355,7.271,7.245,7.222999999999999,7.186,7.1899999999999995,7.191,7.191,7.204000000000001,7.214,7.236000000000001,7.263,7.286,7.308,7.326,7.334,7.343,7.337999999999999
11703132902,0.0,0.0,0.0,0.0,0.0,0.0,0.0,0.0,0.0,0.0,0.0,0.0,0.0,0.0,0.0,0.0,0.0,0.0,0.0,0.0,0.0,3.024,2.848,2.754,2.774,2.8360000000000003,2.9090000000000003,2.969,3.013,3.059,3.096,3.122,3.15,3.174,3.198,3.223,3.243,3.2619999999999996,3.277,3.2860000000000005,3.2960000000000003,3.298
11703132903,0.0,0.0,0.0,0.0,0.0,0.0,0.0,0.0,0.0,0.0,0.0,0.0,0.0,0.0,0.0,0.0,0.0,0.0,0.0,0.0,0.0,12.605,12.84,12.723,13.072,13.109,13.239,13.362000000000002,13.526,13.726,13.942,14.146999999999998,14.376,14.608,14.856,15.117,15.374,15.63,15.885,16.122,16.365000000000002,16.573999999999998
11703132904,0.0,0.0,0.0,0.0,0.0,0.0,0.0,0.0,0.0,0.0,0.0,0.0,0.0,0.0,0.0,0.0,0.0,0.0,0.0,0.0,0.0,8.889,9.055,8.955,9.18,9.186,9.258,9.326,9.413,9.534,9.665,9.79,9.932,10.077,10.232,10.396,10.558,10.718,10.879,11.027,11.179,11.308
11703132905,0.0,0.0,0.0,0.0,0.0,0.0,0.0,0.0,0.0,0.0,0.0,0.0,0.0,0.0,0.0,0.0,0.0,0.0,0.0,0.0,0.0,10.766,10.967,10.733,10.863,10.734,10.687,10.638,10.551,10.568,10.573,10.596,10.638,10.683,10.739,10.805,10.868,10.93,10.991,11.041,11.095,11.125
11703132906,0.0,0.0,0.0,0.0,0.0,0.0,0.0,0.0,0.0,0.0,0.0,0.0,0.0,0.0,0.0,0.0,0.0,0.0,0.0,0.0,0.0,3.24,3.052,2.95,2.972,3.0389999999999997,3.117,3.1820000000000004,3.228,3.277,3.317,3.344,3.375,3.401,3.427,3.4530000000000003,3.475,3.495,3.511,3.521,3.5309999999999997,3.533
11703132907,0.0,0.0,0.0,0.0,0.0,0.0,0.0,0.0,0.0,0.0,0.0,0.0,0.0,0.0,0.0,0.0,0.0,0.0,0.0,0.0,0.0,8.506,8.856,8.562000000000001,8.625,8.817,9.045,9.232,9.366,9.508,9.624,9.704,9.792,9.868,9.942,10.019,10.082,10.139,10.186,10.215,10.244,10.25
11703132908,0.0,0.0,0.0,0.0,0.0,0.0,0.0,0.0,0.0,0.0,0.0,0.0,0.0,0.0,0.0,0.0,0.0,0.0,0.0,0.0,0.0,8.385,8.837,8.922,9.262,9.254,9.259,9.24,9.156,9.156,9.132,9.124,9.128,9.13,9.139,9.152,9.155,9.157,9.155,9.143,9.135,9.108
11703132909,0.0,0.0,0.0,0.0,0.0,0.0,0.0,0.0,0.0,0.0,0.0,0.0,0.0,0.0,0.0,0.0,0.0,0.0,0.0,0.0,0.0,16.266,17.145,17.479,18.366,18.571,18.803,18.982,19.14,19.355,19.568,19.766,19.991999999999997,20.215,20.453,20.698,20.924,21.147,21.361,21.549,21.747,21.9
11703132910,0.0,0.0,0.0,0.0,0.0,0.0,0.0,0.0,0.0,0.0,0.0,0.0,0.0,0.0,0.0,0.0,0.0,0.0,0.0,0.0,0.0,11.152,11.753,11.999,12.626,12.785,12.964,13.107,13.243,13.409,13.578,13.732,13.908,14.079,14.261,14.449,14.623,14.796,14.961,15.108,15.263,15.387
11703132911,0.0,0.0,0.0,0.0,0.0,0.0,0.0,0.0,0.0,0.0,0.0,0.0,0.0,0.0,0.0,0.0,0.0,0.0,0.0,0.0,0.0,3.51,3.306,3.217,3.268,3.3680000000000003,3.482,3.582,3.678,3.763,3.845,3.906,3.972,4.0329999999999995,4.093,4.154999999999999,4.213,4.267,4.319,4.362,4.406,4.4399999999999995
11703132912,0.0,0.0,0.0,0.0,0.0,0.0,0.0,0.0,0.0,0.0,0.0,0.0,0.0,0.0,0.0,0.0,0.0,0.0,0.0,0.0,0.0,9.879,9.929,9.615,9.65,9.513,9.443,9.384,9.293,9.281,9.262,9.253,9.266,9.279,9.307,9.343,9.378,9.411,9.444,9.465,9.49,9.495
11703132913,120.0,120.0,120.0,120.0,120.0,120.0,120.0,120.0,120.0,120.0,120.0,120.0,120.0,120.0,120.0,120.0,120.0,120.0,120.0,120.0,120.0,9.37,9.6,9.516,9.742,9.713,9.731,9.733,9.713,9.734,9.75,9.76,9.787,9.81,9.846,9.887,9.922,9.952,9.975,9.984,9.998,9.988
11703132914,0.0,0.0,0.0,0.0,0.0,0.0,0.0,0.0,0.0,0.0,0.0,0.0,0.0,0.0,0.0,0.0,0.0,0.0,0.0,0.0,0.0,17.511,17.599,17.181,17.415,17.336,17.374,17.430999999999997,17.503,17.641,17.794,17.937,18.118,18.302,18.514,18.74,18.966,19.188,19.411,19.609,19.816,19.979
11703132915,0.0,0.0,0.0,0.0,0.0,0.0,0.0,0.0,0.0,0.0,0.0,0.0,0.0,0.0,0.0,0.0,0.0,0.0,0.0,0.0,0.0,2.564,2.58,2.57,2.666,2.725,2.803,2.878,2.977,3.058,3.1519999999999997,3.228,3.311,3.393,3.479,3.568,3.656,3.743,3.829,3.91,3.993,4.0680000000000005
11703132916,0.0,0.0,0.0,0.0,0.0,0.0,0.0,0.0,0.0,0.0,0.0,0.0,0.0,0.0,0.0,0.0,0.0,0.0,0.0,0.0,0.0,9.377,9.435,9.168,9.228,9.161,9.164,9.15,9.099,9.109,9.108,9.106,9.12,9.131,9.154,9.184,9.208,9.231,9.249,9.256,9.265,9.255
11703132917,0.0,0.0,0.0,0.0,0.0,0.0,0.0,0.0,0.0,0.0,0.0,0.0,0.0,0.0,0.0,0.0,0.0,0.0,0.0,0.0,0.0,8.0,8.048,7.821,7.872,7.816,7.817,7.805999999999999,7.762,7.771,7.77,7.768000000000001,7.779999999999999,7.789,7.808999999999999,7.834,7.855,7.875,7.890000000000001,7.896,7.903,7.895
11703132918,0.0,0.0,0.0,0.0,0.0,0.0,0.0,0.0,0.0,0.0,0.0,0.0,0.0,0.0,0.0,0.0,0.0,0.0,0.0,0.0,0.0,8.999,9.054,8.872,9.024,9.052,9.147,9.227,9.313,9.416,9.525,9.616,9.723,9.826,9.944,10.069,10.188,10.308,10.421,10.522,10.625,10.708
11703132919,60.0,60.0,60.0,60.0,60.0,60.0,60.0,60.0,60.0,60.0,60.0,60.0,60.0,60.0,60.0,60.0,60.0,60.0,60.0,60.0,60.0,11.985,12.26,12.222,12.521,12.386,12.305,12.205,12.002,11.968,11.896999999999998,11.867,11.855,11.846,11.843,11.853000000000002,11.852,11.853,11.85,11.835,11.826,11.794
11703132920,0.0,0.0,0.0,0.0,0.0,0.0,0.0,0.0,0.0,0.0,0.0,0.0,0.0,0.0,0.0,0.0,0.0,0.0,0.0,0.0,0.0,11.367,12.35,12.722,13.559,13.932,14.357,14.752,15.262,15.719,16.222,16.677999999999997,17.157,17.637999999999998,18.129,18.636,19.129,19.624,20.112,20.581,21.057,21.49
11703132921,0.0,0.0,0.0,0.0,0.0,0.0,0.0,0.0,0.0,0.0,0.0,0.0,0.0,0.0,0.0,0.0,0.0,0.0,0.0,0.0,0.0,15.158,15.62,15.545000000000002,15.972,15.875,15.844,15.803,15.731,15.735,15.73,15.731,15.760000000000002,15.784,15.835,15.889,15.938,15.980999999999998,16.022,16.04,16.063,16.049
11703132922,0.0,0.0,0.0,0.0,0.0,0.0,0.0,0.0,0.0,0.0,0.0,0.0,0.0,0.0,0.0,0.0,0.0,0.0,0.0,0.0,0.0,10.177,10.489,10.437,10.723,10.657,10.636,10.608,10.558,10.561,10.557,10.557,10.575,10.592,10.625,10.661,10.693,10.721,10.747,10.759,10.774,10.765
11703132923,0.0,0.0,0.0,0.0,0.0,0.0,0.0,0.0,0.0,0.0,0.0,0.0,0.0,0.0,0.0,0.0,0.0,0.0,0.0,0.0,0.0,7.433,7.49,7.614,7.736000000000001,7.694999999999999,7.714,7.738,7.77,7.82,7.878,7.925000000000001,7.987,8.045,8.116999999999999,8.193999999999999,8.269,8.341000000000001,8.409,8.467,8.526,8.567
11703132924,0.0,0.0,0.0,0.0,0.0,0.0,0.0,0.0,0.0,0.0,0.0,0.0,0.0,0.0,0.0,0.0,0.0,0.0,0.0,0.0,0.0,10.544,10.871,10.792,11.052,10.932,10.874,10.804,10.707,10.682,10.649,10.625,10.622,10.617,10.627,10.645,10.658,10.671,10.681,10.678,10.679,10.657
11703132925,70.0,70.0,70.0,70.0,70.0,70.0,70.0,70.0,70.0,70.0,70.0,70.0,70.0,70.0,70.0,70.0,70.0,70.0,70.0,70.0,70.0,5.596,5.724,5.791,6.041,6.083,6.149000000000001,6.2059999999999995,6.258000000000001,6.343,6.428,6.514,6.61,6.707000000000001,6.808,6.914,7.017,7.119,7.219,7.311999999999999,7.408,7.488
11703132926,0.0,0.0,0.0,0.0,0.0,0.0,0.0,0.0,0.0,0.0,0.0,0.0,0.0,0.0,0.0,0.0,0.0,0.0,0.0,0.0,0.0,16.256,16.655,16.509999999999998,16.9,16.85,16.881,16.886,16.849,16.886,16.914,16.932000000000002,16.979,17.019,17.082,17.153,17.211,17.265,17.306,17.320999999999998,17.343,17.326999999999998
11703132927,0.0,0.0,0.0,0.0,0.0,0.0,0.0,0.0,0.0,0.0,0.0,0.0,0.0,0.0,0.0,0.0,0.0,0.0,0.0,0.0,0.0,15.504,15.625,15.043,15.189,15.014,14.961,14.913999999999998,14.84,14.848,14.85,14.849,14.876,14.896999999999998,14.943,14.997,15.046,15.091,15.127,15.145,15.165,15.154
11703132928,0.0,0.0,0.0,0.0,0.0,0.0,0.0,0.0,0.0,0.0,0.0,0.0,0.0,0.0,0.0,0.0,0.0,0.0,0.0,0.0,0.0,8.549999999999999,8.815,8.8,9.077,9.041,9.057,9.062,9.074,9.115,9.162,9.203,9.262,9.319,9.39,9.467,9.542,9.615,9.687,9.746,9.809,9.851
11703133003,318.0,318.0,318.0,318.0,318.0,318.0,318.0,318.0,318.0,318.0,318.0,318.0,318.0,318.0,318.0,318.0,318.0,318.0,318.0,318.0,318.0,27.807,28.507,29.048,28.851,28.868,28.723,28.553,28.425,28.32,28.273,28.244,28.24,28.281,28.333,28.416,28.501,28.56,28.61,28.65,28.664,28.647
11703133004,70.0,70.0,70.0,70.0,70.0,70.0,70.0,70.0,70.0,70.0,70.0,70.0,70.0,70.0,70.0,70.0,70.0,70.0,70.0,70.0,70.0,31.723,32.585,33.24,33.028,33.064,32.907,32.730999999999995,32.601,32.498000000000005,32.454,32.437,32.438,32.491,32.568,32.666,32.769,32.85,32.917,32.963,32.987,32.977999999999994
11703133005,105.0,105.0,105.0,105.0,105.0,105.0,105.0,105.0,105.0,105.0,105.0,105.0,105.0,105.0,105.0,105.0,105.0,105.0,105.0,105.0,105.0,15.151,15.461,15.735,15.62,15.638000000000002,15.57,15.496,15.444,15.406,15.394000000000002,15.395,15.403,15.437,15.483999999999998,15.536,15.589,15.638000000000002,15.675,15.703,15.721,15.722
11703133006,0.0,0.0,0.0,0.0,0.0,0.0,0.0,0.0,0.0,0.0,0.0,0.0,0.0,0.0,0.0,0.0,0.0,0.0,0.0,0.0,0.0,26.999,27.535,28.011000000000003,27.785000000000004,27.809,27.68,27.54,27.436,27.365,27.328000000000003,27.316000000000003,27.314,27.363,27.43,27.501,27.569000000000003,27.639000000000003,27.678,27.702,27.713,27.691000000000003
11703133007,0.0,0.0,0.0,0.0,0.0,0.0,0.0,0.0,0.0,0.0,0.0,0.0,0.0,0.0,0.0,0.0,0.0,0.0,0.0,0.0,0.0,21.862,22.49,22.964,22.827,22.872,22.782,22.679,22.604,22.554,22.534,22.534,22.544,22.595,22.66,22.732,22.802,22.872,22.919,22.953,22.975,22.972
11703133008,37.0,37.0,37.0,37.0,37.0,37.0,37.0,37.0,37.0,37.0,37.0,37.0,37.0,37.0,37.0,37.0,37.0,37.0,37.0,37.0,37.0,32.298,33.046,33.650999999999996,33.415,33.437,33.274,33.084,32.943,32.829,32.782000000000004,32.757,32.760999999999996,32.815,32.884,32.988,33.096000000000004,33.173,33.24,33.294,33.319,33.308
11703133009,0.0,0.0,0.0,0.0,0.0,0.0,0.0,0.0,0.0,0.0,0.0,0.0,0.0,0.0,0.0,0.0,0.0,0.0,0.0,0.0,0.0,42.711,43.621,44.387,44.045,44.058,43.825,43.573,43.385000000000005,43.232,43.161,43.125,43.112,43.169,43.257,43.373999999999995,43.497,43.592,43.667,43.715,43.733,43.708
11703133010,0.0,0.0,0.0,0.0,0.0,0.0,0.0,0.0,0.0,0.0,0.0,0.0,0.0,0.0,0.0,0.0,0.0,0.0,0.0,0.0,0.0,36.283,37.132,37.533,37.535,37.693,37.592,37.426,37.305,37.209,37.189,37.188,37.23,37.327,37.43,37.588,37.746,37.035,36.565,36.442,36.446,36.454
11703133013,0.0,0.0,0.0,0.0,0.0,0.0,0.0,0.0,0.0,0.0,0.0,0.0,0.0,0.0,0.0,0.0,0.0,0.0,0.0,0.0,0.0,20.193,20.651,21.024,20.868,20.877,20.768,21.976,23.783,25.843,28.061,30.296,32.636,35.047,37.5,39.994,42.509,43.943,44.676,45.189,45.774,46.442
11703133014,0.0,0.0,0.0,0.0,0.0,0.0,0.0,0.0,0.0,0.0,0.0,0.0,0.0,0.0,0.0,0.0,0.0,0.0,0.0,0.0,0.0,0.286,0.292,0.297,0.295,0.295,0.294,0.282,0.276,0.272,0.272,0.272,0.272,0.274,0.275,0.276,0.277,0.283,0.288,0.288,0.287,0.286
11703133015,0.0,0.0,0.0,0.0,0.0,0.0,0.0,0.0,0.0,0.0,0.0,0.0,0.0,0.0,0.0,0.0,0.0,0.0,0.0,0.0,0.0,25.948,26.543,27.027,26.828,26.841,26.703,26.552,26.439,26.348999999999997,26.307,26.287,26.281,26.317,26.373,26.446,26.523,26.583,26.630000000000003,26.661,26.673,26.659
11703133016,0.0,0.0,0.0,0.0,0.0,0.0,0.0,0.0,0.0,0.0,0.0,0.0,0.0,0.0,0.0,0.0,0.0,0.0,0.0,0.0,0.0,45.234,46.375,45.563,46.647,47.336,47.415,47.309,47.192,47.085,47.037,47.021,47.023,47.106,47.217,47.352,47.485,49.099,51.241,52.272,52.277,52.411
11703133017,0.0,0.0,0.0,0.0,0.0,0.0,0.0,0.0,0.0,0.0,0.0,0.0,0.0,0.0,0.0,0.0,0.0,0.0,0.0,0.0,0.0,15.993,16.360999999999997,16.659,16.536,16.545,16.459,16.366,16.297,16.241,16.215,16.203000000000003,16.199,16.222,16.256,16.3,16.348,16.384999999999998,16.414,16.433,16.441,16.433
11703133018,254.0,254.0,254.0,254.0,254.0,254.0,254.0,254.0,254.0,254.0,254.0,254.0,254.0,254.0,254.0,254.0,254.0,254.0,254.0,254.0,254.0,1.334,1.364,1.388,1.378,1.379,1.371,4.19,7.326,10.455,13.62,16.735,19.96,23.239,26.557,29.918,33.309,34.725,35.304,35.736999999999995,36.252,36.834
11703133020,402.0,402.0,402.0,402.0,402.0,402.0,402.0,402.0,402.0,402.0,402.0,402.0,402.0,402.0,402.0,402.0,402.0,402.0,402.0,402.0,402.0,13.778,13.705000000000002,14.621,14.597,14.642,14.584,18.228,22.494,26.837000000000003,31.264000000000003,35.629,40.147000000000006,44.75,49.412,54.134,58.894,59.895,59.979,60.93,62.468,63.623000000000005
11703133022,0.0,0.0,0.0,0.0,0.0,0.0,0.0,0.0,0.0,0.0,0.0,0.0,0.0,0.0,0.0,0.0,0.0,0.0,0.0,0.0,0.0,35.007,35.809,36.463,36.195,36.213,36.025999999999996,35.823,35.67,35.548,35.491,35.464,35.456,35.506,35.581,35.679,35.782,35.863,35.927,35.97,35.987,35.968
11703133023,0.0,0.0,0.0,0.0,0.0,0.0,0.0,0.0,0.0,0.0,0.0,0.0,0.0,0.0,0.0,0.0,0.0,0.0,0.0,0.0,0.0,20.92,21.700000000000003,23.203,23.202,23.297,23.233,23.128,23.05,22.987,22.973,22.969,22.993,23.051,23.112,23.206,23.301,25.507,28.441000000000003,31.453,34.431,37.407
11703133026,0.0,0.0,0.0,0.0,0.0,0.0,0.0,0.0,0.0,0.0,0.0,0.0,0.0,0.0,0.0,0.0,0.0,0.0,0.0,0.0,0.0,25.593,26.105000000000004,26.555999999999997,26.357,26.374,26.248,26.111,26.012,25.935,25.908,25.901999999999997,25.911,25.961,26.028999999999996,26.116,26.207,26.28,26.342,26.473999999999997,26.679,26.876
11703133027,0.0,0.0,0.0,0.0,0.0,0.0,0.0,0.0,0.0,0.0,0.0,0.0,0.0,0.0,0.0,0.0,0.0,0.0,0.0,0.0,0.0,29.332,29.919,30.435,30.208,30.228,30.084,29.926,29.813,29.726,29.694000000000003,29.687,29.697,29.755000000000003,29.833,29.933,30.036,30.121,30.191,30.213,30.196,30.171
11703133028,0.0,0.0,0.0,0.0,0.0,0.0,0.0,0.0,0.0,0.0,0.0,0.0,0.0,0.0,0.0,0.0,0.0,0.0,0.0,0.0,0.0,33.305,34.179,34.857,34.635000000000005,34.675,34.515,34.336,34.204,34.101,34.062,34.049,34.057,34.119,34.204,34.315,34.429,34.521,34.598,34.654,34.686,34.682
11703133029,0.0,0.0,0.0,0.0,0.0,0.0,0.0,0.0,0.0,0.0,0.0,0.0,0.0,0.0,0.0,0.0,0.0,0.0,0.0,0.0,0.0,29.319,30.088,30.685,30.488999999999997,30.524,30.384,30.226,30.11,30.02,29.985,29.973,29.981,30.034999999999997,30.110999999999997,30.208,30.309,30.389,30.457,30.506,30.534,30.53
11703133030,0.0,0.0,0.0,0.0,0.0,0.0,0.0,0.0,0.0,0.0,0.0,0.0,0.0,0.0,0.0,0.0,0.0,0.0,0.0,0.0,0.0,30.476,31.275999999999996,31.896,31.692,31.729,31.583,31.42,31.299,31.205,31.168,31.157000000000004,31.164,31.221,31.299,31.401,31.505000000000003,31.590000000000003,31.659,31.71,31.74,31.735999999999997
11703133031,0.0,0.0,0.0,0.0,0.0,0.0,0.0,0.0,0.0,0.0,0.0,0.0,0.0,0.0,0.0,0.0,0.0,0.0,0.0,0.0,0.0,45.793,46.841,47.694,47.34,47.362,47.117,46.849999999999994,46.649,46.489,46.413,46.375,46.361999999999995,46.425,46.52,46.645,46.775,46.879999999999995,46.959,47.009,47.028,47.0
11703133032,44.0,44.0,44.0,44.0,44.0,44.0,44.0,44.0,44.0,44.0,44.0,44.0,44.0,44.0,44.0,44.0,44.0,44.0,44.0,44.0,44.0,34.318,35.103,35.742000000000004,35.477000000000004,35.494,35.31,35.11,34.96,34.84,34.782000000000004,34.754000000000005,34.744,34.792,34.862,34.957,35.054,35.132000000000005,35.191,35.230000000000004,35.244,35.223
11703133033,0.0,0.0,0.0,0.0,0.0,0.0,0.0,0.0,0.0,0.0,0.0,0.0,0.0,0.0,0.0,0.0,0.0,0.0,0.0,0.0,0.0,39.767,40.813,40.587,39.4,39.14,38.921,39.628,40.035,40.17,40.235,40.265,40.285,40.356,40.448,40.563,40.681,41.023,41.286,41.431,41.499,41.502
11703133034,0.0,0.0,0.0,0.0,0.0,0.0,0.0,0.0,0.0,0.0,0.0,0.0,0.0,0.0,0.0,0.0,0.0,0.0,0.0,0.0,0.0,13.049,13.345,13.586,13.486,13.491,13.421,12.871,12.573,12.448999999999998,12.416,12.419,12.439,12.483,12.533,12.592,12.65,12.936,13.151,13.177,13.105,13.06
11703133035,0.0,0.0,0.0,0.0,0.0,0.0,0.0,0.0,0.0,0.0,0.0,0.0,0.0,0.0,0.0,0.0,0.0,0.0,0.0,0.0,0.0,32.585,32.411,34.579,34.522,34.629000000000005,34.493,33.578,33.031,32.760999999999996,32.658,32.626999999999995,32.635,32.705,32.8,32.916000000000004,33.035,38.233,44.732,48.296,48.855,49.103
11703133036,0.0,0.0,0.0,0.0,0.0,0.0,0.0,0.0,0.0,0.0,0.0,0.0,0.0,0.0,0.0,0.0,0.0,0.0,0.0,0.0,0.0,40.99,42.073,42.899,42.613,42.645,42.432,42.193,42.014,41.868,41.801,41.767,41.758,41.816,41.902,42.019,42.141000000000005,42.234,42.31,42.824,43.876000000000005,45.072
11703133037,0.0,0.0,0.0,0.0,0.0,0.0,0.0,0.0,0.0,0.0,0.0,0.0,0.0,0.0,0.0,0.0,0.0,0.0,0.0,0.0,0.0,15.989999999999998,16.412,16.735,16.622,16.634999999999998,16.552,16.459,16.388,16.332,16.305999999999997,16.293,16.29,16.312,16.345,16.391,16.439,16.476,16.503999999999998,16.416,16.27,16.185
11703133038,90.0,90.0,90.0,90.0,90.0,90.0,90.0,90.0,90.0,90.0,90.0,90.0,90.0,90.0,90.0,90.0,90.0,90.0,90.0,90.0,90.0,0.0,0.0,0.0,0.0,0.0,0.0,0.0,0.0,0.0,0.0,0.0,0.0,0.0,0.0,0.0,0.0,0.0,0.0,0.0,0.0,0.0
11703133039,0.0,0.0,0.0,0.0,0.0,0.0,0.0,0.0,0.0,0.0,0.0,0.0,0.0,0.0,0.0,0.0,0.0,0.0,0.0,0.0,0.0,17.331,20.224,30.342,31.06,31.514000000000003,31.564,31.49,31.408,31.333,31.296999999999997,31.281999999999996,31.28,31.332,31.402,31.487,31.573,31.366,31.206,32.878,36.272,39.721
11703133040,0.0,0.0,0.0,0.0,0.0,0.0,0.0,0.0,0.0,0.0,0.0,0.0,0.0,0.0,0.0,0.0,0.0,0.0,0.0,0.0,0.0,19.683,20.08,20.430999999999997,20.282,20.304,20.218,20.12,20.051,20.002,19.987,19.988,20.001,20.048,20.106,20.177,20.248,20.311,20.36,20.4,20.425,20.428
11703133042,0.0,0.0,0.0,0.0,0.0,0.0,0.0,0.0,0.0,0.0,0.0,0.0,0.0,0.0,0.0,0.0,0.0,0.0,0.0,0.0,0.0,29.079,29.813,29.291,29.987,30.43,30.481,30.414,30.337,30.269,30.238,30.227,30.229,30.282000000000004,30.354,30.441,30.526000000000003,30.33,30.177999999999997,30.005000000000003,29.821,29.712000000000003
11703133043,0.0,0.0,0.0,0.0,0.0,0.0,0.0,0.0,0.0,0.0,0.0,0.0,0.0,0.0,0.0,0.0,0.0,0.0,0.0,0.0,0.0,52.279,63.120000000000005,63.418,63.315,63.511,63.26,62.669,62.878,63.583,64.59899999999999,65.72200000000001,66.95400000000001,68.314,69.733,71.206,72.694,73.047,73.15,73.98400000000001,75.213,75.96900000000001
11703133044,0.0,0.0,0.0,0.0,0.0,0.0,0.0,0.0,0.0,0.0,0.0,0.0,0.0,0.0,0.0,0.0,0.0,0.0,0.0,0.0,0.0,28.289,28.931,29.453,29.235,29.247,29.095,27.902,27.256,26.988999999999997,26.918,26.923,26.967,27.06,27.171,27.298,27.424,28.043,28.511000000000003,29.373,30.781999999999996,32.236999999999995
11703133045,0.0,0.0,0.0,0.0,0.0,0.0,0.0,0.0,0.0,0.0,0.0,0.0,0.0,0.0,0.0,0.0,0.0,0.0,0.0,0.0,0.0,22.193,22.64,23.037,22.868,22.894,22.796,22.685,22.608,22.552,22.536,22.537,22.551,22.604,22.67,22.75,22.83,22.901,22.957,23.001,23.03,23.033
11703133046,0.0,0.0,0.0,0.0,0.0,0.0,0.0,0.0,0.0,0.0,0.0,0.0,0.0,0.0,0.0,0.0,0.0,0.0,0.0,0.0,0.0,30.804,31.613999999999997,31.439,30.519,30.319000000000003,30.149,30.696,31.012,31.116,31.167,31.189,31.206,31.261,31.331,31.42,31.513,31.777,31.979999999999997,32.092999999999996,32.146,32.147999999999996
11703133047,156.0,156.0,156.0,156.0,156.0,156.0,156.0,156.0,156.0,156.0,156.0,156.0,156.0,156.0,156.0,156.0,156.0,156.0,156.0,156.0,156.0,27.217,29.886000000000003,30.031999999999996,29.848,29.877,29.73,29.788000000000004,29.962,30.183999999999997,30.473,30.783,31.121,31.51,31.925,32.362,32.807,32.151,31.677,31.796999999999997,32.28,32.742999999999995
11703133048,83.0,83.0,83.0,83.0,83.0,83.0,83.0,83.0,83.0,83.0,83.0,83.0,83.0,83.0,83.0,83.0,83.0,83.0,83.0,83.0,83.0,82.209,86.735,97.407,111.123,126.64600000000002,142.098,150.201,155.654,160.101,164.29,168.241,172.262,176.505,180.854,185.328,189.841,192.232,193.463,194.138,194.458,194.47
11703133049,0.0,0.0,0.0,0.0,0.0,0.0,0.0,0.0,0.0,0.0,0.0,0.0,0.0,0.0,0.0,0.0,0.0,0.0,0.0,0.0,0.0,46.885,47.932,48.793000000000006,48.426,48.444,48.191,47.915,47.708,47.54,47.461,47.422,47.408,47.471,47.568,47.696,47.832,47.936,48.019,48.072,48.090999999999994,48.063
11703133050,0.0,0.0,0.0,0.0,0.0,0.0,0.0,0.0,0.0,0.0,0.0,0.0,0.0,0.0,0.0,0.0,0.0,0.0,0.0,0.0,0.0,13.628,13.768,14.211,14.124,14.138,14.068,13.948999999999998,13.865,13.803999999999998,13.776,13.761,13.755,13.772,13.8,13.836,13.874,17.754,22.648,26.616,29.659,32.688
11703133051,0.0,0.0,0.0,0.0,0.0,0.0,0.0,0.0,0.0,0.0,0.0,0.0,0.0,0.0,0.0,0.0,0.0,0.0,0.0,0.0,0.0,28.895,29.194,30.132,29.947000000000003,29.977,29.829,29.705,29.671,29.686,29.770000000000003,29.879,30.01,30.192,30.396,30.623,30.853,30.200000000000003,29.754,30.125,31.081,32.019000000000005
11703133101,40.0,40.0,40.0,40.0,40.0,40.0,40.0,40.0,40.0,40.0,40.0,40.0,40.0,40.0,40.0,40.0,40.0,40.0,40.0,40.0,40.0,0.0,0.0,0.0,0.0,0.0,0.0,0.0,0.0,0.0,0.0,0.0,0.0,0.0,0.0,0.0,0.0,0.0,0.0,0.0,0.0,0.0
11703133102,0.0,0.0,0.0,0.0,0.0,0.0,0.0,0.0,0.0,0.0,0.0,0.0,0.0,0.0,0.0,0.0,0.0,0.0,0.0,0.0,0.0,10.077,9.887,9.613,9.539,9.31,9.131,8.962,8.829,8.715,8.628,8.549,8.484,8.442,8.413,8.398,8.384,8.376,8.358,8.347,8.322,8.299
11703133103,0.0,0.0,0.0,0.0,0.0,0.0,0.0,0.0,0.0,0.0,0.0,0.0,0.0,0.0,0.0,0.0,0.0,0.0,0.0,0.0,0.0,16.231,15.898,15.432,15.299,14.901,14.599,14.306,14.079999999999998,13.883,13.733999999999998,13.6,13.489,13.415,13.361,13.332999999999998,13.306,13.288,13.252,13.227,13.181,13.136
11703133105,0.0,0.0,0.0,0.0,0.0,0.0,0.0,0.0,0.0,0.0,0.0,0.0,0.0,0.0,0.0,0.0,0.0,0.0,0.0,0.0,0.0,12.392,12.158,11.821000000000002,11.731,11.448,11.229,11.02,10.858,10.716,10.611,10.513,10.434,10.382,10.345,10.327,10.31,10.301,10.278,10.264,10.234,10.205
11703133106,0.0,0.0,0.0,0.0,0.0,0.0,0.0,0.0,0.0,0.0,0.0,0.0,0.0,0.0,0.0,0.0,0.0,0.0,0.0,0.0,0.0,17.541,17.125999999999998,16.434,16.159,15.976,15.873,15.645,15.492,15.371,15.3,15.249,15.228000000000002,15.253,15.305,15.387999999999998,15.477,15.576,15.66,15.755,15.826,15.896
11703133107,0.0,0.0,0.0,0.0,0.0,0.0,0.0,0.0,0.0,0.0,0.0,0.0,0.0,0.0,0.0,0.0,0.0,0.0,0.0,0.0,0.0,8.622,8.719999999999999,8.947000000000001,9.322,9.216,9.159,9.18,9.239,9.312,9.413,9.522,9.649,9.802,9.971,10.16,10.352,10.551,10.74,10.937,11.116,11.295
11703133108,40.0,40.0,40.0,40.0,40.0,40.0,40.0,40.0,40.0,40.0,40.0,40.0,40.0,40.0,40.0,40.0,40.0,40.0,40.0,40.0,40.0,14.372,14.395,14.294,14.476,14.367,14.277,13.922,13.623,13.36,13.155,12.97,12.818,12.712,12.631,12.573,12.527,12.489,12.445,12.414,12.366,12.326
11703133109,0.0,0.0,0.0,0.0,0.0,0.0,0.0,0.0,0.0,0.0,0.0,0.0,0.0,0.0,0.0,0.0,0.0,0.0,0.0,0.0,0.0,13.631,13.586,13.409,13.354,12.211,11.361999999999998,11.284,11.260000000000002,11.248,11.268,11.283,11.297,11.327,11.362,11.402,11.44,11.474,11.492,11.513,11.514,11.514
11703133110,0.0,0.0,0.0,0.0,0.0,0.0,0.0,0.0,0.0,0.0,0.0,0.0,0.0,0.0,0.0,0.0,0.0,0.0,0.0,0.0,0.0,10.692,10.57,10.334,10.295,10.06,9.917,9.765,9.661,9.575,9.511,9.456,9.416,9.394,9.379,9.378,9.375,9.376,9.37,9.371,9.354,9.338
11703133111,0.0,0.0,0.0,0.0,0.0,0.0,0.0,0.0,0.0,0.0,0.0,0.0,0.0,0.0,0.0,0.0,0.0,0.0,0.0,0.0,0.0,18.312,17.743000000000002,17.137999999999998,16.866,16.589,16.427,16.137,15.926,15.744,15.609000000000002,15.486,15.391000000000002,15.334,15.299,15.294,15.289,15.297,15.29,15.297,15.282,15.268999999999998
11703133112,0.0,0.0,0.0,0.0,0.0,0.0,0.0,0.0,0.0,0.0,0.0,0.0,0.0,0.0,0.0,0.0,0.0,0.0,0.0,0.0,0.0,10.795,10.759,10.618,10.575,9.67,8.998000000000001,8.934999999999999,8.916,8.907,8.924,8.935,8.947,8.969999999999999,8.997,9.029,9.059,9.086,9.101,9.117,9.118,9.118
11703133113,0.0,0.0,0.0,0.0,0.0,0.0,0.0,0.0,0.0,0.0,0.0,0.0,0.0,0.0,0.0,0.0,0.0,0.0,0.0,0.0,0.0,15.05,15.0,14.803999999999998,15.017,16.794,18.484,18.811,19.223,19.657,20.144,20.623,21.102,21.61,22.130000000000003,22.663,23.194000000000003,23.718,24.212,24.713,25.171,25.627
11703133114,0.0,0.0,0.0,0.0,0.0,0.0,0.0,0.0,0.0,0.0,0.0,0.0,0.0,0.0,0.0,0.0,0.0,0.0,0.0,0.0,0.0,16.274,15.966,15.523,15.405,15.034,14.746,14.471,14.259,14.072,13.933,13.806,13.701,13.633,13.584,13.56,13.539,13.526,13.496,13.479,13.439,13.401
11703133115,0.0,0.0,0.0,0.0,0.0,0.0,0.0,0.0,0.0,0.0,0.0,0.0,0.0,0.0,0.0,0.0,0.0,0.0,0.0,0.0,0.0,14.069,14.235,14.27,14.546,14.535,14.524,14.46,14.412,14.362,14.345,14.315,14.294,14.305,14.327000000000002,14.354,14.388,14.411,14.416,14.433,14.418,14.412
11703133116,0.0,0.0,0.0,0.0,0.0,0.0,0.0,0.0,0.0,0.0,0.0,0.0,0.0,0.0,0.0,0.0,0.0,0.0,0.0,0.0,0.0,15.643,15.19,14.395,14.0,13.87,13.811,13.684,13.605,13.54,13.498,13.459,13.436,13.435,13.447,13.476,13.502,13.532,13.548,13.571,13.57,13.568
11703133117,0.0,0.0,0.0,0.0,0.0,0.0,0.0,0.0,0.0,0.0,0.0,0.0,0.0,0.0,0.0,0.0,0.0,0.0,0.0,0.0,0.0,18.23,18.443,18.49,18.848,18.833,18.818,18.736,18.673,18.607999999999997,18.588,18.548,18.522,18.535,18.564,18.597,18.642,18.673,18.68,18.701,18.682,18.673
11703133118,0.0,0.0,0.0,0.0,0.0,0.0,0.0,0.0,0.0,0.0,0.0,0.0,0.0,0.0,0.0,0.0,0.0,0.0,0.0,0.0,0.0,21.508000000000003,21.88,22.616999999999997,23.681,23.459,23.362,23.292,23.301,23.333,23.403,23.478,23.579,23.72,23.882,24.076,24.264,24.462,24.632,24.818,24.958,25.096
11703133119,0.0,0.0,0.0,0.0,0.0,0.0,0.0,0.0,0.0,0.0,0.0,0.0,0.0,0.0,0.0,0.0,0.0,0.0,0.0,0.0,0.0,15.567,15.117,14.325,13.933,13.803,13.747,13.704,13.708000000000002,13.726,13.766000000000002,13.81,13.867,13.948999999999998,14.043,14.156,14.266000000000002,14.381,14.48,14.588,14.670000000000002,14.75
11703133121,160.0,160.0,160.0,160.0,160.0,160.0,160.0,160.0,160.0,160.0,160.0,160.0,160.0,160.0,160.0,160.0,160.0,160.0,160.0,160.0,160.0,15.219,15.137,14.934,15.019,14.853,14.739,14.608,14.515,14.429,14.374,14.318,14.277,14.266,14.265,14.28,14.293,14.31,14.31,14.321000000000002,14.306,14.296
11703133122,0.0,0.0,0.0,0.0,0.0,0.0,0.0,0.0,0.0,0.0,0.0,0.0,0.0,0.0,0.0,0.0,0.0,0.0,0.0,0.0,0.0,10.406,10.232,9.906,9.792,9.596,9.462,9.463,9.498,9.54,9.606,9.669,9.743,9.836,9.939,10.053,10.167,10.282,10.386,10.495,10.585,10.676
11703133123,18.0,18.0,18.0,18.0,18.0,18.0,18.0,18.0,18.0,18.0,18.0,18.0,18.0,18.0,18.0,18.0,18.0,18.0,18.0,18.0,18.0,15.31,15.056,14.576,14.407,14.12,13.919,13.749,13.631,13.528,13.457,13.389,13.334,13.309,13.296,13.298,13.301,13.305,13.293,13.29,13.262,13.237
11703133124,0.0,0.0,0.0,0.0,0.0,0.0,0.0,0.0,0.0,0.0,0.0,0.0,0.0,0.0,0.0,0.0,0.0,0.0,0.0,0.0,0.0,21.445,21.329,21.043,21.162,20.93,20.769,20.584,20.453000000000003,20.33,20.253,20.176,20.118,20.102,20.1,20.122,20.14,20.163,20.164,20.179,20.16,20.144
11703133125,0.0,0.0,0.0,0.0,0.0,0.0,0.0,0.0,0.0,0.0,0.0,0.0,0.0,0.0,0.0,0.0,0.0,0.0,0.0,0.0,0.0,15.997,15.91,15.698,15.787,15.613,15.493,15.355,15.257,15.166,15.109,15.051000000000002,15.008,14.996,14.994,15.01,15.024,15.041,15.042,15.053,15.039,15.026
11703133127,0.0,0.0,0.0,0.0,0.0,0.0,0.0,0.0,0.0,0.0,0.0,0.0,0.0,0.0,0.0,0.0,0.0,0.0,0.0,0.0,0.0,20.668,20.718,20.821,21.31,21.314,21.433999999999997,21.292,21.23,21.185,21.192,21.199,21.228,21.302999999999997,21.397,21.515,21.635,21.756,21.852,21.961,22.029,22.101
11703133128,0.0,0.0,0.0,0.0,0.0,0.0,0.0,0.0,0.0,0.0,0.0,0.0,0.0,0.0,0.0,0.0,0.0,0.0,0.0,0.0,0.0,0.297,0.292,0.283,0.28,0.274,0.271,0.267,0.265,0.263,0.261,0.26,0.259,0.258,0.258,0.259,0.258,0.258,0.258,0.258,0.257,0.257
11703133129,0.0,0.0,0.0,0.0,0.0,0.0,0.0,0.0,0.0,0.0,0.0,0.0,0.0,0.0,0.0,0.0,0.0,0.0,0.0,0.0,0.0,47.900000000000006,47.302,46.346,46.248999999999995,45.515,45.065,44.17,43.492,42.898,42.461,42.061,41.744,41.548,41.42,41.358999999999995,41.319,41.298,41.235,41.208,41.116,41.039
11703133130,0.0,0.0,0.0,0.0,0.0,0.0,0.0,0.0,0.0,0.0,0.0,0.0,0.0,0.0,0.0,0.0,0.0,0.0,0.0,0.0,0.0,20.021,20.626,20.524,20.746,20.706,20.788,20.755,20.776,20.785,20.828,20.848,20.875,20.933,21.002,21.08,21.158,21.226,21.263,21.309,21.314,21.322000000000003
11703133131,29.0,29.0,29.0,29.0,29.0,29.0,29.0,29.0,29.0,29.0,29.0,29.0,29.0,29.0,29.0,29.0,29.0,29.0,29.0,29.0,29.0,15.439,14.899,14.827,14.989,14.962,15.023,15.002,15.018,15.027,15.059,15.075,15.096,15.14,15.192,15.251,15.309,15.359,15.388,15.423,15.428999999999998,15.437
11703133132,53.0,53.0,53.0,53.0,53.0,53.0,53.0,53.0,53.0,53.0,53.0,53.0,53.0,53.0,53.0,53.0,53.0,53.0,53.0,53.0,53.0,17.283,17.067,16.723,16.688,16.422,16.27,16.447,16.686,16.943,17.249,17.56,17.899,18.282,18.691,19.128,19.573,20.026,20.457,20.904,21.317,21.735
11703133133,110.0,110.0,110.0,110.0,110.0,110.0,110.0,110.0,110.0,110.0,110.0,110.0,110.0,110.0,110.0,110.0,110.0,110.0,110.0,110.0,110.0,18.788,18.818,18.686,18.924,18.782,18.681,19.079,19.513,19.958,20.46,20.967,21.504,22.1,22.726,23.383,24.053,24.731,25.389000000000003,26.069,26.707,27.351
11703133134,108.0,108.0,108.0,108.0,108.0,108.0,108.0,108.0,108.0,108.0,108.0,108.0,108.0,108.0,108.0,108.0,108.0,108.0,108.0,108.0,108.0,15.014,15.038,14.932,15.122,15.009,14.915,14.544,14.233,13.957,13.743,13.547999999999998,13.391,13.28,13.195,13.136,13.087,13.047,13.0,12.969,12.919,12.876
11703133135,0.0,0.0,0.0,0.0,0.0,0.0,0.0,0.0,0.0,0.0,0.0,0.0,0.0,0.0,0.0,0.0,0.0,0.0,0.0,0.0,0.0,9.61,9.432,9.188,9.128,8.955,8.832,8.704,8.611,8.533,8.48,8.431000000000001,8.394,8.376000000000001,8.369,8.372,8.377,8.384,8.382,8.387,8.375,8.366
11703133136,0.0,0.0,0.0,0.0,0.0,0.0,0.0,0.0,0.0,0.0,0.0,0.0,0.0,0.0,0.0,0.0,0.0,0.0,0.0,0.0,0.0,13.955,13.696,13.343,13.255,13.004,12.824000000000002,12.64,12.504,12.392,12.314,12.243,12.19,12.163,12.153,12.157,12.165,12.175,12.172,12.18,12.163,12.148
11703133137,0.0,0.0,0.0,0.0,0.0,0.0,0.0,0.0,0.0,0.0,0.0,0.0,0.0,0.0,0.0,0.0,0.0,0.0,0.0,0.0,0.0,10.446,10.251,9.987,9.921,9.733,9.599,9.46,9.36,9.275,9.217,9.164,9.124,9.104,9.096,9.1,9.105,9.113,9.111,9.116,9.104,9.093
11703133138,0.0,0.0,0.0,0.0,0.0,0.0,0.0,0.0,0.0,0.0,0.0,0.0,0.0,0.0,0.0,0.0,0.0,0.0,0.0,0.0,0.0,13.872,13.614,13.262,13.175,12.926,12.748,12.564,12.43,12.317,12.241,12.169,12.116,12.091,12.08,12.084,12.092,12.103,12.099,12.107,12.089,12.076
11703133139,0.0,0.0,0.0,0.0,0.0,0.0,0.0,0.0,0.0,0.0,0.0,0.0,0.0,0.0,0.0,0.0,0.0,0.0,0.0,0.0,0.0,15.093,15.196,15.128,15.352,15.196,15.089,14.95,14.852,14.767,14.711,14.663,14.633,14.63,14.640999999999998,14.671,14.699,14.736,14.758,14.793,14.802,14.812
11703133140,0.0,0.0,0.0,0.0,0.0,0.0,0.0,0.0,0.0,0.0,0.0,0.0,0.0,0.0,0.0,0.0,0.0,0.0,0.0,0.0,0.0,12.777,12.863,12.805,12.995,12.863,12.772000000000002,12.655,12.572,12.5,12.453,12.412,12.387,12.385000000000002,12.393,12.420000000000002,12.443,12.474,12.494,12.522,12.53,12.539
11703133141,185.0,185.0,185.0,185.0,185.0,185.0,185.0,185.0,185.0,185.0,185.0,185.0,185.0,185.0,185.0,185.0,185.0,185.0,185.0,185.0,185.0,15.721,15.233,14.714,14.48,14.242,14.108,14.115,14.18,14.267,14.388000000000002,14.519,14.67,14.855,15.058,15.29,15.522000000000002,15.766000000000002,15.995,16.237000000000002,16.455,16.674999999999997
11703133142,82.0,82.0,82.0,82.0,82.0,82.0,82.0,82.0,82.0,82.0,82.0,82.0,82.0,82.0,82.0,82.0,82.0,82.0,82.0,82.0,82.0,15.601,15.422999999999998,15.08,15.024,14.682,14.472,14.249,14.098,13.972,13.88,13.799,13.741,13.708,13.688,13.685,13.678999999999998,13.682,13.674,13.675,13.651,13.626
11703133143,0.0,0.0,0.0,0.0,0.0,0.0,0.0,0.0,0.0,0.0,0.0,0.0,0.0,0.0,0.0,0.0,0.0,0.0,0.0,0.0,0.0,22.66,22.449,22.048,22.095,21.74,21.479,21.204,20.999,20.813,20.685,20.562,20.466,20.417,20.386,20.386,20.382,20.388,20.368,20.364,20.324,20.288
11703133144,0.0,0.0,0.0,0.0,0.0,0.0,0.0,0.0,0.0,0.0,0.0,0.0,0.0,0.0,0.0,0.0,0.0,0.0,0.0,0.0,0.0,19.302999999999997,19.124,18.782,18.822000000000003,18.52,18.297,18.063,17.887999999999998,17.729,17.62,17.516,17.433,17.392,17.366,17.365000000000002,17.364,17.367,17.351,17.347,17.313000000000002,17.283
11703133145,0.0,0.0,0.0,0.0,0.0,0.0,0.0,0.0,0.0,0.0,0.0,0.0,0.0,0.0,0.0,0.0,0.0,0.0,0.0,0.0,0.0,23.451,23.504,23.32,23.535,23.292,23.125,22.88,22.692,22.505,22.367,22.222,22.095,22.015,21.951,21.908,21.865,21.823,21.759,21.713,21.629,21.557
11703133146,0.0,0.0,0.0,0.0,0.0,0.0,0.0,0.0,0.0,0.0,0.0,0.0,0.0,0.0,0.0,0.0,0.0,0.0,0.0,0.0,0.0,20.376,20.654,20.695,21.129,21.011,20.938,20.789,20.683999999999997,20.581,20.519,20.457,20.417,20.418,20.43,20.469,20.5,20.538,20.556,20.585,20.577,20.57
11703133147,0.0,0.0,0.0,0.0,0.0,0.0,0.0,0.0,0.0,0.0,0.0,0.0,0.0,0.0,0.0,0.0,0.0,0.0,0.0,0.0,0.0,16.301000000000002,16.523,16.557000000000002,16.903,16.809,16.751,16.631,16.548000000000002,16.466,16.415,16.366,16.334,16.334,16.345,16.375,16.4,16.431,16.444,16.468,16.462,16.456
11703133148,0.0,0.0,0.0,0.0,0.0,0.0,0.0,0.0,0.0,0.0,0.0,0.0,0.0,0.0,0.0,0.0,0.0,0.0,0.0,0.0,0.0,10.539,10.683,10.705,10.928,10.868,10.83,10.753,10.699,10.646,10.613,10.581,10.56,10.56,10.567,10.587,10.604,10.623,10.633,10.647,10.643,10.639
11703133149,0.0,0.0,0.0,0.0,0.0,0.0,0.0,0.0,0.0,0.0,0.0,0.0,0.0,0.0,0.0,0.0,0.0,0.0,0.0,0.0,0.0,23.180999999999997,23.235,23.052,23.264000000000003,23.024,22.859,22.618,22.431,22.246,22.11,21.965,21.842,21.762,21.699,21.656,21.613,21.572000000000003,21.508,21.463,21.381,21.309
11703133150,0.0,0.0,0.0,0.0,0.0,0.0,0.0,0.0,0.0,0.0,0.0,0.0,0.0,0.0,0.0,0.0,0.0,0.0,0.0,0.0,0.0,19.621,19.337,18.926,18.883,18.595,18.411,18.258,18.178,18.122,18.118,18.128,18.167,18.254,18.365,18.511,18.656,18.818,18.959,19.116,19.242,19.372
11703133151,0.0,0.0,0.0,0.0,0.0,0.0,0.0,0.0,0.0,0.0,0.0,0.0,0.0,0.0,0.0,0.0,0.0,0.0,0.0,0.0,0.0,15.971,16.007,15.882,16.028,15.862,15.749,15.582,15.453,15.326,15.232,15.133,15.048000000000002,14.994,14.95,14.92,14.891000000000002,14.862,14.818,14.788,14.73,14.682
11703133152,0.0,0.0,0.0,0.0,0.0,0.0,0.0,0.0,0.0,0.0,0.0,0.0,0.0,0.0,0.0,0.0,0.0,0.0,0.0,0.0,0.0,32.638999999999996,32.167,31.484,31.411,30.933,30.624,30.213,29.931,29.69,29.539,29.412,29.338,29.340000000000003,29.382,29.479999999999997,29.579,29.702999999999996,29.795,29.911,29.982,30.055999999999997
11703133301,0.0,0.0,0.0,0.0,0.0,0.0,0.0,0.0,0.0,0.0,0.0,0.0,0.0,0.0,0.0,0.0,0.0,0.0,0.0,0.0,0.0,6.446,6.477,6.432,6.417,6.376,6.373,6.357,6.372,6.397,6.432,6.477,6.521000000000001,6.577,6.635,6.698,6.756,6.813000000000001,6.862,6.91,6.946999999999999,6.973000000000001
11703133302,0.0,0.0,0.0,0.0,0.0,0.0,0.0,0.0,0.0,0.0,0.0,0.0,0.0,0.0,0.0,0.0,0.0,0.0,0.0,0.0,0.0,6.542,6.67,6.712000000000001,6.78,6.783,6.622,6.637,6.676,6.72,6.766,6.819,6.865,6.923,6.98,7.039,7.091,7.1419999999999995,7.1850000000000005,7.226000000000001,7.254999999999999,7.274000000000001
11703133303,0.0,0.0,0.0,0.0,0.0,0.0,0.0,0.0,0.0,0.0,0.0,0.0,0.0,0.0,0.0,0.0,0.0,0.0,0.0,0.0,0.0,10.59,10.641,10.567,10.543,10.474,10.47,10.443,10.467,10.511,10.566,10.642,10.712,10.805,10.901,11.005,11.099,11.193,11.275,11.352,11.413,11.455
11703133304,0.0,0.0,0.0,0.0,0.0,0.0,0.0,0.0,0.0,0.0,0.0,0.0,0.0,0.0,0.0,0.0,0.0,0.0,0.0,0.0,0.0,3.93,4.045,4.099,4.1690000000000005,4.181,4.211,4.223,4.25,4.281,4.3149999999999995,4.353,4.387,4.431,4.473,4.518,4.557,4.595,4.629,4.661,4.684,4.7
11703133305,0.0,0.0,0.0,0.0,0.0,0.0,0.0,0.0,0.0,0.0,0.0,0.0,0.0,0.0,0.0,0.0,0.0,0.0,0.0,0.0,0.0,12.588,12.959,13.13,13.355,13.392,13.489,13.528,13.616,13.713,13.82,13.943,14.054,14.194,14.329,14.47,14.598,14.722,14.828,14.928,15.004,15.055
11703133307,0.0,0.0,0.0,0.0,0.0,0.0,0.0,0.0,0.0,0.0,0.0,0.0,0.0,0.0,0.0,0.0,0.0,0.0,0.0,0.0,0.0,13.5,14.649,14.751,14.906,15.012,15.15,15.199000000000002,15.273,15.358,15.441,15.541,15.63,15.743,15.85,15.965,16.067,16.163,16.241,16.314,16.364,16.39
11703133308,0.0,0.0,0.0,0.0,0.0,0.0,0.0,0.0,0.0,0.0,0.0,0.0,0.0,0.0,0.0,0.0,0.0,0.0,0.0,0.0,0.0,5.352,5.4,5.413,5.426,5.4750000000000005,5.525,5.5569999999999995,5.598,5.6370000000000005,5.676,5.718,5.753,5.802,5.848,5.894,5.936999999999999,5.977,6.009,6.037999999999999,6.06,6.071
11703133309,0.0,0.0,0.0,0.0,0.0,0.0,0.0,0.0,0.0,0.0,0.0,0.0,0.0,0.0,0.0,0.0,0.0,0.0,0.0,0.0,0.0,8.693999999999999,8.815,8.839,8.891,8.905,8.958,8.986,9.056,9.145,9.253,9.382,9.514,9.677,9.847,10.034,10.222,10.416,10.609,10.803999999999998,10.991,11.166
11703133310,0.0,0.0,0.0,0.0,0.0,0.0,0.0,0.0,0.0,0.0,0.0,0.0,0.0,0.0,0.0,0.0,0.0,0.0,0.0,0.0,0.0,10.1,10.241,10.269,10.33,10.346,10.408,10.439,10.521,10.624,10.75,10.901,11.054,11.242,11.44,11.657,11.875,12.1,12.325,12.552,12.769,12.972
11703133311,0.0,0.0,0.0,0.0,0.0,0.0,0.0,0.0,0.0,0.0,0.0,0.0,0.0,0.0,0.0,0.0,0.0,0.0,0.0,0.0,0.0,6.117,6.173,6.186999999999999,6.202,6.258,6.316,6.351,6.398999999999999,6.444000000000001,6.4879999999999995,6.537,6.577999999999999,6.632000000000001,6.6850000000000005,6.739,6.787,6.833,6.869999999999999,6.904,6.928000000000001,6.941000000000001
11703133312,0.0,0.0,0.0,0.0,0.0,0.0,0.0,0.0,0.0,0.0,0.0,0.0,0.0,0.0,0.0,0.0,0.0,0.0,0.0,0.0,0.0,6.211,6.267,6.281,6.297,6.354,6.413,6.4479999999999995,6.496,6.542,6.588,6.635999999999999,6.678000000000001,6.7330000000000005,6.786999999999999,6.8420000000000005,6.891,6.938000000000001,6.974,7.009,7.033,7.047000000000001
11703133313,0.0,0.0,0.0,0.0,0.0,0.0,0.0,0.0,0.0,0.0,0.0,0.0,0.0,0.0,0.0,0.0,0.0,0.0,0.0,0.0,0.0,10.3,10.595,10.655,10.749,10.84,10.903,10.928,10.984,11.049,11.12,11.199,11.271,11.364,11.457,11.554,11.643,11.726,11.795000000000002,11.859,11.906,11.932
11703133314,0.0,0.0,0.0,0.0,0.0,0.0,0.0,0.0,0.0,0.0,0.0,0.0,0.0,0.0,0.0,0.0,0.0,0.0,0.0,0.0,0.0,9.902,9.771,9.678,9.618,9.541,9.557,9.579,9.629,9.686,9.747,9.818,9.88,9.962,10.043,10.13,10.206,10.28,10.34,10.396,10.437,10.46
11703133315,0.0,0.0,0.0,0.0,0.0,0.0,0.0,0.0,0.0,0.0,0.0,0.0,0.0,0.0,0.0,0.0,0.0,0.0,0.0,0.0,0.0,4.35,4.423,4.4399999999999995,4.475,4.473,4.486000000000001,4.4879999999999995,4.503,4.522,4.545,4.573,4.598,4.634,4.6690000000000005,4.708,4.744,4.779,4.808,4.835,4.855,4.867
11703133316,0.0,0.0,0.0,0.0,0.0,0.0,0.0,0.0,0.0,0.0,0.0,0.0,0.0,0.0,0.0,0.0,0.0,0.0,0.0,0.0,0.0,5.008,5.138,5.197,5.29,5.302,5.319,5.3260000000000005,5.344,5.365,5.385,5.413,5.438,5.474,5.509,5.544,5.575,5.606,5.631,5.656000000000001,5.671,5.678999999999999
11703133317,0.0,0.0,0.0,0.0,0.0,0.0,0.0,0.0,0.0,0.0,0.0,0.0,0.0,0.0,0.0,0.0,0.0,0.0,0.0,0.0,0.0,2.072,2.082,2.067,2.0620000000000003,2.05,2.049,2.043,2.048,2.056,2.067,2.082,2.096,2.115,2.133,2.153,2.172,2.19,2.206,2.221,2.233,2.2409999999999997
11703133318,52.0,52.0,52.0,52.0,52.0,52.0,52.0,52.0,52.0,52.0,52.0,52.0,52.0,52.0,52.0,52.0,52.0,52.0,52.0,52.0,52.0,7.274000000000001,7.382,7.404999999999999,7.447000000000001,7.467,7.334,7.317,7.33,7.368,7.419,7.499,7.586,7.696999999999999,7.817,7.952999999999999,8.093,8.239,8.385,8.536,8.683,8.823
11703133319,0.0,0.0,0.0,0.0,0.0,0.0,0.0,0.0,0.0,0.0,0.0,0.0,0.0,0.0,0.0,0.0,0.0,0.0,0.0,0.0,0.0,10.239,10.39,10.421,10.481,10.509,10.315,10.256,10.239,10.26,10.301,10.382,10.478,10.605,10.746,10.909,11.075,11.252,11.429,11.613,11.791,11.96
11703133320,0.0,0.0,0.0,0.0,0.0,0.0,0.0,0.0,0.0,0.0,0.0,0.0,0.0,0.0,0.0,0.0,0.0,0.0,0.0,0.0,0.0,9.52,9.695,9.805,9.942,10.06,10.596,10.846,11.15,11.451,11.788,12.137,12.471,12.86,13.263000000000002,13.688,14.114999999999998,14.553,14.991,15.435,15.87,16.291
11703133321,0.0,0.0,0.0,0.0,0.0,0.0,0.0,0.0,0.0,0.0,0.0,0.0,0.0,0.0,0.0,0.0,0.0,0.0,0.0,0.0,0.0,3.4189999999999996,3.495,3.3739999999999997,3.293,3.139,3.237,3.757,4.32,4.8309999999999995,5.383,5.896000000000001,6.3629999999999995,6.881,7.398000000000001,7.922000000000001,8.443,8.965,9.485,10.006,10.517,11.017
11703133322,90.0,90.0,90.0,90.0,90.0,90.0,90.0,90.0,90.0,90.0,90.0,90.0,90.0,90.0,90.0,90.0,90.0,90.0,90.0,90.0,90.0,10.604,11.709,13.342,15.007,16.43,16.971,17.012999999999998,17.102,17.24,17.394,17.602,17.816000000000003,18.064,18.318,18.596,18.874,19.156,19.436,19.724,19.993,20.246
11703133323,20.0,20.0,20.0,20.0,20.0,20.0,20.0,20.0,20.0,20.0,20.0,20.0,20.0,20.0,20.0,20.0,20.0,20.0,20.0,20.0,20.0,9.119,9.32,8.998,8.783,8.371,8.353,8.209,8.079,7.991,7.9,7.851,7.819000000000001,7.79,7.766,7.752000000000001,7.739000000000001,7.727,7.717,7.708,7.694,7.673
11703133324,0.0,0.0,0.0,0.0,0.0,0.0,0.0,0.0,0.0,0.0,0.0,0.0,0.0,0.0,0.0,0.0,0.0,0.0,0.0,0.0,0.0,9.356,9.918,10.273,10.692,10.805,10.905,10.906,10.924,10.947,10.972,11.015,11.056,11.114,11.168,11.227,11.276,11.323,11.358999999999998,11.395,11.414,11.416
11703133325,0.0,0.0,0.0,0.0,0.0,0.0,0.0,0.0,0.0,0.0,0.0,0.0,0.0,0.0,0.0,0.0,0.0,0.0,0.0,0.0,0.0,8.249,8.759,9.092,9.456,9.587,9.764,9.857,9.982,10.104,10.23,10.362,10.48,10.614,10.742,10.872,10.992,11.105,11.207,11.303,11.38,11.438
11703133326,45.0,45.0,45.0,45.0,45.0,45.0,45.0,45.0,45.0,45.0,45.0,45.0,45.0,45.0,45.0,45.0,45.0,45.0,45.0,45.0,45.0,6.93,7.347,7.61,7.919,8.004,8.099,8.213999999999999,8.354,8.487,8.632000000000001,8.782,8.919,9.081,9.243,9.408,9.567,9.725,9.874,10.023,10.158,10.279
11703133327,0.0,0.0,0.0,0.0,0.0,0.0,0.0,0.0,0.0,0.0,0.0,0.0,0.0,0.0,0.0,0.0,0.0,0.0,0.0,0.0,0.0,1.984,2.103,2.1790000000000003,2.268,2.293,2.314,2.314,2.317,2.322,2.328,2.3369999999999997,2.345,2.358,2.369,2.381,2.3920000000000003,2.402,2.41,2.417,2.4210000000000003,2.422
11703133328,0.0,0.0,0.0,0.0,0.0,0.0,0.0,0.0,0.0,0.0,0.0,0.0,0.0,0.0,0.0,0.0,0.0,0.0,0.0,0.0,0.0,5.32,5.437,5.249,5.123,4.882,4.922,5.106,5.317,5.52,5.741,5.962,6.168,6.398999999999999,6.631,6.87,7.109,7.349,7.588000000000001,7.829,8.062,8.288
11703133329,0.0,0.0,0.0,0.0,0.0,0.0,0.0,0.0,0.0,0.0,0.0,0.0,0.0,0.0,0.0,0.0,0.0,0.0,0.0,0.0,0.0,9.774,9.838,9.779,9.757,9.683,9.653,9.611,9.604,9.61,9.624,9.653,9.68,9.73,9.786,9.85,9.911,9.971,10.02,10.067,10.098,10.112
11703133330,0.0,0.0,0.0,0.0,0.0,0.0,0.0,0.0,0.0,0.0,0.0,0.0,0.0,0.0,0.0,0.0,0.0,0.0,0.0,0.0,0.0,7.471,7.52,7.475,7.458,7.402,7.379,7.346,7.340999999999999,7.346,7.356999999999999,7.379,7.4,7.438,7.48,7.529,7.574999999999999,7.622,7.659,7.695,7.718,7.73
11703133331,0.0,0.0,0.0,0.0,0.0,0.0,0.0,0.0,0.0,0.0,0.0,0.0,0.0,0.0,0.0,0.0,0.0,0.0,0.0,0.0,0.0,9.43,9.671,9.734,9.846,9.817,9.742,9.78,9.843,9.909,9.979,10.059,10.13,10.219,10.306,10.396,10.477,10.554,10.62,10.681,10.727,10.755
11703133332,0.0,0.0,0.0,0.0,0.0,0.0,0.0,0.0,0.0,0.0,0.0,0.0,0.0,0.0,0.0,0.0,0.0,0.0,0.0,0.0,0.0,3.1060000000000003,3.185,3.205,3.242,3.234,3.208,3.221,3.242,3.263,3.286,3.313,3.3360000000000003,3.365,3.394,3.4240000000000004,3.451,3.476,3.498,3.518,3.532,3.542
11703133333,0.0,0.0,0.0,0.0,0.0,0.0,0.0,0.0,0.0,0.0,0.0,0.0,0.0,0.0,0.0,0.0,0.0,0.0,0.0,0.0,0.0,9.029,9.28,9.428,9.571,9.691,9.859,9.953,10.079,10.203,10.328,10.456,10.567,10.697,10.823,10.951,11.068,11.178,11.273,11.363,11.433,11.486
11703133334,0.0,0.0,0.0,0.0,0.0,0.0,0.0,0.0,0.0,0.0,0.0,0.0,0.0,0.0,0.0,0.0,0.0,0.0,0.0,0.0,0.0,7.0649999999999995,7.262,7.378,7.492,7.586,7.718,7.792,7.891,7.99,8.088000000000001,8.187999999999999,8.277,8.379,8.479,8.58,8.671,8.759,8.835,8.905000000000001,8.961,9.002
11703133335,0.0,0.0,0.0,0.0,0.0,0.0,0.0,0.0,0.0,0.0,0.0,0.0,0.0,0.0,0.0,0.0,0.0,0.0,0.0,0.0,0.0,3.329,3.422,3.477,3.53,3.574,3.637,3.672,3.718,3.764,3.811,3.859,3.9,3.948,3.995,4.043,4.086,4.127,4.162,4.196,4.223,4.241
11703133336,0.0,0.0,0.0,0.0,0.0,0.0,0.0,0.0,0.0,0.0,0.0,0.0,0.0,0.0,0.0,0.0,0.0,0.0,0.0,0.0,0.0,9.335,9.461,9.505,9.588,9.608,9.647,9.638,9.663,9.676,9.701,9.745,9.767,9.819,9.85,9.885,9.914,9.943,9.982,10.006,10.023,10.017
11703133337,0.0,0.0,0.0,0.0,0.0,0.0,0.0,0.0,0.0,0.0,0.0,0.0,0.0,0.0,0.0,0.0,0.0,0.0,0.0,0.0,0.0,3.336,3.3659999999999997,3.345,3.339,3.307,3.31,3.307,3.316,3.3209999999999997,3.329,3.344,3.3520000000000003,3.369,3.381,3.3920000000000003,3.402,3.412,3.426,3.434,3.439,3.4370000000000003
11703133338,0.0,0.0,0.0,0.0,0.0,0.0,0.0,0.0,0.0,0.0,0.0,0.0,0.0,0.0,0.0,0.0,0.0,0.0,0.0,0.0,0.0,8.872,9.047,9.103,9.194,9.199,8.98,9.001,9.055,9.113,9.175,9.248,9.31,9.39,9.466,9.546,9.618,9.686,9.744,9.799,9.84,9.865
11703133339,0.0,0.0,0.0,0.0,0.0,0.0,0.0,0.0,0.0,0.0,0.0,0.0,0.0,0.0,0.0,0.0,0.0,0.0,0.0,0.0,0.0,5.489,5.5969999999999995,5.632,5.688000000000001,5.691,6.186,6.199999999999999,6.236000000000001,6.277,6.319,6.369,6.412,6.465999999999999,6.518,6.573,6.621,6.669,6.709,6.746,6.773,6.791
11703133340,0.0,0.0,0.0,0.0,0.0,0.0,0.0,0.0,0.0,0.0,0.0,0.0,0.0,0.0,0.0,0.0,0.0,0.0,0.0,0.0,0.0,8.718,8.842,8.857,8.914,8.897,8.9,8.892,8.911,8.936,8.966,9.008,9.045,9.101,9.157,9.217,9.269,9.321,9.36,9.398,9.421,9.431
11703133341,0.0,0.0,0.0,0.0,0.0,0.0,0.0,0.0,0.0,0.0,0.0,0.0,0.0,0.0,0.0,0.0,0.0,0.0,0.0,0.0,0.0,5.773,5.855,5.865,5.902,5.8919999999999995,5.894,5.889,5.8999999999999995,5.917,5.937,5.964,5.989,6.026,6.064,6.103,6.138,6.172,6.198,6.223000000000001,6.239000000000001,6.245
11703133342,0.0,0.0,0.0,0.0,0.0,0.0,0.0,0.0,0.0,0.0,0.0,0.0,0.0,0.0,0.0,0.0,0.0,0.0,0.0,0.0,0.0,7.588000000000001,7.658,7.65,7.662000000000001,7.667,7.704,7.718,7.758,7.802999999999999,7.85,7.905,7.953,8.016,8.079,8.146,8.205,8.262,8.308,8.35,8.381,8.397
11703133343,0.0,0.0,0.0,0.0,0.0,0.0,0.0,0.0,0.0,0.0,0.0,0.0,0.0,0.0,0.0,0.0,0.0,0.0,0.0,0.0,0.0,8.014,8.087,8.079,8.092,8.098,8.136,8.151,8.193000000000001,8.241,8.291,8.348,8.399000000000001,8.466000000000001,8.532,8.603,8.665,8.725000000000001,8.773,8.818,8.85,8.869
11703133344,0.0,0.0,0.0,0.0,0.0,0.0,0.0,0.0,0.0,0.0,0.0,0.0,0.0,0.0,0.0,0.0,0.0,0.0,0.0,0.0,0.0,5.986000000000001,6.04,6.034,6.0440000000000005,6.048,6.076,6.087999999999999,6.12,6.154999999999999,6.192,6.235,6.273,6.321999999999999,6.372,6.425,6.4719999999999995,6.517,6.552,6.586,6.609999999999999,6.624
11703133345,0.0,0.0,0.0,0.0,0.0,0.0,0.0,0.0,0.0,0.0,0.0,0.0,0.0,0.0,0.0,0.0,0.0,0.0,0.0,0.0,0.0,12.339,12.723,12.975,13.296,13.45,13.715,13.769,13.857,13.95,14.047,14.16,14.258,14.383,14.506,14.632,14.745,14.855,14.945,15.032,15.096,15.136
11703133346,50.0,50.0,50.0,50.0,50.0,50.0,50.0,50.0,50.0,50.0,50.0,50.0,50.0,50.0,50.0,50.0,50.0,50.0,50.0,50.0,50.0,9.02,9.468,9.744,10.073,10.169,10.27,10.322,10.394,10.465,10.539,10.621,10.696,10.789,10.879,10.971,11.052,11.13,11.197,11.262,11.307,11.337
11703133348,0.0,0.0,0.0,0.0,0.0,0.0,0.0,0.0,0.0,0.0,0.0,0.0,0.0,0.0,0.0,0.0,0.0,0.0,0.0,0.0,0.0,10.012,10.063,9.988,9.954,9.876,9.872,9.853,9.878,9.904,9.942,10.0,10.045,10.118,10.181,10.245,10.301,10.357,10.41,10.452,10.481,10.49
11703133349,0.0,0.0,0.0,0.0,0.0,0.0,0.0,0.0,0.0,0.0,0.0,0.0,0.0,0.0,0.0,0.0,0.0,0.0,0.0,0.0,0.0,7.728,8.111,8.348,8.629,8.712,8.798,8.843,8.905000000000001,8.966,9.029,9.099,9.163,9.244,9.32,9.398,9.468,9.536,9.593,9.648,9.688,9.712
11703133350,0.0,0.0,0.0,0.0,0.0,0.0,0.0,0.0,0.0,0.0,0.0,0.0,0.0,0.0,0.0,0.0,0.0,0.0,0.0,0.0,0.0,6.268,6.3340000000000005,6.3660000000000005,6.420999999999999,6.46,6.478,6.467,6.483,6.5,6.524,6.563000000000001,6.592,6.64,6.68,6.723000000000001,6.76,6.797,6.8309999999999995,6.859,6.878,6.884
11703133351,0.0,0.0,0.0,0.0,0.0,0.0,0.0,0.0,0.0,0.0,0.0,0.0,0.0,0.0,0.0,0.0,0.0,0.0,0.0,0.0,0.0,5.682,5.393000000000001,5.431,5.4879999999999995,5.5280000000000005,5.6,5.734,5.890000000000001,6.04,6.202,6.362,6.505,6.672000000000001,6.8389999999999995,7.01,7.176,7.342,7.502000000000001,7.66,7.807,7.944
11703133352,0.0,0.0,0.0,0.0,0.0,0.0,0.0,0.0,0.0,0.0,0.0,0.0,0.0,0.0,0.0,0.0,0.0,0.0,0.0,0.0,0.0,8.126,7.712,7.765000000000001,7.847,7.904,7.977,8.003,8.042,8.087,8.132,8.184,8.231,8.291,8.348,8.409,8.463,8.514,8.553999999999998,8.594,8.621,8.634
11703133353,0.0,0.0,0.0,0.0,0.0,0.0,0.0,0.0,0.0,0.0,0.0,0.0,0.0,0.0,0.0,0.0,0.0,0.0,0.0,0.0,0.0,7.069999999999999,7.106999999999999,7.055,7.029,6.975,6.9719999999999995,6.9590000000000005,6.976000000000001,6.994,7.021,7.063,7.093999999999999,7.146,7.189,7.234999999999999,7.275,7.315,7.352,7.382,7.403,7.408
11703133601,0.0,0.0,0.0,0.0,0.0,0.0,0.0,0.0,0.0,0.0,0.0,0.0,0.0,0.0,0.0,0.0,0.0,0.0,0.0,0.0,0.0,0.0,0.0,0.0,0.0,0.0,0.0,0.0,0.0,0.0,0.0,0.0,0.0,0.0,0.0,0.0,0.0,0.0,0.0,0.0,0.0,0.0
11703133602,266.0,266.0,266.0,266.0,266.0,266.0,266.0,266.0,266.0,266.0,266.0,266.0,266.0,266.0,266.0,266.0,266.0,266.0,266.0,266.0,266.0,8.048,8.102,8.187999999999999,8.059,8.102,8.093,8.106,8.122,8.161,8.193,8.241,8.283999999999999,8.356,8.427,8.514,8.598,8.681000000000001,8.764,8.837,8.914,8.975999999999999
11703133603,0.0,0.0,0.0,0.0,0.0,0.0,0.0,0.0,0.0,0.0,0.0,0.0,0.0,0.0,0.0,0.0,0.0,0.0,0.0,0.0,0.0,10.735,10.716,10.772,10.543,10.62,10.653,10.721,10.811,10.945,11.076,11.234,11.396,11.593,11.8,12.03,12.262,12.492,12.725,12.943,13.165,13.364
11703133605,40.0,40.0,40.0,40.0,40.0,40.0,40.0,40.0,40.0,40.0,40.0,40.0,40.0,40.0,40.0,40.0,40.0,40.0,40.0,40.0,40.0,9.737,10.138,10.48,10.65,10.747,10.786,10.823,10.862,10.918,10.96,11.018,11.066,11.146,11.219,11.308,11.391,11.47,11.549,11.614,11.682,11.731
11703133606,0.0,0.0,0.0,0.0,0.0,0.0,0.0,0.0,0.0,0.0,0.0,0.0,0.0,0.0,0.0,0.0,0.0,0.0,0.0,0.0,0.0,12.571,12.811,13.032,12.993,13.023,12.994,12.987,12.991,13.023,13.044999999999998,13.09,13.125,13.199,13.274,13.373,13.468,13.56,13.652,13.729,13.811,13.869
11703133607,0.0,0.0,0.0,0.0,0.0,0.0,0.0,0.0,0.0,0.0,0.0,0.0,0.0,0.0,0.0,0.0,0.0,0.0,0.0,0.0,0.0,9.385,9.992,10.485,10.8,10.898,10.939,10.975,11.017,11.076999999999998,11.126,11.193,11.256,11.345,11.428,11.525,11.614,11.7,11.787,11.861999999999998,11.938,11.995
11703133608,0.0,0.0,0.0,0.0,0.0,0.0,0.0,0.0,0.0,0.0,0.0,0.0,0.0,0.0,0.0,0.0,0.0,0.0,0.0,0.0,0.0,10.133,10.542,10.91,11.065,11.193,11.285,11.379,11.494,11.633,11.765,11.919,12.071000000000002,12.252,12.431,12.627,12.817,13.004,13.192,13.368,13.545,13.698
11703133609,0.0,0.0,0.0,0.0,0.0,0.0,0.0,0.0,0.0,0.0,0.0,0.0,0.0,0.0,0.0,0.0,0.0,0.0,0.0,0.0,0.0,16.372,16.641,16.862000000000002,16.732,16.673000000000002,16.506,16.384,16.263,16.188000000000002,16.097,16.043,15.984000000000002,15.972,15.967,15.992,16.017,16.037,16.061,16.065,16.073999999999998,16.054000000000002
11703133610,70.0,70.0,70.0,70.0,70.0,70.0,70.0,70.0,70.0,70.0,70.0,70.0,70.0,70.0,70.0,70.0,70.0,70.0,70.0,70.0,70.0,8.309999999999999,8.295,8.344999999999999,8.187000000000001,8.271,8.318999999999999,8.394,8.486,8.612,8.736,8.882,9.029,9.205,9.389,9.591,9.795,9.997,10.203,10.396,10.592,10.77
11703133611,0.0,0.0,0.0,0.0,0.0,0.0,0.0,0.0,0.0,0.0,0.0,0.0,0.0,0.0,0.0,0.0,0.0,0.0,0.0,0.0,0.0,8.904,9.103,9.662,9.728,9.945,10.118,10.249,10.387,10.511,10.607,10.702,10.784,10.881,10.975,11.086,11.19,11.295,11.4,11.499,11.6,11.681
11703133612,0.0,0.0,0.0,0.0,0.0,0.0,0.0,0.0,0.0,0.0,0.0,0.0,0.0,0.0,0.0,0.0,0.0,0.0,0.0,0.0,0.0,10.417,10.651,10.799,10.879,11.13,11.333,11.488,11.65,11.798,11.914,12.029,12.129,12.246,12.359,12.492,12.619,12.745,12.872,12.991,13.113,13.213
11703133613,149.0,149.0,149.0,149.0,149.0,149.0,149.0,149.0,149.0,149.0,149.0,149.0,149.0,149.0,149.0,149.0,149.0,149.0,149.0,149.0,149.0,9.386,9.596,9.711,9.723,9.872,9.977,10.039,10.106,10.159,10.184,10.208,10.221,10.245,10.267,10.305,10.336,10.368,10.4,10.425,10.451,10.46
11703133614,0.0,0.0,0.0,0.0,0.0,0.0,0.0,0.0,0.0,0.0,0.0,0.0,0.0,0.0,0.0,0.0,0.0,0.0,0.0,0.0,0.0,8.811,8.913,9.088,9.038,9.21,9.318,9.436,9.56,9.708,9.845,10.001,10.157,10.339,10.524,10.723,10.92,11.116,11.314,11.501,11.689,11.856
11703133615,0.0,0.0,0.0,0.0,0.0,0.0,0.0,0.0,0.0,0.0,0.0,0.0,0.0,0.0,0.0,0.0,0.0,0.0,0.0,0.0,0.0,8.824,9.141,9.406,9.487,9.532,9.528,9.53,9.533,9.553,9.562,9.586,9.6,9.643,9.681,9.733,9.781,9.824,9.868,9.9,9.935,9.953
11703133616,0.0,0.0,0.0,0.0,0.0,0.0,0.0,0.0,0.0,0.0,0.0,0.0,0.0,0.0,0.0,0.0,0.0,0.0,0.0,0.0,0.0,13.732,14.225,14.657,14.845,14.992,15.063,15.142,15.223,15.329,15.419,15.532,15.63,15.774,15.91,16.07,16.223,16.368,16.514,16.642,16.773,16.877000000000002
11703133617,0.0,0.0,0.0,0.0,0.0,0.0,0.0,0.0,0.0,0.0,0.0,0.0,0.0,0.0,0.0,0.0,0.0,0.0,0.0,0.0,0.0,9.597,9.877,10.093,10.081,10.354,10.569,10.765,10.963,11.165,11.342,11.525,11.692,11.889,12.078,12.281,12.48,12.672,12.864,13.04,13.22,13.375
11703133618,0.0,0.0,0.0,0.0,0.0,0.0,0.0,0.0,0.0,0.0,0.0,0.0,0.0,0.0,0.0,0.0,0.0,0.0,0.0,0.0,0.0,9.881,9.805,9.997,9.917,10.099,10.225,10.331,10.438,10.548,10.634,10.725,10.802,10.904,11.0,11.109,11.21,11.308,11.404,11.486,11.571,11.634
11703133619,0.0,0.0,0.0,0.0,0.0,0.0,0.0,0.0,0.0,0.0,0.0,0.0,0.0,0.0,0.0,0.0,0.0,0.0,0.0,0.0,0.0,10.094,10.165,10.268,10.165,10.212,10.226,10.241,10.269,10.312,10.339,10.38,10.413,10.471,10.531,10.608,10.683,10.755,10.827,10.886,10.948,10.99
11703133620,0.0,0.0,0.0,0.0,0.0,0.0,0.0,0.0,0.0,0.0,0.0,0.0,0.0,0.0,0.0,0.0,0.0,0.0,0.0,0.0,0.0,13.58,13.904,14.230999999999998,14.25,14.379,14.423,14.44,14.45,14.466,14.449,14.444,14.416,14.427,14.427,14.446000000000002,14.457,14.462,14.465,14.451,14.442,14.408
11703133622,0.0,0.0,0.0,0.0,0.0,0.0,0.0,0.0,0.0,0.0,0.0,0.0,0.0,0.0,0.0,0.0,0.0,0.0,0.0,0.0,0.0,12.129,12.672,13.137,13.415,13.605,13.794,14.010000000000002,14.279,14.587,14.904,15.255,15.608,16.005,16.399,16.833000000000002,17.256999999999998,17.683,18.115,18.54,18.971,19.376
11703133623,0.0,0.0,0.0,0.0,0.0,0.0,0.0,0.0,0.0,0.0,0.0,0.0,0.0,0.0,0.0,0.0,0.0,0.0,0.0,0.0,0.0,8.084999999999999,8.411,8.749,9.011,9.284,9.526,9.766,10.024,10.302,10.573,10.861,11.148,11.463,11.776,12.105,12.428999999999998,12.752,13.075,13.386,13.699,13.990000000000002
11703133624,0.0,0.0,0.0,0.0,0.0,0.0,0.0,0.0,0.0,0.0,0.0,0.0,0.0,0.0,0.0,0.0,0.0,0.0,0.0,0.0,0.0,5.680999999999999,5.979,6.064,6.201,6.255,6.272,6.305000000000001,6.3420000000000005,6.396,6.449,6.516,6.58,6.664,6.745,6.8389999999999995,6.927,7.015,7.102,7.183,7.265,7.336
11703133625,0.0,0.0,0.0,0.0,0.0,0.0,0.0,0.0,0.0,0.0,0.0,0.0,0.0,0.0,0.0,0.0,0.0,0.0,0.0,0.0,0.0,14.086,14.822,15.606,16.044,16.281,16.426,16.608,16.802,17.038,17.269000000000002,17.537,17.798000000000002,18.113,18.421,18.759,19.086,19.41,19.734,20.04,20.35,20.625
11703133626,24.0,24.0,24.0,24.0,24.0,24.0,24.0,24.0,24.0,24.0,24.0,24.0,24.0,24.0,24.0,24.0,24.0,24.0,24.0,24.0,24.0,8.254999999999999,8.687,9.08,9.307,9.474,9.559,9.621,9.667,9.715,9.741,9.776,9.797,9.842,9.876,9.922,9.96,9.992,10.023,10.043,10.066,10.07
11703133628,0.0,0.0,0.0,0.0,0.0,0.0,0.0,0.0,0.0,0.0,0.0,0.0,0.0,0.0,0.0,0.0,0.0,0.0,0.0,0.0,0.0,14.605,15.206,15.723,15.983,16.135,16.198,16.262999999999998,16.328,16.418,16.488,16.583,16.661,16.787,16.904,17.045,17.177,17.303,17.427,17.532,17.641000000000002,17.72
11703133629,118.0,118.0,118.0,118.0,118.0,118.0,118.0,118.0,118.0,118.0,118.0,118.0,118.0,118.0,118.0,118.0,118.0,118.0,118.0,118.0,118.0,4.102,4.316,4.5120000000000005,4.625,4.708,4.75,4.78,4.803,4.827,4.84,4.8580000000000005,4.867,4.890000000000001,4.908,4.931,4.949,4.965,4.981,4.99,5.0009999999999994,5.004
11703133630,0.0,0.0,0.0,0.0,0.0,0.0,0.0,0.0,0.0,0.0,0.0,0.0,0.0,0.0,0.0,0.0,0.0,0.0,0.0,0.0,0.0,10.46,11.008,11.506,11.793,12.005,12.113,12.191,12.25,12.31,12.343,12.388,12.412,12.471,12.513000000000002,12.573,12.62,12.66,12.7,12.726,12.754,12.760000000000002
11703133631,0.0,0.0,0.0,0.0,0.0,0.0,0.0,0.0,0.0,0.0,0.0,0.0,0.0,0.0,0.0,0.0,0.0,0.0,0.0,0.0,0.0,7.5,7.809000000000001,8.063,8.164,8.202,8.193,8.184999999999999,8.179,8.184,8.181000000000001,8.189,8.189,8.213,8.232,8.262,8.289,8.311,8.333,8.346,8.362,8.363
11703133632,0.0,0.0,0.0,0.0,0.0,0.0,0.0,0.0,0.0,0.0,0.0,0.0,0.0,0.0,0.0,0.0,0.0,0.0,0.0,0.0,0.0,8.573,9.094,9.342,9.433,9.526,9.564,9.614,9.655,9.708,9.742,9.788,9.82,9.878,9.926,9.987,10.04,10.09,10.137,10.173,10.212,10.234
11703133633,0.0,0.0,0.0,0.0,0.0,0.0,0.0,0.0,0.0,0.0,0.0,0.0,0.0,0.0,0.0,0.0,0.0,0.0,0.0,0.0,0.0,9.841,10.238,10.595,10.748,10.874,10.967,11.059,11.173,11.312,11.442,11.593,11.743,11.922,12.097,12.289,12.476,12.66,12.846,13.019,13.192,13.344
11703133634,0.0,0.0,0.0,0.0,0.0,0.0,0.0,0.0,0.0,0.0,0.0,0.0,0.0,0.0,0.0,0.0,0.0,0.0,0.0,0.0,0.0,11.322,11.381,11.685,11.777,11.868,11.89,11.926,11.952,11.991,12.008,12.039,12.052,12.098,12.132,12.181,12.221,12.254,12.286,12.305,12.326999999999998,12.328
11703133635,0.0,0.0,0.0,0.0,0.0,0.0,0.0,0.0,0.0,0.0,0.0,0.0,0.0,0.0,0.0,0.0,0.0,0.0,0.0,0.0,0.0,7.964,8.48,8.937,9.332,9.573,9.763,9.948,10.137,10.341,10.535,10.747,10.952,11.185,11.411,11.651,11.883,12.112,12.342,12.561,12.78,12.978
11703133636,0.0,0.0,0.0,0.0,0.0,0.0,0.0,0.0,0.0,0.0,0.0,0.0,0.0,0.0,0.0,0.0,0.0,0.0,0.0,0.0,0.0,10.76,10.966,11.152,11.111,11.127,11.091,11.078,11.071,11.088,11.098,11.126,11.147,11.202,11.256,11.33,11.402,11.471,11.539,11.597,11.657,11.697
11703133637,0.0,0.0,0.0,0.0,0.0,0.0,0.0,0.0,0.0,0.0,0.0,0.0,0.0,0.0,0.0,0.0,0.0,0.0,0.0,0.0,0.0,8.306,8.208,8.632000000000001,8.464,8.558,8.665000000000001,8.844000000000001,9.073,9.343,9.624,9.931,10.244,10.59,10.947,11.324,11.704,12.085,12.467,12.836,13.208,13.559
11703133638,0.0,0.0,0.0,0.0,0.0,0.0,0.0,0.0,0.0,0.0,0.0,0.0,0.0,0.0,0.0,0.0,0.0,0.0,0.0,0.0,0.0,6.768,6.688,6.233,6.079,6.108,6.148,6.241,6.37,6.527,6.693,6.875,7.063000000000001,7.273,7.49,7.720000000000001,7.952,8.184,8.418,8.641,8.866,9.077
11703133639,0.0,0.0,0.0,0.0,0.0,0.0,0.0,0.0,0.0,0.0,0.0,0.0,0.0,0.0,0.0,0.0,0.0,0.0,0.0,0.0,0.0,8.271,8.328,8.417,8.291,8.34,8.337,8.357,8.379000000000001,8.426,8.465,8.521,8.571,8.651,8.731,8.826,8.919,9.011,9.103,9.185,9.27,9.34
11703133640,0.0,0.0,0.0,0.0,0.0,0.0,0.0,0.0,0.0,0.0,0.0,0.0,0.0,0.0,0.0,0.0,0.0,0.0,0.0,0.0,0.0,8.979,9.043,9.12,8.986,8.975999999999999,8.934999999999999,8.898,8.871,8.858,8.831,8.816,8.794,8.794,8.796,8.811,8.826,8.836,8.848,8.847999999999999,8.852,8.838999999999999
11703133641,60.0,60.0,60.0,60.0,60.0,60.0,60.0,60.0,60.0,60.0,60.0,60.0,60.0,60.0,60.0,60.0,60.0,60.0,60.0,60.0,60.0,8.421,8.477,8.581,8.487,8.582,8.620999999999999,8.684999999999999,8.748999999999999,8.838,8.92,9.019,9.112,9.236,9.36,9.501,9.641,9.778,9.915,10.041,10.172,10.286
11703133642,0.0,0.0,0.0,0.0,0.0,0.0,0.0,0.0,0.0,0.0,0.0,0.0,0.0,0.0,0.0,0.0,0.0,0.0,0.0,0.0,0.0,5.575,5.614,5.663,5.579,5.573,5.548,5.525,5.508,5.5,5.483,5.474,5.46,5.461,5.461,5.471,5.4799999999999995,5.487,5.494,5.494,5.497,5.4879999999999995
11703163801,0.0,0.0,0.0,0.0,0.0,0.0,0.0,0.0,0.0,0.0,0.0,0.0,0.0,0.0,0.0,0.0,0.0,0.0,0.0,0.0,0.0,1.773,0.411,0.1,0.0,0.0,0.0,0.0,0.0,0.0,0.0,0.0,0.0,0.0,0.0,0.0,0.0,0.0,0.0,0.0,0.0,0.0
11703163802,0.0,0.0,0.0,0.0,0.0,0.0,0.0,0.0,0.0,0.0,0.0,0.0,0.0,0.0,0.0,0.0,0.0,0.0,0.0,0.0,0.0,1.372,0.318,0.077,0.0,0.0,0.0,0.0,0.0,0.0,0.0,0.0,0.0,0.0,0.0,0.0,0.0,0.0,0.0,0.0,0.0,0.0
11703163803,0.0,0.0,0.0,0.0,0.0,0.0,0.0,0.0,0.0,0.0,0.0,0.0,0.0,0.0,0.0,0.0,0.0,0.0,0.0,0.0,0.0,9.828,9.273,8.293,7.532,7.388,7.274,7.385,7.575,7.824999999999999,8.086,8.283999999999999,8.517,8.695,8.864,8.98,9.117,9.188,9.268,9.325,9.36,9.399
11703163804,0.0,0.0,0.0,0.0,0.0,0.0,0.0,0.0,0.0,0.0,0.0,0.0,0.0,0.0,0.0,0.0,0.0,0.0,0.0,0.0,0.0,6.539000000000001,6.169,5.5169999999999995,5.011,4.944,5.108,5.429,5.819,6.268,6.744,7.181,7.606,7.994999999999999,8.382,8.727,9.099,9.41,9.735,10.038,10.321000000000002,10.608
11703163805,50.0,50.0,50.0,50.0,50.0,50.0,50.0,50.0,50.0,50.0,50.0,50.0,50.0,50.0,50.0,50.0,50.0,50.0,50.0,50.0,50.0,0.0419999999999999,0.01,0.002,0.0,0.0,0.0,0.0,0.0,0.0,0.0,0.0,0.0,0.0,0.0,0.0,0.0,0.0,0.0,0.0,0.0,0.0
11703163806,104.0,104.0,104.0,104.0,104.0,104.0,104.0,104.0,104.0,104.0,104.0,104.0,104.0,104.0,104.0,104.0,104.0,104.0,104.0,104.0,104.0,2.314,0.536,0.13,0.0,0.0,0.0,0.0,0.0,0.0,0.0,0.0,0.0,0.0,0.0,0.0,0.0,0.0,0.0,0.0,0.0,0.0
11703163807,0.0,0.0,0.0,0.0,0.0,0.0,0.0,0.0,0.0,0.0,0.0,0.0,0.0,0.0,0.0,0.0,0.0,0.0,0.0,0.0,0.0,5.622,5.305,4.744,4.308,4.227,4.1610000000000005,4.224,4.333,4.476,4.625,4.739,4.872,4.974,5.071,5.137,5.215,5.255,5.302,5.334,5.354,5.3759999999999994
11703163808,0.0,0.0,0.0,0.0,0.0,0.0,0.0,0.0,0.0,0.0,0.0,0.0,0.0,0.0,0.0,0.0,0.0,0.0,0.0,0.0,0.0,0.0,0.0,0.0,0.0,0.0,0.0,0.0,0.0,0.0,0.0,0.0,0.0,0.0,0.0,0.0,0.0,0.0,0.0,0.0,0.0,0.0
11703163809,0.0,0.0,0.0,0.0,0.0,0.0,0.0,0.0,0.0,0.0,0.0,0.0,0.0,0.0,0.0,0.0,0.0,0.0,0.0,0.0,0.0,0.0,0.0,0.0,0.0,0.0,0.0,0.0,0.0,0.0,0.0,0.0,0.0,0.0,0.0,0.0,0.0,0.0,0.0,0.0,0.0,0.0
11703163810,0.0,0.0,0.0,0.0,0.0,0.0,0.0,0.0,0.0,0.0,0.0,0.0,0.0,0.0,0.0,0.0,0.0,0.0,0.0,0.0,0.0,8.046,7.351000000000001,6.3759999999999994,5.625,5.405,5.389,5.549,5.764,6.01,6.257000000000001,6.442,6.6419999999999995,6.7940000000000005,6.94,7.042,7.1610000000000005,7.226,7.294,7.345,7.374,7.409
11703163811,0.0,0.0,0.0,0.0,0.0,0.0,0.0,0.0,0.0,0.0,0.0,0.0,0.0,0.0,0.0,0.0,0.0,0.0,0.0,0.0,0.0,5.803999999999999,5.44,4.8309999999999995,4.344,4.218,3.976,3.906,3.914,3.979,4.071,4.15,4.269,4.362,4.448,4.511,4.581,4.622,4.6690000000000005,4.702999999999999,4.73,4.755
11703163812,0.0,0.0,0.0,0.0,0.0,0.0,0.0,0.0,0.0,0.0,0.0,0.0,0.0,0.0,0.0,0.0,0.0,0.0,0.0,0.0,0.0,6.587,5.944,5.1,4.431,4.106,4.153,4.324,4.528,4.743,4.951,5.105,5.2620000000000005,5.381,5.497,5.578,5.669,5.718,5.77,5.808,5.829000000000001,5.852
11703163813,0.0,0.0,0.0,0.0,0.0,0.0,0.0,0.0,0.0,0.0,0.0,0.0,0.0,0.0,0.0,0.0,0.0,0.0,0.0,0.0,0.0,7.788,7.348,6.571,5.968,5.855,5.764,5.851,6.002000000000001,6.2,6.407,6.5649999999999995,6.748,6.890000000000001,7.024,7.115,7.224,7.28,7.344,7.389,7.416,7.447
11703163814,0.0,0.0,0.0,0.0,0.0,0.0,0.0,0.0,0.0,0.0,0.0,0.0,0.0,0.0,0.0,0.0,0.0,0.0,0.0,0.0,0.0,13.352,12.515,11.115,9.994,9.799,9.988,10.549,11.309,12.247,13.298000000000002,14.334,15.384,16.374,17.361,18.283,19.257,20.12,21.017,21.876,22.704,23.533
11703163815,0.0,0.0,0.0,0.0,0.0,0.0,0.0,0.0,0.0,0.0,0.0,0.0,0.0,0.0,0.0,0.0,0.0,0.0,0.0,0.0,0.0,0.0,0.0,0.0,0.0,0.0,0.0,0.0,0.0,0.0,0.0,0.0,0.0,0.0,0.0,0.0,0.0,0.0,0.0,0.0,0.0,0.0
11703163816,0.0,0.0,0.0,0.0,0.0,0.0,0.0,0.0,0.0,0.0,0.0,0.0,0.0,0.0,0.0,0.0,0.0,0.0,0.0,0.0,0.0,7.068,6.379,5.473,4.755,5.037,5.093,5.304,5.554,5.818,6.074,6.2620000000000005,6.456,6.6,6.743,6.843,6.954,7.015,7.077999999999999,7.123,7.151,7.179
11703163817,0.0,0.0,0.0,0.0,0.0,0.0,0.0,0.0,0.0,0.0,0.0,0.0,0.0,0.0,0.0,0.0,0.0,0.0,0.0,0.0,0.0,0.0,0.0,0.0,0.0,0.0,0.0,0.0,0.0,0.0,0.0,0.0,0.0,0.0,0.0,0.0,0.0,0.0,0.0,0.0,0.0,0.0
11703163818,0.0,0.0,0.0,0.0,0.0,0.0,0.0,0.0,0.0,0.0,0.0,0.0,0.0,0.0,0.0,0.0,0.0,0.0,0.0,0.0,0.0,6.1979999999999995,5.663,4.911,4.333,4.164,4.152,4.274,4.44,4.631,4.82,4.962,5.116,5.233,5.346,5.425,5.516,5.566,5.619,5.6579999999999995,5.681,5.707000000000001
11703163819,94.0,94.0,94.0,94.0,94.0,94.0,94.0,94.0,94.0,94.0,94.0,94.0,94.0,94.0,94.0,94.0,94.0,94.0,94.0,94.0,94.0,11.174,4.963,1.03,0.124,0.18,0.333,0.322,0.38,0.279,0.26,0.241,0.209,0.146,0.11,0.101,0.016,0.072,0.0,0.0,0.0,0.0
11703163820,257.0,257.0,257.0,257.0,257.0,257.0,257.0,257.0,257.0,257.0,257.0,257.0,257.0,257.0,257.0,257.0,257.0,257.0,257.0,257.0,257.0,15.323,13.998,12.141,10.713,10.713,10.723,11.082999999999998,11.557,12.096,12.639,13.062,13.506,13.857,14.198,14.449,14.735,14.911,15.098,15.246,15.352,15.469
11703163821,0.0,0.0,0.0,0.0,0.0,0.0,0.0,0.0,0.0,0.0,0.0,0.0,0.0,0.0,0.0,0.0,0.0,0.0,0.0,0.0,0.0,5.632000000000001,5.229,4.601,4.115,4.061999999999999,4.077,4.208,4.376,4.5649999999999995,4.7490000000000006,4.883,5.026999999999999,5.133,5.239,5.309,5.395,5.438,5.488,5.522,5.541,5.566000000000001
11703163822,0.0,0.0,0.0,0.0,0.0,0.0,0.0,0.0,0.0,0.0,0.0,0.0,0.0,0.0,0.0,0.0,0.0,0.0,0.0,0.0,0.0,9.163,8.507,7.485,6.693,6.609,6.633,6.845,7.119000000000001,7.427,7.725,7.943,8.178,8.350999999999999,8.523,8.636000000000001,8.776,8.847999999999999,8.927,8.984,9.014,9.055
11703163823,0.0,0.0,0.0,0.0,0.0,0.0,0.0,0.0,0.0,0.0,0.0,0.0,0.0,0.0,0.0,0.0,0.0,0.0,0.0,0.0,0.0,7.606999999999999,7.063,6.215,5.558,5.488,5.507,5.683999999999999,5.91,6.165,6.414,6.595000000000001,6.79,6.933999999999999,7.077,7.17,7.287,7.346,7.412,7.46,7.484999999999999,7.518
11703163824,0.0,0.0,0.0,0.0,0.0,0.0,0.0,0.0,0.0,0.0,0.0,0.0,0.0,0.0,0.0,0.0,0.0,0.0,0.0,0.0,0.0,7.263999999999999,6.809,6.046,5.436999999999999,5.311,5.2700000000000005,5.434,5.702999999999999,6.06,6.468,6.864999999999999,7.285,7.672000000000001,8.055,8.405,8.778,9.096,9.43,9.746,10.047,10.348
11703163901,0.0,0.0,0.0,0.0,0.0,0.0,0.0,0.0,0.0,0.0,0.0,0.0,0.0,0.0,0.0,0.0,0.0,0.0,0.0,0.0,0.0,0.0,0.0,0.0,0.261,0.853,1.724,2.643,3.667,4.782,6.004,7.226000000000001,8.469999999999999,9.772,11.091,12.457,13.834,15.225,16.625,18.017,19.417,20.792
11703163902,0.0,0.0,0.0,0.0,0.0,0.0,0.0,0.0,0.0,0.0,0.0,0.0,0.0,0.0,0.0,0.0,0.0,0.0,0.0,0.0,0.0,12.845,13.678,13.563,13.313,13.13,12.898,12.707,12.582,12.531,12.461,12.43,12.382,12.381,12.374,12.396,12.411,12.426,12.439,12.44,12.443,12.43
11703163903,0.0,0.0,0.0,0.0,0.0,0.0,0.0,0.0,0.0,0.0,0.0,0.0,0.0,0.0,0.0,0.0,0.0,0.0,0.0,0.0,0.0,13.876,14.788,14.669,14.4,14.264,14.126,14.057000000000002,14.079999999999998,14.198,14.315,14.483,14.635000000000002,14.848,15.062,15.315,15.564,15.815,16.066,16.302999999999997,16.544,16.762
11703163904,0.0,0.0,0.0,0.0,0.0,0.0,0.0,0.0,0.0,0.0,0.0,0.0,0.0,0.0,0.0,0.0,0.0,0.0,0.0,0.0,0.0,9.188,9.796,9.723,9.54,9.402,9.229,9.084,8.986,8.939,8.878,8.846,8.801,8.79,8.774999999999999,8.78,8.781,8.781,8.78,8.771,8.762,8.743
11703163905,0.0,0.0,0.0,0.0,0.0,0.0,0.0,0.0,0.0,0.0,0.0,0.0,0.0,0.0,0.0,0.0,0.0,0.0,0.0,0.0,0.0,29.264,31.180999999999997,30.938,30.385,29.98,29.458,29.021,28.728,28.604,28.432,28.35,28.226,28.211,28.180999999999997,28.214,28.232999999999997,28.252,28.265,28.251,28.24,28.192
11703163906,0.0,0.0,0.0,0.0,0.0,0.0,0.0,0.0,0.0,0.0,0.0,0.0,0.0,0.0,0.0,0.0,0.0,0.0,0.0,0.0,0.0,7.763,8.280000000000001,8.222999999999999,8.204,8.308,8.446,8.604,8.823,9.107,9.403,9.72,10.029,10.382,10.735,11.116,11.496,11.879,12.262,12.636,13.011,13.371
11703163907,0.0,0.0,0.0,0.0,0.0,0.0,0.0,0.0,0.0,0.0,0.0,0.0,0.0,0.0,0.0,0.0,0.0,0.0,0.0,0.0,0.0,11.346,12.1,12.016,11.966,12.091,12.263,12.471,12.766,13.157,13.564,14.003,14.431,14.922,15.413,15.946000000000002,16.476,17.009,17.545,18.065,18.589,19.088
11703163908,90.0,90.0,90.0,90.0,90.0,90.0,90.0,90.0,90.0,90.0,90.0,90.0,90.0,90.0,90.0,90.0,90.0,90.0,90.0,90.0,90.0,15.956,17.012,16.887,16.646,16.500999999999998,16.298000000000002,16.133,16.049,16.055,16.038,16.069,16.075,16.144,16.204,16.301000000000002,16.39,16.479,16.564,16.635,16.707,16.756999999999998
11703163909,36.0,36.0,36.0,36.0,36.0,36.0,36.0,36.0,36.0,36.0,36.0,36.0,36.0,36.0,36.0,36.0,36.0,36.0,36.0,36.0,36.0,10.462,11.153,11.076,10.925,10.836,10.705,10.597,10.539,10.543,10.533,10.551,10.555,10.599,10.637,10.698,10.754,10.811,10.864,10.908,10.954,10.986
11703163910,84.0,84.0,84.0,84.0,84.0,84.0,84.0,84.0,84.0,84.0,84.0,84.0,84.0,84.0,84.0,84.0,84.0,84.0,84.0,84.0,84.0,11.423,12.174,12.078,11.886,11.85,11.857,11.922,12.079,12.329,12.594,12.898,13.194,13.55,13.906,14.301,14.695,15.093,15.491,15.877,16.267,16.637
11703163911,0.0,0.0,0.0,0.0,0.0,0.0,0.0,0.0,0.0,0.0,0.0,0.0,0.0,0.0,0.0,0.0,0.0,0.0,0.0,0.0,0.0,16.3,17.368000000000002,17.232,16.925,16.699,16.407,16.163999999999998,16.000999999999998,15.932,15.836000000000002,15.79,15.722,15.713,15.697,15.716,15.725,15.736,15.743,15.735,15.73,15.703
11703163912,0.0,0.0,0.0,0.0,0.0,0.0,0.0,0.0,0.0,0.0,0.0,0.0,0.0,0.0,0.0,0.0,0.0,0.0,0.0,0.0,0.0,15.828,16.864,16.740000000000002,16.685,16.853,17.053,17.295,17.645,18.121,18.613,19.148,19.665,20.264,20.862,21.514,22.159,22.812,23.463,24.094,24.731,25.335
11703163913,0.0,0.0,0.0,0.0,0.0,0.0,0.0,0.0,0.0,0.0,0.0,0.0,0.0,0.0,0.0,0.0,0.0,0.0,0.0,0.0,0.0,17.733,18.906,18.765,18.413,18.147,17.813,17.533,17.343,17.253,17.134999999999998,17.072000000000003,16.985999999999997,16.964,16.936,16.945999999999998,16.947,16.948,16.945,16.927,16.911,16.872999999999998
11703163914,0.0,0.0,0.0,0.0,0.0,0.0,0.0,0.0,0.0,0.0,0.0,0.0,0.0,0.0,0.0,0.0,0.0,0.0,0.0,0.0,0.0,9.7,10.334,10.249,9.891,9.616,9.351,9.168,9.058,9.022,8.99,8.998000000000001,9.001000000000001,9.045,9.091,9.161,9.231,9.304,9.376,9.442,9.511,9.568
11703163915,0.0,0.0,0.0,0.0,0.0,0.0,0.0,0.0,0.0,0.0,0.0,0.0,0.0,0.0,0.0,0.0,0.0,0.0,0.0,0.0,0.0,5.001,5.326,5.282,5.184,5.112,5.022,4.948,4.899,4.88,4.852,4.84,4.822,4.821,4.818,4.827,4.832,4.839,4.843,4.843999999999999,4.845,4.84
11703163916,90.0,90.0,90.0,90.0,90.0,90.0,90.0,90.0,90.0,90.0,90.0,90.0,90.0,90.0,90.0,90.0,90.0,90.0,90.0,90.0,90.0,14.273,15.208,15.09,14.82,14.622,14.367,14.154,14.012,13.951,13.867,13.827,13.767,13.759,13.745,13.761,13.77,13.779,13.786,13.778,13.773,13.751
11703163917,0.0,0.0,0.0,0.0,0.0,0.0,0.0,0.0,0.0,0.0,0.0,0.0,0.0,0.0,0.0,0.0,0.0,0.0,0.0,0.0,0.0,3.22,3.431,3.402,3.282,3.1820000000000004,3.0789999999999997,3.002,2.947,2.9139999999999997,2.879,2.8579999999999997,2.835,2.824,2.814,2.811,2.807,2.8049999999999997,2.802,2.797,2.793,2.785
11703163918,0.0,0.0,0.0,0.0,0.0,0.0,0.0,0.0,0.0,0.0,0.0,0.0,0.0,0.0,0.0,0.0,0.0,0.0,0.0,0.0,0.0,10.879,11.597,11.517,11.361,11.268,11.13,11.019,10.959,10.963,10.951,10.971,10.975,11.021,11.06,11.124,11.182,11.241,11.298,11.342,11.391,11.423
11703164001,0.0,0.0,0.0,0.0,0.0,0.0,0.0,0.0,0.0,0.0,0.0,0.0,0.0,0.0,0.0,0.0,0.0,0.0,0.0,0.0,0.0,21.599,21.527,20.964,20.879,20.689,20.517,20.372,20.25,20.171,20.103,20.058,20.019,20.016,20.035,20.066,20.116,20.142,20.177,20.185,20.189,20.173
11703164002,0.0,0.0,0.0,0.0,0.0,0.0,0.0,0.0,0.0,0.0,0.0,0.0,0.0,0.0,0.0,0.0,0.0,0.0,0.0,0.0,0.0,17.977,17.921,17.514,17.523,17.416,17.332,17.273,17.236,17.238,17.246000000000002,17.277,17.295,17.34,17.405,17.476,17.566,17.633,17.708,17.759,17.808,17.835
11703164003,0.0,0.0,0.0,0.0,0.0,0.0,0.0,0.0,0.0,0.0,0.0,0.0,0.0,0.0,0.0,0.0,0.0,0.0,0.0,0.0,0.0,13.771,13.983,13.843,14.027,13.924,13.806,13.704999999999998,13.613,13.553,13.505,13.479,13.459,13.464,13.486,13.515,13.555,13.581,13.613,13.627,13.641,13.636
11703164004,50.0,50.0,50.0,50.0,50.0,50.0,50.0,50.0,50.0,50.0,50.0,50.0,50.0,50.0,50.0,50.0,50.0,50.0,50.0,50.0,50.0,20.856,21.176,20.965,21.244,21.088,20.907,20.754,20.617,20.526,20.452,20.413,20.384,20.391,20.422,20.467,20.528,20.567,20.616,20.639,20.658,20.652
11703164005,0.0,0.0,0.0,0.0,0.0,0.0,0.0,0.0,0.0,0.0,0.0,0.0,0.0,0.0,0.0,0.0,0.0,0.0,0.0,0.0,0.0,20.134,20.206,20.274,20.878,21.235999999999997,21.662,22.14,22.706000000000003,23.35,24.039,24.776,25.355,25.944000000000003,26.542,27.144,27.763999999999996,28.339,28.934,29.487,30.031,30.538
11703164006,0.0,0.0,0.0,0.0,0.0,0.0,0.0,0.0,0.0,0.0,0.0,0.0,0.0,0.0,0.0,0.0,0.0,0.0,0.0,0.0,0.0,15.243,15.145,14.732,14.659,14.595,14.531,14.473,14.422,14.396999999999998,14.375,14.365,14.353000000000002,14.369,14.4,14.437,14.49,14.521,14.556,14.573,14.583,14.586
11703164007,0.0,0.0,0.0,0.0,0.0,0.0,0.0,0.0,0.0,0.0,0.0,0.0,0.0,0.0,0.0,0.0,0.0,0.0,0.0,0.0,0.0,12.548,12.281,11.788,11.574,11.496,11.444,11.405,11.376,11.364999999999998,11.35,11.341,11.33,11.335,11.353,11.373,11.406,11.421,11.442,11.447,11.45,11.44
11703164008,0.0,0.0,0.0,0.0,0.0,0.0,0.0,0.0,0.0,0.0,0.0,0.0,0.0,0.0,0.0,0.0,0.0,0.0,0.0,0.0,0.0,17.116,17.058,16.612000000000002,16.544,16.393,16.257,16.143,16.046,15.983999999999998,15.929,15.894,15.862,15.86,15.877,15.899,15.94,15.961,15.988,15.995,15.998,15.984
11703164009,0.0,0.0,0.0,0.0,0.0,0.0,0.0,0.0,0.0,0.0,0.0,0.0,0.0,0.0,0.0,0.0,0.0,0.0,0.0,0.0,0.0,18.162,18.868,19.304,20.146,20.569000000000003,20.923,21.262,21.589,21.943,22.297,22.66,22.934,23.232999999999997,23.525,23.816,24.113999999999997,24.371,24.641,24.877,25.11,25.318
11703164010,0.0,0.0,0.0,0.0,0.0,0.0,0.0,0.0,0.0,0.0,0.0,0.0,0.0,0.0,0.0,0.0,0.0,0.0,0.0,0.0,0.0,17.967,17.913,17.572,17.652,17.664,17.677,17.735,17.802999999999997,17.911,18.027,18.161,18.258,18.379,18.517,18.656,18.813,18.941,19.079,19.191,19.299,19.383
11703164011,150.0,150.0,150.0,150.0,150.0,150.0,150.0,150.0,150.0,150.0,150.0,150.0,150.0,150.0,150.0,150.0,150.0,150.0,150.0,150.0,150.0,15.605,15.526,15.116,15.078,14.998,14.975,14.972,15.008,15.085,15.177,15.287,15.381,15.495,15.619,15.747,15.887,16.002000000000002,16.124000000000002,16.224,16.32,16.4
11703164012,0.0,0.0,0.0,0.0,0.0,0.0,0.0,0.0,0.0,0.0,0.0,0.0,0.0,0.0,0.0,0.0,0.0,0.0,0.0,0.0,0.0,19.973,19.749,19.046,18.817,18.437,18.098,17.841,17.623,17.469,17.345,17.259,17.188,17.156,17.153,17.167,17.201999999999998,17.221,17.244,17.247,17.245,17.228
11703164013,100.0,100.0,100.0,100.0,100.0,100.0,100.0,100.0,100.0,100.0,100.0,100.0,100.0,100.0,100.0,100.0,100.0,100.0,100.0,100.0,100.0,9.753,9.655,9.455,9.495,9.499,9.518,9.571,9.642,9.743,9.856,9.987,10.086,10.199,10.323,10.451,10.591,10.717,10.852,10.97,11.085,11.183
11703164014,0.0,0.0,0.0,0.0,0.0,0.0,0.0,0.0,0.0,0.0,0.0,0.0,0.0,0.0,0.0,0.0,0.0,0.0,0.0,0.0,0.0,19.628,19.697,18.939,18.723,18.312,17.990000000000002,17.734,17.561999999999998,17.463,17.403,17.381,17.429000000000002,17.483,17.541,17.6,17.669,17.708,17.757,17.781,17.798000000000002,17.795
11703164015,0.0,0.0,0.0,0.0,0.0,0.0,0.0,0.0,0.0,0.0,0.0,0.0,0.0,0.0,0.0,0.0,0.0,0.0,0.0,0.0,0.0,0.363,0.361,0.348,0.344,0.3379999999999999,0.333,0.33,0.328,0.326,0.325,0.324,0.324,0.324,0.325,0.325,0.326,0.327,0.327,0.326,0.327,0.327
11703164016,0.0,0.0,0.0,0.0,0.0,0.0,0.0,0.0,0.0,0.0,0.0,0.0,0.0,0.0,0.0,0.0,0.0,0.0,0.0,0.0,0.0,10.934,10.702,10.272,10.085,10.017,9.972,9.938,9.913,9.902,9.891,9.883,9.872,9.877,9.893,9.91,9.939,9.952,9.97,9.975,9.978,9.969
11703164017,0.0,0.0,0.0,0.0,0.0,0.0,0.0,0.0,0.0,0.0,0.0,0.0,0.0,0.0,0.0,0.0,0.0,0.0,0.0,0.0,0.0,15.32,15.273,14.87,14.823,14.677,14.553,14.45,14.367,14.316,14.271,14.245,14.225,14.229,14.248,14.273,14.312,14.332,14.36,14.368000000000002,14.375,14.362
11703164018,154.0,154.0,154.0,154.0,154.0,154.0,154.0,154.0,154.0,154.0,154.0,154.0,154.0,154.0,154.0,154.0,154.0,154.0,154.0,154.0,154.0,21.375,21.303,20.747,20.662,20.473,20.304,20.161,20.04,19.962,19.894,19.85,19.81,19.808,19.827,19.858,19.908,19.933,19.967,19.976,19.98,19.964
11703164019,0.0,0.0,0.0,0.0,0.0,0.0,0.0,0.0,0.0,0.0,0.0,0.0,0.0,0.0,0.0,0.0,0.0,0.0,0.0,0.0,0.0,21.942,22.177,21.888,22.102,22.009,21.878,21.808999999999997,21.735,21.71,21.701,21.714,21.729,21.783,21.854,21.924999999999997,22.017000000000003,22.08,22.161,22.205,22.243,22.256
11703164020,0.0,0.0,0.0,0.0,0.0,0.0,0.0,0.0,0.0,0.0,0.0,0.0,0.0,0.0,0.0,0.0,0.0,0.0,0.0,0.0,0.0,20.842,20.778,20.201,20.112,19.949,19.789,19.683,19.59,19.542,19.502,19.485,19.48,19.502,19.541,19.582,19.64,19.67,19.707,19.717,19.725,19.708
11703164021,0.0,0.0,0.0,0.0,0.0,0.0,0.0,0.0,0.0,0.0,0.0,0.0,0.0,0.0,0.0,0.0,0.0,0.0,0.0,0.0,0.0,27.034,27.066000000000003,26.486,26.58,26.353,26.198,26.124,26.112,26.174,26.263,26.398,26.515,26.659,26.826,26.997,27.189,27.345,27.516,27.651,27.783,27.878
11703164022,0.0,0.0,0.0,0.0,0.0,0.0,0.0,0.0,0.0,0.0,0.0,0.0,0.0,0.0,0.0,0.0,0.0,0.0,0.0,0.0,0.0,13.262,13.113,12.646999999999998,12.495,12.242,12.017,11.846,11.702,11.599,11.517,11.459,11.412,11.392,11.39,11.399,11.423,11.434,11.45,11.451,11.45,11.439
11703164023,0.0,0.0,0.0,0.0,0.0,0.0,0.0,0.0,0.0,0.0,0.0,0.0,0.0,0.0,0.0,0.0,0.0,0.0,0.0,0.0,0.0,11.614,11.578,11.273,11.236999999999998,11.126,11.032,10.954,10.892,10.852,10.818,10.799,10.784,10.787,10.801,10.82,10.849,10.865,10.886,10.892,10.897,10.887
11703164024,0.0,0.0,0.0,0.0,0.0,0.0,0.0,0.0,0.0,0.0,0.0,0.0,0.0,0.0,0.0,0.0,0.0,0.0,0.0,0.0,0.0,12.132,11.874,11.396,11.19,11.115,11.064,11.027,10.999,10.987,10.973,10.965,10.953,10.958,10.976,10.996,11.027,11.042,11.063,11.067,11.07,11.061
11703164025,38.0,38.0,38.0,38.0,38.0,38.0,38.0,38.0,38.0,38.0,38.0,38.0,38.0,38.0,38.0,38.0,38.0,38.0,38.0,38.0,38.0,15.149,15.311,15.085,15.207,15.115,15.0,14.927,14.851,14.808,14.778,14.761,14.754,14.775000000000002,14.805,14.837,14.882,14.908,14.945,14.958,14.967,14.959
11703164026,0.0,0.0,0.0,0.0,0.0,0.0,0.0,0.0,0.0,0.0,0.0,0.0,0.0,0.0,0.0,0.0,0.0,0.0,0.0,0.0,0.0,12.433,12.395,12.05,11.997,11.9,11.805,11.742,11.686,11.658,11.634,11.623,11.621,11.634,11.657,11.682,11.717,11.733,11.757,11.762,11.767,11.756
11703164027,0.0,0.0,0.0,0.0,0.0,0.0,0.0,0.0,0.0,0.0,0.0,0.0,0.0,0.0,0.0,0.0,0.0,0.0,0.0,0.0,0.0,21.768,22.615,22.728,23.308999999999997,23.392000000000003,23.398,23.386,23.364,23.371,23.378,23.398,23.443,23.513,23.575,23.635,23.702,23.727,23.766,23.772,23.776,23.755
11703164028,263.0,263.0,263.0,263.0,263.0,263.0,263.0,263.0,263.0,263.0,263.0,263.0,263.0,263.0,263.0,263.0,263.0,263.0,263.0,263.0,263.0,10.945,10.822,10.437,10.312,10.103000000000002,9.918,9.777,9.658,9.573,9.505,9.458,9.419,9.401,9.401,9.407,9.427,9.437,9.45,9.451,9.451,9.441
11703164029,0.0,0.0,0.0,0.0,0.0,0.0,0.0,0.0,0.0,0.0,0.0,0.0,0.0,0.0,0.0,0.0,0.0,0.0,0.0,0.0,0.0,17.232,17.121000000000002,16.653,16.570999999999998,16.497,16.424,16.358,16.299,16.269,16.245,16.232,16.217,16.235999999999997,16.269,16.311,16.369,16.404,16.443,16.46,16.473,16.473
11703164030,0.0,0.0,0.0,0.0,0.0,0.0,0.0,0.0,0.0,0.0,0.0,0.0,0.0,0.0,0.0,0.0,0.0,0.0,0.0,0.0,0.0,21.399,21.424,20.957,21.022,20.835,20.703,20.636,20.619,20.66,20.722,20.821,20.908,21.017,21.143,21.274,21.419,21.537,21.667,21.768,21.867,21.937
11703164031,0.0,0.0,0.0,0.0,0.0,0.0,0.0,0.0,0.0,0.0,0.0,0.0,0.0,0.0,0.0,0.0,0.0,0.0,0.0,0.0,0.0,16.673,16.507,15.888,15.689,15.437,15.218,15.059,14.934,14.859,14.805,14.778,14.779,14.801,14.838,14.88,14.939,14.979,15.029,15.053999999999998,15.076,15.076
11703164032,0.0,0.0,0.0,0.0,0.0,0.0,0.0,0.0,0.0,0.0,0.0,0.0,0.0,0.0,0.0,0.0,0.0,0.0,0.0,0.0,0.0,9.885,9.853,9.594,9.563,9.469,9.389,9.323,9.269,9.236,9.207,9.19,9.178,9.18,9.192,9.209,9.233,9.247,9.265,9.269,9.274,9.266
11703164033,0.0,0.0,0.0,0.0,0.0,0.0,0.0,0.0,0.0,0.0,0.0,0.0,0.0,0.0,0.0,0.0,0.0,0.0,0.0,0.0,0.0,13.102,13.018,12.664,12.601,12.546,12.491,12.441,12.397,12.375,12.357,12.348,12.338,12.351,12.377,12.41,12.455,12.482,12.512,12.526,12.536,12.537
11703164034,62.0,62.0,62.0,62.0,62.0,62.0,62.0,62.0,62.0,62.0,62.0,62.0,62.0,62.0,62.0,62.0,62.0,62.0,62.0,62.0,62.0,10.427,10.588,10.482,10.621,10.543,10.454,10.378,10.308,10.262,10.225,10.207,10.191,10.196,10.212,10.233,10.264,10.283,10.308,10.319,10.33,10.326
11703164101,0.0,0.0,0.0,0.0,0.0,0.0,0.0,0.0,0.0,0.0,0.0,0.0,0.0,0.0,0.0,0.0,0.0,0.0,0.0,0.0,0.0,22.116,23.487,24.601999999999997,25.841,26.305999999999997,26.613999999999997,26.804,26.934,26.979999999999997,27.041,27.082,27.142,27.229000000000003,27.353,27.491999999999997,27.653,27.801,27.974,28.113,28.25,28.329
11703164102,0.0,0.0,0.0,0.0,0.0,0.0,0.0,0.0,0.0,0.0,0.0,0.0,0.0,0.0,0.0,0.0,0.0,0.0,0.0,0.0,0.0,3.459,3.674,3.849,4.043,4.114,4.163,4.193,4.213,4.22,4.23,4.236,4.245,4.259,4.279,4.3,4.326,4.349,4.376,4.398,4.4190000000000005,4.432
11703164103,0.0,0.0,0.0,0.0,0.0,0.0,0.0,0.0,0.0,0.0,0.0,0.0,0.0,0.0,0.0,0.0,0.0,0.0,0.0,0.0,0.0,25.815,25.491,21.851,22.206,24.234,25.941000000000003,27.186,28.252,28.932,29.421,29.765,30.041,30.330999999999996,30.634,30.937,31.253,31.542,31.842,32.102000000000004,32.349000000000004,32.544
11703164104,0.0,0.0,0.0,0.0,0.0,0.0,0.0,0.0,0.0,0.0,0.0,0.0,0.0,0.0,0.0,0.0,0.0,0.0,0.0,0.0,0.0,15.172,15.192,15.207,15.201,15.345,15.359,15.395,15.399,15.384,15.39,15.376,15.379,15.4,15.449000000000002,15.507,15.582,15.646999999999998,15.72,15.777,15.828,15.857
11703164105,0.0,0.0,0.0,0.0,0.0,0.0,0.0,0.0,0.0,0.0,0.0,0.0,0.0,0.0,0.0,0.0,0.0,0.0,0.0,0.0,0.0,9.465,9.369,9.298,9.234,9.68,10.452,11.076,11.72,12.378,13.089,13.808,14.547,15.325,16.143,16.983,17.855,18.724,19.611,20.487,21.363,22.216
11703164106,0.0,0.0,0.0,0.0,0.0,0.0,0.0,0.0,0.0,0.0,0.0,0.0,0.0,0.0,0.0,0.0,0.0,0.0,0.0,0.0,0.0,31.323,31.829,31.675000000000004,31.335,31.085,30.971000000000004,31.018,31.07,31.110999999999997,31.169,31.186,31.217,31.278999999999996,31.349,31.437,31.537,31.625,31.716,31.786,31.853,31.898
11703164107,0.0,0.0,0.0,0.0,0.0,0.0,0.0,0.0,0.0,0.0,0.0,0.0,0.0,0.0,0.0,0.0,0.0,0.0,0.0,0.0,0.0,15.817,15.026,14.326999999999998,13.689,13.495,13.288,13.218,13.14,13.079999999999998,13.047999999999998,13.015999999999998,13.001,13.0,13.034,13.076,13.141000000000002,13.195,13.265,13.316,13.371,13.394
11703164108,0.0,0.0,0.0,0.0,0.0,0.0,0.0,0.0,0.0,0.0,0.0,0.0,0.0,0.0,0.0,0.0,0.0,0.0,0.0,0.0,0.0,12.309,12.358,12.316,12.306,12.244,12.136,12.068,11.992,11.915,11.866,11.813,11.779,11.761,11.766,11.782,11.812,11.837,11.867,11.89,11.906,11.908
11703164109,0.0,0.0,0.0,0.0,0.0,0.0,0.0,0.0,0.0,0.0,0.0,0.0,0.0,0.0,0.0,0.0,0.0,0.0,0.0,0.0,0.0,0.0,0.0,0.0,0.0,1.963,4.739,6.536,8.434000000000001,10.488,12.754,15.217,17.766,20.476,23.318,26.266999999999996,29.318,32.422,35.598,38.774,41.98,45.125
11703164110,0.0,0.0,0.0,0.0,0.0,0.0,0.0,0.0,0.0,0.0,0.0,0.0,0.0,0.0,0.0,0.0,0.0,0.0,0.0,0.0,0.0,27.591,27.703,27.606,27.585,27.444,27.202,27.052,26.880000000000003,26.71,26.598999999999997,26.479,26.403,26.364,26.375,26.41,26.477,26.532,26.603,26.653,26.688,26.692
11703164111,0.0,0.0,0.0,0.0,0.0,0.0,0.0,0.0,0.0,0.0,0.0,0.0,0.0,0.0,0.0,0.0,0.0,0.0,0.0,0.0,0.0,27.78,28.072000000000003,27.896,27.673,27.597,27.584,27.654,27.717999999999996,27.771,27.863,27.930999999999997,28.024,28.15,28.305,28.48,28.675,28.857,29.049,29.220999999999997,29.384,29.519
11703164112,0.0,0.0,0.0,0.0,0.0,0.0,0.0,0.0,0.0,0.0,0.0,0.0,0.0,0.0,0.0,0.0,0.0,0.0,0.0,0.0,0.0,3.892,3.697,3.526,3.369,3.3209999999999997,3.2700000000000005,3.253,3.234,3.2190000000000003,3.21,3.2030000000000003,3.2,3.199,3.207,3.218,3.234,3.247,3.264,3.277,3.291,3.2960000000000003
11703164113,0.0,0.0,0.0,0.0,0.0,0.0,0.0,0.0,0.0,0.0,0.0,0.0,0.0,0.0,0.0,0.0,0.0,0.0,0.0,0.0,0.0,34.356,34.443,34.277,34.236000000000004,34.014,33.694,33.485,33.257999999999996,33.03,32.88,32.722,32.616,32.558,32.56,32.591,32.663000000000004,32.718,32.792,32.839,32.87,32.858999999999995
11703164114,0.0,0.0,0.0,0.0,0.0,0.0,0.0,0.0,0.0,0.0,0.0,0.0,0.0,0.0,0.0,0.0,0.0,0.0,0.0,0.0,0.0,40.318,40.97,40.772,40.334,40.011,39.864,39.926,39.993,40.046,40.120000000000005,40.141,40.183,40.26,40.351,40.465,40.594,40.706,40.823,40.915000000000006,41.0,41.058
11703164115,0.0,0.0,0.0,0.0,0.0,0.0,0.0,0.0,0.0,0.0,0.0,0.0,0.0,0.0,0.0,0.0,0.0,0.0,0.0,0.0,0.0,15.081,15.528,15.729,22.034,27.283,29.711,31.694,33.516999999999996,35.244,36.863,38.279,39.602,40.95,42.301,43.669,45.054,46.423,47.795,49.126,50.437,51.678
11703164116,0.0,0.0,0.0,0.0,0.0,0.0,0.0,0.0,0.0,0.0,0.0,0.0,0.0,0.0,0.0,0.0,0.0,0.0,0.0,0.0,0.0,20.735999999999997,20.954,20.823,20.657,20.52,20.361,20.313,20.263,20.203,20.173,20.125,20.097,20.093,20.108,20.138,20.183,20.216,20.258,20.285,20.305,20.306
11703164117,0.0,0.0,0.0,0.0,0.0,0.0,0.0,0.0,0.0,0.0,0.0,0.0,0.0,0.0,0.0,0.0,0.0,0.0,0.0,0.0,0.0,30.138,30.465,30.51,30.629,30.611,30.596,30.703000000000003,30.841,31.015,31.296999999999997,31.605,31.965,32.388999999999996,32.887,33.429,34.021,34.604,35.208,35.786,36.349,36.861
11703164118,0.0,0.0,0.0,0.0,0.0,0.0,0.0,0.0,0.0,0.0,0.0,0.0,0.0,0.0,0.0,0.0,0.0,0.0,0.0,0.0,0.0,14.358,15.968,22.897,27.134,29.487,31.307,32.632999999999996,33.731,34.358999999999995,34.753,34.973,35.114999999999995,35.267,35.434,35.6,35.78,35.925,36.082,36.193,36.289,36.324
11703164119,0.0,0.0,0.0,0.0,0.0,0.0,0.0,0.0,0.0,0.0,0.0,0.0,0.0,0.0,0.0,0.0,0.0,0.0,0.0,0.0,0.0,31.828000000000003,32.516000000000005,33.039,33.692,34.004999999999995,34.116,34.207,34.275,34.328,34.415,34.465,34.534,34.629000000000005,34.781,34.955,35.173,35.416000000000004,35.647,35.856,36.059,36.181
11703164120,0.0,0.0,0.0,0.0,0.0,0.0,0.0,0.0,0.0,0.0,0.0,0.0,0.0,0.0,0.0,0.0,0.0,0.0,0.0,0.0,0.0,12.209,12.05,11.907,11.8,11.787,11.73,11.722,11.698,11.663,11.645,11.611,11.591,11.584,11.597,11.613,11.644,11.666,11.694,11.712,11.723,11.722
11703164121,0.0,0.0,0.0,0.0,0.0,0.0,0.0,0.0,0.0,0.0,0.0,0.0,0.0,0.0,0.0,0.0,0.0,0.0,0.0,0.0,0.0,15.321,15.166,15.051000000000002,14.948,14.764,14.354,14.261,14.204999999999998,14.171,14.198,14.23,14.279,14.359,14.471,14.59,14.726,14.85,14.978000000000002,15.089,15.192,15.272
11703164122,0.0,0.0,0.0,0.0,0.0,0.0,0.0,0.0,0.0,0.0,0.0,0.0,0.0,0.0,0.0,0.0,0.0,0.0,0.0,0.0,0.0,14.735,14.543,14.37,14.241,14.224,14.157,14.146,14.119,14.076,14.054,14.014,13.989,13.98,13.996,14.017,14.053999999999998,14.080000000000002,14.113,14.136,14.149,14.148
11703164123,0.0,0.0,0.0,0.0,0.0,0.0,0.0,0.0,0.0,0.0,0.0,0.0,0.0,0.0,0.0,0.0,0.0,0.0,0.0,0.0,0.0,32.497,33.463,33.896,29.342,26.757,27.381,28.079,28.592,28.99,29.273000000000003,29.384,29.418999999999997,29.47,29.521,29.58,29.648,29.703000000000003,29.757,29.783,29.797,29.770000000000003
11703164124,100.0,100.0,100.0,100.0,100.0,100.0,100.0,100.0,100.0,100.0,100.0,100.0,100.0,100.0,100.0,100.0,100.0,100.0,100.0,100.0,100.0,15.1,15.082,14.969,14.871,13.41,12.127,12.305,12.839,13.618,14.615,15.754,16.902,18.133,19.414,20.723,22.06,23.39,24.731,26.039,27.339,28.576
11703164125,0.0,0.0,0.0,0.0,0.0,0.0,0.0,0.0,0.0,0.0,0.0,0.0,0.0,0.0,0.0,0.0,0.0,0.0,0.0,0.0,0.0,15.622,15.774,15.81,15.906,15.938,15.991,16.073999999999998,16.164,16.262999999999998,16.409,16.564999999999998,16.746,16.957,17.206,17.475,17.769,18.058,18.362,18.649,18.930999999999997,19.183
11703164126,0.0,0.0,0.0,0.0,0.0,0.0,0.0,0.0,0.0,0.0,0.0,0.0,0.0,0.0,0.0,0.0,0.0,0.0,0.0,0.0,0.0,14.48,14.498,14.513,14.507,14.644,14.657,14.692,14.696,14.681,14.687,14.673,14.676,14.696000000000002,14.744,14.799,14.871,14.932,15.002,15.057,15.105,15.132
11703164127,0.0,0.0,0.0,0.0,0.0,0.0,0.0,0.0,0.0,0.0,0.0,0.0,0.0,0.0,0.0,0.0,0.0,0.0,0.0,0.0,0.0,21.232,21.455,21.321,21.151,21.012,20.848,20.799999999999997,20.747,20.687,20.655,20.607,20.578000000000003,20.574,20.59,20.62,20.665,20.700000000000003,20.743,20.769,20.79,20.791
11703164128,0.0,0.0,0.0,0.0,0.0,0.0,0.0,0.0,0.0,0.0,0.0,0.0,0.0,0.0,0.0,0.0,0.0,0.0,0.0,0.0,0.0,18.202,18.377,18.42,18.532,18.497,18.422,18.429,18.445,18.473,18.555,18.649,18.772,18.928,19.127,19.346,19.593,19.834,20.089,20.326,20.558,20.756
11703164129,110.0,110.0,110.0,110.0,110.0,110.0,110.0,110.0,110.0,110.0,110.0,110.0,110.0,110.0,110.0,110.0,110.0,110.0,110.0,110.0,110.0,10.666,10.526,10.402,10.308,10.296,10.247,10.239,10.219,10.188,10.173,10.144,10.126,10.119,10.13,10.145,10.172,10.192,10.215,10.232,10.241,10.241
11703164130,42.0,42.0,42.0,42.0,42.0,42.0,42.0,42.0,42.0,42.0,42.0,42.0,42.0,42.0,42.0,42.0,42.0,42.0,42.0,42.0,42.0,20.061,20.112,20.014,19.991,19.861,19.675,19.551,19.42,19.286,19.199,19.107,19.045,19.011,19.011,19.031,19.072,19.104,19.148,19.175,19.193,19.187
11703164201,0.0,0.0,0.0,0.0,0.0,0.0,0.0,0.0,0.0,0.0,0.0,0.0,0.0,0.0,0.0,0.0,0.0,0.0,0.0,0.0,0.0,18.877,19.313,19.095,19.139,19.145,19.112,19.042,19.024,19.01,19.234,19.48,19.796,20.174,20.617,21.083,21.593,22.081,22.594,23.087,23.571,24.034
11703164202,0.0,0.0,0.0,0.0,0.0,0.0,0.0,0.0,0.0,0.0,0.0,0.0,0.0,0.0,0.0,0.0,0.0,0.0,0.0,0.0,0.0,21.975,22.015,21.285,20.744,20.378,20.137,19.962000000000003,19.875,19.784,19.729,19.658,19.611,19.579,19.573,19.558,19.563,19.542,19.53,19.505,19.475,19.436
11703164203,156.0,156.0,156.0,156.0,156.0,156.0,156.0,156.0,156.0,156.0,156.0,156.0,156.0,156.0,156.0,156.0,156.0,156.0,156.0,156.0,156.0,13.972,14.064,13.634,13.427,13.153,11.32,9.745,9.254,9.405,10.316,11.156,11.87,12.429,12.851,13.122,13.308,13.413999999999998,13.48,13.501,13.501,13.472
11703164204,0.0,0.0,0.0,0.0,0.0,0.0,0.0,0.0,0.0,0.0,0.0,0.0,0.0,0.0,0.0,0.0,0.0,0.0,0.0,0.0,0.0,7.255000000000001,7.291,7.058,6.941,6.800000000000001,6.682,6.5809999999999995,6.510999999999999,6.446000000000001,6.401,6.3549999999999995,6.3229999999999995,6.298,6.29,6.279,6.278,6.267,6.260999999999999,6.247999999999999,6.234,6.215
11703164205,0.0,0.0,0.0,0.0,0.0,0.0,0.0,0.0,0.0,0.0,0.0,0.0,0.0,0.0,0.0,0.0,0.0,0.0,0.0,0.0,0.0,9.84,11.077,12.326,13.741,15.634,17.076,18.124,19.096,19.834,20.434,20.785,20.983,21.091,21.155,21.168,21.171,21.128,21.088,21.018,20.939,20.845
11703164206,0.0,0.0,0.0,0.0,0.0,0.0,0.0,0.0,0.0,0.0,0.0,0.0,0.0,0.0,0.0,0.0,0.0,0.0,0.0,0.0,0.0,18.265,18.42,17.923000000000002,17.701,17.398,17.275,17.023,16.88,16.706,16.570999999999998,16.413999999999998,16.287,16.174999999999997,16.102,16.025,15.973,15.898,15.836,15.76,15.682,15.593
11703164207,0.0,0.0,0.0,0.0,0.0,0.0,0.0,0.0,0.0,0.0,0.0,0.0,0.0,0.0,0.0,0.0,0.0,0.0,0.0,0.0,0.0,7.58,7.826,7.774000000000001,7.842,7.767,7.751,7.676,7.638999999999999,7.696,8.514,9.324,10.175,11.07,12.025,13.024,14.068,15.114999999999998,16.188,17.254,18.318,19.362
11703164208,0.0,0.0,0.0,0.0,0.0,0.0,0.0,0.0,0.0,0.0,0.0,0.0,0.0,0.0,0.0,0.0,0.0,0.0,0.0,0.0,0.0,12.978000000000002,13.203,12.944,12.866,12.73,12.652,12.606,12.594,12.541,12.335,12.153,12.025,11.94,11.895,11.868,11.864999999999998,11.852,11.851,11.841,11.827000000000002,11.803
11703164209,0.0,0.0,0.0,0.0,0.0,0.0,0.0,0.0,0.0,0.0,0.0,0.0,0.0,0.0,0.0,0.0,0.0,0.0,0.0,0.0,0.0,5.795,5.833,5.654999999999999,5.569,5.455,7.443,10.128,12.907,15.997,18.661,21.383,24.033,26.504,28.791,30.811,32.686,34.393,36.015,37.527,38.983,40.353
11703164210,45.0,45.0,45.0,45.0,45.0,45.0,45.0,45.0,45.0,45.0,45.0,45.0,45.0,45.0,45.0,45.0,45.0,45.0,45.0,45.0,45.0,24.828,25.917,25.991999999999997,26.436,26.359,26.387,26.244999999999997,26.200000000000003,26.138,26.361,26.611,26.945,27.372,27.884,28.413000000000004,29.016,29.568,30.155,30.714,31.263,31.788
11703164211,0.0,0.0,0.0,0.0,0.0,0.0,0.0,0.0,0.0,0.0,0.0,0.0,0.0,0.0,0.0,0.0,0.0,0.0,0.0,0.0,0.0,7.811,7.819,7.57,7.433999999999999,7.365,7.296,7.238,7.203,7.161999999999999,7.138,7.106,7.083,7.069,7.069000000000001,7.0600000000000005,7.064,7.052,7.045,7.029999999999999,7.013,6.991
11703164212,0.0,0.0,0.0,0.0,0.0,0.0,0.0,0.0,0.0,0.0,0.0,0.0,0.0,0.0,0.0,0.0,0.0,0.0,0.0,0.0,0.0,11.408,11.909,11.945,12.148,12.114,12.127,12.062,12.041,11.976,11.775,11.595,11.459,11.37,11.318,11.276,11.264,11.233,11.216,11.19,11.162,11.127
11703164213,0.0,0.0,0.0,0.0,0.0,0.0,0.0,0.0,0.0,0.0,0.0,0.0,0.0,0.0,0.0,0.0,0.0,0.0,0.0,0.0,0.0,7.327,7.39,7.191,7.102,6.981,6.932,6.83,6.773,6.704000000000001,6.65,6.588,6.536999999999999,6.492000000000001,6.462999999999999,6.432,6.412,6.382,6.357,6.327,6.297000000000001,6.26
11703164214,0.0,0.0,0.0,0.0,0.0,0.0,0.0,0.0,0.0,0.0,0.0,0.0,0.0,0.0,0.0,0.0,0.0,0.0,0.0,0.0,0.0,6.196,6.203,6.005,5.897,5.843,5.787,5.7410000000000005,5.714,5.681,5.662,5.6370000000000005,5.619,5.6080000000000005,5.607,5.601,5.604,5.595000000000001,5.589,5.578,5.563,5.545999999999999
11703164215,0.0,0.0,0.0,0.0,0.0,0.0,0.0,0.0,0.0,0.0,0.0,0.0,0.0,0.0,0.0,0.0,0.0,0.0,0.0,0.0,0.0,14.158,14.184,13.713,13.364,13.129,12.973,12.861,12.805,12.747,12.711,12.665,12.635000000000002,12.613,12.611,12.601,12.604,12.591,12.582,12.567,12.548,12.522
11703164216,0.0,0.0,0.0,0.0,0.0,0.0,0.0,0.0,0.0,0.0,0.0,0.0,0.0,0.0,0.0,0.0,0.0,0.0,0.0,0.0,0.0,9.693,10.32,10.549,10.868,10.977,11.132,11.125,11.17,11.222,11.722,12.212,12.72,13.260000000000002,13.829999999999998,14.413,15.021999999999998,15.614,16.223,16.813,17.395,17.965
11703164217,0.0,0.0,0.0,0.0,0.0,0.0,0.0,0.0,0.0,0.0,0.0,0.0,0.0,0.0,0.0,0.0,0.0,0.0,0.0,0.0,0.0,10.639,10.832,10.611,10.556,10.375,10.26,10.115,10.026,9.932,9.865,9.795,9.743,9.702,9.681,9.659,9.651,9.629,9.613,9.588,9.563,9.529
11703164218,0.0,0.0,0.0,0.0,0.0,0.0,0.0,0.0,0.0,0.0,0.0,0.0,0.0,0.0,0.0,0.0,0.0,0.0,0.0,0.0,0.0,10.132,9.718,9.054,8.555,8.365,8.246,8.134,8.075,7.999,7.876,7.765,7.693,7.643000000000001,7.631,7.626,7.641,7.65,7.664999999999999,7.675,7.681,7.680999999999999
11703164219,0.0,0.0,0.0,0.0,0.0,0.0,0.0,0.0,0.0,0.0,0.0,0.0,0.0,0.0,0.0,0.0,0.0,0.0,0.0,0.0,0.0,13.511,13.676,13.326999999999998,13.171,12.931,12.735,12.565,12.452000000000002,12.342,12.264,12.185,12.131,12.088,12.07,12.049,12.041,12.018,12.003,11.978000000000002,11.951,11.913
11703164220,0.0,0.0,0.0,0.0,0.0,0.0,0.0,0.0,0.0,0.0,0.0,0.0,0.0,0.0,0.0,0.0,0.0,0.0,0.0,0.0,0.0,9.643,9.488,9.024,8.714,8.515,8.354,8.222,8.137,8.054,7.997999999999999,7.94,7.898999999999999,7.866,7.854,7.838,7.835,7.821999999999999,7.814,7.799,7.783,7.759
11703164221,0.0,0.0,0.0,0.0,0.0,0.0,0.0,0.0,0.0,0.0,0.0,0.0,0.0,0.0,0.0,0.0,0.0,0.0,0.0,0.0,0.0,14.646,14.411,13.706,13.233999999999998,12.931,12.686,12.488,12.356000000000002,12.233,12.147,12.059,11.996,11.946,11.928,11.904,11.9,11.881,11.867,11.845,11.82,11.783
11703164222,39.0,39.0,39.0,39.0,39.0,39.0,39.0,39.0,39.0,39.0,39.0,39.0,39.0,39.0,39.0,39.0,39.0,39.0,39.0,39.0,39.0,26.894,27.221,26.528,26.219,25.74,25.35,25.011000000000003,24.784,24.565,24.411,24.255000000000003,24.147,24.061,24.025,23.982,23.968,23.923,23.892000000000003,23.842,23.788,23.714
11703164223,51.0,51.0,51.0,51.0,51.0,51.0,51.0,51.0,51.0,51.0,51.0,51.0,51.0,51.0,51.0,51.0,51.0,51.0,51.0,51.0,51.0,8.876,9.451,9.66,9.952,10.051,10.194,10.188,10.228,10.205,10.065,9.931,9.827,9.755,9.712,9.68,9.669,9.649,9.639,9.621,9.599,9.573
11703164224,0.0,0.0,0.0,0.0,0.0,0.0,0.0,0.0,0.0,0.0,0.0,0.0,0.0,0.0,0.0,0.0,0.0,0.0,0.0,0.0,0.0,8.877,9.03,8.853,8.8,8.707,8.654,8.623000000000001,8.614,8.600999999999999,8.645999999999999,8.704,8.793,8.911,9.059,9.217,9.395,9.562,9.741,9.911,10.078,10.236
11703164225,0.0,0.0,0.0,0.0,0.0,0.0,0.0,0.0,0.0,0.0,0.0,0.0,0.0,0.0,0.0,0.0,0.0,0.0,0.0,0.0,0.0,12.651,11.717,10.297,9.487,8.765,8.903,9.45,9.956,10.341,10.654,10.837,10.94,10.997,11.03,11.037,11.039,11.017,10.996,10.958,10.917,10.869
11703164226,0.0,0.0,0.0,0.0,0.0,0.0,0.0,0.0,0.0,0.0,0.0,0.0,0.0,0.0,0.0,0.0,0.0,0.0,0.0,0.0,0.0,15.898,15.939,15.399,15.133,14.828,14.554,14.352,14.218,14.098,14.026,13.954,13.908,13.879,13.876,13.861,13.867,13.847,13.836,13.813,13.784,13.747
11703164227,90.0,90.0,90.0,90.0,90.0,90.0,90.0,90.0,90.0,90.0,90.0,90.0,90.0,90.0,90.0,90.0,90.0,90.0,90.0,90.0,90.0,15.898,15.939,15.399,15.133,14.828,14.554,14.352,14.218,14.098,14.026,13.954,13.908,13.879,13.876,13.861,13.867,13.847,13.836,13.813,13.784,13.747
11703164228,0.0,0.0,0.0,0.0,0.0,0.0,0.0,0.0,0.0,0.0,0.0,0.0,0.0,0.0,0.0,0.0,0.0,0.0,0.0,0.0,0.0,15.565,14.929,13.908,13.142,12.849,12.666999999999998,12.496,12.404,12.317,12.37,12.435,12.557,12.712,12.925999999999998,13.154,13.414,13.665,13.927,14.182,14.431,14.665
11703164229,0.0,0.0,0.0,0.0,0.0,0.0,0.0,0.0,0.0,0.0,0.0,0.0,0.0,0.0,0.0,0.0,0.0,0.0,0.0,0.0,0.0,17.991999999999997,19.154,19.577,20.167,20.366999999999997,20.654,20.64,20.72,20.669,20.385,20.114,19.9,19.753,19.664,19.598,19.575,19.53,19.511,19.471,19.425,19.37
11703164230,0.0,0.0,0.0,0.0,0.0,0.0,0.0,0.0,0.0,0.0,0.0,0.0,0.0,0.0,0.0,0.0,0.0,0.0,0.0,0.0,0.0,20.675,21.345,21.201,21.387,21.183999999999997,21.139,20.934,20.836,20.683,20.477,20.401,20.508000000000003,20.763,21.159,21.643,22.205,22.769,23.368,23.951,24.53,25.082
11703164231,64.0,64.0,64.0,64.0,64.0,64.0,64.0,64.0,64.0,64.0,64.0,64.0,64.0,64.0,64.0,64.0,64.0,64.0,64.0,64.0,64.0,17.538,17.607,17.049,16.805,16.483,16.225,16.004,15.858999999999998,15.718,15.623,15.526,15.461,15.41,15.39,15.364,15.355,15.324000000000002,15.305,15.273,15.236,15.186
11703164232,29.0,29.0,29.0,29.0,29.0,29.0,29.0,29.0,29.0,29.0,29.0,29.0,29.0,29.0,29.0,29.0,29.0,29.0,29.0,29.0,29.0,20.725,20.874,20.247,19.951,19.553,19.231,18.937,18.739,18.547,18.414,18.28,18.185,18.11,18.079,18.043,18.033,17.997,17.971,17.932,17.887,17.826999999999998
11703164233,0.0,0.0,0.0,0.0,0.0,0.0,0.0,0.0,0.0,0.0,0.0,0.0,0.0,0.0,0.0,0.0,0.0,0.0,0.0,0.0,0.0,14.977,15.462,15.358,15.492,15.345,15.313,15.164,15.093,14.93,14.363,13.917000000000002,13.615,13.426000000000002,13.334,13.3,13.316,13.332,13.367,13.392,13.414,13.419
11703164301,0.0,0.0,0.0,0.0,0.0,0.0,0.0,0.0,0.0,0.0,0.0,0.0,0.0,0.0,0.0,0.0,0.0,0.0,0.0,0.0,0.0,41.883,41.618,46.179,50.084,52.86,56.164,58.870000000000005,61.383,63.751,66.108,68.402,70.269,71.84,73.37,74.916,76.406,77.859,79.257,80.613,81.925,83.179
11703164302,96.0,96.0,96.0,96.0,96.0,96.0,96.0,96.0,96.0,96.0,96.0,96.0,96.0,96.0,96.0,96.0,96.0,96.0,96.0,96.0,96.0,39.498,39.629,39.068,39.51,38.885,38.622,38.193,37.833,37.575,37.369,37.199,37.344,37.853,38.645,39.685,40.89,42.243,43.688,45.151,46.61,48.018
11703164303,239.0,239.0,239.0,239.0,239.0,239.0,239.0,239.0,239.0,239.0,239.0,239.0,239.0,239.0,239.0,239.0,239.0,239.0,239.0,239.0,239.0,45.66,45.813,45.121,45.536,44.884,44.473,44.053,43.711,43.498,43.328,43.19,43.126000000000005,43.119,43.156,43.242,43.321,43.41,43.482,43.548,43.581,43.579
11703164304,0.0,0.0,0.0,0.0,0.0,0.0,0.0,0.0,0.0,0.0,0.0,0.0,0.0,0.0,0.0,0.0,0.0,0.0,0.0,0.0,0.0,57.522000000000006,57.715,56.896,57.54,56.631,56.247,55.623,55.098,54.723,54.422,54.176,54.209,54.678,55.565,56.81100000000001,58.295,59.989,61.81099999999999,63.656000000000006,65.495,67.257
11703164305,0.0,0.0,0.0,0.0,0.0,0.0,0.0,0.0,0.0,0.0,0.0,0.0,0.0,0.0,0.0,0.0,0.0,0.0,0.0,0.0,0.0,41.791,41.192,40.732,41.704,42.28,43.329,44.484,45.82,47.36,49.018,50.686,51.94,52.809,53.431,53.915,54.215,54.364999999999995,54.386,54.332,54.208,54.053
11703164306,0.0,0.0,0.0,0.0,0.0,0.0,0.0,0.0,0.0,0.0,0.0,0.0,0.0,0.0,0.0,0.0,0.0,0.0,0.0,0.0,0.0,18.593,17.804,17.965,18.682,18.753,18.994,19.022,18.988,18.913,18.841,18.757,18.76,18.795,18.82,18.847,18.86,18.862,18.852,18.833,18.804,18.762
11703164307,0.0,0.0,0.0,0.0,0.0,0.0,0.0,0.0,0.0,0.0,0.0,0.0,0.0,0.0,0.0,0.0,0.0,0.0,0.0,0.0,0.0,27.991999999999997,27.577,26.717,26.629,26.052,25.694000000000003,25.356,25.079,24.907,24.78,24.685,24.624,24.605,24.607,24.65,24.697000000000003,24.75,24.793,24.827,24.842,24.838
11703164308,0.0,0.0,0.0,0.0,0.0,0.0,0.0,0.0,0.0,0.0,0.0,0.0,0.0,0.0,0.0,0.0,0.0,0.0,0.0,0.0,0.0,32.674,40.583,40.949,42.585,42.744,43.296,43.358,43.28,43.11,42.946,42.755,42.760000000000005,42.842,42.897,42.96,42.988,42.995,42.972,42.927,42.861,42.767
11703164309,152.0,152.0,152.0,152.0,152.0,152.0,152.0,152.0,152.0,152.0,152.0,152.0,152.0,152.0,152.0,152.0,152.0,152.0,152.0,152.0,152.0,21.605,21.323,20.818,21.003,20.799,20.792,20.718,20.654,20.646,20.653,20.648,21.009,21.704,22.554,23.561,24.662,25.862,27.123,28.402,29.671999999999997,30.924
11703164310,0.0,0.0,0.0,0.0,0.0,0.0,0.0,0.0,0.0,0.0,0.0,0.0,0.0,0.0,0.0,0.0,0.0,0.0,0.0,0.0,0.0,30.337,29.94,29.231,29.492,29.205,29.196,29.091,29.0,28.991,28.999,28.991999999999997,28.948,29.072,29.423,29.984,30.661,31.451,32.305,33.169,34.012,34.823
11703164311,74.0,74.0,74.0,74.0,74.0,74.0,74.0,74.0,74.0,74.0,74.0,74.0,74.0,74.0,74.0,74.0,74.0,74.0,74.0,74.0,74.0,22.755000000000003,22.359,20.696,20.186,19.583,19.56,19.66,19.951,20.315,20.723,21.087,24.67,30.235,35.832,41.445,47.017,52.521,57.946,63.3,68.589,73.819
11703164312,56.0,56.0,56.0,56.0,56.0,56.0,56.0,56.0,56.0,56.0,56.0,56.0,56.0,56.0,56.0,56.0,56.0,56.0,56.0,56.0,56.0,32.509,32.257,31.576,31.882,31.459000000000003,31.288,31.037,30.819,30.696,30.603,30.525,30.202,29.869,29.695,29.67,29.719,29.84,29.994999999999997,30.15,30.286,30.388
11703164313,0.0,0.0,0.0,0.0,0.0,0.0,0.0,0.0,0.0,0.0,0.0,0.0,0.0,0.0,0.0,0.0,0.0,0.0,0.0,0.0,0.0,16.13,15.444,15.584,16.207,16.267,16.477,16.501,16.472,16.407,16.344,16.271,16.273,16.305,16.325,16.35,16.361,16.363,16.354,16.337,16.312,16.276
11703164314,0.0,0.0,0.0,0.0,0.0,0.0,0.0,0.0,0.0,0.0,0.0,0.0,0.0,0.0,0.0,0.0,0.0,0.0,0.0,0.0,0.0,22.722,22.545,22.069000000000003,22.283,21.987,21.869,21.693,21.541,21.455,21.389,21.334,21.109,20.876,20.754,20.737,20.771,20.856,20.964,21.073,21.167,21.24
11703164315,0.0,0.0,0.0,0.0,0.0,0.0,0.0,0.0,0.0,0.0,0.0,0.0,0.0,0.0,0.0,0.0,0.0,0.0,0.0,0.0,0.0,26.451,26.244999999999997,25.691000000000003,25.94,25.595,25.457,25.252,25.076,24.975,24.899,24.836,26.182,28.411,30.748,33.223,35.784,38.445,41.172,43.927,46.677,49.398
11703164316,94.0,94.0,94.0,94.0,94.0,94.0,94.0,94.0,94.0,94.0,94.0,94.0,94.0,94.0,94.0,94.0,94.0,94.0,94.0,94.0,94.0,23.146,22.814,21.844,21.686,21.179,20.937,20.762,20.679,20.691000000000003,20.752,20.815,21.096,21.449,21.701,21.898,22.02,22.081,22.09,22.067,22.017,21.954
11703164317,69.0,69.0,69.0,69.0,69.0,69.0,69.0,69.0,69.0,69.0,69.0,69.0,69.0,69.0,69.0,69.0,69.0,69.0,69.0,69.0,69.0,31.058,31.092,30.638,31.097,30.697,30.456,30.157000000000004,29.893,29.723,29.585,29.484,29.424,29.406,29.411,29.46,29.507,29.565,29.615,29.653999999999996,29.675,29.669
11703164318,0.0,0.0,0.0,0.0,0.0,0.0,0.0,0.0,0.0,0.0,0.0,0.0,0.0,0.0,0.0,0.0,0.0,0.0,0.0,0.0,0.0,71.059,69.82300000000001,70.87,75.146,80.206,87.409,95.19,104.03900000000002,113.515,123.531,133.566,139.902,143.399,146.04000000000002,148.089,149.561,150.54,151.14,151.471,151.609,151.605
11703164319,41.0,41.0,41.0,41.0,41.0,41.0,41.0,41.0,41.0,41.0,41.0,41.0,41.0,41.0,41.0,41.0,41.0,41.0,41.0,41.0,41.0,110.445,110.364,108.668,110.254,109.028,108.417,107.57399999999998,106.828,106.405,106.089,105.857,105.752,105.793,105.889,106.138,106.362,106.609,106.818,106.983,107.068,107.065
11703164320,0.0,0.0,0.0,0.0,0.0,0.0,0.0,0.0,0.0,0.0,0.0,0.0,0.0,0.0,0.0,0.0,0.0,0.0,0.0,0.0,0.0,42.433,41.804,40.501999999999995,40.366,39.494,38.95,38.438,38.018,37.757,37.565,37.42,37.328,37.299,37.302,37.369,37.439,37.519,37.584,37.636,37.66,37.653
11703164321,80.0,80.0,80.0,80.0,80.0,80.0,80.0,80.0,80.0,80.0,80.0,80.0,80.0,80.0,80.0,80.0,80.0,80.0,80.0,80.0,80.0,54.765,54.34,53.19200000000001,53.708,52.994,52.709,52.286,51.918,51.71,51.554,51.422,50.878,50.317,50.023,49.982,50.064,50.268,50.528,50.79,51.018,51.193
11703164401,0.0,0.0,0.0,0.0,0.0,0.0,0.0,0.0,0.0,0.0,0.0,0.0,0.0,0.0,0.0,0.0,0.0,0.0,0.0,0.0,0.0,8.629,10.367,11.098,12.272,12.493,12.706,12.882,12.954,13.102,13.212,13.313,13.448,13.552,13.676,13.792,13.906,14.002,14.104,14.189,14.253,14.319
11703164402,0.0,0.0,0.0,0.0,0.0,0.0,0.0,0.0,0.0,0.0,0.0,0.0,0.0,0.0,0.0,0.0,0.0,0.0,0.0,0.0,0.0,0.0,0.0,0.0,0.0,0.0,0.0,0.0,0.0,0.0,0.0,0.0,0.0,0.0,0.0,0.0,0.0,0.0,0.0,0.0,0.0,0.0
11703164403,0.0,0.0,0.0,0.0,0.0,0.0,0.0,0.0,0.0,0.0,0.0,0.0,0.0,0.0,0.0,0.0,0.0,0.0,0.0,0.0,0.0,3.06,3.3169999999999997,3.64,3.794,4.092,4.79,5.53,6.33,7.146999999999999,7.969,8.784,9.637,10.474,11.363,12.23,13.142,14.024,14.937,15.831,16.726,17.61
11703164404,0.0,0.0,0.0,0.0,0.0,0.0,0.0,0.0,0.0,0.0,0.0,0.0,0.0,0.0,0.0,0.0,0.0,0.0,0.0,0.0,0.0,9.04,10.861,11.626,12.856,13.088,13.312,13.495,13.571,13.725,13.841,13.948,14.089,14.197,14.328,14.449,14.568,14.669,14.775,14.865,14.931,15.001
11703164405,30.0,30.0,30.0,30.0,30.0,30.0,30.0,30.0,30.0,30.0,30.0,30.0,30.0,30.0,30.0,30.0,30.0,30.0,30.0,30.0,30.0,3.3840000000000003,4.463,5.721,6.093999999999999,6.327,6.492,6.676,6.832000000000001,6.946000000000001,7.082,7.184,7.291,7.387,7.5,7.593,7.691,7.773,7.853,7.924,7.98,8.027
11703164406,108.0,108.0,108.0,108.0,108.0,108.0,108.0,108.0,108.0,108.0,108.0,108.0,108.0,108.0,108.0,108.0,108.0,108.0,108.0,108.0,108.0,19.179,25.804,26.601,33.239,37.305,40.827,43.723,46.236,48.296,49.932,51.284000000000006,52.307,53.265,54.044,54.837999999999994,55.443,56.077,56.539,56.988,57.336,57.579
11703164407,70.0,70.0,70.0,70.0,70.0,70.0,70.0,70.0,70.0,70.0,70.0,70.0,70.0,70.0,70.0,70.0,70.0,70.0,70.0,70.0,70.0,11.167,12.224,12.271,12.078,11.471,11.312,11.299,11.329,11.405,11.606,11.789,12.012,12.28,12.523,12.822,13.079,13.381,13.646,13.934,14.207,14.468
11703164408,97.0,97.0,97.0,97.0,97.0,97.0,97.0,97.0,97.0,97.0,97.0,97.0,97.0,97.0,97.0,97.0,97.0,97.0,97.0,97.0,97.0,11.543,12.286,12.912,13.754,14.279,14.65,15.067,15.42,15.676,15.986,16.213,16.455,16.673000000000002,16.927,17.136,17.357999999999997,17.544,17.723,17.884,18.011,18.116
11703164409,90.0,90.0,90.0,90.0,90.0,90.0,90.0,90.0,90.0,90.0,90.0,90.0,90.0,90.0,90.0,90.0,90.0,90.0,90.0,90.0,90.0,16.557000000000002,15.5,16.841,16.603,16.516000000000002,16.294,16.128,15.997,15.864,15.837,15.781,15.767,15.771,15.773,15.792000000000002,15.798,15.818,15.803,15.817,15.793,15.784
11703164410,0.0,0.0,0.0,0.0,0.0,0.0,0.0,0.0,0.0,0.0,0.0,0.0,0.0,0.0,0.0,0.0,0.0,0.0,0.0,0.0,0.0,0.0,0.0,0.0,0.0,0.0,0.0,0.0,0.0,0.0,0.0,0.0,0.0,0.0,0.0,0.0,0.0,0.0,0.0,0.0,0.0,0.0
11703164411,84.0,84.0,84.0,84.0,84.0,84.0,84.0,84.0,84.0,84.0,84.0,84.0,84.0,84.0,84.0,84.0,84.0,84.0,84.0,84.0,84.0,7.103,5.371,6.3580000000000005,6.008,6.365,6.4159999999999995,6.532,6.62,6.665,6.755999999999999,6.763,6.83,6.880000000000001,6.906000000000001,6.978,7.008,7.057,7.096,7.135,7.156,7.186
11703164412,122.0,122.0,122.0,122.0,122.0,122.0,122.0,122.0,122.0,122.0,122.0,122.0,122.0,122.0,122.0,122.0,122.0,122.0,122.0,122.0,122.0,7.661,8.982,9.726,9.478,9.58,9.649,9.868,10.389,11.14,12.005,13.093,14.255,15.57,16.889,18.38,19.801,21.369,22.872,24.457,25.998,27.562
11703164413,0.0,0.0,0.0,0.0,0.0,0.0,0.0,0.0,0.0,0.0,0.0,0.0,0.0,0.0,0.0,0.0,0.0,0.0,0.0,0.0,0.0,8.958,9.707,10.655,11.103,11.973,11.379,11.645,11.846,12.072,12.304,12.523,12.759,12.946000000000002,13.17,13.343,13.544,13.696000000000002,13.86,13.992,14.115,14.218
11703164414,0.0,0.0,0.0,0.0,0.0,0.0,0.0,0.0,0.0,0.0,0.0,0.0,0.0,0.0,0.0,0.0,0.0,0.0,0.0,0.0,0.0,19.169,20.082,21.678,17.056,17.794,18.372,19.061,19.626,20.39,21.038,21.696,22.37,23.022,23.722,24.394,25.1,25.775,26.448,27.119,27.746,28.371
11703164415,0.0,0.0,0.0,0.0,0.0,0.0,0.0,0.0,0.0,0.0,0.0,0.0,0.0,0.0,0.0,0.0,0.0,0.0,0.0,0.0,0.0,7.833,5.923,7.01,6.624,7.019,7.075,7.203,7.299,7.349,7.449,7.458,7.531000000000001,7.587000000000001,7.615,7.695,7.728,7.782,7.826,7.866999999999999,7.891,7.924
11703164416,0.0,0.0,0.0,0.0,0.0,0.0,0.0,0.0,0.0,0.0,0.0,0.0,0.0,0.0,0.0,0.0,0.0,0.0,0.0,0.0,0.0,5.899,7.683,10.049,10.472,11.292,12.55,13.306,14.056,14.837,15.628,16.402,17.217,17.983,18.815,19.593,20.423,21.193,21.997,22.76,23.517,24.251
11703164417,55.0,55.0,55.0,55.0,55.0,55.0,55.0,55.0,55.0,55.0,55.0,55.0,55.0,55.0,55.0,55.0,55.0,55.0,55.0,55.0,55.0,14.003,13.109,14.242,14.123,14.558,14.928,15.564,16.3,16.993,17.765,18.474,19.226,20.002,20.773,21.57,22.349,23.15,23.899,24.694,25.426,26.184
11703164418,44.0,44.0,44.0,44.0,44.0,44.0,44.0,44.0,44.0,44.0,44.0,44.0,44.0,44.0,44.0,44.0,44.0,44.0,44.0,44.0,44.0,0.157,0.183,0.1979999999999999,0.1939999999999999,0.196,0.176,0.153,0.14,0.132,0.128,0.128,0.128,0.129,0.13,0.133,0.134,0.136,0.138,0.139,0.141,0.142
11703164419,0.0,0.0,0.0,0.0,0.0,0.0,0.0,0.0,0.0,0.0,0.0,0.0,0.0,0.0,0.0,0.0,0.0,0.0,0.0,0.0,0.0,0.0,0.0,0.0,0.0,0.0,0.0,0.0,0.0,0.0,0.0,0.0,0.0,0.0,0.0,0.0,0.0,0.0,0.0,0.0,0.0,0.0
11703164420,0.0,0.0,0.0,0.0,0.0,0.0,0.0,0.0,0.0,0.0,0.0,0.0,0.0,0.0,0.0,0.0,0.0,0.0,0.0,0.0,0.0,10.196000000000002,10.803,8.013,8.881,8.894,9.188,9.391,9.546,9.685,9.805,9.913,10.026,10.105,10.233,10.317,10.433,10.511,10.614,10.667,10.757,10.787
11703164421,60.0,60.0,60.0,60.0,60.0,60.0,60.0,60.0,60.0,60.0,60.0,60.0,60.0,60.0,60.0,60.0,60.0,60.0,60.0,60.0,60.0,7.848,8.424,7.971,8.61,10.66,10.593,10.302,10.18,10.216,10.399,10.631,10.92,11.247,11.573999999999998,11.952,12.286,12.676,13.012,13.387,13.721,14.065
11703164422,0.0,0.0,0.0,0.0,0.0,0.0,0.0,0.0,0.0,0.0,0.0,0.0,0.0,0.0,0.0,0.0,0.0,0.0,0.0,0.0,0.0,16.238,15.201,16.515,16.283,16.198,15.98,15.816,15.689,15.558,15.532,15.477,15.463,15.467,15.468,15.488,15.493,15.513000000000002,15.497,15.512,15.488,15.48
11703164423,0.0,0.0,0.0,0.0,0.0,0.0,0.0,0.0,0.0,0.0,0.0,0.0,0.0,0.0,0.0,0.0,0.0,0.0,0.0,0.0,0.0,15.957,17.128999999999998,16.206,16.425,14.599,15.349,16.653,18.251,19.978,21.898,23.868,25.973,28.191000000000003,30.439,32.847,35.164,37.671,40.047,42.565,44.977,47.440999999999995
11703164424,0.0,0.0,0.0,0.0,0.0,0.0,0.0,0.0,0.0,0.0,0.0,0.0,0.0,0.0,0.0,0.0,0.0,0.0,0.0,0.0,0.0,3.513,3.721,2.761,3.059,3.064,3.1660000000000004,3.2350000000000003,3.289,3.337,3.378,3.416,3.4539999999999997,3.482,3.5250000000000004,3.5549999999999997,3.595,3.621,3.657,3.675,3.705999999999999,3.717
11703164425,77.0,77.0,77.0,77.0,77.0,77.0,77.0,77.0,77.0,77.0,77.0,77.0,77.0,77.0,77.0,77.0,77.0,77.0,77.0,77.0,77.0,14.07,15.402,15.462,15.475,16.244,16.535,17.07,17.7,18.358,19.188,19.966,20.806,21.722,22.596,23.571,24.47,25.453,26.366999999999997,27.328,28.259,29.168
11703164426,0.0,0.0,0.0,0.0,0.0,0.0,0.0,0.0,0.0,0.0,0.0,0.0,0.0,0.0,0.0,0.0,0.0,0.0,0.0,0.0,0.0,4.236000000000001,4.9799999999999995,4.487,5.511,5.57,6.044,6.475999999999999,6.851,7.159000000000001,7.405,7.609,7.763999999999999,7.909,8.029,8.15,8.243,8.341000000000001,8.413,8.484,8.539,8.579
11703164427,0.0,0.0,0.0,0.0,0.0,0.0,0.0,0.0,0.0,0.0,0.0,0.0,0.0,0.0,0.0,0.0,0.0,0.0,0.0,0.0,0.0,0.0,0.0,0.0,0.0,0.0,0.0,0.0,0.0,0.0,0.0,0.0,0.0,0.0,0.0,0.0,0.0,0.0,0.0,0.0,0.0,0.0
11703164428,56.0,56.0,56.0,56.0,56.0,56.0,56.0,56.0,56.0,56.0,56.0,56.0,56.0,56.0,56.0,56.0,56.0,56.0,56.0,56.0,56.0,4.755,6.204,8.201,13.527,14.743,15.828,17.253,18.659,20.239,21.691,23.137,24.610999999999997,26.07,27.594,29.096000000000004,30.649,32.172,33.701,35.235,36.715,38.2
11703164429,0.0,0.0,0.0,0.0,0.0,0.0,0.0,0.0,0.0,0.0,0.0,0.0,0.0,0.0,0.0,0.0,0.0,0.0,0.0,0.0,0.0,1.467,1.763,1.887,2.0869999999999997,2.124,2.232,2.373,2.509,2.657,2.797,2.932,3.077,3.216,3.3629999999999995,3.51,3.657,3.802,3.951,4.096,4.237,4.379
11703164501,0.0,0.0,0.0,0.0,0.0,0.0,0.0,0.0,0.0,0.0,0.0,0.0,0.0,0.0,0.0,0.0,0.0,0.0,0.0,0.0,0.0,0.188,0.189,0.188,0.189,0.189,0.191,0.193,0.194,0.197,0.199,0.2,0.202,0.203,0.205,0.206,0.207,0.209,0.21,0.21,0.211,0.211
11703164502,0.0,0.0,0.0,0.0,0.0,0.0,0.0,0.0,0.0,0.0,0.0,0.0,0.0,0.0,0.0,0.0,0.0,0.0,0.0,0.0,0.0,10.002,10.088,10.178,11.517,13.541,15.874,18.011,18.263,19.061,19.8,20.481,21.045,21.552999999999997,21.977,22.334999999999997,22.639000000000003,22.904,23.122,23.296,23.436,23.525
11703164503,90.0,90.0,90.0,90.0,90.0,90.0,90.0,90.0,90.0,90.0,90.0,90.0,90.0,90.0,90.0,90.0,90.0,90.0,90.0,90.0,90.0,33.898,34.039,33.919,34.004999999999995,34.144,34.439,34.732,35.089999999999996,35.513000000000005,35.836,36.135,36.407,36.674,36.929,37.179,37.397000000000006,37.61,37.781,37.917,38.046,38.111
11703164504,85.0,85.0,85.0,85.0,85.0,85.0,85.0,85.0,85.0,85.0,85.0,85.0,85.0,85.0,85.0,85.0,85.0,85.0,85.0,85.0,85.0,47.072,49.072,50.803,53.518,55.370999999999995,57.535,59.14,60.803,62.633,64.294,65.967,67.662,69.485,71.41,73.38300000000001,75.395,77.41799999999999,79.412,81.35,83.263,85.055
11703164505,0.0,0.0,0.0,0.0,0.0,0.0,0.0,0.0,0.0,0.0,0.0,0.0,0.0,0.0,0.0,0.0,0.0,0.0,0.0,0.0,0.0,6.122,6.186,6.259,6.432,6.513,6.595,6.6579999999999995,6.8469999999999995,7.154,7.461,7.768000000000001,8.104,8.468,8.858,9.262,9.68,10.099,10.522,10.938,11.354,11.752
11703164506,0.0,0.0,0.0,0.0,0.0,0.0,0.0,0.0,0.0,0.0,0.0,0.0,0.0,0.0,0.0,0.0,0.0,0.0,0.0,0.0,0.0,6.5729999999999995,6.473,6.41,6.452,6.481,6.518000000000001,6.5489999999999995,6.74,7.071,7.390000000000001,7.696999999999999,8.032,8.388,8.767,9.159,9.564,9.967,10.372,10.768,11.165,11.541
11703164507,0.0,0.0,0.0,0.0,0.0,0.0,0.0,0.0,0.0,0.0,0.0,0.0,0.0,0.0,0.0,0.0,0.0,0.0,0.0,0.0,0.0,6.673,6.878,7.0569999999999995,8.237,9.49,10.873,12.109,13.307,14.682,15.862,17.022,18.159,19.351,20.58,21.831,23.105,24.392,25.675,26.943,28.205,29.425
11703164508,0.0,0.0,0.0,0.0,0.0,0.0,0.0,0.0,0.0,0.0,0.0,0.0,0.0,0.0,0.0,0.0,0.0,0.0,0.0,0.0,0.0,20.788,20.848,20.955,21.397,21.613,21.844,22.023,22.283,22.725,23.242,23.849,24.558,25.386000000000003,26.314,27.305,28.344,29.405,30.474,31.53,32.585,33.594
11703164509,0.0,0.0,0.0,0.0,0.0,0.0,0.0,0.0,0.0,0.0,0.0,0.0,0.0,0.0,0.0,0.0,0.0,0.0,0.0,0.0,0.0,25.754,26.543999999999997,27.42,29.334,31.970999999999997,36.041,40.801,46.07,51.445,56.352999999999994,60.769,64.645,68.146,71.305,74.181,76.86,79.386,81.734,83.929,86.00999999999999,87.915
11703164510,0.0,0.0,0.0,0.0,0.0,0.0,0.0,0.0,0.0,0.0,0.0,0.0,0.0,0.0,0.0,0.0,0.0,0.0,0.0,0.0,0.0,0.0,0.0,0.0,0.0,0.0,0.0,0.0,0.0,0.0,0.0,0.0,0.0,0.0,0.0,0.0,0.0,0.0,0.0,0.0,0.0,0.0
11703164511,0.0,0.0,0.0,0.0,0.0,0.0,0.0,0.0,0.0,0.0,0.0,0.0,0.0,0.0,0.0,0.0,0.0,0.0,0.0,0.0,0.0,18.033,17.758,17.586,17.704,17.781,17.881999999999998,17.966,17.913999999999998,17.826999999999998,17.762999999999998,17.755000000000003,17.767,17.823999999999998,17.916,18.027,18.148,18.27,18.383,18.478,18.563,18.616
11703164512,112.0,112.0,112.0,112.0,112.0,112.0,112.0,112.0,112.0,112.0,112.0,112.0,112.0,112.0,112.0,112.0,112.0,112.0,112.0,112.0,112.0,16.904,17.263,17.458,17.733,17.836,18.0,18.163,18.7,19.545,20.341,21.096,21.886,22.704,23.542,24.387,25.243,26.082,26.909,27.715,28.514,29.272
11703164513,0.0,0.0,0.0,0.0,0.0,0.0,0.0,0.0,0.0,0.0,0.0,0.0,0.0,0.0,0.0,0.0,0.0,0.0,0.0,0.0,0.0,16.124000000000002,15.038,14.366,13.584,13.794999999999998,14.033,14.244,14.222,14.123,14.064,14.082999999999998,14.13,14.241,14.393,14.576,14.765,14.972,15.168,15.351,15.532,15.678999999999998
11703164514,0.0,0.0,0.0,0.0,0.0,0.0,0.0,0.0,0.0,0.0,0.0,0.0,0.0,0.0,0.0,0.0,0.0,0.0,0.0,0.0,0.0,10.934,10.198,9.742,9.212,9.354,9.516,9.66,9.644,9.577,9.537,9.55,9.583,9.657,9.761,9.884,10.012,10.153,10.286,10.41,10.533,10.632
11703164515,0.0,0.0,0.0,0.0,0.0,0.0,0.0,0.0,0.0,0.0,0.0,0.0,0.0,0.0,0.0,0.0,0.0,0.0,0.0,0.0,0.0,12.251,12.182,12.126,12.252,12.257,12.260000000000002,12.259,12.021,11.695,11.462,11.337,11.256,11.233,11.256,11.306,11.37,11.45,11.529,11.601,11.669,11.716
11703164516,0.0,0.0,0.0,0.0,0.0,0.0,0.0,0.0,0.0,0.0,0.0,0.0,0.0,0.0,0.0,0.0,0.0,0.0,0.0,0.0,0.0,1.526,1.424,1.36,2.145,2.177,2.216,2.2489999999999997,2.778,3.677,4.529999999999999,5.322,6.175,7.064,7.998,8.968,9.979,11.003,12.051,13.103000000000002,14.181,15.241
11703164517,0.0,0.0,0.0,0.0,0.0,0.0,0.0,0.0,0.0,0.0,0.0,0.0,0.0,0.0,0.0,0.0,0.0,0.0,0.0,0.0,0.0,23.308999999999997,23.476,23.29,23.08,22.939,22.937,23.009,24.382,26.624,28.659,30.505,32.43,34.382,36.365,38.355,40.370999999999995,42.361,44.334,46.273,48.201,50.07
11703164518,0.0,0.0,0.0,0.0,0.0,0.0,0.0,0.0,0.0,0.0,0.0,0.0,0.0,0.0,0.0,0.0,0.0,0.0,0.0,0.0,0.0,6.281000000000001,6.347,6.422,6.6,6.683,6.766,6.832000000000001,6.932,7.087,7.252,7.433,7.635,7.864,8.115,8.378,8.652,8.928,9.205,9.475,9.745,10.0
11703164519,0.0,0.0,0.0,0.0,0.0,0.0,0.0,0.0,0.0,0.0,0.0,0.0,0.0,0.0,0.0,0.0,0.0,0.0,0.0,0.0,0.0,17.611,17.303,17.156,17.256,17.378999999999998,17.454,17.521,17.649,17.912,18.225,18.61,19.075000000000003,19.617,20.227,20.881,21.559,22.26,22.967,23.66,24.362,25.016
11703164520,90.0,90.0,90.0,90.0,90.0,90.0,90.0,90.0,90.0,90.0,90.0,90.0,90.0,90.0,90.0,90.0,90.0,90.0,90.0,90.0,90.0,34.104,34.829,35.222,35.775999999999996,35.986000000000004,36.316,36.645,36.708,36.645,36.583,36.588,36.582,36.618,36.673,36.735,36.79,36.846,36.875,36.882,36.87,36.816
11703164521,0.0,0.0,0.0,0.0,0.0,0.0,0.0,0.0,0.0,0.0,0.0,0.0,0.0,0.0,0.0,0.0,0.0,0.0,0.0,0.0,0.0,24.442,24.262,24.111,24.383,24.373,24.418,24.433,25.176,26.719,28.848,31.397999999999996,34.417,37.949,41.799,45.889,50.196,54.642,59.18000000000001,63.738,68.33099999999999,72.852
11703164522,0.0,0.0,0.0,0.0,0.0,0.0,0.0,0.0,0.0,0.0,0.0,0.0,0.0,0.0,0.0,0.0,0.0,0.0,0.0,0.0,0.0,26.484,26.694000000000003,26.609,26.854,26.787,26.856,26.927,25.921,24.474,23.433999999999997,22.785,22.266,21.931,21.729,21.612,21.545,21.537,21.54,21.549,21.557,21.549
11703164523,0.0,0.0,0.0,0.0,0.0,0.0,0.0,0.0,0.0,0.0,0.0,0.0,0.0,0.0,0.0,0.0,0.0,0.0,0.0,0.0,0.0,9.812,9.756,9.712,9.812,9.816,9.818,9.818,10.16,10.784,11.406,12.03,12.732,13.491,14.312,15.173,16.074,16.986,17.916999999999998,18.839,19.77,20.67
11703164524,0.0,0.0,0.0,0.0,0.0,0.0,0.0,0.0,0.0,0.0,0.0,0.0,0.0,0.0,0.0,0.0,0.0,0.0,0.0,0.0,0.0,9.663,9.515,9.423,9.487,9.527,9.581,9.626,9.74,9.936,10.13,10.333,10.561,10.816,11.096,11.39,11.697,12.002,12.306,12.599,12.89,13.157
11703164525,0.0,0.0,0.0,0.0,0.0,0.0,0.0,0.0,0.0,0.0,0.0,0.0,0.0,0.0,0.0,0.0,0.0,0.0,0.0,0.0,0.0,6.445,6.497,6.476000000000001,6.5360000000000005,6.52,6.536,6.553,7.704000000000001,9.561,11.234,12.75,14.351,15.997,17.711,19.468,21.281,23.103,24.948,26.788,28.641,30.461
11703164526,0.0,0.0,0.0,0.0,0.0,0.0,0.0,0.0,0.0,0.0,0.0,0.0,0.0,0.0,0.0,0.0,0.0,0.0,0.0,0.0,0.0,32.426,32.891999999999996,32.735,32.865,32.763000000000005,32.899,33.085,32.597,31.817,31.261,30.956,30.734,30.65,30.662,30.745,30.874,31.06,31.256,31.464999999999996,31.68,31.884
11703164527,0.0,0.0,0.0,0.0,0.0,0.0,0.0,0.0,0.0,0.0,0.0,0.0,0.0,0.0,0.0,0.0,0.0,0.0,0.0,0.0,0.0,18.224,18.488,18.739,19.679,20.909,23.197000000000003,26.068,29.398,32.903999999999996,36.182,39.157,41.782,44.14,46.260000000000005,48.176,49.948,51.604,53.139,54.559,55.897,57.102999999999994
11703164528,0.0,0.0,0.0,0.0,0.0,0.0,0.0,0.0,0.0,0.0,0.0,0.0,0.0,0.0,0.0,0.0,0.0,0.0,0.0,0.0,0.0,11.797,11.898,12.005,11.851,11.239,10.778,10.559,10.651,11.393,12.107,12.778,13.408,14.015,14.582,15.118,15.628,16.112000000000002,16.573,17.004,17.417,17.794
11703164529,0.0,0.0,0.0,0.0,0.0,0.0,0.0,0.0,0.0,0.0,0.0,0.0,0.0,0.0,0.0,0.0,0.0,0.0,0.0,0.0,0.0,0.0,0.0,0.0,0.0,0.0,0.0,0.0,0.142,0.366,0.562,0.732,0.907,1.083,1.262,1.443,1.629,1.814,2.002,2.188,2.377,2.562
11703164530,0.0,0.0,0.0,0.0,0.0,0.0,0.0,0.0,0.0,0.0,0.0,0.0,0.0,0.0,0.0,0.0,0.0,0.0,0.0,0.0,0.0,4.912,5.348,6.535,8.48,10.621,12.766,14.557,16.167,17.536,18.523,19.292,19.854,20.318,20.683,20.972,21.195,21.378,21.506,21.594,21.654,21.66
11703164531,0.0,0.0,0.0,0.0,0.0,0.0,0.0,0.0,0.0,0.0,0.0,0.0,0.0,0.0,0.0,0.0,0.0,0.0,0.0,0.0,0.0,23.712999999999997,23.884,24.092,24.67,24.93,25.191000000000003,25.406,25.613,25.964,26.418999999999997,26.988,27.667,28.479,29.397,30.379,31.411,32.467,33.527,34.573,35.617,36.611
11703164532,0.0,0.0,0.0,0.0,0.0,0.0,0.0,0.0,0.0,0.0,0.0,0.0,0.0,0.0,0.0,0.0,0.0,0.0,0.0,0.0,0.0,0.0,0.0,0.0,0.0,0.0,0.0,0.0,0.808,2.112,3.2569999999999997,4.244,5.246,6.224,7.191,8.144,9.097,10.022,10.938,11.835,12.725,13.588
11703164533,0.0,0.0,0.0,0.0,0.0,0.0,0.0,0.0,0.0,0.0,0.0,0.0,0.0,0.0,0.0,0.0,0.0,0.0,0.0,0.0,0.0,4.805,4.84,4.882,4.9990000000000006,5.051,5.104,5.148,5.302,5.56,5.824999999999999,6.0969999999999995,6.399,6.731999999999999,7.0920000000000005,7.468,7.86,8.257000000000001,8.657,9.054,9.453,9.839
11703164534,0.0,0.0,0.0,0.0,0.0,0.0,0.0,0.0,0.0,0.0,0.0,0.0,0.0,0.0,0.0,0.0,0.0,0.0,0.0,0.0,0.0,10.625,10.716,10.811,10.673,10.122,9.707,9.51,11.401,12.371,13.316,14.21,15.074,15.924,16.737000000000002,17.517,18.277,19.007,19.712,20.384,21.039,21.648
11703164535,0.0,0.0,0.0,0.0,0.0,0.0,0.0,0.0,0.0,0.0,0.0,0.0,0.0,0.0,0.0,0.0,0.0,0.0,0.0,0.0,0.0,33.361999999999995,33.6,33.334,33.035,32.833,32.831,32.932,31.955,30.438,29.225,28.338,27.531,26.874,26.318,25.843,25.421,25.073,24.744,24.442,24.156,23.878
11703164536,0.0,0.0,0.0,0.0,0.0,0.0,0.0,0.0,0.0,0.0,0.0,0.0,0.0,0.0,0.0,0.0,0.0,0.0,0.0,0.0,0.0,22.57,22.809,23.076,23.713,24.013,24.311,24.548,24.726,24.974,25.279,25.664,26.113,26.655,27.268,27.92,28.601,29.292,29.982999999999997,30.656,31.319000000000003,31.932
11703164601,74.0,74.0,74.0,74.0,74.0,74.0,74.0,74.0,74.0,74.0,74.0,74.0,74.0,74.0,74.0,74.0,74.0,74.0,74.0,74.0,74.0,9.92,10.047,10.069,10.261,10.226,10.262,10.284,10.339,10.411,10.487,10.564,10.648,10.746,10.849,10.957,11.055,11.148,11.229,11.3,11.366,11.41
11703164602,0.0,0.0,0.0,0.0,0.0,0.0,0.0,0.0,0.0,0.0,0.0,0.0,0.0,0.0,0.0,0.0,0.0,0.0,0.0,0.0,0.0,10.089,10.218,10.359,10.736,10.876,11.091,11.288,11.52,11.772,12.03,12.288,12.555,12.839,13.132,13.432,13.719,14.003,14.273,14.528,14.778,15.001
11703164603,0.0,0.0,0.0,0.0,0.0,0.0,0.0,0.0,0.0,0.0,0.0,0.0,0.0,0.0,0.0,0.0,0.0,0.0,0.0,0.0,0.0,6.43,6.537,6.522,6.622,6.617000000000001,6.688000000000001,6.774000000000001,6.906,7.068,7.244999999999999,7.431,7.629999999999999,7.845,8.07,8.301,8.530000000000001,8.758,8.979000000000001,9.194,9.406,9.6
11703164604,0.0,0.0,0.0,0.0,0.0,0.0,0.0,0.0,0.0,0.0,0.0,0.0,0.0,0.0,0.0,0.0,0.0,0.0,0.0,0.0,0.0,6.263999999999999,6.145,6.058999999999999,6.102,6.131,6.2090000000000005,6.293,6.401,6.5249999999999995,6.659,6.798,6.945,7.106,7.278,7.455,7.632,7.805,7.974,8.135,8.295,8.438
11703164605,0.0,0.0,0.0,0.0,0.0,0.0,0.0,0.0,0.0,0.0,0.0,0.0,0.0,0.0,0.0,0.0,0.0,0.0,0.0,0.0,0.0,9.843,10.007,9.93,9.981,9.817,9.736,9.658,9.628,9.622,9.625,9.636,9.656,9.694,9.737,9.785,9.827,9.865,9.894,9.917,9.933,9.932
11703164606,0.0,0.0,0.0,0.0,0.0,0.0,0.0,0.0,0.0,0.0,0.0,0.0,0.0,0.0,0.0,0.0,0.0,0.0,0.0,0.0,0.0,11.366,11.15,10.807,10.611,10.401,10.284,10.182,10.122,10.092,10.077,10.069,10.075,10.101,10.138,10.184,10.226,10.266,10.296,10.316,10.333,10.331
11703164607,215.0,215.0,215.0,215.0,215.0,215.0,215.0,215.0,215.0,215.0,215.0,215.0,215.0,215.0,215.0,215.0,215.0,215.0,215.0,215.0,215.0,4.568,4.644,5.1259999999999994,5.932,6.602,7.308,8.004,8.73,9.475,10.231,10.994,11.773,12.573,13.391,14.218,15.046,15.873,16.692999999999998,17.502000000000002,18.306,19.077
11703164608,44.0,44.0,44.0,44.0,44.0,44.0,44.0,44.0,44.0,44.0,44.0,44.0,44.0,44.0,44.0,44.0,44.0,44.0,44.0,44.0,44.0,2.877,2.9240000000000004,2.859,2.816,2.733,2.685,2.646,2.627,2.619,2.617,2.619,2.625,2.636,2.65,2.665,2.679,2.692,2.702,2.7110000000000003,2.718,2.72
11703164609,40.0,40.0,40.0,40.0,40.0,40.0,40.0,40.0,40.0,40.0,40.0,40.0,40.0,40.0,40.0,40.0,40.0,40.0,40.0,40.0,40.0,20.884,21.231,21.066,21.175,20.829,20.654,20.491,20.425,20.412,20.419,20.443,20.487,20.565,20.659,20.759,20.849,20.929,20.991,21.038,21.073,21.071
11703164610,0.0,0.0,0.0,0.0,0.0,0.0,0.0,0.0,0.0,0.0,0.0,0.0,0.0,0.0,0.0,0.0,0.0,0.0,0.0,0.0,0.0,12.655,12.794,12.766,12.944,12.891,12.936,12.952,13.013,13.081,13.142,13.197,13.253,13.32,13.396,13.472,13.537,13.593,13.631,13.656,13.674,13.666
11703164611,0.0,0.0,0.0,0.0,0.0,0.0,0.0,0.0,0.0,0.0,0.0,0.0,0.0,0.0,0.0,0.0,0.0,0.0,0.0,0.0,0.0,0.17,0.172,0.168,0.166,0.16,0.158,0.155,0.155,0.155,0.154,0.154,0.155,0.155,0.156,0.157,0.158,0.158,0.159,0.159,0.16,0.16
11703164612,0.0,0.0,0.0,0.0,0.0,0.0,0.0,0.0,0.0,0.0,0.0,0.0,0.0,0.0,0.0,0.0,0.0,0.0,0.0,0.0,0.0,0.756,0.743,1.021,1.414,1.767,2.109,2.43,2.748,3.066,3.382,3.695,4.011,4.331,4.655,4.9830000000000005,5.306,5.629,5.943,6.253,6.557,6.849
11703164613,120.0,120.0,120.0,120.0,120.0,120.0,120.0,120.0,120.0,120.0,120.0,120.0,120.0,120.0,120.0,120.0,120.0,120.0,120.0,120.0,120.0,19.094,19.304,19.405,19.893,20.029,20.316,20.559,20.874,21.202,21.524,21.832,22.148,22.485,22.836,23.192,23.529,23.854,24.15,24.423,24.683,24.895
11703164614,0.0,0.0,0.0,0.0,0.0,0.0,0.0,0.0,0.0,0.0,0.0,0.0,0.0,0.0,0.0,0.0,0.0,0.0,0.0,0.0,0.0,5.354,5.423,5.413,5.483,5.432,5.4190000000000005,5.398,5.394,5.4,5.409,5.417,5.429,5.447,5.468,5.491,5.51,5.524,5.534000000000001,5.538,5.54,5.531000000000001
11703164615,320.0,320.0,320.0,320.0,320.0,320.0,320.0,320.0,320.0,320.0,320.0,320.0,320.0,320.0,320.0,320.0,320.0,320.0,320.0,320.0,320.0,19.557,19.221,18.542,18.108,17.807,17.756999999999998,17.741,17.859,18.078,18.353,18.657,19.005000000000003,19.406,19.838,20.298,20.753,21.209,21.649,22.072,22.492,22.874
11703164616,0.0,0.0,0.0,0.0,0.0,0.0,0.0,0.0,0.0,0.0,0.0,0.0,0.0,0.0,0.0,0.0,0.0,0.0,0.0,0.0,0.0,7.575,7.613,7.651,7.811,7.863,7.964,8.063,8.179,8.308,8.457,8.600999999999999,8.748,8.901,9.054,9.21,9.364,9.523,9.685,9.835,9.984,10.111
11703164617,0.0,0.0,0.0,0.0,0.0,0.0,0.0,0.0,0.0,0.0,0.0,0.0,0.0,0.0,0.0,0.0,0.0,0.0,0.0,0.0,0.0,22.714,23.006,22.962,23.259,23.041,22.986,22.899,22.884,22.908,22.944,22.977,23.027,23.106,23.197,23.295,23.371,23.436,23.476,23.493,23.501,23.463
11703164618,0.0,0.0,0.0,0.0,0.0,0.0,0.0,0.0,0.0,0.0,0.0,0.0,0.0,0.0,0.0,0.0,0.0,0.0,0.0,0.0,0.0,10.393,10.444,10.388,10.441,10.351,10.328,10.3,10.297,10.309,10.345,10.374,10.407,10.446,10.483,10.523,10.558,10.599,10.643,10.672,10.698,10.702
11703164619,0.0,0.0,0.0,0.0,0.0,0.0,0.0,0.0,0.0,0.0,0.0,0.0,0.0,0.0,0.0,0.0,0.0,0.0,0.0,0.0,0.0,8.103,8.143,8.099,8.14,8.07,8.052,8.031,8.028,8.037,8.065,8.089,8.113999999999999,8.144,8.173,8.204,8.232,8.264,8.298,8.321,8.341000000000001,8.344
11703164620,0.0,0.0,0.0,0.0,0.0,0.0,0.0,0.0,0.0,0.0,0.0,0.0,0.0,0.0,0.0,0.0,0.0,0.0,0.0,0.0,0.0,17.71,18.004,18.586,19.771,20.603,21.632,22.682,23.874,25.159,26.493,27.862,29.284,30.767000000000003,32.296,33.855000000000004,35.412,36.971,38.508,40.023,41.523,42.952
11703164621,61.0,61.0,61.0,61.0,61.0,61.0,61.0,61.0,61.0,61.0,61.0,61.0,61.0,61.0,61.0,61.0,61.0,61.0,61.0,61.0,61.0,11.336,11.525,11.371,11.359,11.175,11.127,11.109,11.172,11.284,11.419,11.571,11.742,11.937,12.145,12.361,12.572,12.782,12.979,13.169,13.35,13.509
11703164701,77.0,77.0,77.0,77.0,77.0,77.0,77.0,77.0,77.0,77.0,77.0,77.0,77.0,77.0,77.0,77.0,77.0,77.0,77.0,77.0,77.0,37.431,37.7,37.819,37.705,37.682,37.609,37.537,37.387,37.191,37.013000000000005,36.876,36.789,36.791,37.22,38.048,39.355,40.967,42.92,45.063,47.369,49.656
11703164702,45.0,45.0,45.0,45.0,45.0,45.0,45.0,45.0,45.0,45.0,45.0,45.0,45.0,45.0,45.0,45.0,45.0,45.0,45.0,45.0,45.0,26.658,27.312,27.786,28.093,28.572000000000003,30.957,34.962,40.617,48.016000000000005,56.464,65.863,75.766,85.357,93.643,100.05,104.788,107.951,109.704,110.226,110.084,109.336
11703164703,0.0,0.0,0.0,0.0,0.0,0.0,0.0,0.0,0.0,0.0,0.0,0.0,0.0,0.0,0.0,0.0,0.0,0.0,0.0,0.0,0.0,12.428,12.346,12.438,12.463,12.437,12.377,12.332999999999998,12.258,12.175,12.102,12.048,12.012,11.986,11.984,11.976,11.983,11.969,11.963,11.933,11.908,11.858
11703164704,0.0,0.0,0.0,0.0,0.0,0.0,0.0,0.0,0.0,0.0,0.0,0.0,0.0,0.0,0.0,0.0,0.0,0.0,0.0,0.0,0.0,20.031,20.083,19.953,19.703,19.576,19.423,19.355,19.249,19.171,19.122,19.094,19.091,19.095,19.136,19.153,19.194,19.191000000000003,19.199,19.164,19.138,19.074
11703164705,0.0,0.0,0.0,0.0,0.0,0.0,0.0,0.0,0.0,0.0,0.0,0.0,0.0,0.0,0.0,0.0,0.0,0.0,0.0,0.0,0.0,27.049,32.760000000000005,33.91,34.614000000000004,35.066,35.769,36.41,36.754,36.819,36.759,36.665,36.554,38.27,40.5,43.115,46.277,49.754999999999995,53.684,57.821,62.16,66.489
11703164706,0.0,0.0,0.0,0.0,0.0,0.0,0.0,0.0,0.0,0.0,0.0,0.0,0.0,0.0,0.0,0.0,0.0,0.0,0.0,0.0,0.0,49.16,49.346,49.494,49.27,49.231,49.154,49.007,48.756,48.388000000000005,48.033,47.732,47.491,47.636,49.071,50.855999999999995,53.158,55.732,58.68299999999999,61.83,65.18299999999999,68.511
11703164707,0.0,0.0,0.0,0.0,0.0,0.0,0.0,0.0,0.0,0.0,0.0,0.0,0.0,0.0,0.0,0.0,0.0,0.0,0.0,0.0,0.0,23.936,24.377,24.577,24.634,24.68,24.65,24.693,24.659,24.643,24.65,24.674,24.711,24.758,24.841,24.894,24.973,24.99,25.023,25.005,24.994,24.938
11703164708,0.0,0.0,0.0,0.0,0.0,0.0,0.0,0.0,0.0,0.0,0.0,0.0,0.0,0.0,0.0,0.0,0.0,0.0,0.0,0.0,0.0,18.232,18.512,18.631,18.638,18.666,18.643,18.671,18.642,18.624,18.621,18.63,18.65,18.605,18.378,18.195,18.095,18.011,17.981,17.951,17.948999999999998,17.924
11703164709,0.0,0.0,0.0,0.0,0.0,0.0,0.0,0.0,0.0,0.0,0.0,0.0,0.0,0.0,0.0,0.0,0.0,0.0,0.0,0.0,0.0,23.633000000000003,23.777,23.814,23.697000000000003,23.951,25.791000000000004,29.26,34.263,40.871,48.434000000000005,56.846,65.69900000000001,74.49199999999999,82.429,88.968,94.295,98.427,101.507,103.603,105.172,106.221
11703164710,48.0,48.0,48.0,48.0,48.0,48.0,48.0,48.0,48.0,48.0,48.0,48.0,48.0,48.0,48.0,48.0,48.0,48.0,48.0,48.0,48.0,7.277,7.455,7.584,7.669,7.695,7.946,8.725999999999999,9.943,11.576,13.471,15.588,17.810000000000002,20.001,21.943,23.445,24.555999999999997,25.297,25.708,25.831000000000003,25.798,25.623
11703164711,0.0,0.0,0.0,0.0,0.0,0.0,0.0,0.0,0.0,0.0,0.0,0.0,0.0,0.0,0.0,0.0,0.0,0.0,0.0,0.0,0.0,13.756,13.835,13.742,13.579999999999998,13.424,13.253,13.141000000000002,13.014,12.913,12.839,12.789,12.761,12.753,12.81,12.862000000000002,12.935,12.985,13.048000000000002,13.082,13.126,13.14
11703164712,0.0,0.0,0.0,0.0,0.0,0.0,0.0,0.0,0.0,0.0,0.0,0.0,0.0,0.0,0.0,0.0,0.0,0.0,0.0,0.0,0.0,4.92,5.232,24.978,35.308,47.432,54.888,60.715,65.977,68.93199999999999,70.495,71.164,71.239,71.181,71.434,71.895,72.689,73.688,74.955,76.36,77.924,79.427
11703164713,0.0,0.0,0.0,0.0,0.0,0.0,0.0,0.0,0.0,0.0,0.0,0.0,0.0,0.0,0.0,0.0,0.0,0.0,0.0,0.0,0.0,30.663,30.985999999999997,30.919,30.714,30.456,30.149,29.975,29.749,29.58,29.464,29.391,29.358,29.342,29.377,29.38,29.414,29.387,29.383,29.315,29.262,29.149
11703164714,79.0,79.0,79.0,79.0,79.0,79.0,79.0,79.0,79.0,79.0,79.0,79.0,79.0,79.0,79.0,79.0,79.0,79.0,79.0,79.0,79.0,30.135,30.249,30.339,30.202,30.177999999999997,30.131,30.042,29.887,29.661,29.444,29.259,29.112,28.728,27.75,27.073,26.706,26.53,26.543,26.639,26.811,26.958
11703164715,0.0,0.0,0.0,0.0,0.0,0.0,0.0,0.0,0.0,0.0,0.0,0.0,0.0,0.0,0.0,0.0,0.0,0.0,0.0,0.0,0.0,11.368,11.543,11.617,11.621,11.639,11.624,11.642,11.624,11.613,11.611,11.617,11.628,11.601,11.459,11.345,11.283,11.23,11.212,11.194,11.192,11.176
11703164716,0.0,0.0,0.0,0.0,0.0,0.0,0.0,0.0,0.0,0.0,0.0,0.0,0.0,0.0,0.0,0.0,0.0,0.0,0.0,0.0,0.0,15.455,16.218,10.698,11.77,12.011,13.903,15.384,16.721,17.476,17.877000000000002,18.052,18.076,18.04,18.006999999999998,18.03,18.139,18.302,18.535,18.802,19.11,19.404
11703164717,0.0,0.0,0.0,0.0,0.0,0.0,0.0,0.0,0.0,0.0,0.0,0.0,0.0,0.0,0.0,0.0,0.0,0.0,0.0,0.0,0.0,21.664,21.996,22.138,22.146,22.18,22.152,22.185,22.151,22.13,22.126,22.136,22.16,22.348,23.054,23.795,24.644,25.486,26.402,27.314,28.263,29.176
11703164718,0.0,0.0,0.0,0.0,0.0,0.0,0.0,0.0,0.0,0.0,0.0,0.0,0.0,0.0,0.0,0.0,0.0,0.0,0.0,0.0,0.0,11.263,12.12,12.21,12.235,12.209,12.151,12.107,12.033,11.95,11.879,11.827,11.792,11.765,11.763,11.756,11.762,11.748,11.743,11.712,11.688,11.638
11703164719,0.0,0.0,0.0,0.0,0.0,0.0,0.0,0.0,0.0,0.0,0.0,0.0,0.0,0.0,0.0,0.0,0.0,0.0,0.0,0.0,0.0,26.052,26.355,26.546,21.564,23.091,24.494,25.599,26.392000000000003,27.208,27.381,27.507,27.515,27.057,26.458,25.988999999999997,25.67,25.437,25.314,25.221,25.177,25.114
11703164720,48.0,48.0,48.0,48.0,48.0,48.0,48.0,48.0,48.0,48.0,48.0,48.0,48.0,48.0,48.0,48.0,48.0,48.0,48.0,48.0,48.0,8.941,9.105,9.18,9.202,9.218,9.207,9.223,9.21,9.205,9.208,9.216,9.23,9.247,9.278,9.298,9.328,9.334,9.347,9.34,9.336,9.315
11703164721,60.0,60.0,60.0,60.0,60.0,60.0,60.0,60.0,60.0,60.0,60.0,60.0,60.0,60.0,60.0,60.0,60.0,60.0,60.0,60.0,60.0,26.313,23.473,24.297,24.802,25.126,25.629,26.088,26.335,26.381,26.339,26.271,26.19,25.141,23.999,23.27,22.899,22.758,22.828000000000003,22.973,23.175,23.349
11703164722,0.0,0.0,0.0,0.0,0.0,0.0,0.0,0.0,0.0,0.0,0.0,0.0,0.0,0.0,0.0,0.0,0.0,0.0,0.0,0.0,0.0,14.355999999999998,15.065,9.937,10.933,11.156,12.914,14.289,15.532,16.233,16.605999999999998,16.768,16.791,16.721,16.547,16.43,16.396,16.417,16.503,16.622,16.779,16.924
11703164723,0.0,0.0,0.0,0.0,0.0,0.0,0.0,0.0,0.0,0.0,0.0,0.0,0.0,0.0,0.0,0.0,0.0,0.0,0.0,0.0,0.0,15.552,15.592,15.491,15.297,15.199,15.08,15.027,14.944,14.883,14.846,14.825,14.822,14.826,14.856,14.87,14.901,14.899,14.905,14.879,14.859000000000002,14.808
11703164724,0.0,0.0,0.0,0.0,0.0,0.0,0.0,0.0,0.0,0.0,0.0,0.0,0.0,0.0,0.0,0.0,0.0,0.0,0.0,0.0,0.0,29.138,29.305,29.109,28.764,28.435,28.072000000000003,27.836,27.567,27.353,27.195,27.088,27.031,26.982,26.968,26.942,26.958,26.930999999999997,26.927999999999997,26.869,26.828000000000003,26.728
11703164725,39.0,39.0,39.0,39.0,39.0,39.0,39.0,39.0,39.0,39.0,39.0,39.0,39.0,39.0,39.0,39.0,39.0,39.0,39.0,39.0,39.0,29.783,30.747,31.427,31.953000000000003,32.129,32.187,32.223,32.157,32.059,31.97,31.914,31.88,31.862,31.886000000000003,31.872,31.888,31.839,31.816,31.731,31.664,31.535000000000004
11703164726,0.0,0.0,0.0,0.0,0.0,0.0,0.0,0.0,0.0,0.0,0.0,0.0,0.0,0.0,0.0,0.0,0.0,0.0,0.0,0.0,0.0,42.791,44.682,45.620999999999995,46.106,46.352,46.494,46.759,46.901,47.027,47.154,47.3,47.442,47.598,47.77,47.892,48.031,48.087999999999994,48.167,48.172,48.197,48.149
11703164727,0.0,0.0,0.0,0.0,0.0,0.0,0.0,0.0,0.0,0.0,0.0,0.0,0.0,0.0,0.0,0.0,0.0,0.0,0.0,0.0,0.0,26.505000000000003,26.813,27.008,46.074,49.339,52.33800000000001,54.697,56.395,58.135,58.504000000000005,58.775000000000006,58.792,58.39,59.41,60.628,62.167,63.827,65.732,67.69500000000001,69.781,71.802
11703164728,61.0,61.0,61.0,61.0,61.0,61.0,61.0,61.0,61.0,61.0,61.0,61.0,61.0,61.0,61.0,61.0,61.0,61.0,61.0,61.0,61.0,38.285,38.73,39.012,31.689,33.934,35.995999999999995,37.618,38.786,39.984,40.237,40.423,40.436,41.483,41.813,42.299,43.013,43.824,44.807,45.833,46.944,48.012
11703164729,0.0,0.0,0.0,0.0,0.0,0.0,0.0,0.0,0.0,0.0,0.0,0.0,0.0,0.0,0.0,0.0,0.0,0.0,0.0,0.0,0.0,16.976,17.527,17.914,18.214,18.315,18.347,18.368,18.33,18.274,18.225,18.192,18.173,18.163,18.176,18.168,18.177,18.149,18.137,18.087,18.049,17.976
11703164730,0.0,0.0,0.0,0.0,0.0,0.0,0.0,0.0,0.0,0.0,0.0,0.0,0.0,0.0,0.0,0.0,0.0,0.0,0.0,0.0,0.0,12.937,11.54,11.945,12.961,14.242,14.527,14.788,14.927,14.954,14.93,14.891000000000002,14.846,14.491,14.775,15.239,15.91,16.705000000000002,17.654,18.667,19.739,20.805
11703164731,0.0,0.0,0.0,0.0,0.0,0.0,0.0,0.0,0.0,0.0,0.0,0.0,0.0,0.0,0.0,0.0,0.0,0.0,0.0,0.0,0.0,29.464,29.863,30.113,30.192,30.25,30.241,30.222,30.132,30.003,29.887,29.805999999999997,29.763,29.765,29.972,30.338,30.927,31.622,32.48,33.393,34.382,35.333999999999996
11703164732,0.0,0.0,0.0,0.0,0.0,0.0,0.0,0.0,0.0,0.0,0.0,0.0,0.0,0.0,0.0,0.0,0.0,0.0,0.0,0.0,0.0,18.975,18.849,18.99,19.028,18.99,18.898,18.83,18.716,18.587,18.476,18.395,18.34,18.299,18.297,18.285,18.296,18.275,18.265,18.217,18.18,18.104
11703164733,0.0,0.0,0.0,0.0,0.0,0.0,0.0,0.0,0.0,0.0,0.0,0.0,0.0,0.0,0.0,0.0,0.0,0.0,0.0,0.0,0.0,24.024,24.116,24.187,24.078,24.059,24.021,23.950000000000003,23.827,23.647,23.474,23.326,23.209,23.162,23.4,23.832,24.513,25.334000000000003,26.328,27.409,28.579,29.733
11703164801,149.0,149.0,149.0,149.0,149.0,149.0,149.0,149.0,149.0,149.0,149.0,149.0,149.0,149.0,149.0,149.0,149.0,149.0,149.0,149.0,149.0,47.782,55.339,62.690999999999995,72.515,79.551,85.393,90.371,93.266,94.261,91.701,89.284,87.195,85.688,87.002,88.33,89.67999999999999,90.936,92.051,93.003,93.766,94.347
11703164802,0.0,0.0,0.0,0.0,0.0,0.0,0.0,0.0,0.0,0.0,0.0,0.0,0.0,0.0,0.0,0.0,0.0,0.0,0.0,0.0,0.0,26.865,27.388,27.836,28.353,28.393,28.396,28.217,28.044,27.937,27.814,27.722,27.66,27.623,27.633000000000003,27.668,27.713,27.773,27.815,27.87,27.895000000000003,27.904
11703164803,61.0,61.0,61.0,61.0,61.0,61.0,61.0,61.0,61.0,61.0,61.0,61.0,61.0,61.0,61.0,61.0,61.0,61.0,61.0,61.0,61.0,36.907,37.627,38.242,38.953,39.008,39.012,38.766,38.528,38.38,38.212,38.085,38.0,37.949,37.964,38.011,38.073,38.157,38.213,38.288,38.324,38.336
11703164804,0.0,0.0,0.0,0.0,0.0,0.0,0.0,0.0,0.0,0.0,0.0,0.0,0.0,0.0,0.0,0.0,0.0,0.0,0.0,0.0,0.0,20.603,21.163,21.672,22.259,22.413,22.512,22.452,22.379,22.353,22.315,22.285,22.267,22.269,22.3,22.342,22.388,22.439,22.472,22.51,22.528,22.535
11703164805,0.0,0.0,0.0,0.0,0.0,0.0,0.0,0.0,0.0,0.0,0.0,0.0,0.0,0.0,0.0,0.0,0.0,0.0,0.0,0.0,0.0,29.275,29.509,29.654,29.771,29.642000000000003,29.553,29.315,29.098,28.971,28.832,28.722,28.641,28.589,28.584,28.607,28.643,28.699,28.737,28.785,28.808,28.815
11703164806,83.0,83.0,83.0,83.0,83.0,83.0,83.0,83.0,83.0,83.0,83.0,83.0,83.0,83.0,83.0,83.0,83.0,83.0,83.0,83.0,83.0,19.297,19.822000000000003,20.3,20.849,20.994,21.086,21.029,20.961,20.937,20.902,20.873,20.857,20.858,20.887,20.927,20.971,21.018,21.048,21.085,21.101,21.108
11703164807,0.0,0.0,0.0,0.0,0.0,0.0,0.0,0.0,0.0,0.0,0.0,0.0,0.0,0.0,0.0,0.0,0.0,0.0,0.0,0.0,0.0,28.65,28.587000000000003,28.5,28.517000000000003,28.176,27.894,27.493,27.164,26.947,26.749,26.598000000000003,26.488,26.415,26.404,26.430999999999997,26.473999999999997,26.549,26.607,26.674,26.716,26.738
11703164808,0.0,0.0,0.0,0.0,0.0,0.0,0.0,0.0,0.0,0.0,0.0,0.0,0.0,0.0,0.0,0.0,0.0,0.0,0.0,0.0,0.0,16.631999999999998,16.764,16.846,16.913,16.84,16.789,16.654,16.531,16.458,16.380000000000003,16.317,16.272,16.241999999999997,16.239,16.252000000000002,16.273,16.304,16.325,16.352,16.366,16.37
11703164809,0.0,0.0,0.0,0.0,0.0,0.0,0.0,0.0,0.0,0.0,0.0,0.0,0.0,0.0,0.0,0.0,0.0,0.0,0.0,0.0,0.0,11.865,11.96,12.02,12.066,12.015,11.978000000000002,11.881,11.794,11.743,11.686,11.642,11.609,11.588,11.585,11.595,11.61,11.632,11.647,11.666,11.676,11.679
11703164810,0.0,0.0,0.0,0.0,0.0,0.0,0.0,0.0,0.0,0.0,0.0,0.0,0.0,0.0,0.0,0.0,0.0,0.0,0.0,0.0,0.0,15.589,15.666,15.717,15.819,15.703,15.598,15.416999999999998,15.265,15.165,15.066,14.993,14.944,14.912,14.912,14.931,14.956,14.993,15.017,15.047,15.061,15.066
11703164811,0.0,0.0,0.0,0.0,0.0,0.0,0.0,0.0,0.0,0.0,0.0,0.0,0.0,0.0,0.0,0.0,0.0,0.0,0.0,0.0,0.0,24.064,24.697,25.119999999999997,25.415,25.318,25.268,25.124,25.005,24.943,24.869,24.816000000000003,24.782,24.762,24.765,24.784,24.808,24.841,24.866999999999997,24.9,24.916,24.924
11703164812,0.0,0.0,0.0,0.0,0.0,0.0,0.0,0.0,0.0,0.0,0.0,0.0,0.0,0.0,0.0,0.0,0.0,0.0,0.0,0.0,0.0,11.761,11.736,11.7,11.706,11.567,11.451,11.286,11.152,11.063,10.981,10.92,10.874,10.844,10.839,10.851,10.869,10.899,10.923,10.95,10.968,10.977
11703164813,0.0,0.0,0.0,0.0,0.0,0.0,0.0,0.0,0.0,0.0,0.0,0.0,0.0,0.0,0.0,0.0,0.0,0.0,0.0,0.0,0.0,32.192,32.449999999999996,32.61,32.737,32.597,32.498000000000005,32.236000000000004,31.999,31.858,31.705,31.585,31.496,31.438,31.433,31.459,31.499,31.56,31.601,31.653,31.679,31.686
11703164814,62.0,62.0,62.0,62.0,62.0,62.0,62.0,62.0,62.0,62.0,62.0,62.0,62.0,62.0,62.0,62.0,62.0,62.0,62.0,62.0,62.0,27.594,28.344,29.027,29.813,30.020000000000003,30.152,30.071,29.973,29.939,29.888,29.848,29.824,29.826,29.868,29.924,29.987,30.054,30.098,30.15,30.174,30.183
11703164815,0.0,0.0,0.0,0.0,0.0,0.0,0.0,0.0,0.0,0.0,0.0,0.0,0.0,0.0,0.0,0.0,0.0,0.0,0.0,0.0,0.0,27.366,27.9,28.356,28.883000000000003,28.924,28.928,28.745,28.569,28.459000000000003,28.333999999999996,28.241,28.177,28.139000000000003,28.15,28.186,28.231,28.293,28.335,28.39,28.417,28.426
11703164816,0.0,0.0,0.0,0.0,0.0,0.0,0.0,0.0,0.0,0.0,0.0,0.0,0.0,0.0,0.0,0.0,0.0,0.0,0.0,0.0,0.0,31.009,31.981,32.849999999999994,33.823,37.213,41.199,41.662,42.087,42.549,42.909,43.225,43.46,43.664,43.869,44.048,44.216,44.371,44.483999999999995,44.596,44.658,44.689
11703164817,0.0,0.0,0.0,0.0,0.0,0.0,0.0,0.0,0.0,0.0,0.0,0.0,0.0,0.0,0.0,0.0,0.0,0.0,0.0,0.0,0.0,24.521,24.999,25.408,25.881,25.917,25.918999999999997,25.756,25.597,25.499,25.388,25.304,25.247,25.214,25.224,25.255000000000003,25.295,25.351,25.388,25.439,25.462,25.47
11703164818,0.0,0.0,0.0,0.0,0.0,0.0,0.0,0.0,0.0,0.0,0.0,0.0,0.0,0.0,0.0,0.0,0.0,0.0,0.0,0.0,0.0,59.501000000000005,73.06400000000001,84.188,92.829,101.002,108.422,114.746,118.427,123.563,130.637,137.346,144.048,150.766,155.157,159.635,164.217,168.687,172.952,176.96,180.649,184.019
11703164819,0.0,0.0,0.0,0.0,0.0,0.0,0.0,0.0,0.0,0.0,0.0,0.0,0.0,0.0,0.0,0.0,0.0,0.0,0.0,0.0,0.0,34.027,34.921,35.519,35.937,35.801,35.729,35.525000000000006,35.358,35.271,35.165,35.09,35.042,35.014,35.019,35.044,35.08,35.126000000000005,35.162,35.208,35.232,35.242
11703164820,0.0,0.0,0.0,0.0,0.0,0.0,0.0,0.0,0.0,0.0,0.0,0.0,0.0,0.0,0.0,0.0,0.0,0.0,0.0,0.0,0.0,26.241,26.369999999999997,26.456000000000003,26.627,26.433,26.255,25.95,25.695,25.525,25.361,25.237,25.153999999999996,25.1,25.098999999999997,25.131,25.176,25.237,25.277,25.327,25.352,25.36
11703164821,0.0,0.0,0.0,0.0,0.0,0.0,0.0,0.0,0.0,0.0,0.0,0.0,0.0,0.0,0.0,0.0,0.0,0.0,0.0,0.0,0.0,24.344,23.701,24.925,27.304,27.03,26.39,25.225,24.282,24.19,25.565,26.793999999999997,27.881,28.746,28.427,28.054,27.762,27.525,27.346,27.235,27.162,27.110999999999997
11703164822,0.0,0.0,0.0,0.0,0.0,0.0,0.0,0.0,0.0,0.0,0.0,0.0,0.0,0.0,0.0,0.0,0.0,0.0,0.0,0.0,0.0,13.54,13.182,13.862,15.187,15.034,14.678,14.03,13.506,13.454,14.219,14.903,15.507,15.988,15.812,15.604,15.441,15.31,15.21,15.149,15.107,15.079
11703164823,0.0,0.0,0.0,0.0,0.0,0.0,0.0,0.0,0.0,0.0,0.0,0.0,0.0,0.0,0.0,0.0,0.0,0.0,0.0,0.0,0.0,37.569,38.59,39.52,40.590999999999994,40.871,41.052,40.94,40.808,40.761,40.692,40.638,40.605,40.608,40.665,40.742,40.826,40.918,40.977999999999994,41.049,41.081,41.094
11703164824,0.0,0.0,0.0,0.0,0.0,0.0,0.0,0.0,0.0,0.0,0.0,0.0,0.0,0.0,0.0,0.0,0.0,0.0,0.0,0.0,0.0,15.327,15.807,16.237000000000002,16.717,16.244,15.714,15.891,16.054000000000002,16.231,16.37,16.491,16.582,16.66,16.739,16.808,16.873,16.933,16.977,17.021,17.045,17.058
11703164825,0.0,0.0,0.0,0.0,0.0,0.0,0.0,0.0,0.0,0.0,0.0,0.0,0.0,0.0,0.0,0.0,0.0,0.0,0.0,0.0,0.0,36.534000000000006,37.678,38.704,39.849,38.722,37.457,37.881,38.269000000000005,38.691,39.021,39.309,39.525,39.713,39.901,40.066,40.221,40.364,40.467,40.572,40.631,40.66
11703164826,0.0,0.0,0.0,0.0,0.0,0.0,0.0,0.0,0.0,0.0,0.0,0.0,0.0,0.0,0.0,0.0,0.0,0.0,0.0,0.0,0.0,39.94,53.06099999999999,61.711,67.598,75.906,84.964,95.742,106.146,116.65,123.264,129.17700000000002,134.394,139.085,145.285,151.009,156.99,163.132,169.505,176.222,183.12,190.143
11703164827,0.0,0.0,0.0,0.0,0.0,0.0,0.0,0.0,0.0,0.0,0.0,0.0,0.0,0.0,0.0,0.0,0.0,0.0,0.0,0.0,0.0,11.138,11.486999999999998,11.8,12.149,11.806,11.42,11.549,11.667000000000002,11.796,11.896999999999998,11.984000000000002,12.05,12.108,12.165,12.215,12.263,12.306,12.338,12.369,12.387,12.396999999999998
11801134105,0.0,0.0,0.0,0.0,0.0,0.0,0.0,0.0,0.0,0.0,0.0,0.0,0.0,0.0,0.0,0.0,0.0,0.0,0.0,0.0,0.0,37.349,39.459,41.032,42.651,43.079,43.221,43.232,43.171,42.816,42.376,42.144,42.059,42.11,42.296,42.509,42.757,42.976,43.217,43.399,43.542,43.595
11801134107,0.0,0.0,0.0,0.0,0.0,0.0,0.0,0.0,0.0,0.0,0.0,0.0,0.0,0.0,0.0,0.0,0.0,0.0,0.0,0.0,0.0,16.701999999999998,16.250999999999998,15.858,15.536,15.319,15.153,14.988,14.599,14.073,14.127,14.223,14.342,14.485,14.658,14.829,15.004,15.162,15.31,15.428999999999998,15.532,15.595
11801134111,0.0,0.0,0.0,0.0,0.0,0.0,0.0,0.0,0.0,0.0,0.0,0.0,0.0,0.0,0.0,0.0,0.0,0.0,0.0,0.0,0.0,41.558,45.184,47.05,48.402,50.331,51.655,53.102,54.468999999999994,55.849,57.339,58.727,60.002,61.177,62.279,63.327,64.321,65.27799999999999,66.146,66.923,67.643,68.239
11801134112,0.0,0.0,0.0,0.0,0.0,0.0,0.0,0.0,0.0,0.0,0.0,0.0,0.0,0.0,0.0,0.0,0.0,0.0,0.0,0.0,0.0,22.339,21.735999999999997,21.211,20.779,20.489,20.268,20.047,19.526,18.823,18.895,19.023,19.184,19.373,19.605,19.834,20.068,20.279,20.477,20.636000000000003,20.774,20.858
11801134113,0.0,0.0,0.0,0.0,0.0,0.0,0.0,0.0,0.0,0.0,0.0,0.0,0.0,0.0,0.0,0.0,0.0,0.0,0.0,0.0,0.0,12.84,12.493,12.191,11.943,11.777,11.649,11.522,12.15,13.482,13.65,13.848,14.059,14.28,14.524,14.762,15.002,15.229,15.437,15.616,15.779,15.904
11801134115,162.0,162.0,162.0,162.0,162.0,162.0,162.0,162.0,162.0,162.0,162.0,162.0,162.0,162.0,162.0,162.0,162.0,162.0,162.0,162.0,162.0,14.726,15.559,16.18,16.819000000000003,16.988,17.044999999999998,17.05,17.026,16.88,16.698,16.6,16.558999999999997,16.573999999999998,16.642,16.72,16.814,16.895,16.985,17.053,17.105,17.122
11801134116,0.0,0.0,0.0,0.0,0.0,0.0,0.0,0.0,0.0,0.0,0.0,0.0,0.0,0.0,0.0,0.0,0.0,0.0,0.0,0.0,0.0,27.862,29.439,30.613,31.822,32.143,32.249,32.259,32.215,32.804,33.828,34.86,35.869,36.857,37.831,38.81,39.775,40.747,41.636,42.476,43.282,44.001000000000005
11801134128,0.0,0.0,0.0,0.0,0.0,0.0,0.0,0.0,0.0,0.0,0.0,0.0,0.0,0.0,0.0,0.0,0.0,0.0,0.0,0.0,0.0,45.476,45.551,44.914,44.084,43.314,42.8,42.437,42.213,42.143,42.162,42.258,42.406000000000006,42.608999999999995,42.882,43.177,43.494,43.801,44.092,44.34,44.562,44.714
11801134129,0.0,0.0,0.0,0.0,0.0,0.0,0.0,0.0,0.0,0.0,0.0,0.0,0.0,0.0,0.0,0.0,0.0,0.0,0.0,0.0,0.0,31.195,31.246,30.808999999999997,30.238999999999997,29.711,29.359,29.11,28.956,28.909,28.921,28.987,29.089,29.227,29.415,29.616999999999997,29.836,30.045,30.244,30.415,30.568,30.671999999999997
11801134136,80.0,80.0,80.0,80.0,80.0,80.0,80.0,80.0,80.0,80.0,80.0,80.0,80.0,80.0,80.0,80.0,80.0,80.0,80.0,80.0,80.0,0.0,0.0,0.0,0.0,0.0,0.0,0.0,0.0,0.0,0.0,0.0,0.0,0.0,0.0,0.0,0.0,0.0,0.0,0.0,0.0,0.0
11801134201,0.0,0.0,0.0,0.0,0.0,0.0,0.0,0.0,0.0,0.0,0.0,0.0,0.0,0.0,0.0,0.0,0.0,0.0,0.0,0.0,0.0,0.0,0.0,0.0,0.0,0.0,0.0,0.0,0.0,0.0,0.0,0.0,0.0,0.0,0.0,0.0,0.0,0.0,0.0,0.0,0.0,0.0
11801134501,0.0,0.0,0.0,0.0,0.0,0.0,0.0,0.0,0.0,0.0,0.0,0.0,0.0,0.0,0.0,0.0,0.0,0.0,0.0,0.0,0.0,31.249,32.632,33.362,34.36,34.831,35.165,35.315,35.489,35.658,35.879000000000005,36.096,36.364,36.662,37.007,37.382,37.714,38.028,38.31,38.565,38.754000000000005,38.908
11801134502,0.0,0.0,0.0,0.0,0.0,0.0,0.0,0.0,0.0,0.0,0.0,0.0,0.0,0.0,0.0,0.0,0.0,0.0,0.0,0.0,0.0,25.915999999999997,27.063,27.668,28.497,28.886000000000003,29.164,29.287999999999997,29.432,29.572,29.756,29.935,30.158,30.405,30.692,31.003,31.311,31.62,31.903,32.145,32.331,32.479
11801134503,0.0,0.0,0.0,0.0,0.0,0.0,0.0,0.0,0.0,0.0,0.0,0.0,0.0,0.0,0.0,0.0,0.0,0.0,0.0,0.0,0.0,26.985999999999997,27.348999999999997,27.069000000000003,27.021,26.695,26.481,26.256,26.144,26.098,26.134,26.196,26.31,26.464,26.67,26.921,27.165999999999997,27.410000000000004,27.631,27.829,27.981,28.101999999999997
11801134504,0.0,0.0,0.0,0.0,0.0,0.0,0.0,0.0,0.0,0.0,0.0,0.0,0.0,0.0,0.0,0.0,0.0,0.0,0.0,0.0,0.0,20.582,21.423,21.777,22.322,22.408,22.464,22.451,22.479,22.529,22.628,22.736,22.882,23.05,23.254,23.479,23.693,23.902,24.09,24.257,24.383,24.484
11801134505,0.0,0.0,0.0,0.0,0.0,0.0,0.0,0.0,0.0,0.0,0.0,0.0,0.0,0.0,0.0,0.0,0.0,0.0,0.0,0.0,0.0,28.95,30.134,30.631,31.398,31.519,31.598,31.578000000000003,31.618,31.69,31.828,31.979999999999997,32.185,32.422,32.708,33.025999999999996,33.327,33.62,33.886,34.120000000000005,34.296,34.439
11801134506,0.0,0.0,0.0,0.0,0.0,0.0,0.0,0.0,0.0,0.0,0.0,0.0,0.0,0.0,0.0,0.0,0.0,0.0,0.0,0.0,0.0,17.328,18.098,18.413,18.359,18.215,18.130000000000003,18.033,18.003,18.009,18.07,18.146,18.257,18.396,18.571,18.774,18.973,19.171,19.351,19.508,19.629,19.725
11801134507,0.0,0.0,0.0,0.0,0.0,0.0,0.0,0.0,0.0,0.0,0.0,0.0,0.0,0.0,0.0,0.0,0.0,0.0,0.0,0.0,0.0,26.484,26.168999999999997,25.392,25.318,25.119,25.002,24.869,24.829,24.837,24.922,25.028,25.181,25.373,25.614,25.895,26.169,26.444000000000003,26.693,26.91,27.077,27.209
11801134508,0.0,0.0,0.0,0.0,0.0,0.0,0.0,0.0,0.0,0.0,0.0,0.0,0.0,0.0,0.0,0.0,0.0,0.0,0.0,0.0,0.0,25.622,26.338,26.528,27.324,27.847,28.357,28.793,29.294000000000004,29.831,30.455,31.085,31.773,32.506,33.302,34.141,34.724000000000004,35.189,35.622,35.983,36.267,36.494
11801134509,40.0,40.0,40.0,40.0,40.0,40.0,40.0,40.0,40.0,40.0,40.0,40.0,40.0,40.0,40.0,40.0,40.0,40.0,40.0,40.0,40.0,27.253,28.015,28.121,28.007,27.631,27.265,26.853,26.523000000000003,26.244,26.055999999999997,25.882,25.765,25.69,25.666,25.677,25.93,26.278,26.603,26.873,27.086,27.257
11801134510,0.0,0.0,0.0,0.0,0.0,0.0,0.0,0.0,0.0,0.0,0.0,0.0,0.0,0.0,0.0,0.0,0.0,0.0,0.0,0.0,0.0,18.346,18.593,18.402,18.369999999999997,18.148,18.003,17.85,17.774,17.742,17.766,17.809,17.887,17.991999999999997,18.131,18.302,18.468,18.634,18.784,18.919,19.022,19.106
11801134511,89.0,89.0,89.0,89.0,89.0,89.0,89.0,89.0,89.0,89.0,89.0,89.0,89.0,89.0,89.0,89.0,89.0,89.0,89.0,89.0,89.0,14.4,14.594,14.444,14.418,14.244,14.13,14.01,13.951,13.926,13.945,13.978000000000002,14.039,14.121,14.230999999999998,14.364999999999998,14.495,14.627,14.744,14.849,14.93,14.996
11801134512,0.0,0.0,0.0,0.0,0.0,0.0,0.0,0.0,0.0,0.0,0.0,0.0,0.0,0.0,0.0,0.0,0.0,0.0,0.0,0.0,0.0,31.287,32.539,33.079,33.945,34.118,34.237,34.247,34.317,34.411,34.575,34.744,34.966,35.22,35.519000000000005,35.845,36.15,36.446,36.712,36.943,37.114,37.251
11801134513,0.0,0.0,0.0,0.0,0.0,0.0,0.0,0.0,0.0,0.0,0.0,0.0,0.0,0.0,0.0,0.0,0.0,0.0,0.0,0.0,0.0,16.585,17.247999999999998,17.535,17.993000000000002,18.085,18.148,18.154,18.191,18.24,18.327,18.417,18.534,18.67,18.828,19.001,19.162,19.318,19.46,19.583,19.674,19.746
11801134514,0.0,0.0,0.0,0.0,0.0,0.0,0.0,0.0,0.0,0.0,0.0,0.0,0.0,0.0,0.0,0.0,0.0,0.0,0.0,0.0,0.0,1.311,1.315,1.29,1.279,1.264,1.256,1.248,1.246,1.245,1.249,1.254,1.26,1.268,1.279,1.292,1.304,1.3170000000000002,1.327,1.3370000000000002,1.345,1.351
11801134515,56.0,56.0,56.0,56.0,56.0,56.0,56.0,56.0,56.0,56.0,56.0,56.0,56.0,56.0,56.0,56.0,56.0,56.0,56.0,56.0,56.0,0.477,0.478,0.469,0.465,0.459,0.457,0.454,0.453,0.453,0.454,0.456,0.458,0.462,0.4659999999999999,0.47,0.474,0.478,0.482,0.486,0.489,0.491
11801134516,0.0,0.0,0.0,0.0,0.0,0.0,0.0,0.0,0.0,0.0,0.0,0.0,0.0,0.0,0.0,0.0,0.0,0.0,0.0,0.0,0.0,29.953000000000003,30.365,30.083,29.992,29.76,29.66,29.536,29.518,29.545,29.626,29.721000000000004,29.859,30.03,30.238,30.473000000000003,30.689,30.906,31.095,31.267,31.393,31.493
11801134517,0.0,0.0,0.0,0.0,0.0,0.0,0.0,0.0,0.0,0.0,0.0,0.0,0.0,0.0,0.0,0.0,0.0,0.0,0.0,0.0,0.0,16.665,16.895,16.737,16.688,16.558,16.503,16.434,16.423000000000002,16.438000000000002,16.482999999999997,16.536,16.613,16.709,16.824,16.955,17.075,17.196,17.301000000000002,17.397,17.467,17.523
11801134518,0.0,0.0,0.0,0.0,0.0,0.0,0.0,0.0,0.0,0.0,0.0,0.0,0.0,0.0,0.0,0.0,0.0,0.0,0.0,0.0,0.0,28.714,29.109,28.838,28.751,28.529,28.434,28.315,28.296999999999997,28.323,28.4,28.491,28.624,28.788,28.988,29.213,29.421,29.628,29.808999999999997,29.975,30.095,30.192
11801134519,70.0,70.0,70.0,70.0,70.0,70.0,70.0,70.0,70.0,70.0,70.0,70.0,70.0,70.0,70.0,70.0,70.0,70.0,70.0,70.0,70.0,27.575000000000003,28.768,29.275,30.083,30.226,30.296,30.25,30.293,30.344,30.464999999999996,30.578,30.734,30.903,31.103,31.336,31.535000000000004,31.696,31.85,32.012,32.113,32.204
11801134520,0.0,0.0,0.0,0.0,0.0,0.0,0.0,0.0,0.0,0.0,0.0,0.0,0.0,0.0,0.0,0.0,0.0,0.0,0.0,0.0,0.0,30.942,32.281,32.85,33.756,33.917,33.995,33.944,33.991,34.049,34.185,34.312,34.487,34.676,34.900999999999996,35.163,35.453,35.730000000000004,35.998,36.238,36.409,36.551
11801134521,0.0,0.0,0.0,0.0,0.0,0.0,0.0,0.0,0.0,0.0,0.0,0.0,0.0,0.0,0.0,0.0,0.0,0.0,0.0,0.0,0.0,18.138,18.685,18.788,19.024,18.924,18.837,18.713,18.645,18.609,18.626,18.657,18.724,18.817,18.943,19.094,19.258000000000003,19.43,19.585,19.721,19.824,19.907
11801134522,0.0,0.0,0.0,0.0,0.0,0.0,0.0,0.0,0.0,0.0,0.0,0.0,0.0,0.0,0.0,0.0,0.0,0.0,0.0,0.0,0.0,0.0,0.0,0.0,0.0,0.0,0.0,0.0,0.0,0.0,0.0,0.0,0.0,0.0,0.0,0.0,0.0,0.0,0.0,0.0,0.0,0.0
11801134523,46.0,46.0,46.0,46.0,46.0,46.0,46.0,46.0,46.0,46.0,46.0,46.0,46.0,46.0,46.0,46.0,46.0,46.0,46.0,46.0,46.0,23.255000000000003,23.295,22.865,22.665,22.405,22.27,22.127,22.078,22.08,22.144,22.223,22.342,22.488999999999997,22.679,22.903,23.118,23.335,23.528,23.701,23.834,23.942
11801134524,46.0,46.0,46.0,46.0,46.0,46.0,46.0,46.0,46.0,46.0,46.0,46.0,46.0,46.0,46.0,46.0,46.0,46.0,46.0,46.0,46.0,28.473,29.693,30.207,30.973999999999997,31.088,31.145,31.089,31.091,31.127,31.237,31.354,31.527,31.734,31.989,32.275,32.573,32.873000000000005,33.149,33.383,33.564,33.712
11801134525,0.0,0.0,0.0,0.0,0.0,0.0,0.0,0.0,0.0,0.0,0.0,0.0,0.0,0.0,0.0,0.0,0.0,0.0,0.0,0.0,0.0,14.846,15.480999999999998,15.75,16.15,16.209,16.239,16.209,16.211,16.23,16.287,16.349,16.439,16.546,16.679000000000002,16.828,16.942,17.04,17.122999999999998,17.208,17.266000000000002,17.318
11801134526,0.0,0.0,0.0,0.0,0.0,0.0,0.0,0.0,0.0,0.0,0.0,0.0,0.0,0.0,0.0,0.0,0.0,0.0,0.0,0.0,0.0,18.829,19.07,18.930999999999997,18.958,18.918,18.907,18.859,18.866,18.898,18.984,19.065,19.176,19.308,19.469,19.647,19.815,19.973,20.113,20.234,20.319,20.393
11801134527,0.0,0.0,0.0,0.0,0.0,0.0,0.0,0.0,0.0,0.0,0.0,0.0,0.0,0.0,0.0,0.0,0.0,0.0,0.0,0.0,0.0,21.286,21.653,21.537,21.616,21.481,21.392,21.273,21.229,21.222,21.278,21.342,21.446,21.577,21.745,21.94,22.064,22.155,22.229,22.322,22.376,22.430999999999997
11801134528,0.0,0.0,0.0,0.0,0.0,0.0,0.0,0.0,0.0,0.0,0.0,0.0,0.0,0.0,0.0,0.0,0.0,0.0,0.0,0.0,0.0,27.322000000000003,27.793,27.645,27.747,27.572000000000003,27.459,27.305,27.249,27.24,27.312,27.394,27.528,27.696,27.911,28.162,28.467999999999996,28.798,29.106,29.355,29.555,29.711
11801134529,200.0,200.0,200.0,200.0,200.0,200.0,200.0,200.0,200.0,200.0,200.0,200.0,200.0,200.0,200.0,200.0,200.0,200.0,200.0,200.0,200.0,22.857999999999997,22.918,22.543,22.382,22.322,22.305,22.221,22.221,22.241,22.32,22.399,22.521,22.659999999999997,22.838,23.045,23.214,23.366,23.494,23.629,23.709,23.784
11801134530,86.0,86.0,86.0,86.0,86.0,86.0,86.0,86.0,86.0,86.0,86.0,86.0,86.0,86.0,86.0,86.0,86.0,86.0,86.0,86.0,86.0,30.119999999999997,31.029,31.199,31.592,31.426,31.28,31.075000000000003,30.962,30.903,30.931,30.982,31.094,31.248,31.458,31.708,31.981,32.265,32.522,32.749,32.92,33.058
11801134531,0.0,0.0,0.0,0.0,0.0,0.0,0.0,0.0,0.0,0.0,0.0,0.0,0.0,0.0,0.0,0.0,0.0,0.0,0.0,0.0,0.0,25.504,26.273,26.429,26.885,26.868,26.866,26.81,26.834000000000003,26.905,27.049,27.216,27.436,27.694,28.003,28.348999999999997,28.631,28.885,29.115,29.317,29.471000000000004,29.594
11801134532,0.0,0.0,0.0,0.0,0.0,0.0,0.0,0.0,0.0,0.0,0.0,0.0,0.0,0.0,0.0,0.0,0.0,0.0,0.0,0.0,0.0,5.843999999999999,5.854,5.746,5.696,5.63,5.596,5.5600000000000005,5.548,5.548,5.564,5.584,5.614,5.651,5.699,5.755,5.808999999999999,5.8629999999999995,5.912,5.9559999999999995,5.989,6.016
11801134533,0.0,0.0,0.0,0.0,0.0,0.0,0.0,0.0,0.0,0.0,0.0,0.0,0.0,0.0,0.0,0.0,0.0,0.0,0.0,0.0,0.0,25.899,26.255,26.011,25.933,25.732999999999997,25.645,25.539,25.523,25.547,25.616,25.698,25.818,25.965,26.146,26.349,26.536,26.723,26.887,27.035,27.145,27.231
11801134534,60.0,60.0,60.0,60.0,60.0,60.0,60.0,60.0,60.0,60.0,60.0,60.0,60.0,60.0,60.0,60.0,60.0,60.0,60.0,60.0,60.0,17.583,17.628999999999998,17.341,17.216,17.171,17.157,17.094,17.093,17.11,17.17,17.231,17.323,17.431,17.567999999999998,17.727,17.901,18.081,18.244,18.387,18.487,18.571
11801134535,0.0,0.0,0.0,0.0,0.0,0.0,0.0,0.0,0.0,0.0,0.0,0.0,0.0,0.0,0.0,0.0,0.0,0.0,0.0,0.0,0.0,29.115,29.25,28.877,28.803,28.848999999999997,28.937,28.939,29.049,29.162,29.341,29.495,29.677999999999997,29.876,30.102,30.366999999999997,30.584,30.759,30.918999999999997,31.09,31.195,31.286
11801134536,0.0,0.0,0.0,0.0,0.0,0.0,0.0,0.0,0.0,0.0,0.0,0.0,0.0,0.0,0.0,0.0,0.0,0.0,0.0,0.0,0.0,23.616999999999997,23.727,23.424999999999997,23.365,23.402,23.474,23.475,23.564,23.656,23.8,23.927,24.074,24.235,24.418,24.634,24.893,25.154,25.404,25.616,25.776,25.9
11801134537,0.0,0.0,0.0,0.0,0.0,0.0,0.0,0.0,0.0,0.0,0.0,0.0,0.0,0.0,0.0,0.0,0.0,0.0,0.0,0.0,0.0,25.568,25.896,25.706,25.743,25.688,25.675,25.608,25.618,25.661,25.778,25.889,26.039,26.219,26.438,26.679,26.906,27.122,27.311,27.475,27.592,27.691
11801134701,0.0,0.0,0.0,0.0,0.0,0.0,0.0,0.0,0.0,0.0,0.0,0.0,0.0,0.0,0.0,0.0,0.0,0.0,0.0,0.0,0.0,18.721,19.022,18.898,18.944,18.894,18.914,18.881,18.858,18.918,19.004,19.105,19.266,19.422,19.633,19.848,20.079,20.297,20.481,20.671,20.814,20.932
11801134702,0.0,0.0,0.0,0.0,0.0,0.0,0.0,0.0,0.0,0.0,0.0,0.0,0.0,0.0,0.0,0.0,0.0,0.0,0.0,0.0,0.0,19.803,20.121,19.99,20.039,19.986,20.007,19.973,19.947,20.011,20.102,20.21,20.379,20.544,20.768,20.996,21.239,21.47,21.664,21.866,22.017,22.143
11801134703,0.0,0.0,0.0,0.0,0.0,0.0,0.0,0.0,0.0,0.0,0.0,0.0,0.0,0.0,0.0,0.0,0.0,0.0,0.0,0.0,0.0,12.785,13.186,13.184,13.268,13.092,12.981,12.876,12.787,12.77,12.791,12.839,12.931,13.025,13.159,13.303,13.458,13.605,13.733999999999998,13.861,13.959,14.039
11801134704,0.0,0.0,0.0,0.0,0.0,0.0,0.0,0.0,0.0,0.0,0.0,0.0,0.0,0.0,0.0,0.0,0.0,0.0,0.0,0.0,0.0,27.406,28.063,27.939,28.052999999999997,27.659999999999997,27.445,27.246,27.094,27.077,27.13,27.24,27.445,27.644,27.927999999999997,28.24,28.575000000000003,28.893,29.165,29.438,29.65,29.83
11801134705,0.0,0.0,0.0,0.0,0.0,0.0,0.0,0.0,0.0,0.0,0.0,0.0,0.0,0.0,0.0,0.0,0.0,0.0,0.0,0.0,0.0,34.075,34.941,34.789,34.917,34.394000000000005,34.069,33.756,33.512,33.459,33.502,33.613,33.843999999999994,34.08,34.421,34.79,35.185,35.567,35.9,36.227,36.483,36.694
11801134706,0.0,0.0,0.0,0.0,0.0,0.0,0.0,0.0,0.0,0.0,0.0,0.0,0.0,0.0,0.0,0.0,0.0,0.0,0.0,0.0,0.0,27.646,28.355,28.348000000000003,28.56,28.462,28.459,28.402,28.359,28.429,28.546,28.699999999999996,28.941000000000003,29.174999999999997,29.488,29.808,30.158,30.477,30.741,31.01,31.209000000000003,31.379
11801134709,88.0,88.0,88.0,88.0,88.0,88.0,88.0,88.0,88.0,88.0,88.0,88.0,88.0,88.0,88.0,88.0,88.0,88.0,88.0,88.0,88.0,15.343,16.029,16.269,16.599,16.673000000000002,16.735,16.735,16.735,16.804000000000002,16.894,16.997999999999998,17.145,17.294,17.485,17.666,17.872,18.05,18.202,18.357,18.468,18.563
11801134710,0.0,0.0,0.0,0.0,0.0,0.0,0.0,0.0,0.0,0.0,0.0,0.0,0.0,0.0,0.0,0.0,0.0,0.0,0.0,0.0,0.0,18.785,19.099,18.988,19.031,18.913,18.921,18.903,18.902,18.946,19.005,19.09,19.223,19.333,19.494,19.683,19.895,20.077,20.212,20.36,20.455,20.539
11801134712,0.0,0.0,0.0,0.0,0.0,0.0,0.0,0.0,0.0,0.0,0.0,0.0,0.0,0.0,0.0,0.0,0.0,0.0,0.0,0.0,0.0,18.42,19.345,19.236,19.362,19.139,19.074,19.012,18.954,19.001,19.054,19.129,19.261,19.362,19.521,19.721,19.932,20.138,20.303,20.501,20.649,20.754
11801134713,0.0,0.0,0.0,0.0,0.0,0.0,0.0,0.0,0.0,0.0,0.0,0.0,0.0,0.0,0.0,0.0,0.0,0.0,0.0,0.0,0.0,18.239,17.932000000000002,17.833,17.954,17.751,17.694000000000003,17.639,17.589,17.636,17.689,17.762,17.887,17.984,18.135,18.325000000000003,18.525,18.719,18.876,19.063,19.204,19.305
11801134714,150.0,150.0,150.0,150.0,150.0,150.0,150.0,150.0,150.0,150.0,150.0,150.0,150.0,150.0,150.0,150.0,150.0,150.0,150.0,150.0,150.0,23.436,24.036,24.031,24.211,24.127,24.125,24.076,24.04,24.099,24.199,24.329,24.533,24.731,24.997,25.268,25.565,25.835,26.058999999999997,26.287999999999997,26.455,26.6
11801134715,60.0,60.0,60.0,60.0,60.0,60.0,60.0,60.0,60.0,60.0,60.0,60.0,60.0,60.0,60.0,60.0,60.0,60.0,60.0,60.0,60.0,16.415,16.69,16.593,16.629,16.526,16.534,16.519,16.517,16.556,16.607,16.682000000000002,16.798000000000002,16.894,17.034,17.199,17.384999999999998,17.543,17.661,17.791,17.874,17.947
11801134716,0.0,0.0,0.0,0.0,0.0,0.0,0.0,0.0,0.0,0.0,0.0,0.0,0.0,0.0,0.0,0.0,0.0,0.0,0.0,0.0,0.0,18.346,18.653,18.545,18.586,18.471,18.479,18.461,18.461,18.504,18.561,18.644,18.774,18.882,19.039,19.223,19.431,19.607,19.739,19.884,19.978,20.058
11801164903,0.0,0.0,0.0,0.0,0.0,0.0,0.0,0.0,0.0,0.0,0.0,0.0,0.0,0.0,0.0,0.0,0.0,0.0,0.0,0.0,0.0,19.097,17.655,16.94,16.070999999999998,15.901,15.934,16.006,16.162,16.358,16.587,16.832,17.058,17.313000000000002,17.58,17.865000000000002,18.129,18.382,18.607,18.807,18.977,19.115
11801164916,0.0,0.0,0.0,0.0,0.0,0.0,0.0,0.0,0.0,0.0,0.0,0.0,0.0,0.0,0.0,0.0,0.0,0.0,0.0,0.0,0.0,20.447,20.474,20.973,21.205,21.29,21.319,21.277,21.313,21.398,21.54,21.725,21.915,22.14,22.403,22.698,22.978,23.252,23.496,23.713,23.895,24.036
11801164926,80.0,80.0,80.0,80.0,80.0,80.0,80.0,80.0,80.0,80.0,80.0,80.0,80.0,80.0,80.0,80.0,80.0,80.0,80.0,80.0,80.0,23.994,22.182,21.284,20.192,19.979,20.012,20.093,20.276,20.511,20.784,21.078000000000003,21.353,21.662,21.988,22.335,22.655,22.961,23.232,23.473,23.677,23.837
11801164933,0.0,0.0,0.0,0.0,0.0,0.0,0.0,0.0,0.0,0.0,0.0,0.0,0.0,0.0,0.0,0.0,0.0,0.0,0.0,0.0,0.0,20.055,20.445,21.165,21.651,22.061,22.422,22.719,23.005,23.301,23.64,23.985,24.328,24.692,25.088,25.494,25.885,26.254,26.594,26.909999999999997,27.187,27.437
11801165001,0.0,0.0,0.0,0.0,0.0,0.0,0.0,0.0,0.0,0.0,0.0,0.0,0.0,0.0,0.0,0.0,0.0,0.0,0.0,0.0,0.0,37.199,39.633,40.868,41.775,42.175,42.372,42.428,42.464,42.579,42.845,43.19,43.569,44.034,44.541,45.096999999999994,45.631,46.135,46.631,47.035,47.405,47.66
11801165002,88.0,88.0,88.0,88.0,88.0,88.0,88.0,88.0,88.0,88.0,88.0,88.0,88.0,88.0,88.0,88.0,88.0,88.0,88.0,88.0,88.0,13.186,13.721,13.832999999999998,13.837,13.791,13.736999999999998,13.669999999999998,13.631,13.63,13.68,13.754,13.846,13.966,14.099,14.245,14.388000000000002,14.521,14.651,14.753,14.847,14.907
11801165003,0.0,0.0,0.0,0.0,0.0,0.0,0.0,0.0,0.0,0.0,0.0,0.0,0.0,0.0,0.0,0.0,0.0,0.0,0.0,0.0,0.0,25.356,27.019999999999996,27.826,28.455,28.614,28.677,28.658,28.653999999999996,28.697000000000003,28.822,28.994,29.201,29.450000000000003,29.735999999999997,30.042,30.346,30.629,30.912999999999997,31.144,31.352000000000004,31.487
11801165004,22.0,22.0,22.0,22.0,22.0,22.0,22.0,22.0,22.0,22.0,22.0,22.0,22.0,22.0,22.0,22.0,22.0,22.0,22.0,22.0,22.0,38.082,40.423,42.063,43.391,44.036,44.459,44.751999999999995,44.983,45.254,45.626999999999995,46.045,46.466,46.95,47.462,48.003,48.517,48.997,49.480999999999995,49.887,50.265,50.54
11801165005,0.0,0.0,0.0,0.0,0.0,0.0,0.0,0.0,0.0,0.0,0.0,0.0,0.0,0.0,0.0,0.0,0.0,0.0,0.0,0.0,0.0,23.202,24.554,25.141,25.571,25.599000000000004,25.533,25.379,25.25,25.187,25.229,25.333,25.491999999999997,25.705,25.962,26.252,26.543,26.817,27.089,27.305,27.494999999999997,27.610999999999997
11801165006,0.0,0.0,0.0,0.0,0.0,0.0,0.0,0.0,0.0,0.0,0.0,0.0,0.0,0.0,0.0,0.0,0.0,0.0,0.0,0.0,0.0,22.461,23.932,24.678,25.225,25.465,25.58,25.6,25.607,25.662,25.807,26.001,26.22,26.491,26.784999999999997,27.111,27.423,27.716,28.003,28.237,28.448,28.592
11801165007,0.0,0.0,0.0,0.0,0.0,0.0,0.0,0.0,0.0,0.0,0.0,0.0,0.0,0.0,0.0,0.0,0.0,0.0,0.0,0.0,0.0,26.792,28.352,29.031,29.527,29.558999999999997,29.483,29.305999999999997,29.156999999999996,29.083999999999996,29.132,29.253,29.436,29.682,29.979,30.313,30.651,30.966,31.279,31.529,31.749,31.883
11801165008,0.0,0.0,0.0,0.0,0.0,0.0,0.0,0.0,0.0,0.0,0.0,0.0,0.0,0.0,0.0,0.0,0.0,0.0,0.0,0.0,0.0,20.401,21.588,22.105,22.483,22.508000000000003,22.479,22.428,22.397,22.425,22.549,22.722,22.92,23.165,23.453000000000003,23.771,24.092,24.397,24.701,24.956,25.188,25.354
11801165009,0.0,0.0,0.0,0.0,0.0,0.0,0.0,0.0,0.0,0.0,0.0,0.0,0.0,0.0,0.0,0.0,0.0,0.0,0.0,0.0,0.0,22.638,24.12,24.872,25.424,25.668,25.787999999999997,25.826,25.851,25.926,26.091,26.304,26.537,26.823,27.133000000000003,27.475,27.803,28.112,28.417,28.665,28.894,29.051
11801165010,0.0,0.0,0.0,0.0,0.0,0.0,0.0,0.0,0.0,0.0,0.0,0.0,0.0,0.0,0.0,0.0,0.0,0.0,0.0,0.0,0.0,26.114,27.435,27.939,28.214999999999996,28.315,28.336,28.261000000000003,28.192,28.182,28.268,28.411,28.598,28.835,29.113,29.422,29.73,30.019,30.309,30.544,30.755000000000003,30.889
11801165011,0.0,0.0,0.0,0.0,0.0,0.0,0.0,0.0,0.0,0.0,0.0,0.0,0.0,0.0,0.0,0.0,0.0,0.0,0.0,0.0,0.0,22.138,23.034999999999997,23.223,23.229,23.152,23.066000000000003,22.963,22.909,22.917,23.011000000000003,23.147,23.308,23.517000000000003,23.748,24.001,24.248,24.478,24.704,24.885,25.05,25.158
11801165012,0.0,0.0,0.0,0.0,0.0,0.0,0.0,0.0,0.0,0.0,0.0,0.0,0.0,0.0,0.0,0.0,0.0,0.0,0.0,0.0,0.0,32.441,36.032,38.307,40.219,41.668,43.074,43.639,44.095,44.540000000000006,45.036,45.545,46.047,46.564,47.095,47.629000000000005,48.138000000000005,48.607,49.086,49.492,49.867,50.144
11801165013,0.0,0.0,0.0,0.0,0.0,0.0,0.0,0.0,0.0,0.0,0.0,0.0,0.0,0.0,0.0,0.0,0.0,0.0,0.0,0.0,0.0,18.903,20.376,21.307,22.05,22.412,22.615,22.717,22.818,22.915999999999997,23.065,23.261,23.456,23.687,23.918,24.175,24.441000000000003,24.672000000000004,24.958999999999996,25.200000000000003,25.448,25.634
11801165014,0.0,0.0,0.0,0.0,0.0,0.0,0.0,0.0,0.0,0.0,0.0,0.0,0.0,0.0,0.0,0.0,0.0,0.0,0.0,0.0,0.0,8.056000000000001,8.524000000000001,8.729,8.877,8.887,8.864,8.811,8.766,8.745000000000001,8.758,8.795,8.85,8.924,9.014,9.114,9.215,9.31,9.404,9.479,9.545,9.586
11801165015,0.0,0.0,0.0,0.0,0.0,0.0,0.0,0.0,0.0,0.0,0.0,0.0,0.0,0.0,0.0,0.0,0.0,0.0,0.0,0.0,0.0,22.948,24.109,24.552,24.794,24.883000000000003,24.902,24.835,24.775,24.765,24.842,24.968000000000004,25.132,25.34,25.585,25.854999999999997,26.126,26.38,26.635,26.841,27.027,27.145000000000003
11801165016,109.0,109.0,109.0,109.0,109.0,109.0,109.0,109.0,109.0,109.0,109.0,109.0,109.0,109.0,109.0,109.0,109.0,109.0,109.0,109.0,109.0,21.051,22.405,23.494,24.388,25.089,25.405,25.569000000000003,25.698,25.823,25.986,26.167,26.376,26.616,26.877,27.149,27.416,27.662999999999997,27.912,28.118,28.305,28.431
11801165017,0.0,0.0,0.0,0.0,0.0,0.0,0.0,0.0,0.0,0.0,0.0,0.0,0.0,0.0,0.0,0.0,0.0,0.0,0.0,0.0,0.0,29.281999999999996,30.316000000000003,30.856,31.226999999999997,31.429,31.351,31.814,32.199,32.578,32.997,33.423,33.829,34.248,34.677,35.11,35.525999999999996,35.912,36.306,36.647,36.966,37.211
11801165018,52.0,52.0,52.0,52.0,52.0,52.0,52.0,52.0,52.0,52.0,52.0,52.0,52.0,52.0,52.0,52.0,52.0,52.0,52.0,52.0,52.0,35.676,38.679,39.843999999999994,40.673,41.1,41.486,41.997,42.472,43.022,43.723,44.473,45.147,45.901,46.696,47.541,48.369,49.167,49.975,50.7,51.402,51.995
11801165019,0.0,0.0,0.0,0.0,0.0,0.0,0.0,0.0,0.0,0.0,0.0,0.0,0.0,0.0,0.0,0.0,0.0,0.0,0.0,0.0,0.0,47.233,51.408,53.492,55.17700000000001,55.995000000000005,56.47,56.667,56.785,56.952,57.241,57.599,58.014,58.503,59.028000000000006,59.586,60.109,60.587999999999994,61.072,61.457,61.807,62.03
11801165020,0.0,0.0,0.0,0.0,0.0,0.0,0.0,0.0,0.0,0.0,0.0,0.0,0.0,0.0,0.0,0.0,0.0,0.0,0.0,0.0,0.0,25.377,26.284999999999997,27.077,27.643,27.935,27.982,27.717999999999996,27.444000000000003,27.228,27.094,27.043,27.109,27.223,27.357999999999997,27.52,27.668,27.798,27.93,28.016,28.087000000000003,28.098999999999997
11801165021,0.0,0.0,0.0,0.0,0.0,0.0,0.0,0.0,0.0,0.0,0.0,0.0,0.0,0.0,0.0,0.0,0.0,0.0,0.0,0.0,0.0,38.97,41.475,42.554,43.353,43.931,44.513,44.874,45.177,45.471999999999994,45.837,46.227,46.645,47.117,47.628,48.16,48.68,49.167,49.661,50.074,50.456999999999994,50.727999999999994
11801165022,0.0,0.0,0.0,0.0,0.0,0.0,0.0,0.0,0.0,0.0,0.0,0.0,0.0,0.0,0.0,0.0,0.0,0.0,0.0,0.0,0.0,24.795,26.049,26.527,26.79,26.885,26.945,26.991,27.040999999999997,27.147,27.351999999999997,27.601,27.859,28.167,28.515,28.894,29.276,29.638,30.005,30.316000000000003,30.604999999999997,30.82
11802156401,0.0,0.0,0.0,0.0,0.0,0.0,0.0,0.0,0.0,0.0,0.0,0.0,0.0,0.0,0.0,0.0,0.0,0.0,0.0,0.0,0.0,13.9,14.126,13.159,12.756,12.136,11.736,11.37,11.307,11.527,11.835,12.174,12.519,12.895,13.271,13.678,14.066,14.448,14.794,15.137,15.408,15.643
11802156402,87.0,87.0,87.0,87.0,87.0,87.0,87.0,87.0,87.0,87.0,87.0,87.0,87.0,87.0,87.0,87.0,87.0,87.0,87.0,87.0,87.0,20.896,21.505,21.795,22.046,21.76,21.693,21.53,21.514000000000003,21.548,21.674,21.829,22.02,22.279,22.549,22.848,23.118,23.397,23.603,23.821,23.958,24.067
11802156403,0.0,0.0,0.0,0.0,0.0,0.0,0.0,0.0,0.0,0.0,0.0,0.0,0.0,0.0,0.0,0.0,0.0,0.0,0.0,0.0,0.0,40.98,41.823,40.851,40.458,39.267,38.646,37.922,37.828,38.219,38.85,39.611,40.443,41.421,42.444,43.597,44.724999999999994,45.870000000000005,46.909,47.966,48.82,49.567
11802156404,0.0,0.0,0.0,0.0,0.0,0.0,0.0,0.0,0.0,0.0,0.0,0.0,0.0,0.0,0.0,0.0,0.0,0.0,0.0,0.0,0.0,16.145,16.408,15.285,14.816,14.096,13.632,13.206,13.133,13.342,13.491,13.671,13.865,14.092,14.317,14.56,14.788,15.017,15.202000000000002,15.382,15.525,15.629
11802156405,0.0,0.0,0.0,0.0,0.0,0.0,0.0,0.0,0.0,0.0,0.0,0.0,0.0,0.0,0.0,0.0,0.0,0.0,0.0,0.0,0.0,14.615000000000002,14.729,14.63,14.546,14.125,13.925,13.699,13.607,13.54,13.496,13.51,13.553,13.645,13.755,13.895,14.024,14.166,14.272,14.38,14.459,14.508
11802156406,65.0,65.0,65.0,65.0,65.0,65.0,65.0,65.0,65.0,65.0,65.0,65.0,65.0,65.0,65.0,65.0,65.0,65.0,65.0,65.0,65.0,14.162,13.153,13.325,13.408,13.349,13.486,13.538,13.54,13.375,13.534,13.71,13.893,14.116,14.353000000000002,14.617,14.858,15.108,15.31,15.518,15.679,15.791999999999998
11802156407,0.0,0.0,0.0,0.0,0.0,0.0,0.0,0.0,0.0,0.0,0.0,0.0,0.0,0.0,0.0,0.0,0.0,0.0,0.0,0.0,0.0,21.921999999999997,22.094,21.944000000000003,21.819,21.187,20.886000000000003,20.549,20.411,20.354,20.484,20.7,20.949,21.274,21.625,22.037,22.425,22.825,23.172,23.523,23.789,24.008
11802156408,0.0,0.0,0.0,0.0,0.0,0.0,0.0,0.0,0.0,0.0,0.0,0.0,0.0,0.0,0.0,0.0,0.0,0.0,0.0,0.0,0.0,13.023,13.291,12.982,12.857,12.478,12.281,12.052,12.021,12.157,12.412,12.708,13.022,13.384,13.759999999999998,14.182,14.593,15.009,15.390999999999998,15.777,16.091,16.368000000000002
11802156409,55.0,55.0,55.0,55.0,55.0,55.0,55.0,55.0,55.0,55.0,55.0,55.0,55.0,55.0,55.0,55.0,55.0,55.0,55.0,55.0,55.0,13.699000000000002,14.098,14.287,14.451999999999998,14.265,14.221,14.114,14.103000000000002,14.126,14.208,14.31,14.435,14.604,14.781,14.978,15.155,15.338,15.472,15.616,15.706,15.777
11802156410,0.0,0.0,0.0,0.0,0.0,0.0,0.0,0.0,0.0,0.0,0.0,0.0,0.0,0.0,0.0,0.0,0.0,0.0,0.0,0.0,0.0,26.475,28.838,29.21,29.387,29.251,29.545,29.653,30.285,31.156,31.621,32.129,32.649,33.263999999999996,33.913,34.631,35.292,35.972,36.54,37.125,37.575,37.913
11802156411,222.0,222.0,222.0,222.0,222.0,222.0,222.0,222.0,222.0,222.0,222.0,222.0,222.0,222.0,222.0,222.0,222.0,222.0,222.0,222.0,222.0,15.06,15.117,15.05,14.925,14.669,14.618,14.498,15.237,16.721,17.205,17.766,18.349,19.014,19.706,20.473,21.218,21.964,22.663,23.374,23.947000000000003,24.466
11802156412,0.0,0.0,0.0,0.0,0.0,0.0,0.0,0.0,0.0,0.0,0.0,0.0,0.0,0.0,0.0,0.0,0.0,0.0,0.0,0.0,0.0,23.456,23.939,26.153,27.412,28.071,29.118,30.035000000000004,30.880000000000003,31.146,31.436,31.83,32.295,32.878,33.498000000000005,34.206,34.902,35.619,36.252,36.896,37.419,37.858
11802156413,0.0,0.0,0.0,0.0,0.0,0.0,0.0,0.0,0.0,0.0,0.0,0.0,0.0,0.0,0.0,0.0,0.0,0.0,0.0,0.0,0.0,17.612,17.899,16.674,16.163,15.378,14.871,14.407,14.327,14.554,14.715,14.909,15.118,15.364,15.606,15.868,16.113999999999997,16.363,16.561999999999998,16.756999999999998,16.91,17.021
11802156414,0.0,0.0,0.0,0.0,0.0,0.0,0.0,0.0,0.0,0.0,0.0,0.0,0.0,0.0,0.0,0.0,0.0,0.0,0.0,0.0,0.0,36.625,36.763,36.599,36.295,35.674,35.549,35.257,34.608999999999995,33.446,33.576,33.855,34.22,34.742,35.313,35.965,36.601,37.267,37.839,38.42,38.9,39.285
11802156415,0.0,0.0,0.0,0.0,0.0,0.0,0.0,0.0,0.0,0.0,0.0,0.0,0.0,0.0,0.0,0.0,0.0,0.0,0.0,0.0,0.0,15.375,15.592,15.559,15.526,15.088,14.866,14.611,14.496,14.425,14.431,14.496,14.589,14.736,14.9,15.098,15.28,15.471,15.62,15.767,15.871,15.941
11802156416,38.0,38.0,38.0,38.0,38.0,38.0,38.0,38.0,38.0,38.0,38.0,38.0,38.0,38.0,38.0,38.0,38.0,38.0,38.0,38.0,38.0,27.049,27.837,28.212,28.537,28.167,28.08,27.868,27.848,27.893,28.054,28.256,28.504,28.839,29.187,29.576,29.925,30.287,30.552,30.835,31.013,31.153
11802156417,0.0,0.0,0.0,0.0,0.0,0.0,0.0,0.0,0.0,0.0,0.0,0.0,0.0,0.0,0.0,0.0,0.0,0.0,0.0,0.0,0.0,5.871,5.965999999999999,5.558,5.388,5.126,4.957,4.803,4.776,4.945,5.420999999999999,5.918,6.406000000000001,6.912000000000001,7.42,7.973,8.506,9.025,9.527,10.033,10.433,10.813
11802156418,0.0,0.0,0.0,0.0,0.0,0.0,0.0,0.0,0.0,0.0,0.0,0.0,0.0,0.0,0.0,0.0,0.0,0.0,0.0,0.0,0.0,48.385000000000005,44.005,41.153,39.209,38.276,39.285,40.034,41.342,42.523,43.669,44.751999999999995,45.751000000000005,46.729,47.626000000000005,48.577,49.261,50.004999999999995,50.449,50.93000000000001,51.254,51.507
11802156419,0.0,0.0,0.0,0.0,0.0,0.0,0.0,0.0,0.0,0.0,0.0,0.0,0.0,0.0,0.0,0.0,0.0,0.0,0.0,0.0,0.0,8.062,8.004,7.791,7.605,7.388,7.289,7.174,7.151999999999999,7.167,7.197,7.254,7.318,7.407,7.5,7.609999999999999,7.711,7.816,7.9,7.984,8.048,8.09
11802156420,0.0,0.0,0.0,0.0,0.0,0.0,0.0,0.0,0.0,0.0,0.0,0.0,0.0,0.0,0.0,0.0,0.0,0.0,0.0,0.0,0.0,19.855,19.714,19.514,19.222,18.841,18.761,18.636,18.683,18.737,18.883,19.098,19.329,19.628,19.937,20.295,20.627,20.969,21.258000000000003,21.543,21.763,21.927
11802156421,0.0,0.0,0.0,0.0,0.0,0.0,0.0,0.0,0.0,0.0,0.0,0.0,0.0,0.0,0.0,0.0,0.0,0.0,0.0,0.0,0.0,15.54,15.793,20.2,22.507,24.197000000000003,26.18,28.057,29.584000000000003,30.097,30.629,31.232,31.863,32.569,33.273,34.033,34.754999999999995,35.471000000000004,36.089,36.7,37.18,37.571
11802156422,0.0,0.0,0.0,0.0,0.0,0.0,0.0,0.0,0.0,0.0,0.0,0.0,0.0,0.0,0.0,0.0,0.0,0.0,0.0,0.0,0.0,15.226,15.638000000000002,15.797,15.963,15.712,15.636,15.5,15.471,15.489,15.574,15.681,15.816,15.999,16.186,16.393,16.576,16.765,16.9,17.045,17.130000000000003,17.201
11802156423,0.0,0.0,0.0,0.0,0.0,0.0,0.0,0.0,0.0,0.0,0.0,0.0,0.0,0.0,0.0,0.0,0.0,0.0,0.0,0.0,0.0,12.127,11.262,11.407,11.476,11.423,11.538,11.58,11.58,11.441,11.59,11.755,11.926,12.13,12.347,12.587,12.807,13.035,13.222,13.413999999999998,13.562,13.668
11802156424,0.0,0.0,0.0,0.0,0.0,0.0,0.0,0.0,0.0,0.0,0.0,0.0,0.0,0.0,0.0,0.0,0.0,0.0,0.0,0.0,0.0,13.154,13.257,13.166,13.091,12.712,12.532,12.329,12.246,12.186,12.147,12.16,12.197,12.281,12.38,12.505,12.621,12.749,12.845,12.941,13.013000000000002,13.056
11802156425,0.0,0.0,0.0,0.0,0.0,0.0,0.0,0.0,0.0,0.0,0.0,0.0,0.0,0.0,0.0,0.0,0.0,0.0,0.0,0.0,0.0,18.875,19.19,19.174,19.162,18.642000000000003,18.375,18.072,17.933999999999997,17.849,17.854,17.930999999999997,18.042,18.215,18.408,18.643,18.856,19.081,19.256,19.43,19.552,19.634
11802156426,64.0,64.0,64.0,64.0,64.0,64.0,64.0,64.0,64.0,64.0,64.0,64.0,64.0,64.0,64.0,64.0,64.0,64.0,64.0,64.0,64.0,19.717,20.045,20.03,20.016,19.473,19.194,18.878,18.734,18.645,18.65,18.732,18.846,19.027,19.23,19.474,19.697,19.932,20.114,20.296999999999997,20.424,20.51
11802156427,0.0,0.0,0.0,0.0,0.0,0.0,0.0,0.0,0.0,0.0,0.0,0.0,0.0,0.0,0.0,0.0,0.0,0.0,0.0,0.0,0.0,0.0,0.0,0.0,0.0,0.0,0.0,0.0,0.0,0.0,0.0,0.0,0.0,0.0,0.0,0.0,0.0,0.0,0.0,0.0,0.0,0.0
11802156428,0.0,0.0,0.0,0.0,0.0,0.0,0.0,0.0,0.0,0.0,0.0,0.0,0.0,0.0,0.0,0.0,0.0,0.0,0.0,0.0,0.0,12.362000000000002,12.696,12.826,12.96,12.757,12.695,12.584,12.56,12.576,12.644,12.731,12.841,12.989,13.142,13.309,13.458,13.611,13.721,13.837,13.908,13.965
11802156501,0.0,0.0,0.0,0.0,0.0,0.0,0.0,0.0,0.0,0.0,0.0,0.0,0.0,0.0,0.0,0.0,0.0,0.0,0.0,0.0,0.0,12.402,12.673,12.642,12.521,12.539,12.578,12.583,12.605999999999998,12.67,12.713,12.79,12.87,12.976,13.104,13.251,13.396,13.538,13.666,13.781,13.88,13.95
11802156503,0.0,0.0,0.0,0.0,0.0,0.0,0.0,0.0,0.0,0.0,0.0,0.0,0.0,0.0,0.0,0.0,0.0,0.0,0.0,0.0,0.0,14.945,15.271,15.233,15.087,15.11,15.158,15.166,15.196,15.274,15.327000000000002,15.422,15.52,15.649,15.806,15.984000000000002,16.16,16.332,16.488,16.628,16.749,16.834
11802156504,0.0,0.0,0.0,0.0,0.0,0.0,0.0,0.0,0.0,0.0,0.0,0.0,0.0,0.0,0.0,0.0,0.0,0.0,0.0,0.0,0.0,14.791,15.113,15.076,14.931,14.955,15.003,15.011,15.04,15.119,15.172,15.266,15.361999999999998,15.491,15.646,15.823,15.998,16.168,16.323,16.462,16.583,16.667
11802156506,0.0,0.0,0.0,0.0,0.0,0.0,0.0,0.0,0.0,0.0,0.0,0.0,0.0,0.0,0.0,0.0,0.0,0.0,0.0,0.0,0.0,10.322,10.547,10.522,10.421,10.416,10.425,10.406,10.402,10.433,10.448,10.492,10.538,10.606,10.69,10.79,10.888,10.985,11.071,11.145,11.208,11.247
11802156508,0.0,0.0,0.0,0.0,0.0,0.0,0.0,0.0,0.0,0.0,0.0,0.0,0.0,0.0,0.0,0.0,0.0,0.0,0.0,0.0,0.0,22.854,25.721,25.68,27.541000000000004,28.548,29.419,30.07,30.614,31.161,31.522,31.886,32.204,32.545,32.913,33.303,33.689,34.054,34.391,34.693,34.947,35.126
11802156510,0.0,0.0,0.0,0.0,0.0,0.0,0.0,0.0,0.0,0.0,0.0,0.0,0.0,0.0,0.0,0.0,0.0,0.0,0.0,0.0,0.0,23.68,24.499,24.498,24.316000000000003,23.676,23.201,22.85,22.671,22.661,22.733,22.909,23.124,23.401,23.729999999999997,24.095,24.472,24.855,25.212,25.54,25.836,26.073
11802156512,0.0,0.0,0.0,0.0,0.0,0.0,0.0,0.0,0.0,0.0,0.0,0.0,0.0,0.0,0.0,0.0,0.0,0.0,0.0,0.0,0.0,20.359,21.288,21.503,21.622,21.369999999999997,21.143,20.88,20.675,20.556,20.447,20.424,20.427999999999997,20.483,20.586,20.727,20.874,21.026,21.16,21.275,21.365,21.408
11802156513,0.0,0.0,0.0,0.0,0.0,0.0,0.0,0.0,0.0,0.0,0.0,0.0,0.0,0.0,0.0,0.0,0.0,0.0,0.0,0.0,0.0,19.111,20.52,21.259,21.947000000000003,22.138,22.251,22.271,22.294,22.365,22.412,22.52,22.633,22.787,22.973,23.177,23.376,23.566,23.739,23.89,24.01,24.089
11802156514,70.0,70.0,70.0,70.0,70.0,70.0,70.0,70.0,70.0,70.0,70.0,70.0,70.0,70.0,70.0,70.0,70.0,70.0,70.0,70.0,70.0,20.643,21.61,21.868,21.985,21.971,21.991999999999997,21.99,22.025,22.133,22.228,22.382,22.546,22.756,23.004,23.275,23.546,23.802,24.038,24.251,24.431,24.567
11802156515,96.0,96.0,96.0,96.0,96.0,96.0,96.0,96.0,96.0,96.0,96.0,96.0,96.0,96.0,96.0,96.0,96.0,96.0,96.0,96.0,96.0,31.096,33.103,33.991,33.204,33.784,34.473,35.02,35.509,36.059,36.461,36.88,37.253,37.661,38.091,38.522000000000006,38.94,39.318,39.662,39.965,40.208,40.386
11802156517,0.0,0.0,0.0,0.0,0.0,0.0,0.0,0.0,0.0,0.0,0.0,0.0,0.0,0.0,0.0,0.0,0.0,0.0,0.0,0.0,0.0,20.256,20.966,20.994,20.89,20.507,20.171,19.836,19.582,19.426,19.299,19.264000000000003,19.259,19.308,19.401,19.53,19.662,19.796,19.916,20.017,20.095,20.133000000000003
11802156518,0.0,0.0,0.0,0.0,0.0,0.0,0.0,0.0,0.0,0.0,0.0,0.0,0.0,0.0,0.0,0.0,0.0,0.0,0.0,0.0,0.0,17.491999999999997,17.796,17.77,17.964,18.524,19.078000000000003,19.49,19.833,20.177999999999997,20.403,20.63,20.827,21.039,21.269,21.512,21.753,21.981,22.191000000000003,22.38,22.536,22.646
11802156520,0.0,0.0,0.0,0.0,0.0,0.0,0.0,0.0,0.0,0.0,0.0,0.0,0.0,0.0,0.0,0.0,0.0,0.0,0.0,0.0,0.0,17.022,17.647,17.715,17.622,17.694,18.231,19.200000000000003,20.614,22.42,24.395,26.571,28.859,31.28,33.812,36.421,39.099999999999994,41.718,44.294,46.79,49.153,51.268
11802156521,0.0,0.0,0.0,0.0,0.0,0.0,0.0,0.0,0.0,0.0,0.0,0.0,0.0,0.0,0.0,0.0,0.0,0.0,0.0,0.0,0.0,21.111,21.85,21.878,21.771,21.372,21.022,20.673,20.407,20.245,20.113,20.077,20.071,20.122,20.219,20.353,20.492,20.631,20.756,20.86,20.942,20.982
11802156522,0.0,0.0,0.0,0.0,0.0,0.0,0.0,0.0,0.0,0.0,0.0,0.0,0.0,0.0,0.0,0.0,0.0,0.0,0.0,0.0,0.0,18.708,19.584,19.818,19.924,19.854,19.808,19.741,19.709,19.742,19.771,19.854,19.944,20.075,20.24,20.422,20.606,20.779,20.933999999999997,21.069,21.178,21.253
11802156523,0.0,0.0,0.0,0.0,0.0,0.0,0.0,0.0,0.0,0.0,0.0,0.0,0.0,0.0,0.0,0.0,0.0,0.0,0.0,0.0,0.0,23.095,24.176,24.465,24.595,24.51,24.452,24.371,24.33,24.372,24.407,24.509,24.621,24.783,24.985999999999997,25.211,25.438,25.651000000000003,25.843,26.009,26.144,26.237
11802156524,0.0,0.0,0.0,0.0,0.0,0.0,0.0,0.0,0.0,0.0,0.0,0.0,0.0,0.0,0.0,0.0,0.0,0.0,0.0,0.0,0.0,13.298,14.156,14.535999999999998,17.918,18.444,18.716,18.91,19.071,19.262,19.386,19.517,19.623,19.746,19.879,20.013,20.138,20.248,20.339,20.409,20.454,20.473
11802156526,0.0,0.0,0.0,0.0,0.0,0.0,0.0,0.0,0.0,0.0,0.0,0.0,0.0,0.0,0.0,0.0,0.0,0.0,0.0,0.0,0.0,15.985,16.546,16.567,16.485,16.183,15.918,15.654,15.451999999999998,15.330000000000002,15.23,15.201999999999998,15.198,15.236,15.31,15.411,15.516000000000002,15.622,15.716,15.796,15.859000000000002,15.888000000000002
11802156527,28.0,28.0,28.0,28.0,28.0,28.0,28.0,28.0,28.0,28.0,28.0,28.0,28.0,28.0,28.0,28.0,28.0,28.0,28.0,28.0,28.0,22.19,22.918,23.034,23.048,23.414,24.039,24.793,25.756,26.932,28.113,29.438,30.816,32.288,33.846999999999994,35.475,37.135,38.754999999999995,40.339,41.868,43.31,44.57
11802156532,58.0,58.0,58.0,58.0,58.0,58.0,58.0,58.0,58.0,58.0,58.0,58.0,58.0,58.0,58.0,58.0,58.0,58.0,58.0,58.0,58.0,19.668,20.01,22.023,22.26,22.848999999999997,23.411,23.795,24.089,24.383,24.545,24.71,24.836,24.98,25.143,25.322000000000003,25.496,25.662,25.805,25.924,26.011000000000003,26.052
11802156901,40.0,40.0,40.0,40.0,40.0,40.0,40.0,40.0,40.0,40.0,40.0,40.0,40.0,40.0,40.0,40.0,40.0,40.0,40.0,40.0,40.0,37.794,39.125,39.752,39.032,38.804,38.151,37.664,37.242,36.977,36.838,36.811,36.84,37.016000000000005,37.236,37.529,37.819,38.093,38.353,38.562,38.729,38.824
11802156904,0.0,0.0,0.0,0.0,0.0,0.0,0.0,0.0,0.0,0.0,0.0,0.0,0.0,0.0,0.0,0.0,0.0,0.0,0.0,0.0,0.0,26.562,27.223,27.446,26.627,26.51,26.098,25.813,25.564,25.417,25.340000000000003,25.335,25.363999999999997,25.487,25.64,25.843,26.049,26.238,26.418999999999997,26.567,26.682,26.758000000000003
11802156907,0.0,0.0,0.0,0.0,0.0,0.0,0.0,0.0,0.0,0.0,0.0,0.0,0.0,0.0,0.0,0.0,0.0,0.0,0.0,0.0,0.0,17.131,17.975,18.514,18.436,18.558999999999997,18.429,18.345,18.254,18.222,18.228,18.273,18.339,18.463,18.603,18.773,18.936,19.083,19.221,19.335,19.424999999999997,19.485
11802156911,400.0,400.0,400.0,400.0,400.0,400.0,400.0,400.0,400.0,400.0,400.0,400.0,400.0,400.0,400.0,400.0,400.0,400.0,400.0,400.0,400.0,29.279,30.104,30.515,29.775,29.824,29.5,29.301,29.116,29.044,29.039,29.1,29.192,29.386,29.607,29.882,30.15,30.386,30.613,30.796999999999997,30.943,31.046999999999997
11802156915,0.0,0.0,0.0,0.0,0.0,0.0,0.0,0.0,0.0,0.0,0.0,0.0,0.0,0.0,0.0,0.0,0.0,0.0,0.0,0.0,0.0,29.521,29.831000000000003,29.725,27.283,26.27,25.746,25.616999999999997,25.541,25.566,25.646,25.79,25.956,26.209000000000003,26.504,26.851999999999997,27.199,27.518,27.81,28.07,28.296,28.475
11802156916,0.0,0.0,0.0,0.0,0.0,0.0,0.0,0.0,0.0,0.0,0.0,0.0,0.0,0.0,0.0,0.0,0.0,0.0,0.0,0.0,0.0,21.605,22.67,23.35,23.252,23.406,23.242,23.136,23.023,22.981,22.989,23.046,23.129,23.286,23.463,23.676,23.882,24.066,24.242,24.386000000000003,24.498,24.574
11802156918,0.0,0.0,0.0,0.0,0.0,0.0,0.0,0.0,0.0,0.0,0.0,0.0,0.0,0.0,0.0,0.0,0.0,0.0,0.0,0.0,0.0,21.271,22.02,22.372,21.967,21.839,21.472,21.198,20.96,20.812,20.733,20.718,20.734,20.833,20.957,21.122,21.285,21.439,21.585,21.704,21.797,21.851
11802156921,0.0,0.0,0.0,0.0,0.0,0.0,0.0,0.0,0.0,0.0,0.0,0.0,0.0,0.0,0.0,0.0,0.0,0.0,0.0,0.0,0.0,35.119,35.746,35.902,34.587,34.716,34.407,34.271,34.167,34.176,34.245,34.363,34.508,34.76,35.032,35.349000000000004,35.653,35.902,36.146,36.342,36.503,36.629999999999995
11802156934,0.0,0.0,0.0,0.0,0.0,0.0,0.0,0.0,0.0,0.0,0.0,0.0,0.0,0.0,0.0,0.0,0.0,0.0,0.0,0.0,0.0,36.442,37.092,37.254999999999995,35.89,36.023,35.691,35.537,35.416,35.414,35.471,35.582,35.719,35.967,36.235,36.551,36.853,37.104,37.346,37.541,37.696,37.819
11802156936,0.0,0.0,0.0,0.0,0.0,0.0,0.0,0.0,0.0,0.0,0.0,0.0,0.0,0.0,0.0,0.0,0.0,0.0,0.0,0.0,0.0,26.58,27.054,27.173,26.177,26.275,26.141,26.165,26.187,26.308,26.472,26.669,26.892,27.199,27.527,27.886000000000003,28.218000000000004,28.48,28.757,28.994999999999997,29.204,29.387
11802156938,0.0,0.0,0.0,0.0,0.0,0.0,0.0,0.0,0.0,0.0,0.0,0.0,0.0,0.0,0.0,0.0,0.0,0.0,0.0,0.0,0.0,36.691,38.499,39.653,39.486,39.748999999999995,39.47,39.29,39.097,39.028,39.041,39.137,39.278,39.545,39.845,40.208,40.558,40.870000000000005,41.169,41.412,41.602,41.733
11802156939,0.0,0.0,0.0,0.0,0.0,0.0,0.0,0.0,0.0,0.0,0.0,0.0,0.0,0.0,0.0,0.0,0.0,0.0,0.0,0.0,0.0,10.852,11.122,11.212,10.879,10.831,10.662,10.545,10.444,10.383,10.353,10.35,10.362,10.413,10.475,10.558,10.642,10.719,10.793,10.853,10.9,10.931
11802156940,0.0,0.0,0.0,0.0,0.0,0.0,0.0,0.0,0.0,0.0,0.0,0.0,0.0,0.0,0.0,0.0,0.0,0.0,0.0,0.0,0.0,30.957,32.047,32.56,31.970999999999997,31.784,31.249,30.851,30.504,30.288000000000004,30.174,30.152,30.176,30.319,30.5,30.74,30.978,31.201,31.414,31.586,31.723,31.8
11802157001,0.0,0.0,0.0,0.0,0.0,0.0,0.0,0.0,0.0,0.0,0.0,0.0,0.0,0.0,0.0,0.0,0.0,0.0,0.0,0.0,0.0,26.808,27.943,28.58,28.807,28.919,29.435,29.912,30.548,31.303,32.13,33.039,34.016999999999996,35.053,36.091,37.127,38.119,39.077,39.97,40.815,41.641,42.364999999999995
11802157007,88.0,88.0,88.0,88.0,88.0,88.0,88.0,88.0,88.0,88.0,88.0,88.0,88.0,88.0,88.0,88.0,88.0,88.0,88.0,88.0,88.0,45.206,43.521,41.937,40.016,39.314,35.24,33.326,34.459,35.681,36.819,37.908,38.912,39.841,40.679,41.479,42.175,42.787,43.316,43.756,44.175,44.464
11802157028,0.0,0.0,0.0,0.0,0.0,0.0,0.0,0.0,0.0,0.0,0.0,0.0,0.0,0.0,0.0,0.0,0.0,0.0,0.0,0.0,0.0,3.104,2.988,2.879,2.747,2.699,7.31,10.379,10.686,11.018,11.32,11.605,11.862,12.097,12.305,12.505,12.672999999999998,12.816,12.936,13.03,13.116,13.164
11901135501,0.0,0.0,0.0,0.0,0.0,0.0,0.0,0.0,0.0,0.0,0.0,0.0,0.0,0.0,0.0,0.0,0.0,0.0,0.0,0.0,0.0,2.245,2.269,2.302,2.277,2.254,2.236,2.203,2.1799999999999997,2.165,2.162,2.158,2.159,2.162,2.163,2.167,2.161,2.162,2.156,2.151,2.146,2.132
11901165501,0.0,0.0,0.0,0.0,0.0,0.0,0.0,0.0,0.0,0.0,0.0,0.0,0.0,0.0,0.0,0.0,0.0,0.0,0.0,0.0,0.0,0.0,0.0,0.0,0.0,0.0,0.0,0.0,0.0,0.0,0.0,0.0,0.0,0.0,0.0,0.0,0.0,0.0,0.0,0.0,0.0,0.0
11901165503,0.0,0.0,0.0,0.0,0.0,0.0,0.0,0.0,0.0,0.0,0.0,0.0,0.0,0.0,0.0,0.0,0.0,0.0,0.0,0.0,0.0,30.308,30.333,30.376,30.612,30.667,30.697,30.692,30.67,30.702,30.756,30.81,30.869,30.916,30.919,30.966,30.949,30.92,30.861,30.766,30.661,30.497
11901165523,0.0,0.0,0.0,0.0,0.0,0.0,0.0,0.0,0.0,0.0,0.0,0.0,0.0,0.0,0.0,0.0,0.0,0.0,0.0,0.0,0.0,21.543999999999997,21.735,21.95,22.269,22.444000000000003,22.589,22.704,22.787,22.889,22.995,23.092,23.186,23.265,23.306,23.376,23.393,23.398,23.379,23.328,23.266,23.159
11901165524,0.0,0.0,0.0,0.0,0.0,0.0,0.0,0.0,0.0,0.0,0.0,0.0,0.0,0.0,0.0,0.0,0.0,0.0,0.0,0.0,0.0,51.53,51.573,51.650000000000006,52.05799999999999,52.16,52.215,52.215,52.187,52.248000000000005,52.347,52.452,52.559,52.649,52.659,52.75,52.733999999999995,52.7,52.614,52.456999999999994,52.285,52.015
11901165606,0.0,0.0,0.0,0.0,0.0,0.0,0.0,0.0,0.0,0.0,0.0,0.0,0.0,0.0,0.0,0.0,0.0,0.0,0.0,0.0,0.0,26.163,26.061,26.475,26.434,26.477,26.519,26.543,26.584,26.659,26.673,26.675,26.632,26.586,26.5,26.407000000000004,26.302,26.175,26.028,25.813,25.616,25.372
11902136201,58.0,58.0,58.0,58.0,58.0,58.0,58.0,58.0,58.0,58.0,58.0,58.0,58.0,58.0,58.0,58.0,58.0,58.0,58.0,58.0,58.0,10.91,10.607,10.391,10.013,9.505,9.484,9.732,10.133,10.817,11.795,12.578,13.171,13.593,13.864,14.001,14.053999999999998,14.048,13.989,13.911,13.813,13.703
11902136202,0.0,0.0,0.0,0.0,0.0,0.0,0.0,0.0,0.0,0.0,0.0,0.0,0.0,0.0,0.0,0.0,0.0,0.0,0.0,0.0,0.0,15.678,16.14,15.377,15.952,16.428,16.794,17.084,17.301000000000002,17.451999999999998,17.529,17.578,17.599,17.593,17.591,17.57,17.545,17.506,17.430999999999997,17.352,17.249,17.133
11902136203,80.0,80.0,80.0,80.0,80.0,80.0,80.0,80.0,80.0,80.0,80.0,80.0,80.0,80.0,80.0,80.0,80.0,80.0,80.0,80.0,80.0,29.147,32.508,32.989999999999995,33.917,34.742,35.58,36.4,37.072,37.683,38.256,38.699,39.036,39.278,39.486,39.617,39.713,39.761,39.742999999999995,39.846,39.839,39.751999999999995
11902136204,0.0,0.0,0.0,0.0,0.0,0.0,0.0,0.0,0.0,0.0,0.0,0.0,0.0,0.0,0.0,0.0,0.0,0.0,0.0,0.0,0.0,33.465,32.535,31.871,32.022999999999996,34.811,39.131,44.661,51.185,57.762,62.965999999999994,67.123,70.268,72.487,73.909,74.613,74.869,74.811,74.47,74.024,73.473,72.864
11902136206,38.0,38.0,38.0,38.0,38.0,38.0,38.0,38.0,38.0,38.0,38.0,38.0,38.0,38.0,38.0,38.0,38.0,38.0,38.0,38.0,38.0,32.339,39.768,40.48,41.904,43.092,44.059,44.872,45.316,45.604,45.745,45.81,45.815,45.774,45.74,45.672,45.594,45.478,45.257000000000005,45.027,44.728,44.391
11902136207,0.0,0.0,0.0,0.0,0.0,0.0,0.0,0.0,0.0,0.0,0.0,0.0,0.0,0.0,0.0,0.0,0.0,0.0,0.0,0.0,0.0,29.563,28.116999999999997,31.729,32.848,33.781,34.539,35.178,35.529,35.757000000000005,35.869,35.922,35.928,35.897999999999996,35.873999999999995,35.823,35.763999999999996,35.675,35.504,35.325,35.093,34.830999999999996
11902136208,0.0,0.0,0.0,0.0,0.0,0.0,0.0,0.0,0.0,0.0,0.0,0.0,0.0,0.0,0.0,0.0,0.0,0.0,0.0,0.0,0.0,22.54,21.437,21.822,22.591,23.234,23.757,24.197000000000003,24.439,24.597,24.674999999999997,24.713,24.718,24.698,24.683,24.649,24.609,24.549,24.433,24.311,24.153,23.973
11902136209,0.0,0.0,0.0,0.0,0.0,0.0,0.0,0.0,0.0,0.0,0.0,0.0,0.0,0.0,0.0,0.0,0.0,0.0,0.0,0.0,0.0,28.683999999999997,27.313,28.51,29.351,30.063,30.654,31.174999999999997,31.455999999999996,31.685,31.838,31.96,32.054,32.117,32.192,32.243,32.287,32.302,32.247,32.182,32.067,31.921
11902136210,45.0,45.0,45.0,45.0,45.0,45.0,45.0,45.0,45.0,45.0,45.0,45.0,45.0,45.0,45.0,45.0,45.0,45.0,45.0,45.0,45.0,24.812,29.417,30.697000000000003,31.595,32.353,32.980000000000004,33.533,33.822,34.055,34.208,34.326,34.414,34.469,34.537,34.578,34.611,34.613,34.542,34.459,34.323,34.153999999999996
11902136212,0.0,0.0,0.0,0.0,0.0,0.0,0.0,0.0,0.0,0.0,0.0,0.0,0.0,0.0,0.0,0.0,0.0,0.0,0.0,0.0,0.0,29.07,30.508000000000003,31.062,29.604999999999997,30.997,32.138999999999996,33.061,33.696,34.034,33.883,33.722,33.575,33.448,33.385,33.324,33.279,33.219,33.158,33.443,33.571,33.568
11902136213,0.0,0.0,0.0,0.0,0.0,0.0,0.0,0.0,0.0,0.0,0.0,0.0,0.0,0.0,0.0,0.0,0.0,0.0,0.0,0.0,0.0,28.063,29.451,32.239000000000004,40.706,42.616,44.183,45.448,46.314,47.385000000000005,48.796,50.178,51.565,52.965,54.388,55.876000000000005,57.386,58.863,60.18899999999999,60.697,60.92,60.903
11902136214,66.0,66.0,66.0,66.0,66.0,66.0,66.0,66.0,66.0,66.0,66.0,66.0,66.0,66.0,66.0,66.0,66.0,66.0,66.0,66.0,66.0,43.276,45.414,46.587,45.963,48.118,49.887,51.313,52.290000000000006,53.114,53.684,54.232,54.794,55.379,56.031000000000006,56.718,57.428,58.11,58.715,59.211,59.428,59.412000000000006
11902136215,29.0,29.0,29.0,29.0,29.0,29.0,29.0,29.0,29.0,29.0,29.0,29.0,29.0,29.0,29.0,29.0,29.0,29.0,29.0,29.0,29.0,24.535,25.054,25.379,25.542,25.631,25.661,25.656,25.577,25.543,25.484,25.429,25.376,25.318,25.287,25.243,25.202,25.146,25.043,24.937,24.8,24.648
11902136216,92.0,92.0,92.0,92.0,92.0,92.0,92.0,92.0,92.0,92.0,92.0,92.0,92.0,92.0,92.0,92.0,92.0,92.0,92.0,92.0,92.0,27.802,28.075,28.176,28.226999999999997,28.344,28.471000000000004,28.593,28.688,28.467,27.734,27.322000000000003,27.144,27.129,27.266,27.447000000000003,27.658,27.853,28.095,28.928,29.505,29.851
11902136217,40.0,40.0,40.0,40.0,40.0,40.0,40.0,40.0,40.0,40.0,40.0,40.0,40.0,40.0,40.0,40.0,40.0,40.0,40.0,40.0,40.0,28.456,28.961999999999996,29.257,29.451,29.674999999999997,29.887,30.083,30.219,30.411,30.579,30.741,30.887,31.008,31.137,31.238999999999997,31.327,31.381,31.362,31.327,31.241,31.12
11902136218,35.0,35.0,35.0,35.0,35.0,35.0,35.0,35.0,35.0,35.0,35.0,35.0,35.0,35.0,35.0,35.0,35.0,35.0,35.0,35.0,35.0,26.156,26.414,26.508,26.557,26.668,26.786,26.901,26.99,27.771,29.630000000000003,31.716,34.006,36.47,39.022,41.769,44.584,47.398,50.084,51.512,52.477999999999994,53.032
11902136219,38.0,38.0,38.0,38.0,38.0,38.0,38.0,38.0,38.0,38.0,38.0,38.0,38.0,38.0,38.0,38.0,38.0,38.0,38.0,38.0,38.0,37.354,37.538,37.515,37.464,37.529,37.626000000000005,37.726,37.814,38.781,41.133,43.917,47.086,50.581,54.264,58.263,62.381,66.508,70.509,72.955,74.642,75.643
11902136220,144.0,144.0,144.0,144.0,144.0,144.0,144.0,144.0,144.0,144.0,144.0,144.0,144.0,144.0,144.0,144.0,144.0,144.0,144.0,144.0,144.0,24.189,24.308999999999997,24.293,24.26,24.303,24.366,24.430999999999997,24.487,24.189,23.354,22.887,22.683999999999997,22.661,22.793,22.973999999999997,23.184,23.379,23.628,24.47,25.057,25.414
11902136221,0.0,0.0,0.0,0.0,0.0,0.0,0.0,0.0,0.0,0.0,0.0,0.0,0.0,0.0,0.0,0.0,0.0,0.0,0.0,0.0,0.0,31.718000000000004,32.282,32.612,32.828,33.078,33.313,33.532000000000004,33.683,33.899,34.085,34.266,34.429,34.564,34.708,34.821,34.919,34.979,34.958,34.919,34.822,34.688
11902136222,0.0,0.0,0.0,0.0,0.0,0.0,0.0,0.0,0.0,0.0,0.0,0.0,0.0,0.0,0.0,0.0,0.0,0.0,0.0,0.0,0.0,24.167,24.366999999999997,24.415,24.379,24.297,24.28,24.282,24.287999999999997,24.432,24.658,24.848,24.991,25.089,25.164,25.199,25.208,25.182,25.087,24.978,24.825000000000003,24.648
11902136223,0.0,0.0,0.0,0.0,0.0,0.0,0.0,0.0,0.0,0.0,0.0,0.0,0.0,0.0,0.0,0.0,0.0,0.0,0.0,0.0,0.0,32.176,32.857,33.283,33.498,33.614000000000004,33.654,33.647000000000006,33.544,33.499,33.422,33.349,33.28,33.204,33.163,33.105,33.052,32.979,32.843,32.703,32.525,32.324
11902136224,0.0,0.0,0.0,0.0,0.0,0.0,0.0,0.0,0.0,0.0,0.0,0.0,0.0,0.0,0.0,0.0,0.0,0.0,0.0,0.0,0.0,24.625,24.842,25.028,25.2,25.648,26.17,26.712,27.226,27.719,28.039,28.295,28.503,28.654,28.796,28.880000000000003,28.939,28.966,28.928,28.883,28.802,28.705
11902136225,0.0,0.0,0.0,0.0,0.0,0.0,0.0,0.0,0.0,0.0,0.0,0.0,0.0,0.0,0.0,0.0,0.0,0.0,0.0,0.0,0.0,32.223,32.49,32.554,32.643,33.022,33.486,33.978,34.474000000000004,34.985,35.308,35.58,35.783,35.924,36.031,36.08,36.093,36.055,35.917,35.761,35.543,35.288
11902136226,0.0,0.0,0.0,0.0,0.0,0.0,0.0,0.0,0.0,0.0,0.0,0.0,0.0,0.0,0.0,0.0,0.0,0.0,0.0,0.0,0.0,32.538,33.214,33.632999999999996,33.875,34.053,34.169,34.237,34.209,34.233000000000004,34.217999999999996,34.195,34.163,34.108000000000004,34.075,34.010999999999996,33.941,33.842,33.668,33.486,33.257999999999996,33.007999999999996
11902136227,54.0,54.0,54.0,54.0,54.0,54.0,54.0,54.0,54.0,54.0,54.0,54.0,54.0,54.0,54.0,54.0,54.0,54.0,54.0,54.0,54.0,35.76,36.504000000000005,36.965,37.23,37.426,37.553,37.628,37.597,37.624,37.607,37.583,37.547,37.486,37.449,37.38,37.303,37.195,37.001999999999995,36.803,36.553,36.278000000000006
11902136228,107.0,107.0,107.0,107.0,107.0,107.0,107.0,107.0,107.0,107.0,107.0,107.0,107.0,107.0,107.0,107.0,107.0,107.0,107.0,107.0,107.0,36.603,37.182,37.482,37.672,37.893,38.084,38.244,38.327,38.48,38.582,38.681,38.753,38.778,38.817,38.813,38.793,38.735,38.581,38.41,38.176,37.905
11902136229,0.0,0.0,0.0,0.0,0.0,0.0,0.0,0.0,0.0,0.0,0.0,0.0,0.0,0.0,0.0,0.0,0.0,0.0,0.0,0.0,0.0,24.751,24.97,25.157,25.241999999999997,25.379,25.587,25.81,26.003,26.284999999999997,26.592,26.838,27.038,27.187,27.324,27.407000000000004,27.467,27.497,27.465,27.425,27.353,27.263999999999996
11902136230,49.0,49.0,49.0,49.0,49.0,49.0,49.0,49.0,49.0,49.0,49.0,49.0,49.0,49.0,49.0,49.0,49.0,49.0,49.0,49.0,49.0,30.961,31.409,31.636000000000003,31.772,31.95,32.123,32.278999999999996,32.381,32.549,32.69,32.825,32.942,33.031000000000006,33.127,33.191,33.241,33.253,32.865,31.097,29.966,29.616
11902136231,30.0,30.0,30.0,30.0,30.0,30.0,30.0,30.0,30.0,30.0,30.0,30.0,30.0,30.0,30.0,30.0,30.0,30.0,30.0,30.0,30.0,26.202,26.647,26.885,27.026999999999997,27.186,27.334,27.458,27.516999999999996,27.109,26.049,25.426,25.115,25.02,25.107,25.257,25.442,25.610999999999997,25.573,24.99,25.276,32.605000000000004
11902136233,0.0,0.0,0.0,0.0,0.0,0.0,0.0,0.0,0.0,0.0,0.0,0.0,0.0,0.0,0.0,0.0,0.0,0.0,0.0,0.0,0.0,24.168,24.28,24.259,24.223,24.261,24.336,24.395,24.44,24.482,24.443,24.509,24.644,24.839,25.089,25.36,25.64,25.902,26.133000000000003,26.473,26.665,26.734
11902136234,0.0,0.0,0.0,0.0,0.0,0.0,0.0,0.0,0.0,0.0,0.0,0.0,0.0,0.0,0.0,0.0,0.0,0.0,0.0,0.0,0.0,24.044,24.453,24.67,24.801,24.947,25.083,25.196,25.251,26.165,28.463,31.022,33.84,36.898,40.079,43.532,47.088,50.66,54.641000000000005,59.83,64.678,63.202
11902136235,0.0,0.0,0.0,0.0,0.0,0.0,0.0,0.0,0.0,0.0,0.0,0.0,0.0,0.0,0.0,0.0,0.0,0.0,0.0,0.0,0.0,42.938,43.412000000000006,43.597,43.629000000000005,43.602999999999994,43.658,43.73,43.778000000000006,44.148,44.973,46.150000000000006,47.591,49.245000000000005,51.037,52.971,54.956,56.914,58.928,61.352,64.435,69.707
11902136236,40.0,40.0,40.0,40.0,40.0,40.0,40.0,40.0,40.0,40.0,40.0,40.0,40.0,40.0,40.0,40.0,40.0,40.0,40.0,40.0,40.0,16.164,16.238,16.224,16.2,16.226,16.276,16.315,16.345,16.323,16.162,16.073,16.03,16.028,16.066000000000003,16.112,16.164,16.203,16.235,16.447000000000003,16.568,16.612000000000002
11902136237,0.0,0.0,0.0,0.0,0.0,0.0,0.0,0.0,0.0,0.0,0.0,0.0,0.0,0.0,0.0,0.0,0.0,0.0,0.0,0.0,0.0,15.629,15.802,15.87,15.99,16.368000000000002,16.775,17.19,17.596,18.064,18.595,19.266,20.044,20.909,21.826,22.812,23.821,24.819,25.915999999999997,27.471,29.034,28.762
11902136238,0.0,0.0,0.0,0.0,0.0,0.0,0.0,0.0,0.0,0.0,0.0,0.0,0.0,0.0,0.0,0.0,0.0,0.0,0.0,0.0,0.0,30.716,29.794,28.984,29.804,30.536,31.279,32.007000000000005,32.606,33.153,33.667,34.067,34.373,34.598,34.792,34.918,35.012,35.066,35.062,35.163,35.167,35.1
11902136239,105.0,105.0,105.0,105.0,105.0,105.0,105.0,105.0,105.0,105.0,105.0,105.0,105.0,105.0,105.0,105.0,105.0,105.0,105.0,105.0,105.0,26.991,27.43,27.719,27.697000000000003,27.21,27.284,27.726,28.469,29.687,31.216,32.444,33.35,33.974000000000004,34.357,34.528,34.566,34.503,34.328,34.12,33.853,33.555
11902136240,40.0,40.0,40.0,40.0,40.0,40.0,40.0,40.0,40.0,40.0,40.0,40.0,40.0,40.0,40.0,40.0,40.0,40.0,40.0,40.0,40.0,20.771,20.149,24.241999999999997,25.233,26.972,28.773,30.609,32.36,33.863,34.964,35.96,36.866,37.689,38.453,39.172,39.858,40.495,41.008,41.084,41.05,40.93
11902136241,0.0,0.0,0.0,0.0,0.0,0.0,0.0,0.0,0.0,0.0,0.0,0.0,0.0,0.0,0.0,0.0,0.0,0.0,0.0,0.0,0.0,15.46,15.585,15.612000000000002,15.616,15.658,15.705,15.75,15.779,15.981,16.419999999999998,16.917,17.46,18.035,18.630000000000003,19.258,19.894,20.516,21.078,21.332,21.471,21.514
11902136242,0.0,0.0,0.0,0.0,0.0,0.0,0.0,0.0,0.0,0.0,0.0,0.0,0.0,0.0,0.0,0.0,0.0,0.0,0.0,0.0,0.0,13.913999999999998,14.027,14.051,14.055,14.091,14.135,14.175,14.201,14.182,14.045,13.967,13.931,13.922999999999998,13.952,13.983999999999998,14.02,14.045,14.065,14.238,14.332999999999998,14.364999999999998
11902136243,59.0,59.0,59.0,59.0,59.0,59.0,59.0,59.0,59.0,59.0,59.0,59.0,59.0,59.0,59.0,59.0,59.0,59.0,59.0,59.0,59.0,26.631,26.755000000000003,26.732,26.693,26.734,26.817,26.882,26.93,27.338,28.247,29.261,30.348,31.504,32.688,33.942,35.214,36.463,37.59,38.07,38.338,38.427
11902136244,0.0,0.0,0.0,0.0,0.0,0.0,0.0,0.0,0.0,0.0,0.0,0.0,0.0,0.0,0.0,0.0,0.0,0.0,0.0,0.0,0.0,15.069,15.513,20.161,20.913,21.537,22.016,22.394,22.677999999999997,22.874,22.976,23.038,23.065,23.055999999999997,23.052,23.024,22.989,22.937,22.837,22.732,22.596,22.442
11902136245,0.0,0.0,0.0,0.0,0.0,0.0,0.0,0.0,0.0,0.0,0.0,0.0,0.0,0.0,0.0,0.0,0.0,0.0,0.0,0.0,0.0,16.887,17.131999999999998,17.256,17.33,17.428,17.522000000000002,17.607,17.663,17.753999999999998,17.83,17.905,17.968,18.016,18.07,18.104,18.132,18.138,18.857,23.115,27.222,30.476999999999997
11902136246,30.0,30.0,30.0,30.0,30.0,30.0,30.0,30.0,30.0,30.0,30.0,30.0,30.0,30.0,30.0,30.0,30.0,30.0,30.0,30.0,30.0,21.767,22.409,21.35,22.147,22.809,23.317,23.719,24.019,24.229,24.337,24.404,24.435,24.424999999999997,24.423,24.394,24.359,24.305,24.201,24.091,23.948,23.785
11902136247,0.0,0.0,0.0,0.0,0.0,0.0,0.0,0.0,0.0,0.0,0.0,0.0,0.0,0.0,0.0,0.0,0.0,0.0,0.0,0.0,0.0,22.360999999999997,22.683999999999997,22.848,22.946,23.076,23.199,23.313,23.386,23.507,23.61,23.707,23.792,23.855,23.925,23.971,24.007,24.016,23.736,22.459000000000003,21.642,21.389
11902136248,0.0,0.0,0.0,0.0,0.0,0.0,0.0,0.0,0.0,0.0,0.0,0.0,0.0,0.0,0.0,0.0,0.0,0.0,0.0,0.0,0.0,20.243,20.573,20.788,21.921,25.364,29.018,32.897999999999996,37.064,40.688,42.774,44.448,45.678,46.523,47.037000000000006,47.260000000000005,47.302,47.205,46.955,46.659,46.284,45.864
11902136249,0.0,0.0,0.0,0.0,0.0,0.0,0.0,0.0,0.0,0.0,0.0,0.0,0.0,0.0,0.0,0.0,0.0,0.0,0.0,0.0,0.0,14.437,14.672,14.826,14.669,13.926,13.508,13.294999999999998,13.234,13.542000000000002,14.241,14.802,15.217,15.503,15.678999999999998,15.759,15.777,15.751,15.672,15.578,15.457,15.322
11902136721,113.0,113.0,113.0,113.0,113.0,113.0,113.0,113.0,113.0,113.0,113.0,113.0,113.0,113.0,113.0,113.0,113.0,113.0,113.0,113.0,113.0,35.245999999999995,35.222,35.547,35.672,35.789,35.626,35.45,35.434,35.456,35.457,35.519,35.576,35.656000000000006,35.694,35.747,35.769999999999996,35.733000000000004,35.641999999999996,35.523,35.373,35.150999999999996
11902136722,40.0,40.0,40.0,40.0,40.0,40.0,40.0,40.0,40.0,40.0,40.0,40.0,40.0,40.0,40.0,40.0,40.0,40.0,40.0,40.0,40.0,31.378,31.357,31.835,32.141999999999996,32.303,32.209,32.104,32.143,32.216,32.272,32.382,32.488,32.615,32.704,32.807,32.882000000000005,32.901,32.872,32.816,32.73,32.578
11902157303,0.0,0.0,0.0,0.0,0.0,0.0,0.0,0.0,0.0,0.0,0.0,0.0,0.0,0.0,0.0,0.0,0.0,0.0,0.0,0.0,0.0,38.551,38.926,40.203,42.061,42.807,43.451,43.73,44.04,44.201,44.349,44.463,44.568,44.637,44.722,44.77,44.789,44.79,44.748,44.64,44.515,44.341
11902157305,39.0,39.0,39.0,39.0,39.0,39.0,39.0,39.0,39.0,39.0,39.0,39.0,39.0,39.0,39.0,39.0,39.0,39.0,39.0,39.0,39.0,49.877,49.044,49.129000000000005,50.05,49.923,49.94,49.221999999999994,48.459,47.733,46.3,44.247,43.216,42.78,43.117,43.892,44.954,46.186,47.468,48.713,49.923,51.045
11902157310,40.0,40.0,40.0,40.0,40.0,40.0,40.0,40.0,40.0,40.0,40.0,40.0,40.0,40.0,40.0,40.0,40.0,40.0,40.0,40.0,40.0,39.48,40.825,39.475,39.637,39.311,39.378,41.232,44.303,46.83,48.864,50.407,51.545,52.403000000000006,52.998,53.370000000000005,53.562999999999995,53.648,53.606,53.447,53.223,52.93
11902157313,40.0,40.0,40.0,40.0,40.0,40.0,40.0,40.0,40.0,40.0,40.0,40.0,40.0,40.0,40.0,40.0,40.0,40.0,40.0,40.0,40.0,35.118,34.9,36.361,38.639,40.149,41.532,42.528000000000006,43.521,44.287,45.103,46.059000000000005,47.008,48.069,49.139,50.209,51.259,52.304,53.288,54.211,55.1,55.906000000000006
11902157316,45.0,45.0,45.0,45.0,45.0,45.0,45.0,45.0,45.0,45.0,45.0,45.0,45.0,45.0,45.0,45.0,45.0,45.0,45.0,45.0,45.0,44.639,45.333,44.788,45.341,44.861,44.614999999999995,42.725,40.886,39.682,40.801,44.511,48.096999999999994,52.077,55.833,59.455,62.852,66.092,69.19200000000001,72.133,74.93900000000001,77.535
11902157322,0.0,0.0,0.0,0.0,0.0,0.0,0.0,0.0,0.0,0.0,0.0,0.0,0.0,0.0,0.0,0.0,0.0,0.0,0.0,0.0,0.0,49.333,51.012,62.017,74.21600000000001,86.764,100.093,110.868,119.111,125.891,131.344,135.475,138.517,140.805,142.386,143.368,143.866,144.078,143.947,143.5,142.883,142.075
11902157328,22.0,22.0,22.0,22.0,22.0,22.0,22.0,22.0,22.0,22.0,22.0,22.0,22.0,22.0,22.0,22.0,22.0,22.0,22.0,22.0,22.0,32.126,32.438,33.501999999999995,35.05,35.672,36.208,36.441,36.7,36.834,36.957,37.052,37.14,37.198,37.269,37.309,37.325,37.325,37.29,37.199,37.095,36.952
11902157331,0.0,0.0,0.0,0.0,0.0,0.0,0.0,0.0,0.0,0.0,0.0,0.0,0.0,0.0,0.0,0.0,0.0,0.0,0.0,0.0,0.0,35.228,35.57,36.737,38.434,39.116,39.705,39.96,40.244,40.391,40.526,40.63,40.726,40.789,40.866,40.911,40.929,40.929,40.891,40.792,40.677,40.519
11902165901,0.0,0.0,0.0,0.0,0.0,0.0,0.0,0.0,0.0,0.0,0.0,0.0,0.0,0.0,0.0,0.0,0.0,0.0,0.0,0.0,0.0,11.127,11.453,11.629,11.886,11.985,12.044,12.099,12.036,12.04,12.031,12.036,12.041,12.039,12.056,12.063,12.066,12.078,12.076,12.068,12.057,12.017
11902165902,82.0,82.0,82.0,82.0,82.0,82.0,82.0,82.0,82.0,82.0,82.0,82.0,82.0,82.0,82.0,82.0,82.0,82.0,82.0,82.0,82.0,14.465,14.788,14.853,15.026,15.21,15.506,15.857,16.101,16.468,16.847,17.257,17.698,18.234,18.79,19.348,19.909,20.457,21.001,21.507,21.985999999999997,22.424
11902165903,0.0,0.0,0.0,0.0,0.0,0.0,0.0,0.0,0.0,0.0,0.0,0.0,0.0,0.0,0.0,0.0,0.0,0.0,0.0,0.0,0.0,18.224,19.009,19.841,21.292,22.114,22.476,22.773000000000003,22.792,22.898,22.946,22.982,22.996,22.995,23.011000000000003,22.997,22.983,22.958,22.93,22.884,22.823,22.74
11902165904,0.0,0.0,0.0,0.0,0.0,0.0,0.0,0.0,0.0,0.0,0.0,0.0,0.0,0.0,0.0,0.0,0.0,0.0,0.0,0.0,0.0,16.476,15.906,15.356000000000002,15.979,16.081,15.815,15.879,16.05,16.467,16.969,17.53,18.138,18.857,19.623,20.383,21.129,21.852,22.551,23.19,23.787,24.321
11902165905,0.0,0.0,0.0,0.0,0.0,0.0,0.0,0.0,0.0,0.0,0.0,0.0,0.0,0.0,0.0,0.0,0.0,0.0,0.0,0.0,0.0,21.68,22.317,22.659,23.159,23.351,23.467,23.573,23.451,23.458,23.442,23.452,23.461,23.458,23.488999999999997,23.505000000000003,23.509,23.533,23.529,23.515,23.493,23.413
11902165906,0.0,0.0,0.0,0.0,0.0,0.0,0.0,0.0,0.0,0.0,0.0,0.0,0.0,0.0,0.0,0.0,0.0,0.0,0.0,0.0,0.0,17.547,18.406,18.633,18.967,19.074,19.181,19.285,19.158,19.134,19.095,19.074,19.051,19.024,19.019,18.997,18.981,18.956,18.928,18.881,18.823,18.744
11902165907,0.0,0.0,0.0,0.0,0.0,0.0,0.0,0.0,0.0,0.0,0.0,0.0,0.0,0.0,0.0,0.0,0.0,0.0,0.0,0.0,0.0,20.1,20.886,22.322,24.211,25.561,26.68,27.598,28.144,28.668,29.031,29.330999999999996,29.591,29.876,30.167,30.425,30.68,30.917,31.147,31.339,31.506,31.632
11902165908,0.0,0.0,0.0,0.0,0.0,0.0,0.0,0.0,0.0,0.0,0.0,0.0,0.0,0.0,0.0,0.0,0.0,0.0,0.0,0.0,0.0,12.854,13.407,13.569,13.743,13.839,14.071000000000002,14.262,14.279,14.352,14.389,14.417000000000002,14.431,14.438,14.453,14.451,14.448,14.439,14.427,14.405,14.372,14.326
11902165909,0.0,0.0,0.0,0.0,0.0,0.0,0.0,0.0,0.0,0.0,0.0,0.0,0.0,0.0,0.0,0.0,0.0,0.0,0.0,0.0,0.0,16.259999999999998,16.624,16.695999999999998,16.89,17.106,17.453,17.863,18.151,18.577,19.017,19.492,20.004,20.624,21.267,21.912999999999997,22.562,23.196,23.827,24.414,24.968,25.479
11902165910,0.0,0.0,0.0,0.0,0.0,0.0,0.0,0.0,0.0,0.0,0.0,0.0,0.0,0.0,0.0,0.0,0.0,0.0,0.0,0.0,0.0,18.688,19.107,19.19,19.413,19.403,19.423,19.516,19.47,19.579,19.705,19.868,20.046,20.257,20.504,20.741999999999997,20.984,21.214,21.439,21.628,21.794,21.924
11902165911,0.0,0.0,0.0,0.0,0.0,0.0,0.0,0.0,0.0,0.0,0.0,0.0,0.0,0.0,0.0,0.0,0.0,0.0,0.0,0.0,0.0,10.558,10.794,10.841,10.968,10.887,10.788,10.731,10.595,10.545,10.505,10.486999999999998,10.467,10.441,10.437,10.424,10.415,10.4,10.38,10.346,10.302,10.243
11902165912,60.0,60.0,60.0,60.0,60.0,60.0,60.0,60.0,60.0,60.0,60.0,60.0,60.0,60.0,60.0,60.0,60.0,60.0,60.0,60.0,60.0,15.539,17.274,18.444,19.589,20.218,20.624,20.923,20.963,21.058,21.116,21.181,21.237,21.273,21.323,21.353,21.387,21.402,21.416,21.402,21.383,21.34
11902165913,0.0,0.0,0.0,0.0,0.0,0.0,0.0,0.0,0.0,0.0,0.0,0.0,0.0,0.0,0.0,0.0,0.0,0.0,0.0,0.0,0.0,23.927999999999997,23.725,23.541,23.671,24.331,25.77,27.745,30.023,32.795,35.798,38.985,42.466,46.68,51.001999999999995,55.426,59.847,64.214,68.561,72.694,76.676,80.44999999999999
11902165914,0.0,0.0,0.0,0.0,0.0,0.0,0.0,0.0,0.0,0.0,0.0,0.0,0.0,0.0,0.0,0.0,0.0,0.0,0.0,0.0,0.0,10.257,9.902,9.56,9.222,9.272,9.816,10.523,11.303,12.248,13.259,14.325,15.492,16.917,18.378,19.876,21.374,22.86,24.340000000000003,25.753,27.119,28.414
11902165915,36.0,36.0,36.0,36.0,36.0,36.0,36.0,36.0,36.0,36.0,36.0,36.0,36.0,36.0,36.0,36.0,36.0,36.0,36.0,36.0,36.0,20.95,20.224,19.526,18.836,19.015,20.233,21.78,23.481,25.522,27.701,29.997,32.51,35.58,38.726,41.955,45.183,48.386,51.58,54.629,57.581999999999994,60.381
11902165916,0.0,0.0,0.0,0.0,0.0,0.0,0.0,0.0,0.0,0.0,0.0,0.0,0.0,0.0,0.0,0.0,0.0,0.0,0.0,0.0,0.0,8.833,9.092,9.232,9.436,9.514,9.561,9.604,9.554,9.558,9.55,9.555,9.558,9.556,9.57,9.576,9.578,9.587,9.586,9.58,9.571,9.538
11902165917,0.0,0.0,0.0,0.0,0.0,0.0,0.0,0.0,0.0,0.0,0.0,0.0,0.0,0.0,0.0,0.0,0.0,0.0,0.0,0.0,0.0,13.381,13.957999999999998,14.126,14.307,14.408,14.649,14.847,14.866,14.942,14.979,15.009,15.023,15.03,15.047,15.044,15.042000000000002,15.032,15.02,14.996,14.963,14.915
11902165918,70.0,70.0,70.0,70.0,70.0,70.0,70.0,70.0,70.0,70.0,70.0,70.0,70.0,70.0,70.0,70.0,70.0,70.0,70.0,70.0,70.0,14.989,14.528,14.08,13.947,13.947,14.071,14.226,14.255,14.372,14.464,14.572,14.678,14.81,14.965,15.108,15.249,15.401,15.533,15.653,15.758,15.837
11902165919,0.0,0.0,0.0,0.0,0.0,0.0,0.0,0.0,0.0,0.0,0.0,0.0,0.0,0.0,0.0,0.0,0.0,0.0,0.0,0.0,0.0,7.721,8.099,8.199,8.346,8.392,8.440000000000001,8.485,8.429,8.42,8.402000000000001,8.393,8.382,8.370000000000001,8.368,8.359,8.352,8.341,8.328,8.307,8.282,8.247
11902165920,0.0,0.0,0.0,0.0,0.0,0.0,0.0,0.0,0.0,0.0,0.0,0.0,0.0,0.0,0.0,0.0,0.0,0.0,0.0,0.0,0.0,21.790999999999997,40.584,45.065,48.837,51.792,54.467,56.968,58.197,59.513,60.661,61.767,62.899,64.275,65.686,67.075,68.469,69.822,71.17,72.405,73.56700000000001,74.619
11902165921,0.0,0.0,0.0,0.0,0.0,0.0,0.0,0.0,0.0,0.0,0.0,0.0,0.0,0.0,0.0,0.0,0.0,0.0,0.0,0.0,0.0,11.882,12.347,11.098,11.041,11.579,11.966,12.256,12.372,12.476,12.509,12.516,12.494,12.455,12.423,12.375,12.326,12.272,12.214,12.146,12.069,11.979
11902165922,0.0,0.0,0.0,0.0,0.0,0.0,0.0,0.0,0.0,0.0,0.0,0.0,0.0,0.0,0.0,0.0,0.0,0.0,0.0,0.0,0.0,17.547,18.406,18.633,18.967,19.074,19.181,19.285,19.158,19.134,19.095,19.074,19.051,19.024,19.019,18.997,18.981,18.956,18.928,18.881,18.823,18.744
11902165923,0.0,0.0,0.0,0.0,0.0,0.0,0.0,0.0,0.0,0.0,0.0,0.0,0.0,0.0,0.0,0.0,0.0,0.0,0.0,0.0,0.0,19.176,15.521999999999998,17.253999999999998,18.745,19.617,20.192,20.682,20.687,20.724,20.704,20.673,20.618,20.547,20.509,20.452,20.4,20.341,20.28,20.198,20.101,19.981
11902165924,29.0,29.0,29.0,29.0,29.0,29.0,29.0,29.0,29.0,29.0,29.0,29.0,29.0,29.0,29.0,29.0,29.0,29.0,29.0,29.0,29.0,23.411,23.213,23.032,23.159,23.297,24.023,25.305,26.873,28.894,31.119,33.499,36.096,39.228,42.454,45.745999999999995,49.031000000000006,52.267,55.479,58.522,61.443,64.19800000000001
11902165925,0.0,0.0,0.0,0.0,0.0,0.0,0.0,0.0,0.0,0.0,0.0,0.0,0.0,0.0,0.0,0.0,0.0,0.0,0.0,0.0,0.0,16.122,17.923000000000002,19.135,20.323,20.976,21.397,21.707,21.748,21.848,21.908,21.976,22.033,22.07,22.123,22.153,22.189,22.205,22.22,22.204,22.185,22.14
11902165926,0.0,0.0,0.0,0.0,0.0,0.0,0.0,0.0,0.0,0.0,0.0,0.0,0.0,0.0,0.0,0.0,0.0,0.0,0.0,0.0,0.0,17.822,18.52,16.646,16.563,17.369,17.948999999999998,18.384,18.558,18.715,18.765,18.773,18.741,18.682,18.635,18.562,18.489,18.407,18.322,18.219,18.104,17.969
11902165927,0.0,0.0,0.0,0.0,0.0,0.0,0.0,0.0,0.0,0.0,0.0,0.0,0.0,0.0,0.0,0.0,0.0,0.0,0.0,0.0,0.0,10.1,11.229,11.989,12.733,13.142,13.405,13.6,13.626,13.688,13.726,13.768,13.804,13.828,13.86,13.879,13.902,13.911,13.92,13.911,13.899,13.871
11902165928,0.0,0.0,0.0,0.0,0.0,0.0,0.0,0.0,0.0,0.0,0.0,0.0,0.0,0.0,0.0,0.0,0.0,0.0,0.0,0.0,0.0,15.349,14.878,14.419,14.283,14.275,14.39,14.538,14.555,14.664,14.746,14.845,14.94,15.059,15.204,15.334,15.462,15.603,15.722,15.83,15.923,15.987000000000002
11902165929,0.0,0.0,0.0,0.0,0.0,0.0,0.0,0.0,0.0,0.0,0.0,0.0,0.0,0.0,0.0,0.0,0.0,0.0,0.0,0.0,0.0,12.377,12.861,18.831,22.838,24.199,25.394,26.406,27.071,27.717,28.209,28.64,29.043,29.505000000000003,29.964,30.397,30.824,31.231,31.633,31.99,32.321,32.607
11902166001,0.0,0.0,0.0,0.0,0.0,0.0,0.0,0.0,0.0,0.0,0.0,0.0,0.0,0.0,0.0,0.0,0.0,0.0,0.0,0.0,0.0,22.744,19.369,19.374,19.917,19.976,20.162,20.171,20.058,20.132,20.303,20.551,20.852,21.19,21.55,21.914,22.268,22.599,22.907,23.188,23.438,23.665
11902166002,0.0,0.0,0.0,0.0,0.0,0.0,0.0,0.0,0.0,0.0,0.0,0.0,0.0,0.0,0.0,0.0,0.0,0.0,0.0,0.0,0.0,15.007,19.423,19.413,19.942,19.988,20.16,20.374,20.623,21.049999999999997,21.574,22.174999999999997,22.833,23.53,24.252,24.98,25.699,26.391,27.063,27.696,28.29,28.854
11902166003,38.0,38.0,38.0,38.0,38.0,38.0,38.0,38.0,38.0,38.0,38.0,38.0,38.0,38.0,38.0,38.0,38.0,38.0,38.0,38.0,38.0,24.054,25.373,26.814,28.661,29.468000000000004,30.133000000000003,30.702,31.171,31.699,32.214,32.738,33.279,33.819,34.376999999999995,34.923,35.451,35.935,36.39,36.802,37.182,37.541
11902166004,145.0,145.0,145.0,145.0,145.0,145.0,145.0,145.0,145.0,145.0,145.0,145.0,145.0,145.0,145.0,145.0,145.0,145.0,145.0,145.0,145.0,19.213,17.849,19.212,21.199,22.927,24.829,25.619999999999997,26.382,27.168,27.906,28.616999999999997,29.301,29.969,30.639000000000003,31.296,31.937,32.543,33.129,33.674,34.182,34.665
11902166005,0.0,0.0,0.0,0.0,0.0,0.0,0.0,0.0,0.0,0.0,0.0,0.0,0.0,0.0,0.0,0.0,0.0,0.0,0.0,0.0,0.0,19.166,20.217,21.365,22.837,23.479,24.01,24.434,24.756,25.125,25.485,25.85,26.23,26.609,27.002,27.386,27.756,28.092,28.404,28.683,28.938,29.177
11902166006,0.0,0.0,0.0,0.0,0.0,0.0,0.0,0.0,0.0,0.0,0.0,0.0,0.0,0.0,0.0,0.0,0.0,0.0,0.0,0.0,0.0,13.43,12.552,12.099,12.172,12.045,12.062,12.077,12.068,12.109,12.148,12.192,12.235,12.277,12.327,12.372,12.41,12.439,12.452,12.458,12.448,12.429
11902166007,0.0,0.0,0.0,0.0,0.0,0.0,0.0,0.0,0.0,0.0,0.0,0.0,0.0,0.0,0.0,0.0,0.0,0.0,0.0,0.0,0.0,20.066,19.732,22.034,25.27,28.656,32.611999999999995,35.165,37.601,39.912,42.047,43.998000000000005,45.845,47.55,49.29600000000001,50.926,52.588,54.119,55.65,57.102,58.504000000000005,59.831
11902166008,0.0,0.0,0.0,0.0,0.0,0.0,0.0,0.0,0.0,0.0,0.0,0.0,0.0,0.0,0.0,0.0,0.0,0.0,0.0,0.0,0.0,23.59,21.915,21.687,22.15,22.097,22.214,22.545,22.651,22.773,22.853,22.909,22.942,22.964,22.987,23.002,23.006,22.988,22.945,22.889,22.811,22.722
11902166009,30.0,30.0,30.0,30.0,30.0,30.0,30.0,30.0,30.0,30.0,30.0,30.0,30.0,30.0,30.0,30.0,30.0,30.0,30.0,30.0,30.0,15.737,15.225,15.205,15.686,15.837,16.109,16.67,17.573,18.598,19.68,20.817,21.994,23.201,24.43,25.662999999999997,26.887,28.086,29.274,30.412,31.507,32.571
11902166010,0.0,0.0,0.0,0.0,0.0,0.0,0.0,0.0,0.0,0.0,0.0,0.0,0.0,0.0,0.0,0.0,0.0,0.0,0.0,0.0,0.0,19.64,18.245,18.056,18.441000000000003,18.397,18.495,18.85,19.081,19.326,19.535,19.725,19.896,20.056,20.217,20.372,20.515,20.638,20.743,20.83,20.896,20.951
11902166011,0.0,0.0,0.0,0.0,0.0,0.0,0.0,0.0,0.0,0.0,0.0,0.0,0.0,0.0,0.0,0.0,0.0,0.0,0.0,0.0,0.0,20.066,19.732,18.3,17.947,17.483,17.441,18.254,18.686,19.024,19.255,19.387,19.466,19.482,19.514,19.5,19.498,19.45,19.392,19.323,19.243,19.143
11902166012,0.0,0.0,0.0,0.0,0.0,0.0,0.0,0.0,0.0,0.0,0.0,0.0,0.0,0.0,0.0,0.0,0.0,0.0,0.0,0.0,0.0,11.021,9.385,9.388,9.65,9.679,9.77,10.096,10.592,11.167,11.786,12.444,13.133,13.843,14.57,15.301,16.028,16.738,17.442,18.113,18.758,19.382
11902166013,0.0,0.0,0.0,0.0,0.0,0.0,0.0,0.0,0.0,0.0,0.0,0.0,0.0,0.0,0.0,0.0,0.0,0.0,0.0,0.0,0.0,25.587000000000003,24.397,24.811,26.24,27.402,28.93,30.68,31.452,32.299,33.11,33.884,34.619,35.311,35.976,36.613,37.218,37.774,38.298,38.778,39.213,39.62
11902166014,0.0,0.0,0.0,0.0,0.0,0.0,0.0,0.0,0.0,0.0,0.0,0.0,0.0,0.0,0.0,0.0,0.0,0.0,0.0,0.0,0.0,30.365,29.378,28.872,29.322000000000003,29.091,29.088,28.848,28.357,28.115,27.988,27.954,27.978,28.039,28.125,28.21,28.281999999999996,28.325000000000003,28.332,28.319,28.271,28.203
11902166015,0.0,0.0,0.0,0.0,0.0,0.0,0.0,0.0,0.0,0.0,0.0,0.0,0.0,0.0,0.0,0.0,0.0,0.0,0.0,0.0,0.0,27.689,26.968,27.067,28.028,28.446,29.142000000000003,30.047,29.817,29.789,29.821,29.898,29.999,30.1,30.202,30.29,30.357,30.388,30.377,30.342,30.270000000000003,30.173
11902166016,0.0,0.0,0.0,0.0,0.0,0.0,0.0,0.0,0.0,0.0,0.0,0.0,0.0,0.0,0.0,0.0,0.0,0.0,0.0,0.0,0.0,16.118000000000002,19.641,19.429,19.835,19.781,19.878,20.167,20.254,20.354,20.419,20.46,20.483,20.494,20.507,20.513,20.508,20.485,20.439,20.382,20.305,20.218
11902166017,20.0,20.0,20.0,20.0,20.0,20.0,20.0,20.0,20.0,20.0,20.0,20.0,20.0,20.0,20.0,20.0,20.0,20.0,20.0,20.0,20.0,23.772,23.154,22.741,23.055999999999997,22.862,22.897,23.23,24.756,26.426,28.144999999999996,29.906,31.694000000000003,33.488,35.288,37.077,38.841,40.559,42.254999999999995,43.870999999999995,45.419,46.917
11902166018,0.0,0.0,0.0,0.0,0.0,0.0,0.0,0.0,0.0,0.0,0.0,0.0,0.0,0.0,0.0,0.0,0.0,0.0,0.0,0.0,0.0,16.404,15.332,14.778,14.866,14.711,14.732,14.751,14.739999999999998,14.791,14.837,14.89,14.943,14.995,15.055,15.11,15.156,15.193,15.207999999999998,15.215,15.203,15.18
11902166019,0.0,0.0,0.0,0.0,0.0,0.0,0.0,0.0,0.0,0.0,0.0,0.0,0.0,0.0,0.0,0.0,0.0,0.0,0.0,0.0,0.0,25.904,24.698,23.59,23.524,23.079,22.981,23.097,24.081,25.127,26.151,27.153,28.126,29.066000000000003,29.987,30.885,31.757,32.588,33.396,34.159,34.879,35.57
11902166020,0.0,0.0,0.0,0.0,0.0,0.0,0.0,0.0,0.0,0.0,0.0,0.0,0.0,0.0,0.0,0.0,0.0,0.0,0.0,0.0,0.0,18.137,19.131,20.218,21.611,22.219,22.721,22.946,22.939,22.979,23.009,23.046,23.097,23.148,23.211,23.266,23.31,23.326,23.317,23.291,23.247,23.192
11902166021,0.0,0.0,0.0,0.0,0.0,0.0,0.0,0.0,0.0,0.0,0.0,0.0,0.0,0.0,0.0,0.0,0.0,0.0,0.0,0.0,0.0,11.38,10.636,10.252,10.313,10.206,10.22,10.233,10.226,10.261,10.293,10.33,10.367,10.403,10.444,10.483,10.515,10.54,10.551,10.555,10.547,10.532
11902166101,0.0,0.0,0.0,0.0,0.0,0.0,0.0,0.0,0.0,0.0,0.0,0.0,0.0,0.0,0.0,0.0,0.0,0.0,0.0,0.0,0.0,28.086,27.699,27.693,27.79,27.607,27.632,27.641,27.68,27.792,27.918,28.031999999999996,28.362,28.707,29.157,29.657,30.223,30.852,31.519,32.236000000000004,32.918,33.608000000000004
11902166102,0.0,0.0,0.0,0.0,0.0,0.0,0.0,0.0,0.0,0.0,0.0,0.0,0.0,0.0,0.0,0.0,0.0,0.0,0.0,0.0,0.0,30.485999999999997,28.924,28.131,27.769,27.375,27.565,27.955,28.405,28.89,29.357999999999997,29.776,30.482999999999997,31.18,31.935,32.694,33.475,34.284,35.104,35.943,36.72,37.488
11902166103,0.0,0.0,0.0,0.0,0.0,0.0,0.0,0.0,0.0,0.0,0.0,0.0,0.0,0.0,0.0,0.0,0.0,0.0,0.0,0.0,0.0,12.614,12.703,13.89,14.762,15.455,15.942,16.186,16.421,16.661,16.878999999999998,17.063,17.248,17.373,17.5,17.603,17.694,17.777,17.833,17.899,17.927,17.945
11902166104,90.0,90.0,90.0,90.0,90.0,90.0,90.0,90.0,90.0,90.0,90.0,90.0,90.0,90.0,90.0,90.0,90.0,90.0,90.0,90.0,90.0,45.094,44.684,44.774,45.068,44.91,44.608,43.976,43.476,43.181,42.976,42.818,43.346,43.866,44.39,44.836,45.226,45.565,45.808,46.054,46.185,46.278
11902166105,0.0,0.0,0.0,0.0,0.0,0.0,0.0,0.0,0.0,0.0,0.0,0.0,0.0,0.0,0.0,0.0,0.0,0.0,0.0,0.0,0.0,30.412,30.135,30.197,30.394,30.289,31.057,32.307,33.611000000000004,35.04,36.523,38.03,38.774,39.236,39.7,40.095,40.44,40.739,40.953,41.168,41.28,41.36
11902166106,0.0,0.0,0.0,0.0,0.0,0.0,0.0,0.0,0.0,0.0,0.0,0.0,0.0,0.0,0.0,0.0,0.0,0.0,0.0,0.0,0.0,33.533,33.337,34.066,34.751999999999995,35.083,35.480000000000004,35.712,35.969,36.301,36.639,36.95,37.317,37.593,37.908,38.2,38.49,38.782,39.033,39.315,39.522000000000006,39.711
11902166107,0.0,0.0,0.0,0.0,0.0,0.0,0.0,0.0,0.0,0.0,0.0,0.0,0.0,0.0,0.0,0.0,0.0,0.0,0.0,0.0,0.0,12.65,12.576,12.562,12.646,12.601,12.675,12.76,12.855,12.977,13.102,13.216,13.35,13.454,13.571,13.678999999999998,13.787,13.896,13.989,14.096,14.174,14.245
11902166108,0.0,0.0,0.0,0.0,0.0,0.0,0.0,0.0,0.0,0.0,0.0,0.0,0.0,0.0,0.0,0.0,0.0,0.0,0.0,0.0,0.0,33.063,32.744,33.044,33.59,33.927,34.533,35.062,35.556,36.067,36.510000000000005,36.867,37.07,37.125,37.209,37.268,37.318,37.378,37.376,37.43,37.42,37.41
11902166109,0.0,0.0,0.0,0.0,0.0,0.0,0.0,0.0,0.0,0.0,0.0,0.0,0.0,0.0,0.0,0.0,0.0,0.0,0.0,0.0,0.0,41.511,40.849,41.283,41.652,41.944,42.596,43.161,43.81,44.508,45.18,45.772000000000006,46.212999999999994,46.506,46.889,47.278,47.698,48.157,48.587,49.084,49.494,49.894
11902166110,0.0,0.0,0.0,0.0,0.0,0.0,0.0,0.0,0.0,0.0,0.0,0.0,0.0,0.0,0.0,0.0,0.0,0.0,0.0,0.0,0.0,37.313,35.687,34.711,34.001,33.286,32.55,31.622,30.986,30.622,30.407,30.285,30.734,31.196,31.674,32.092,32.469,32.805,33.066,33.337,33.516,33.667
11902166111,60.0,60.0,60.0,60.0,60.0,60.0,60.0,60.0,60.0,60.0,60.0,60.0,60.0,60.0,60.0,60.0,60.0,60.0,60.0,60.0,60.0,34.336,34.136,34.096000000000004,34.325,34.203,34.402,34.635,34.893,35.224,35.561,35.872,36.238,36.516,36.834,37.129,37.422,37.717,37.972,38.259,38.471,38.666
11902166112,0.0,0.0,0.0,0.0,0.0,0.0,0.0,0.0,0.0,0.0,0.0,0.0,0.0,0.0,0.0,0.0,0.0,0.0,0.0,0.0,0.0,15.108,14.903,14.903,14.957,14.862,14.878,14.886,14.91,14.974999999999998,15.046,15.111,15.578,16.101,16.673000000000002,17.264,17.889,18.547,19.243,19.948,20.631,21.316000000000003
11902166113,40.0,40.0,40.0,40.0,40.0,40.0,40.0,40.0,40.0,40.0,40.0,40.0,40.0,40.0,40.0,40.0,40.0,40.0,40.0,40.0,40.0,38.048,37.68,38.026,38.653,39.042,39.74,40.348,40.916,41.505,42.014,42.425,43.039,43.561,44.117,44.647,45.167,45.699,46.189,46.716,47.164,47.613
11902166114,0.0,0.0,0.0,0.0,0.0,0.0,0.0,0.0,0.0,0.0,0.0,0.0,0.0,0.0,0.0,0.0,0.0,0.0,0.0,0.0,0.0,26.006,24.872,24.192,23.698,23.198,22.686,22.04,21.596,21.343,21.192,21.108,21.751,22.48,23.228,23.943,24.636,25.304,25.946,26.574,27.132,27.668
11902166115,0.0,0.0,0.0,0.0,0.0,0.0,0.0,0.0,0.0,0.0,0.0,0.0,0.0,0.0,0.0,0.0,0.0,0.0,0.0,0.0,0.0,76.97800000000001,77.52199999999999,78.474,80.105,80.842,82.161,83.41799999999999,84.631,85.867,86.994,87.937,88.89,89.535,90.192,90.724,91.192,91.62,91.906,92.247,92.393,92.484
11902166116,0.0,0.0,0.0,0.0,0.0,0.0,0.0,0.0,0.0,0.0,0.0,0.0,0.0,0.0,0.0,0.0,0.0,0.0,0.0,0.0,0.0,41.651,41.026,40.781,40.807,40.503,40.464,40.383,40.332,40.422,40.544,40.658,40.854,40.946,41.093,41.221,41.344,41.476,41.544,41.657,41.685,41.692
11902166117,0.0,0.0,0.0,0.0,0.0,0.0,0.0,0.0,0.0,0.0,0.0,0.0,0.0,0.0,0.0,0.0,0.0,0.0,0.0,0.0,0.0,16.255,16.107,16.14,16.245,16.189,16.08,15.852,15.672,15.565,15.491,15.434,15.625,15.812,16.000999999999998,16.162,16.302,16.424999999999997,16.512,16.601,16.648,16.681
11902166118,0.0,0.0,0.0,0.0,0.0,0.0,0.0,0.0,0.0,0.0,0.0,0.0,0.0,0.0,0.0,0.0,0.0,0.0,0.0,0.0,0.0,19.507,19.214,19.1,19.112,18.971,18.952,18.913,18.89,18.932,18.989,19.042,19.135,19.177,19.244999999999997,19.306,19.363,19.426,19.457,19.511,19.523,19.526
11902166119,0.0,0.0,0.0,0.0,0.0,0.0,0.0,0.0,0.0,0.0,0.0,0.0,0.0,0.0,0.0,0.0,0.0,0.0,0.0,0.0,0.0,34.061,32.572,31.674999999999997,31.023000000000003,30.366,31.254,33.034,34.972,37.122,39.394,41.746,43.114,44.148,45.21,46.19799999999999,47.134,48.019,48.827,49.623999999999995,50.289,50.911
11902166120,35.0,35.0,35.0,35.0,35.0,35.0,35.0,35.0,35.0,35.0,35.0,35.0,35.0,35.0,35.0,35.0,35.0,35.0,35.0,35.0,35.0,28.784999999999997,28.394,28.393,28.498,28.316,28.346,28.36,28.409,28.53,28.667,28.790999999999997,29.158,29.543999999999997,30.037,30.581,31.193,31.869,32.586,33.353,34.083,34.822
11902166121,91.0,91.0,91.0,91.0,91.0,91.0,91.0,91.0,91.0,91.0,91.0,91.0,91.0,91.0,91.0,91.0,91.0,91.0,91.0,91.0,91.0,28.052999999999997,28.894,30.036,31.187,31.708999999999996,32.199,32.518,32.771,33.033,33.267,33.46,33.667,33.783,33.921,34.029,34.126,34.221000000000004,34.269,34.348,34.368,34.379
11902166122,0.0,0.0,0.0,0.0,0.0,0.0,0.0,0.0,0.0,0.0,0.0,0.0,0.0,0.0,0.0,0.0,0.0,0.0,0.0,0.0,0.0,32.125,31.689,31.687,31.804,31.601,31.635,31.651,31.705,31.841,31.993,32.131,31.775,31.317,31.0,30.756,30.595,30.508,30.418999999999997,30.433,30.418,30.412999999999997
11902166123,0.0,0.0,0.0,0.0,0.0,0.0,0.0,0.0,0.0,0.0,0.0,0.0,0.0,0.0,0.0,0.0,0.0,0.0,0.0,0.0,0.0,25.93,26.707,27.763,28.827,29.309,29.762,30.057,30.292,30.533,30.749,30.927999999999997,31.176,31.351999999999997,31.548,31.719,31.877,32.035,32.153999999999996,32.297,32.385,32.464
11902166124,0.0,0.0,0.0,0.0,0.0,0.0,0.0,0.0,0.0,0.0,0.0,0.0,0.0,0.0,0.0,0.0,0.0,0.0,0.0,0.0,0.0,45.947,47.324,49.195,51.078,51.934,52.735,53.260000000000005,53.674,54.103,54.486,54.80200000000001,55.14,55.332,55.557,55.735,55.892,56.049,56.128,56.257,56.289,56.306
11902166125,0.0,0.0,0.0,0.0,0.0,0.0,0.0,0.0,0.0,0.0,0.0,0.0,0.0,0.0,0.0,0.0,0.0,0.0,0.0,0.0,0.0,43.976,45.293,47.084,48.887,49.705,50.473,50.974999999999994,51.372,51.782,52.148,52.451,52.775000000000006,52.958,53.173,53.344,53.494,53.645,53.719,53.843,53.873999999999995,53.89
11902166126,0.0,0.0,0.0,0.0,0.0,0.0,0.0,0.0,0.0,0.0,0.0,0.0,0.0,0.0,0.0,0.0,0.0,0.0,0.0,0.0,0.0,36.196,36.047,36.531,36.998,37.006,37.218,37.369,37.497,37.635,37.836,38.023,38.285,38.435,38.659,38.871,39.085,39.298,39.389,39.57,39.636,39.754000000000005
11902166127,0.0,0.0,0.0,0.0,0.0,0.0,0.0,0.0,0.0,0.0,0.0,0.0,0.0,0.0,0.0,0.0,0.0,0.0,0.0,0.0,0.0,37.506,37.355,37.861,38.348,38.361,38.585,38.745999999999995,38.883,39.033,39.246,39.445,39.724,39.886,40.125,40.352,40.581,40.81,40.912,41.105,41.182,41.311
11902166201,133.0,133.0,133.0,133.0,133.0,133.0,133.0,133.0,133.0,133.0,133.0,133.0,133.0,133.0,133.0,133.0,133.0,133.0,133.0,133.0,133.0,14.961,14.845,14.351,14.055,13.57,13.225,13.1,13.152,13.227,13.323,13.411,13.479,13.535,13.584,13.612000000000002,13.619,13.606,13.56,13.512,13.426,13.331
11902166202,0.0,0.0,0.0,0.0,0.0,0.0,0.0,0.0,0.0,0.0,0.0,0.0,0.0,0.0,0.0,0.0,0.0,0.0,0.0,0.0,0.0,14.835,14.696,14.145,13.968,13.796,13.698,13.62,13.581,13.582,13.619,13.658,13.693,13.722,13.738,13.742,13.732,13.715,13.655,13.6,13.496,13.389
11902166203,0.0,0.0,0.0,0.0,0.0,0.0,0.0,0.0,0.0,0.0,0.0,0.0,0.0,0.0,0.0,0.0,0.0,0.0,0.0,0.0,0.0,22.241999999999997,22.307,21.878,21.919,21.868,21.865,21.842,21.853,21.884,21.949,22.001,22.037,22.063,22.066000000000003,22.045,22.0,21.950000000000003,21.838,21.735999999999997,21.57,21.402
11902166204,99.0,99.0,99.0,99.0,99.0,99.0,99.0,99.0,99.0,99.0,99.0,99.0,99.0,99.0,99.0,99.0,99.0,99.0,99.0,99.0,99.0,26.345,26.085,25.061,24.73,24.407,24.226,24.3,24.644,25.127,25.737,26.403,27.101,27.828,28.611000000000004,29.388,30.144,30.734,31.488999999999997,32.151,32.980999999999995,33.794
11902166205,0.0,0.0,0.0,0.0,0.0,0.0,0.0,0.0,0.0,0.0,0.0,0.0,0.0,0.0,0.0,0.0,0.0,0.0,0.0,0.0,0.0,15.723,15.768999999999998,15.465,15.495,15.458,15.456,15.44,15.448,15.47,15.515,15.552,15.578,15.596,15.598,15.584,15.552,15.516000000000002,15.437,15.366,15.247,15.129
11902166206,0.0,0.0,0.0,0.0,0.0,0.0,0.0,0.0,0.0,0.0,0.0,0.0,0.0,0.0,0.0,0.0,0.0,0.0,0.0,0.0,0.0,10.879,10.822,10.485,10.423,10.36,10.35,10.358,10.377,10.394,10.42,10.456,10.495,10.504,10.515,10.515,10.498,10.489,10.443,10.393,10.31,10.222
11902166207,0.0,0.0,0.0,0.0,0.0,0.0,0.0,0.0,0.0,0.0,0.0,0.0,0.0,0.0,0.0,0.0,0.0,0.0,0.0,0.0,0.0,14.909,15.016,14.82,14.918,14.931,14.962,14.968,14.992,15.02,15.066,15.101,15.122,15.137,15.135000000000002,15.116,15.081,15.041999999999998,14.964,14.893,14.78,14.668
11902166208,0.0,0.0,0.0,0.0,0.0,0.0,0.0,0.0,0.0,0.0,0.0,0.0,0.0,0.0,0.0,0.0,0.0,0.0,0.0,0.0,0.0,17.658,17.627000000000002,16.914,16.727,16.692,16.702,16.706000000000003,16.75,16.807,16.888,16.959,17.015,17.058,17.086,17.094,17.08,17.055,16.985,16.919,16.802,16.679000000000002
11902166209,0.0,0.0,0.0,0.0,0.0,0.0,0.0,0.0,0.0,0.0,0.0,0.0,0.0,0.0,0.0,0.0,0.0,0.0,0.0,0.0,0.0,31.105,30.932,30.01,29.783,29.507,29.366,29.238999999999997,29.180999999999997,29.171,29.22,29.266,29.293,29.313,29.308,29.275,29.214999999999996,29.145,28.986,28.844,28.609,28.371
11902166210,0.0,0.0,0.0,0.0,0.0,0.0,0.0,0.0,0.0,0.0,0.0,0.0,0.0,0.0,0.0,0.0,0.0,0.0,0.0,0.0,0.0,18.289,18.177,17.627,17.484,17.319,17.233,17.16,17.132,17.134,17.175,17.215,17.243,17.267,17.276,17.268,17.242,17.21,17.125,17.048000000000002,16.915,16.779
11902166211,0.0,0.0,0.0,0.0,0.0,0.0,0.0,0.0,0.0,0.0,0.0,0.0,0.0,0.0,0.0,0.0,0.0,0.0,0.0,0.0,0.0,20.104,19.915,19.168,18.929,18.694,18.562,18.457,18.405,18.404,18.455,18.51,18.554,18.594,18.617,18.623,18.608,18.587,18.505000000000003,18.43,18.289,18.143
11902166212,0.0,0.0,0.0,0.0,0.0,0.0,0.0,0.0,0.0,0.0,0.0,0.0,0.0,0.0,0.0,0.0,0.0,0.0,0.0,0.0,0.0,12.746,12.723,12.208,12.074,12.048,12.055,12.058,12.09,12.131,12.191,12.241,12.281,12.312,12.333,12.338,12.329,12.31,12.26,12.212,12.127,12.039
11902166213,0.0,0.0,0.0,0.0,0.0,0.0,0.0,0.0,0.0,0.0,0.0,0.0,0.0,0.0,0.0,0.0,0.0,0.0,0.0,0.0,0.0,22.694,22.855,22.558,22.707,22.727,22.774,22.784,22.82,22.863,22.933999999999997,22.987,23.018,23.040999999999997,23.037,23.009,22.955,22.896,22.777,22.668999999999997,22.497,22.327
11902166214,38.0,38.0,38.0,38.0,38.0,38.0,38.0,38.0,38.0,38.0,38.0,38.0,38.0,38.0,38.0,38.0,38.0,38.0,38.0,38.0,38.0,22.238,22.066000000000003,21.333,20.893,20.171,19.659,19.473,19.55,19.662,19.802999999999997,19.935,20.036,20.119999999999997,20.192,20.234,20.244,20.225,20.158,20.086,19.957,19.817
11902166215,0.0,0.0,0.0,0.0,0.0,0.0,0.0,0.0,0.0,0.0,0.0,0.0,0.0,0.0,0.0,0.0,0.0,0.0,0.0,0.0,0.0,12.966,12.859,12.421,12.288,12.154,12.08,12.022,12.003,12.015,12.06,12.107,12.148,12.187,12.217,12.236,12.244,12.243,12.21,12.18,12.112,12.038
11902166216,0.0,0.0,0.0,0.0,0.0,0.0,0.0,0.0,0.0,0.0,0.0,0.0,0.0,0.0,0.0,0.0,0.0,0.0,0.0,0.0,0.0,16.51,16.384,15.849,15.692,15.526,15.436,15.364,15.339,15.35,15.4,15.45,15.492,15.528,15.55,15.556,15.546,15.527,15.46,15.398,15.282,15.16
11902166217,0.0,0.0,0.0,0.0,0.0,0.0,0.0,0.0,0.0,0.0,0.0,0.0,0.0,0.0,0.0,0.0,0.0,0.0,0.0,0.0,0.0,17.192,17.031,16.391,16.188000000000002,15.986999999999998,15.874,15.784,15.739,15.739,15.782,15.828,15.868,15.902,15.921,15.926000000000002,15.913,15.895,15.824000000000002,15.761,15.641000000000002,15.515
11902166218,0.0,0.0,0.0,0.0,0.0,0.0,0.0,0.0,0.0,0.0,0.0,0.0,0.0,0.0,0.0,0.0,0.0,0.0,0.0,0.0,0.0,23.264,23.332,22.884,22.927,22.874,22.87,22.847,22.858,22.89,22.958,23.012,23.05,23.077,23.08,23.058999999999997,23.012,22.959,22.842,22.736,22.561,22.386
11902166219,44.0,44.0,44.0,44.0,44.0,44.0,44.0,44.0,44.0,44.0,44.0,44.0,44.0,44.0,44.0,44.0,44.0,44.0,44.0,44.0,44.0,29.645,29.481,28.601,28.384,28.122,27.987,27.866,27.812,27.801,27.848,27.892,27.918,27.938,27.932,27.901,27.843000000000004,27.776000000000003,27.625,27.49,27.266,27.04
11902166220,0.0,0.0,0.0,0.0,0.0,0.0,0.0,0.0,0.0,0.0,0.0,0.0,0.0,0.0,0.0,0.0,0.0,0.0,0.0,0.0,0.0,15.966,15.881,15.387,15.296,15.204,15.19,15.2,15.228,15.253,15.291,15.344,15.401,15.416,15.431,15.431,15.406,15.393,15.325,15.251,15.13,15.002
11902166221,0.0,0.0,0.0,0.0,0.0,0.0,0.0,0.0,0.0,0.0,0.0,0.0,0.0,0.0,0.0,0.0,0.0,0.0,0.0,0.0,0.0,25.744999999999997,25.648,25.015,24.891,24.722,24.649,24.584,24.601,24.658,24.772,24.887,24.993,25.098,25.204,25.3,25.376,25.426,25.448,25.468,25.453,25.43
11902166222,0.0,0.0,0.0,0.0,0.0,0.0,0.0,0.0,0.0,0.0,0.0,0.0,0.0,0.0,0.0,0.0,0.0,0.0,0.0,0.0,0.0,21.957,21.736,20.877,20.596,20.326,20.172,20.044,19.968,19.956,20.002,20.053,20.096,20.135,20.157,20.161,20.143,20.119,20.03,19.948,19.795,19.636
11902166223,0.0,0.0,0.0,0.0,0.0,0.0,0.0,0.0,0.0,0.0,0.0,0.0,0.0,0.0,0.0,0.0,0.0,0.0,0.0,0.0,0.0,30.212,30.026,29.119,28.882,28.61,28.467,28.346,28.299999999999997,28.304,28.372,28.436,28.484,28.522999999999996,28.538,28.526,28.483000000000004,28.427999999999997,28.289,28.161,27.942,27.716
11902166224,0.0,0.0,0.0,0.0,0.0,0.0,0.0,0.0,0.0,0.0,0.0,0.0,0.0,0.0,0.0,0.0,0.0,0.0,0.0,0.0,0.0,12.681,12.528,11.976,11.788,11.7,11.678999999999998,11.65,11.651,11.672,11.712,11.75,11.777,11.802,11.821,11.828,11.825,11.816,11.777,11.743,11.679,11.612
11902166225,0.0,0.0,0.0,0.0,0.0,0.0,0.0,0.0,0.0,0.0,0.0,0.0,0.0,0.0,0.0,0.0,0.0,0.0,0.0,0.0,0.0,32.591,32.196,31.578,31.554,31.32,31.26,31.267,31.406,31.594,31.841,32.077,32.289,32.491,32.676,32.831,32.955,33.034000000000006,33.076,33.109,33.102000000000004,33.085
11902166226,0.0,0.0,0.0,0.0,0.0,0.0,0.0,0.0,0.0,0.0,0.0,0.0,0.0,0.0,0.0,0.0,0.0,0.0,0.0,0.0,0.0,21.693,21.487,20.65,20.383,20.125,19.982,19.872,19.814,19.811,19.865,19.925,19.979,20.02,20.046999999999997,20.054,20.039,20.018,19.93,19.848,19.693,19.532
11902166227,0.0,0.0,0.0,0.0,0.0,0.0,0.0,0.0,0.0,0.0,0.0,0.0,0.0,0.0,0.0,0.0,0.0,0.0,0.0,0.0,0.0,26.593,26.493,25.705,25.546999999999997,25.377,25.319000000000003,25.317,25.366,25.424,25.539,25.677999999999997,25.835,25.916,26.012,26.078,26.097,26.122,26.055,25.973,25.806,25.619
11902166228,0.0,0.0,0.0,0.0,0.0,0.0,0.0,0.0,0.0,0.0,0.0,0.0,0.0,0.0,0.0,0.0,0.0,0.0,0.0,0.0,0.0,22.388,22.299999999999997,21.697,21.574,21.418999999999997,21.352,21.432,21.664,21.935,22.278,22.641,23.018,23.378,23.762,24.128,24.465000000000003,24.726,25.028,25.283,25.583,25.871
11902166229,0.0,0.0,0.0,0.0,0.0,0.0,0.0,0.0,0.0,0.0,0.0,0.0,0.0,0.0,0.0,0.0,0.0,0.0,0.0,0.0,0.0,10.207,10.165,9.847,9.785,9.705,9.667,9.632,9.62,9.631,9.664,9.698,9.728,9.755,9.776,9.789,9.794,9.793,9.769,9.749,9.702,9.654
11902166230,0.0,0.0,0.0,0.0,0.0,0.0,0.0,0.0,0.0,0.0,0.0,0.0,0.0,0.0,0.0,0.0,0.0,0.0,0.0,0.0,0.0,15.081,15.024,14.576999999999998,14.487,14.391000000000002,14.358,14.358,14.384,14.418,14.483,14.562,14.651,14.697,14.751,14.788,14.8,14.813,14.776,14.729,14.634,14.528
11902166231,0.0,0.0,0.0,0.0,0.0,0.0,0.0,0.0,0.0,0.0,0.0,0.0,0.0,0.0,0.0,0.0,0.0,0.0,0.0,0.0,0.0,22.607999999999997,22.487,21.787,21.658,21.527,21.508,21.522,21.562,21.598,21.651,21.725,21.808,21.827,21.849,21.85,21.814,21.797,21.699,21.595,21.423,21.24
11902166232,36.0,36.0,36.0,36.0,36.0,36.0,36.0,36.0,36.0,36.0,36.0,36.0,36.0,36.0,36.0,36.0,36.0,36.0,36.0,36.0,36.0,17.916,17.849,17.407,17.322,17.204,17.153,17.109,17.12,17.16,17.239,17.319000000000003,17.392,17.466,17.54,17.606,17.66,17.694000000000003,17.709,17.723,17.713,17.697
11902166233,0.0,0.0,0.0,0.0,0.0,0.0,0.0,0.0,0.0,0.0,0.0,0.0,0.0,0.0,0.0,0.0,0.0,0.0,0.0,0.0,0.0,14.779,14.637999999999998,14.068,13.886,13.711,13.613,13.538,13.499,13.496,13.533,13.573999999999998,13.61,13.639,13.658,13.662,13.652,13.638000000000002,13.577000000000002,13.521,13.416,13.306
11902166234,0.0,0.0,0.0,0.0,0.0,0.0,0.0,0.0,0.0,0.0,0.0,0.0,0.0,0.0,0.0,0.0,0.0,0.0,0.0,0.0,0.0,26.742,26.523,25.616999999999997,25.345,25.067,24.915,24.796,24.756,24.781,24.873,24.97,25.056,25.134,25.198,25.238,25.253,25.251,25.182,25.119,24.98,24.829
11902166235,205.0,205.0,205.0,205.0,205.0,205.0,205.0,205.0,205.0,205.0,205.0,205.0,205.0,205.0,205.0,205.0,205.0,205.0,205.0,205.0,205.0,22.704,22.664,22.802,23.175,23.127,23.14,23.146,23.207,23.285,23.398,23.495,23.571,23.632,23.669,23.68,23.66,23.626,23.528,23.435,23.272,23.102
11902166236,0.0,0.0,0.0,0.0,0.0,0.0,0.0,0.0,0.0,0.0,0.0,0.0,0.0,0.0,0.0,0.0,0.0,0.0,0.0,0.0,0.0,33.732,33.594,32.545,32.336,32.074,31.948,31.835,31.793999999999997,31.829,31.939,32.051,32.147999999999996,32.239000000000004,32.308,32.352999999999994,32.366,32.366,32.287,32.218,32.065,31.904
11902166237,0.0,0.0,0.0,0.0,0.0,0.0,0.0,0.0,0.0,0.0,0.0,0.0,0.0,0.0,0.0,0.0,0.0,0.0,0.0,0.0,0.0,9.325,9.29,9.013,8.958,8.898,8.878,8.878,8.894,8.914,8.955,9.004000000000001,9.059,9.087,9.121,9.144,9.151,9.159,9.136,9.107,9.049,8.983
11902166238,0.0,0.0,0.0,0.0,0.0,0.0,0.0,0.0,0.0,0.0,0.0,0.0,0.0,0.0,0.0,0.0,0.0,0.0,0.0,0.0,0.0,10.584,10.502,10.159,10.059,9.953,9.895,9.849,9.832,9.839,9.872,9.904,9.93,9.954,9.968,9.973,9.965,9.953,9.91,9.871,9.797,9.718
11902166239,59.0,59.0,59.0,59.0,59.0,59.0,59.0,59.0,59.0,59.0,59.0,59.0,59.0,59.0,59.0,59.0,59.0,59.0,59.0,59.0,59.0,28.339,28.055,26.945,26.585,26.235,26.036,25.885,25.814,25.822000000000003,25.906,25.998,26.08,26.155,26.209000000000003,26.238999999999997,26.241,26.231,26.141,26.06,25.894,25.718
11902166240,0.0,0.0,0.0,0.0,0.0,0.0,0.0,0.0,0.0,0.0,0.0,0.0,0.0,0.0,0.0,0.0,0.0,0.0,0.0,0.0,0.0,13.932,13.793,13.252,13.077,12.907,12.81,12.585,12.341,12.179,12.089,12.029,11.987,11.96,11.959,11.956,11.945,11.931,11.881,11.84,11.768,11.694
11902166241,70.0,70.0,70.0,70.0,70.0,70.0,70.0,70.0,70.0,70.0,70.0,70.0,70.0,70.0,70.0,70.0,70.0,70.0,70.0,70.0,70.0,13.986,14.085,13.902,13.994,14.006999999999998,14.035,14.041,14.063,14.09,14.133,14.166,14.186,14.199000000000002,14.197,14.18,14.146,14.111,14.037,13.971,13.864,13.760000000000002
11902166242,0.0,0.0,0.0,0.0,0.0,0.0,0.0,0.0,0.0,0.0,0.0,0.0,0.0,0.0,0.0,0.0,0.0,0.0,0.0,0.0,0.0,28.034,27.817,26.892000000000003,27.105000000000004,28.021,29.115,29.806,30.344,30.942,31.592,32.229,32.825,33.394,33.949,34.455,34.908,35.224000000000004,35.597,35.903,36.246,36.56
11902166243,0.0,0.0,0.0,0.0,0.0,0.0,0.0,0.0,0.0,0.0,0.0,0.0,0.0,0.0,0.0,0.0,0.0,0.0,0.0,0.0,0.0,19.123,19.048,18.532,18.427,18.296,18.238,18.108,17.979,17.887,17.857,17.843,17.84,17.825,17.828,17.819000000000003,17.789,17.759,17.672,17.589,17.454,17.317
11902166244,0.0,0.0,0.0,0.0,0.0,0.0,0.0,0.0,0.0,0.0,0.0,0.0,0.0,0.0,0.0,0.0,0.0,0.0,0.0,0.0,0.0,23.84,23.552,22.515,22.161,21.997,21.955,21.903,21.906,21.942,22.019,22.089,22.142,22.189,22.223,22.237,22.231,22.214,22.141,22.076,21.956000000000003,21.83
11902166303,0.0,0.0,0.0,0.0,0.0,0.0,0.0,0.0,0.0,0.0,0.0,0.0,0.0,0.0,0.0,0.0,0.0,0.0,0.0,0.0,0.0,27.786,27.835,28.001,27.536,27.398,27.247,27.173,27.193,27.286,27.482,27.729999999999997,27.968000000000004,28.229,28.476,28.737,28.914,29.073,29.188,29.235,29.223999999999997,29.171
11902166304,0.0,0.0,0.0,0.0,0.0,0.0,0.0,0.0,0.0,0.0,0.0,0.0,0.0,0.0,0.0,0.0,0.0,0.0,0.0,0.0,0.0,26.996,27.104999999999997,27.345,26.974,26.855000000000004,26.693,26.561,26.531,26.554,26.643,26.767,26.872,27.008,27.115,27.255,27.304,27.361,27.387,27.348999999999997,27.269,27.155
11902166305,0.0,0.0,0.0,0.0,0.0,0.0,0.0,0.0,0.0,0.0,0.0,0.0,0.0,0.0,0.0,0.0,0.0,0.0,0.0,0.0,0.0,23.65,23.773,24.08,23.773000000000003,23.648,23.473,23.359,23.34,23.405,23.594,23.841,24.099,24.396,24.680999999999997,24.971,25.189,25.378,25.523,25.602000000000004,25.636000000000003,25.634
11902166306,39.0,39.0,39.0,39.0,39.0,39.0,39.0,39.0,39.0,39.0,39.0,39.0,39.0,39.0,39.0,39.0,39.0,39.0,39.0,39.0,39.0,21.082,21.168,21.356,21.065,20.972,20.846,20.743,20.72,20.738,20.806,20.904,20.986,21.092,21.176,21.285,21.323,21.366999999999997,21.388,21.357999999999997,21.296,21.207
11902166307,35.0,35.0,35.0,35.0,35.0,35.0,35.0,35.0,35.0,35.0,35.0,35.0,35.0,35.0,35.0,35.0,35.0,35.0,35.0,35.0,35.0,31.956000000000003,32.123,32.537,32.122,31.954,31.717,31.564,31.537999999999997,31.625,31.88,32.214,32.563,32.964,33.349000000000004,33.741,34.035,34.291000000000004,34.489,34.593,34.64,34.638
11902166308,0.0,0.0,0.0,0.0,0.0,0.0,0.0,0.0,0.0,0.0,0.0,0.0,0.0,0.0,0.0,0.0,0.0,0.0,0.0,0.0,0.0,13.224999999999998,13.248,13.327,13.106000000000002,13.041,12.968,12.934,12.943,12.988,13.08,13.198999999999998,13.311,13.436,13.554,13.677,13.761,13.838,13.893,13.914,13.91,13.885
11902166310,0.0,0.0,0.0,0.0,0.0,0.0,0.0,0.0,0.0,0.0,0.0,0.0,0.0,0.0,0.0,0.0,0.0,0.0,0.0,0.0,0.0,21.775,21.813,21.943,21.579,21.471,21.352,21.294,21.31,21.383,21.536,21.732,21.916,22.122,22.315,22.520000000000003,22.658,22.782,22.874,22.91,22.902,22.86
11902166311,160.0,160.0,160.0,160.0,160.0,160.0,160.0,160.0,160.0,160.0,160.0,160.0,160.0,160.0,160.0,160.0,160.0,160.0,160.0,160.0,160.0,14.086,14.145,14.265,14.052,13.998,13.932,13.903,13.919999999999998,13.972,14.076,14.207999999999998,14.334,14.474,14.605,14.745,14.841,14.927,14.991,15.021,15.02,14.998
11902166312,0.0,0.0,0.0,0.0,0.0,0.0,0.0,0.0,0.0,0.0,0.0,0.0,0.0,0.0,0.0,0.0,0.0,0.0,0.0,0.0,0.0,16.045,16.113999999999997,16.25,16.007,15.945,15.871,15.837,15.856,15.915,16.035,16.185,16.329,16.488,16.637999999999998,16.797,16.905,17.003999999999998,17.078000000000003,17.111,17.109,17.084
11902166313,28.0,28.0,28.0,28.0,28.0,28.0,28.0,28.0,28.0,28.0,28.0,28.0,28.0,28.0,28.0,28.0,28.0,28.0,28.0,28.0,28.0,19.598,19.681,19.847,19.549999999999997,19.475,19.384,19.343,19.366,19.439,19.584,19.768,19.943,20.137,20.321,20.515,20.647,20.768,20.858,20.898,20.897,20.866
11902166314,0.0,0.0,0.0,0.0,0.0,0.0,0.0,0.0,0.0,0.0,0.0,0.0,0.0,0.0,0.0,0.0,0.0,0.0,0.0,0.0,0.0,16.15,16.236,16.445,16.235,16.15,16.03,15.953,15.94,15.984,16.113,16.281,16.457,16.661,16.855,17.054,17.203000000000003,17.331,17.43,17.484,17.508,17.506999999999998
11904137704,130.0,130.0,130.0,130.0,130.0,130.0,130.0,130.0,130.0,130.0,130.0,130.0,130.0,130.0,130.0,130.0,130.0,130.0,130.0,130.0,130.0,24.586,24.042,23.56,23.348,23.073,22.866,22.63,22.417,22.582,23.083,23.686,24.396,25.151,26.289,27.549,28.807,30.082,31.430999999999997,32.838,34.223,35.573
11904137707,0.0,0.0,0.0,0.0,0.0,0.0,0.0,0.0,0.0,0.0,0.0,0.0,0.0,0.0,0.0,0.0,0.0,0.0,0.0,0.0,0.0,24.476,24.255000000000003,24.719,25.172,25.534,25.706,25.789,25.871,25.877,25.903,25.907,25.886000000000003,25.786,25.677,25.56,25.39,25.164,24.976,24.805,24.615,24.396
11904137709,29.0,29.0,29.0,29.0,29.0,29.0,29.0,29.0,29.0,29.0,29.0,29.0,29.0,29.0,29.0,29.0,29.0,29.0,29.0,29.0,29.0,15.188,14.816,14.459,14.264,14.042,13.879,13.708,13.556,13.4,13.263,13.121,12.985,12.831,12.687,12.547,12.374,12.191,12.034,11.898,11.763,11.626
11904137710,46.0,46.0,46.0,46.0,46.0,46.0,46.0,46.0,46.0,46.0,46.0,46.0,46.0,46.0,46.0,46.0,46.0,46.0,46.0,46.0,46.0,13.483,13.184,12.92,12.803999999999998,12.653,12.54,12.41,12.293,11.939,11.517,11.187,10.94,10.735,10.584,10.494,10.415,10.349,10.313,10.298,10.279,10.251
11904137711,0.0,0.0,0.0,0.0,0.0,0.0,0.0,0.0,0.0,0.0,0.0,0.0,0.0,0.0,0.0,0.0,0.0,0.0,0.0,0.0,0.0,13.807,13.469,13.145,12.968,12.765,12.617,12.461,12.323,12.182,12.057,11.928,11.804,11.665,11.533,11.406,11.249,11.082999999999998,10.94,10.816,10.694,10.569
11904137712,0.0,0.0,0.0,0.0,0.0,0.0,0.0,0.0,0.0,0.0,0.0,0.0,0.0,0.0,0.0,0.0,0.0,0.0,0.0,0.0,0.0,14.55,14.293,14.042,14.053999999999998,13.996,13.96,13.891,13.83,13.734,13.648,13.572,13.508,13.425,13.34,13.267,13.164,13.048,12.953,12.871,12.78,12.678
11904137721,89.0,89.0,89.0,89.0,89.0,89.0,89.0,89.0,89.0,89.0,89.0,89.0,89.0,89.0,89.0,89.0,89.0,89.0,89.0,89.0,89.0,22.899,22.546,22.394,22.526000000000003,22.562,22.571,22.515,22.468,22.416,22.404,22.380000000000003,22.351999999999997,22.276,22.191000000000003,22.106,21.954,21.771,21.614,21.474,21.315,21.139
11904137722,0.0,0.0,0.0,0.0,0.0,0.0,0.0,0.0,0.0,0.0,0.0,0.0,0.0,0.0,0.0,0.0,0.0,0.0,0.0,0.0,0.0,27.631,27.135,26.363999999999997,26.221,26.042,26.053,25.986,25.922,25.872,25.85,25.819,25.795,25.705,25.604,25.504,25.321,25.105,24.918,24.75,24.555999999999997,24.349
11904137723,0.0,0.0,0.0,0.0,0.0,0.0,0.0,0.0,0.0,0.0,0.0,0.0,0.0,0.0,0.0,0.0,0.0,0.0,0.0,0.0,0.0,22.239,21.841,21.837,22.126,22.321,22.329,22.272,22.217,22.173,22.155,22.128,22.107,22.03,21.943,21.858,21.700000000000003,21.515,21.354,21.211,21.043,20.866999999999997
11904137724,0.0,0.0,0.0,0.0,0.0,0.0,0.0,0.0,0.0,0.0,0.0,0.0,0.0,0.0,0.0,0.0,0.0,0.0,0.0,0.0,0.0,25.058999999999997,24.615,24.183999999999997,24.205,24.105,24.043,23.924,23.818,23.653,23.503,23.374,23.263,23.122,22.973999999999997,22.849,22.671,22.472,22.308,22.168,22.009,21.834000000000003
11904137725,0.0,0.0,0.0,0.0,0.0,0.0,0.0,0.0,0.0,0.0,0.0,0.0,0.0,0.0,0.0,0.0,0.0,0.0,0.0,0.0,0.0,22.634,22.232999999999997,21.844,21.862,21.772,21.716,21.609,21.513,21.592,21.832,22.085,22.352,22.586,22.901,23.233,23.504,23.746,24.018,24.31,24.573,24.813
11904137726,158.0,158.0,158.0,158.0,158.0,158.0,158.0,158.0,158.0,158.0,158.0,158.0,158.0,158.0,158.0,158.0,158.0,158.0,158.0,158.0,158.0,11.697,11.483,10.758,10.499,10.181,9.997,9.846,9.747,9.87,10.125,10.324000000000002,10.482,10.586,10.685,10.749,10.751,10.712,10.666,10.615,10.542,10.452
11904137727,0.0,0.0,0.0,0.0,0.0,0.0,0.0,0.0,0.0,0.0,0.0,0.0,0.0,0.0,0.0,0.0,0.0,0.0,0.0,0.0,0.0,35.845,35.189,35.937,37.001000000000005,38.815,40.315,41.87,43.594,45.014,46.177,47.085,47.807,48.279,48.732,49.021,49.029,48.852,48.643,48.411,48.077,47.669
11904137728,0.0,0.0,0.0,0.0,0.0,0.0,0.0,0.0,0.0,0.0,0.0,0.0,0.0,0.0,0.0,0.0,0.0,0.0,0.0,0.0,0.0,20.686,20.319000000000003,19.914,19.903,19.791,19.731,19.623,19.524,19.446,19.388,19.337,19.302999999999997,19.221,19.128,19.041,18.894,18.726,18.582,18.454,18.305,18.151
11904137729,0.0,0.0,0.0,0.0,0.0,0.0,0.0,0.0,0.0,0.0,0.0,0.0,0.0,0.0,0.0,0.0,0.0,0.0,0.0,0.0,0.0,30.78,30.344,30.308,30.566,30.699,30.752,30.709000000000003,30.675,30.619,30.612,30.583,30.544,30.438,30.321,30.205,29.994,29.74,29.520000000000003,29.325,29.101,28.854999999999997
11904137730,15.0,15.0,15.0,15.0,15.0,15.0,15.0,15.0,15.0,15.0,15.0,15.0,15.0,15.0,15.0,15.0,15.0,15.0,15.0,15.0,15.0,22.472,22.154,22.127,22.315,22.414,22.452,22.42,22.396,22.355,22.35,22.328,22.3,22.224,22.137,22.052,21.898,21.713,21.552,21.41,21.247,21.066
11904137731,0.0,0.0,0.0,0.0,0.0,0.0,0.0,0.0,0.0,0.0,0.0,0.0,0.0,0.0,0.0,0.0,0.0,0.0,0.0,0.0,0.0,11.843,11.633,11.401,11.395,11.331,11.296,11.235,11.178,11.133,11.1,11.071000000000002,11.052,11.004,10.951,10.901,10.817,10.721,10.638,10.565,10.48,10.392
11904137732,0.0,0.0,0.0,0.0,0.0,0.0,0.0,0.0,0.0,0.0,0.0,0.0,0.0,0.0,0.0,0.0,0.0,0.0,0.0,0.0,0.0,17.715,17.416,17.177,17.222,17.184,17.156,17.084,17.019,16.962,16.936999999999998,16.908,16.877,16.811,16.735,16.66,16.536,16.39,16.264000000000003,16.152,16.025,15.887
11904137733,0.0,0.0,0.0,0.0,0.0,0.0,0.0,0.0,0.0,0.0,0.0,0.0,0.0,0.0,0.0,0.0,0.0,0.0,0.0,0.0,0.0,19.216,18.892000000000003,18.633,18.680999999999997,18.64,18.61,18.531,18.461,18.399,18.372,18.341,18.308,18.236,18.153,18.072,17.938,17.778,17.642,17.52,17.383,17.233
11904137734,0.0,0.0,0.0,0.0,0.0,0.0,0.0,0.0,0.0,0.0,0.0,0.0,0.0,0.0,0.0,0.0,0.0,0.0,0.0,0.0,0.0,18.38,18.097,17.974,18.08,18.109,18.116,18.071,18.033,17.991999999999997,17.982,17.963,17.94,17.878999999999998,17.811,17.743,17.622,17.474,17.348,17.237000000000002,17.108,16.967
11904138001,0.0,0.0,0.0,0.0,0.0,0.0,0.0,0.0,0.0,0.0,0.0,0.0,0.0,0.0,0.0,0.0,0.0,0.0,0.0,0.0,0.0,22.094,22.432,23.331,23.382,23.706000000000003,23.933999999999997,24.123,24.356,24.578000000000003,24.767,24.942,25.104,25.229,25.324,25.399,25.428000000000004,25.434,25.381,25.317,25.211,25.073
11904138002,0.0,0.0,0.0,0.0,0.0,0.0,0.0,0.0,0.0,0.0,0.0,0.0,0.0,0.0,0.0,0.0,0.0,0.0,0.0,0.0,0.0,20.602,20.883,21.632,21.575,21.773,21.881,21.963,22.106,22.255000000000003,22.4,22.535,22.662,22.761000000000003,22.847,22.917,22.947,22.952,22.908,22.851,22.753,22.628
11904138003,0.0,0.0,0.0,0.0,0.0,0.0,0.0,0.0,0.0,0.0,0.0,0.0,0.0,0.0,0.0,0.0,0.0,0.0,0.0,0.0,0.0,12.162,12.344,12.826,12.826999999999998,12.978000000000002,13.078,13.155,13.25,13.342,13.428,13.508,13.581,13.637,13.686,13.726,13.746,13.75,13.726,13.694,13.638,13.566
11904138004,89.0,89.0,89.0,89.0,89.0,89.0,89.0,89.0,89.0,89.0,89.0,89.0,89.0,89.0,89.0,89.0,89.0,89.0,89.0,89.0,89.0,14.309,14.523,15.09,15.091,15.268,15.386,15.478000000000002,15.588,15.697,15.797999999999998,15.891,15.977,16.043,16.101,16.149,16.171,16.177,16.148,16.111,16.045,15.961
11904138005,0.0,0.0,0.0,0.0,0.0,0.0,0.0,0.0,0.0,0.0,0.0,0.0,0.0,0.0,0.0,0.0,0.0,0.0,0.0,0.0,0.0,17.394,17.631,18.264,18.216,18.383,18.475,18.544,18.664,18.79,18.913,19.027,19.133,19.218,19.291,19.349,19.375,19.379,19.342,19.293,19.21,19.105
11904138007,96.0,96.0,96.0,96.0,96.0,96.0,96.0,96.0,96.0,96.0,96.0,96.0,96.0,96.0,96.0,96.0,96.0,96.0,96.0,96.0,96.0,20.167,20.477,21.296,21.342,21.64,21.847,22.019,22.232,22.434,22.607,22.766,22.915,23.029,23.116,23.185,23.212000000000003,23.216,23.168,23.109,23.012,22.886000000000003
11904138016,0.0,0.0,0.0,0.0,0.0,0.0,0.0,0.0,0.0,0.0,0.0,0.0,0.0,0.0,0.0,0.0,0.0,0.0,0.0,0.0,0.0,14.666,14.886,15.467,15.468,15.65,15.77,15.864,15.978,16.089000000000002,16.193,16.288,16.375999999999998,16.444,16.503999999999998,16.552,16.575,16.581,16.552,16.512999999999998,16.446,16.359
11904138021,60.0,60.0,60.0,60.0,60.0,60.0,60.0,60.0,60.0,60.0,60.0,60.0,60.0,60.0,60.0,60.0,60.0,60.0,60.0,60.0,60.0,15.122,15.333,15.895,15.861,16.015,16.103,16.169,16.276,16.386000000000003,16.492,16.591,16.683,16.755,16.817,16.868000000000002,16.89,16.893,16.862,16.819000000000003,16.747,16.655
11904138102,84.0,84.0,84.0,84.0,84.0,84.0,84.0,84.0,84.0,84.0,84.0,84.0,84.0,84.0,84.0,84.0,84.0,84.0,84.0,84.0,84.0,12.079999999999998,12.031,11.985,12.152,12.264,12.377,12.481,12.582,12.692,12.803,12.952,13.071,13.15,13.241,13.348,13.433,13.568,13.659,13.69,13.786,13.752
11904138103,42.0,42.0,42.0,42.0,42.0,42.0,42.0,42.0,42.0,42.0,42.0,42.0,42.0,42.0,42.0,42.0,42.0,42.0,42.0,42.0,42.0,21.059,20.973,20.894,21.185,21.378,21.576,21.757,21.933999999999997,22.126,22.319,22.579,22.786,22.924,23.082,23.268,23.418,23.652,23.811,23.865,24.032,23.972
11904138104,75.0,75.0,75.0,75.0,75.0,75.0,75.0,75.0,75.0,75.0,75.0,75.0,75.0,75.0,75.0,75.0,75.0,75.0,75.0,75.0,75.0,21.069000000000003,20.269,21.596,23.459,25.588,28.013,29.145,30.06,31.23,32.624,34.03,35.472,36.931,38.442,39.957,41.482,42.976,44.438,45.866,47.227,48.559
11904138106,41.0,41.0,41.0,41.0,41.0,41.0,41.0,41.0,41.0,41.0,41.0,41.0,41.0,41.0,41.0,41.0,41.0,41.0,41.0,41.0,41.0,9.62,9.255,8.481,8.144,7.933,7.896000000000001,8.129,8.387,8.489,8.526,8.553,8.576,8.600999999999999,8.636,8.671,8.705,8.732,8.75,8.761,8.759,8.751999999999999
11904138107,0.0,0.0,0.0,0.0,0.0,0.0,0.0,0.0,0.0,0.0,0.0,0.0,0.0,0.0,0.0,0.0,0.0,0.0,0.0,0.0,0.0,11.278,11.048,10.729,10.639,10.484,10.431,10.332,10.28,10.38,10.587,10.815,11.064,11.331,11.616,11.908,12.204,12.493,12.772,13.039,13.289,13.523
11904138108,0.0,0.0,0.0,0.0,0.0,0.0,0.0,0.0,0.0,0.0,0.0,0.0,0.0,0.0,0.0,0.0,0.0,0.0,0.0,0.0,0.0,26.409,25.868,25.124,24.911,24.548,24.424999999999997,24.194000000000003,24.071,23.863999999999997,23.668,23.509,23.381,23.298,23.256,23.229,23.21,23.181,23.135,23.07,22.978,22.866
11904138109,0.0,0.0,0.0,0.0,0.0,0.0,0.0,0.0,0.0,0.0,0.0,0.0,0.0,0.0,0.0,0.0,0.0,0.0,0.0,0.0,0.0,19.138,19.172,19.108,19.312,19.371,19.535,17.927999999999997,16.813,16.88,17.802,19.16,20.894,22.899,25.094,27.402,29.778,32.17,34.542,36.874,39.141000000000005,41.344
11904138110,0.0,0.0,0.0,0.0,0.0,0.0,0.0,0.0,0.0,0.0,0.0,0.0,0.0,0.0,0.0,0.0,0.0,0.0,0.0,0.0,0.0,16.429000000000002,16.297,15.944,15.892,15.716,15.661,15.54,15.487000000000002,15.455000000000002,15.453,15.453,15.453,15.459,15.475,15.489999999999998,15.499,15.494,15.474,15.435,15.379,15.305
11904138111,0.0,0.0,0.0,0.0,0.0,0.0,0.0,0.0,0.0,0.0,0.0,0.0,0.0,0.0,0.0,0.0,0.0,0.0,0.0,0.0,0.0,31.216,30.965,30.293999999999997,30.193,29.860999999999997,29.756,29.526000000000003,29.426,29.363,29.36,29.361,29.361,29.372,29.402,29.43,29.448,29.439,29.399,29.327,29.22,29.081000000000003
11904138112,36.0,36.0,36.0,36.0,36.0,36.0,36.0,36.0,36.0,36.0,36.0,36.0,36.0,36.0,36.0,36.0,36.0,36.0,36.0,36.0,36.0,21.022,21.058,20.989,21.212,21.277,21.456000000000003,23.849,26.78,29.667,32.952,37.004,41.81,47.181,52.98,59.068,65.347,71.701,78.044,84.328,90.477,96.497
11904138113,0.0,0.0,0.0,0.0,0.0,0.0,0.0,0.0,0.0,0.0,0.0,0.0,0.0,0.0,0.0,0.0,0.0,0.0,0.0,0.0,0.0,19.944,19.772,19.326,19.249,19.026,18.953000000000003,18.8,18.729,19.034,19.607,20.261000000000003,20.997,21.801,22.662999999999997,23.563,24.481,25.393,26.289,27.165,28.0,28.807
11904138114,0.0,0.0,0.0,0.0,0.0,0.0,0.0,0.0,0.0,0.0,0.0,0.0,0.0,0.0,0.0,0.0,0.0,0.0,0.0,0.0,0.0,21.297,21.110999999999997,20.636,20.554,20.316,20.238,20.074,20.0,19.695,19.352,19.087,18.892,18.772,18.711,18.683,18.673,18.658,18.634,18.596,18.535,18.459
11904138115,0.0,0.0,0.0,0.0,0.0,0.0,0.0,0.0,0.0,0.0,0.0,0.0,0.0,0.0,0.0,0.0,0.0,0.0,0.0,0.0,0.0,0.0,0.0,0.0,0.0,0.0,0.0,0.0,0.0,0.0,0.0,0.0,0.0,0.0,0.0,0.0,0.0,0.0,0.0,0.0,0.0,0.0
11904138116,0.0,0.0,0.0,0.0,0.0,0.0,0.0,0.0,0.0,0.0,0.0,0.0,0.0,0.0,0.0,0.0,0.0,0.0,0.0,0.0,0.0,23.907,23.857,22.951,22.611,22.161,21.976,21.497,21.193,21.416,21.882,22.266,22.576,22.825000000000003,23.017,23.153,23.243,23.281,23.277,23.235,23.152,23.042
11904138117,0.0,0.0,0.0,0.0,0.0,0.0,0.0,0.0,0.0,0.0,0.0,0.0,0.0,0.0,0.0,0.0,0.0,0.0,0.0,0.0,0.0,25.449,25.395,24.433,24.069000000000003,23.591,23.395,22.884,22.559,22.798,23.293,23.703000000000003,24.033,24.297,24.502,24.647,24.743,24.784,24.779,24.734,24.646,24.529
11904138118,40.0,40.0,40.0,40.0,40.0,40.0,40.0,40.0,40.0,40.0,40.0,40.0,40.0,40.0,40.0,40.0,40.0,40.0,40.0,40.0,40.0,41.644000000000005,41.556,42.619,44.42,46.0,47.900000000000006,50.376999999999995,53.3,55.173,56.364999999999995,57.348,58.136,58.766,59.252,59.593,59.816,59.904,59.884,59.769000000000005,59.544,59.255
11904138120,96.0,96.0,96.0,96.0,96.0,96.0,96.0,96.0,96.0,96.0,96.0,96.0,96.0,96.0,96.0,96.0,96.0,96.0,96.0,96.0,96.0,20.2,20.472,20.223,20.116,19.807,19.766,19.677,19.679,19.644,19.607,19.565,19.526,19.499,19.483,19.467,19.454,19.433,19.409,19.375,19.329,19.275
11904138121,0.0,0.0,0.0,0.0,0.0,0.0,0.0,0.0,0.0,0.0,0.0,0.0,0.0,0.0,0.0,0.0,0.0,0.0,0.0,0.0,0.0,43.034,43.614,43.084,42.857,42.199,42.11,41.92,41.924,42.117,42.451,42.787,43.141000000000005,43.521,43.923,44.326,44.734,45.123000000000005,45.505,45.862,46.187,46.489
11904138135,0.0,0.0,0.0,0.0,0.0,0.0,0.0,0.0,0.0,0.0,0.0,0.0,0.0,0.0,0.0,0.0,0.0,0.0,0.0,0.0,0.0,16.053,16.032,15.816,15.867,15.769000000000002,15.768,15.7,15.689,15.694,15.725,15.764,15.798,15.832999999999998,15.876,15.922,15.96,15.993,16.003999999999998,15.991,15.97,15.914
11904138136,0.0,0.0,0.0,0.0,0.0,0.0,0.0,0.0,0.0,0.0,0.0,0.0,0.0,0.0,0.0,0.0,0.0,0.0,0.0,0.0,0.0,22.467,22.431,22.109,22.158,21.984,21.963,21.826,21.775,21.743,21.747,21.749,21.75,21.762,21.785,21.805,21.818,21.808999999999997,21.78,21.728,21.645000000000003,21.544
11904138138,0.0,0.0,0.0,0.0,0.0,0.0,0.0,0.0,0.0,0.0,0.0,0.0,0.0,0.0,0.0,0.0,0.0,0.0,0.0,0.0,0.0,22.44,22.680999999999997,22.657,22.972,22.999,23.095,23.032,23.046,23.511,24.342,25.335,26.491,27.771,29.174,30.646,32.169,33.699,35.218,36.718,38.17,39.592
11904138139,0.0,0.0,0.0,0.0,0.0,0.0,0.0,0.0,0.0,0.0,0.0,0.0,0.0,0.0,0.0,0.0,0.0,0.0,0.0,0.0,0.0,28.479,36.684,36.284,36.367999999999995,36.324,36.692,38.551,40.79,41.872,42.291,42.599999999999994,42.83,43.008,43.141000000000005,43.218,43.256,43.24,43.182,43.083,42.933,42.756
11904138143,0.0,0.0,0.0,0.0,0.0,0.0,0.0,0.0,0.0,0.0,0.0,0.0,0.0,0.0,0.0,0.0,0.0,0.0,0.0,0.0,0.0,11.417,11.183,10.861,10.769,10.612,10.559,10.459,10.405,10.316,10.232,10.162,10.107,10.072,10.054,10.042,10.033,10.021,10.002,9.973,9.934,9.885
11904138144,0.0,0.0,0.0,0.0,0.0,0.0,0.0,0.0,0.0,0.0,0.0,0.0,0.0,0.0,0.0,0.0,0.0,0.0,0.0,0.0,0.0,23.383,22.904,22.244,22.057,21.736,21.627,21.421,21.313,21.328,21.459,21.631,21.836,22.082,22.364,22.659,22.962,23.254,23.528,23.78,24.003,24.202
11904138146,0.0,0.0,0.0,0.0,0.0,0.0,0.0,0.0,0.0,0.0,0.0,0.0,0.0,0.0,0.0,0.0,0.0,0.0,0.0,0.0,0.0,18.959,20.582,25.984,31.485999999999997,36.643,41.585,43.873000000000005,45.659,48.104,50.995000000000005,53.843,56.666,59.411,62.151,64.819,67.447,69.981,72.43299999999999,74.807,77.064,79.256
11904138147,0.0,0.0,0.0,0.0,0.0,0.0,0.0,0.0,0.0,0.0,0.0,0.0,0.0,0.0,0.0,0.0,0.0,0.0,0.0,0.0,0.0,45.083,45.691,45.135,44.897000000000006,44.208,44.114999999999995,43.917,43.921,43.844,43.760000000000005,43.667,43.578,43.519000000000005,43.482,43.448,43.418,43.372,43.319,43.245000000000005,43.141000000000005,43.02
11904138148,0.0,0.0,0.0,0.0,0.0,0.0,0.0,0.0,0.0,0.0,0.0,0.0,0.0,0.0,0.0,0.0,0.0,0.0,0.0,0.0,0.0,13.271999999999998,14.408,14.186,14.253,14.1,14.036,14.603,15.202,15.482,15.6,15.669,15.701,15.71,15.718,15.71,15.692,15.656,15.606,15.544,15.463,15.376
11904138150,0.0,0.0,0.0,0.0,0.0,0.0,0.0,0.0,0.0,0.0,0.0,0.0,0.0,0.0,0.0,0.0,0.0,0.0,0.0,0.0,0.0,13.016,13.155,13.14,13.324,13.339,13.395,13.358,13.366,13.286,13.247,13.305,13.452,13.673,13.96,14.283,14.63,14.981,15.327,15.665,15.983,16.29
11904138151,0.0,0.0,0.0,0.0,0.0,0.0,0.0,0.0,0.0,0.0,0.0,0.0,0.0,0.0,0.0,0.0,0.0,0.0,0.0,0.0,0.0,5.822,5.813000000000001,5.734999999999999,5.754,5.718,5.718,5.694,5.689,5.691,5.702,5.715999999999999,5.728999999999999,5.741,5.758,5.774,5.788,5.800000000000001,5.804,5.7989999999999995,5.791,5.771
11904138152,0.0,0.0,0.0,0.0,0.0,0.0,0.0,0.0,0.0,0.0,0.0,0.0,0.0,0.0,0.0,0.0,0.0,0.0,0.0,0.0,0.0,19.337,18.603,17.046,16.369,15.945,15.871,16.34,16.857,17.064,17.137999999999998,17.191,17.237000000000002,17.288,17.359,17.429000000000002,17.498,17.551000000000002,17.588,17.61,17.606,17.592
11904138153,0.0,0.0,0.0,0.0,0.0,0.0,0.0,0.0,0.0,0.0,0.0,0.0,0.0,0.0,0.0,0.0,0.0,0.0,0.0,0.0,0.0,37.886,41.125,42.543,44.672,46.163,47.786,49.928999999999995,51.971,52.916,53.309000000000005,53.535,53.636,53.659,53.678,53.637,53.569,53.436,53.256,53.034000000000006,52.748999999999995,52.44199999999999
11904138155,0.0,0.0,0.0,0.0,0.0,0.0,0.0,0.0,0.0,0.0,0.0,0.0,0.0,0.0,0.0,0.0,0.0,0.0,0.0,0.0,0.0,30.871,30.83,30.415,30.513,30.325000000000003,30.322000000000003,30.193,30.171,30.181,30.24,30.316,30.38,30.447000000000003,30.532,30.619,30.692,30.755,30.777,30.753,30.712,30.604999999999997
11904138156,0.0,0.0,0.0,0.0,0.0,0.0,0.0,0.0,0.0,0.0,0.0,0.0,0.0,0.0,0.0,0.0,0.0,0.0,0.0,0.0,0.0,21.992,22.227,22.204,22.513,22.539,22.633000000000003,22.572,22.585,22.485,22.476,22.63,22.933,23.362,23.904,24.506,25.151,25.8,26.442,27.071,27.664,28.238999999999997
11904166801,0.0,0.0,0.0,0.0,0.0,0.0,0.0,0.0,0.0,0.0,0.0,0.0,0.0,0.0,0.0,0.0,0.0,0.0,0.0,0.0,0.0,25.603,26.249,26.546,26.085,25.974,25.786,26.008,25.829,25.796999999999997,25.724,25.629,25.522999999999996,25.414,25.293999999999997,25.18,25.055,24.909,24.757,24.587,24.407,24.211
11904166802,0.0,0.0,0.0,0.0,0.0,0.0,0.0,0.0,0.0,0.0,0.0,0.0,0.0,0.0,0.0,0.0,0.0,0.0,0.0,0.0,0.0,0.0,0.0,0.0,0.0,0.0,0.0,0.0,0.0,0.0,0.0,0.0,0.0,0.0,0.0,0.0,0.0,0.0,0.0,0.0,0.0,0.0
11904166803,0.0,0.0,0.0,0.0,0.0,0.0,0.0,0.0,0.0,0.0,0.0,0.0,0.0,0.0,0.0,0.0,0.0,0.0,0.0,0.0,0.0,35.216,37.919,41.04,45.32599999999999,51.978,59.754000000000005,68.64500000000001,82.857,97.687,112.397,126.974,141.178,155.024,168.507,181.75,194.657,207.174,219.341,231.09500000000003,242.485,253.45
11904166804,192.0,192.0,192.0,192.0,192.0,192.0,192.0,192.0,192.0,192.0,192.0,192.0,192.0,192.0,192.0,192.0,192.0,192.0,192.0,192.0,192.0,66.31,67.983,69.719,70.065,71.308,72.05000000000001,72.669,72.524,72.787,72.936,73.027,73.084,73.128,73.138,73.163,73.15,73.07600000000001,72.975,72.818,72.627,72.384
11904166805,50.0,50.0,50.0,50.0,50.0,50.0,50.0,50.0,50.0,50.0,50.0,50.0,50.0,50.0,50.0,50.0,50.0,50.0,50.0,50.0,50.0,23.799,24.048,24.331000000000003,24.02,23.992,23.833,23.801,23.565,23.512,23.461,23.426,23.408,23.398,23.385,23.38,23.363,23.325000000000003,23.276,23.206000000000003,23.123,23.020000000000003
11904166806,0.0,0.0,0.0,0.0,0.0,0.0,0.0,0.0,0.0,0.0,0.0,0.0,0.0,0.0,0.0,0.0,0.0,0.0,0.0,0.0,0.0,29.509,29.365,29.433,28.808999999999997,28.611000000000004,28.315,28.193,27.601,27.443,27.471000000000004,27.657,27.969,28.372,28.805,29.256,29.685,30.074,30.429,30.737,31.008000000000003,31.235999999999997
11904166807,0.0,0.0,0.0,0.0,0.0,0.0,0.0,0.0,0.0,0.0,0.0,0.0,0.0,0.0,0.0,0.0,0.0,0.0,0.0,0.0,0.0,25.21,25.046,25.081000000000003,24.527,24.347,24.09,23.984,23.715,23.636000000000003,23.562,23.501,23.453000000000003,23.409,23.358,23.312,23.252,23.17,23.074,22.958,22.827,22.678
11904166808,75.0,75.0,75.0,75.0,75.0,75.0,75.0,75.0,75.0,75.0,75.0,75.0,75.0,75.0,75.0,75.0,75.0,75.0,75.0,75.0,75.0,22.339,21.063,20.169,18.839,18.337,17.98,17.836,17.586,17.505,17.43,17.355,17.285,17.215,17.137,17.062,16.976,16.875,16.768,16.647,16.519,16.377
11904166809,114.0,114.0,114.0,114.0,114.0,114.0,114.0,114.0,114.0,114.0,114.0,114.0,114.0,114.0,114.0,114.0,114.0,114.0,114.0,114.0,114.0,45.198,44.852,44.641000000000005,42.92,42.053,41.043,39.267,39.158,39.559,40.098,40.793000000000006,41.607,42.48,43.358,44.251000000000005,45.117,45.929,46.709999999999994,47.425,48.096999999999994,48.714
11904166810,0.0,0.0,0.0,0.0,0.0,0.0,0.0,0.0,0.0,0.0,0.0,0.0,0.0,0.0,0.0,0.0,0.0,0.0,0.0,0.0,0.0,75.412,79.474,82.39,82.805,83.719,83.684,84.135,84.188,84.776,85.334,85.964,86.683,87.481,88.289,89.143,89.96900000000001,90.73,91.464,92.127,92.757,93.326
11904166811,85.0,85.0,85.0,85.0,85.0,85.0,85.0,85.0,85.0,85.0,85.0,85.0,85.0,85.0,85.0,85.0,85.0,85.0,85.0,85.0,85.0,25.039,26.998,30.875,36.196,43.182,51.80800000000001,65.639,72.912,80.339,87.355,93.999,100.255,106.19899999999998,111.862,117.35,122.619,127.651,132.483,137.089,141.505,145.701
11904166812,49.0,49.0,49.0,49.0,49.0,49.0,49.0,49.0,49.0,49.0,49.0,49.0,49.0,49.0,49.0,49.0,49.0,49.0,49.0,49.0,49.0,59.952,59.492999999999995,59.212,56.93000000000001,55.78,55.166,57.051,57.2,58.081,59.158,60.465999999999994,61.948,63.514,65.086,66.68299999999999,68.23400000000001,69.70400000000001,71.125,72.443,73.693,74.856
11904166813,0.0,0.0,0.0,0.0,0.0,0.0,0.0,0.0,0.0,0.0,0.0,0.0,0.0,0.0,0.0,0.0,0.0,0.0,0.0,0.0,0.0,29.5,30.461,31.002,30.669,30.656,30.694,32.107,34.0,36.337,38.886,41.677,44.649,47.757,50.912000000000006,54.095,57.238,60.299,63.278,66.14699999999999,68.915,71.563
11904166814,0.0,0.0,0.0,0.0,0.0,0.0,0.0,0.0,0.0,0.0,0.0,0.0,0.0,0.0,0.0,0.0,0.0,0.0,0.0,0.0,0.0,23.632,23.949,24.206,23.786,23.654,23.408,23.309,22.995,22.862,22.734,22.627,22.541,22.47,22.4,22.344,22.28,22.200000000000003,22.113,22.009,21.896,21.767000000000003
11904166815,0.0,0.0,0.0,0.0,0.0,0.0,0.0,0.0,0.0,0.0,0.0,0.0,0.0,0.0,0.0,0.0,0.0,0.0,0.0,0.0,0.0,18.683,19.013,19.43,19.391,19.456,19.385,19.395,19.236,19.2,19.147,19.095,19.053,19.014,18.956,18.911,18.858,18.786,18.715,18.621,18.506,18.391
11904166816,0.0,0.0,0.0,0.0,0.0,0.0,0.0,0.0,0.0,0.0,0.0,0.0,0.0,0.0,0.0,0.0,0.0,0.0,0.0,0.0,0.0,31.112,53.232,70.404,83.953,94.507,102.13,109.11,111.33100000000002,112.426,112.424,111.905,111.159,110.219,109.171,108.154,107.117,106.056,105.011,103.952,102.931,101.909
11904166817,0.0,0.0,0.0,0.0,0.0,0.0,0.0,0.0,0.0,0.0,0.0,0.0,0.0,0.0,0.0,0.0,0.0,0.0,0.0,0.0,0.0,34.976,37.712,40.304,43.829,49.715999999999994,55.809999999999995,58.1,60.492999999999995,62.74,64.43599999999999,65.644,66.487,67.08,67.465,67.732,67.87100000000001,67.886,67.811,67.641,67.406,67.09700000000001
11904166818,0.0,0.0,0.0,0.0,0.0,0.0,0.0,0.0,0.0,0.0,0.0,0.0,0.0,0.0,0.0,0.0,0.0,0.0,0.0,0.0,0.0,0.0,0.0,0.0,0.0,0.0,0.0,0.0,0.0,0.0,0.0,0.0,0.0,0.0,0.0,0.0,0.0,0.0,0.0,0.0,0.0,0.0
11904166819,0.0,0.0,0.0,0.0,0.0,0.0,0.0,0.0,0.0,0.0,0.0,0.0,0.0,0.0,0.0,0.0,0.0,0.0,0.0,0.0,0.0,34.766,35.053,35.61,35.328,35.359,35.176,35.155,34.974999999999994,35.164,35.451,35.832,36.299,36.825,37.36,37.907,38.43,38.908,39.361,39.772,40.147,40.477
11904166820,0.0,0.0,0.0,0.0,0.0,0.0,0.0,0.0,0.0,0.0,0.0,0.0,0.0,0.0,0.0,0.0,0.0,0.0,0.0,0.0,0.0,16.041999999999998,16.21,16.4,16.191,16.173000000000002,16.065,16.043,15.885,15.85,15.814,15.791,15.778,15.772,15.763,15.76,15.748,15.723,15.69,15.643,15.586000000000002,15.517
11904166821,0.0,0.0,0.0,0.0,0.0,0.0,0.0,0.0,0.0,0.0,0.0,0.0,0.0,0.0,0.0,0.0,0.0,0.0,0.0,0.0,0.0,16.438,16.35,16.387999999999998,16.054000000000002,15.948,15.799,15.754,15.599,15.562,15.52,15.488,15.463,15.442,15.409,15.388000000000002,15.358,15.314,15.264,15.192,15.104,15.009999999999998
11904166822,0.0,0.0,0.0,0.0,0.0,0.0,0.0,0.0,0.0,0.0,0.0,0.0,0.0,0.0,0.0,0.0,0.0,0.0,0.0,0.0,0.0,25.912,26.26,26.542,26.081,25.937,25.667,25.557,25.213,25.069000000000003,24.927,24.81,24.716,24.638,24.561,24.499,24.429,24.342,24.247,24.134,24.008,23.866999999999997
11904166823,38.0,38.0,38.0,38.0,38.0,38.0,38.0,38.0,38.0,38.0,38.0,38.0,38.0,38.0,38.0,38.0,38.0,38.0,38.0,38.0,38.0,29.088,29.391,29.737,29.357,29.323,29.128,29.089,28.802,28.737,28.674,28.633000000000003,28.609,28.598,28.582,28.575000000000003,28.555,28.509,28.448,28.363999999999997,28.260999999999996,28.136
11904166824,0.0,0.0,0.0,0.0,0.0,0.0,0.0,0.0,0.0,0.0,0.0,0.0,0.0,0.0,0.0,0.0,0.0,0.0,0.0,0.0,0.0,21.871,23.049,23.895,24.015,24.28,24.27,24.401999999999997,24.035,23.83,23.622,23.433,23.273,23.139,23.011,22.9,22.784,22.655,22.524,22.378,22.229,22.069
11904166825,0.0,0.0,0.0,0.0,0.0,0.0,0.0,0.0,0.0,0.0,0.0,0.0,0.0,0.0,0.0,0.0,0.0,0.0,0.0,0.0,0.0,21.858,21.726,21.761,21.286,21.13,20.907,20.814,20.579,20.51,20.442,20.387,20.343,20.303,20.256,20.213,20.159,20.084,19.999,19.896,19.78,19.649
11904166826,0.0,0.0,0.0,0.0,0.0,0.0,0.0,0.0,0.0,0.0,0.0,0.0,0.0,0.0,0.0,0.0,0.0,0.0,0.0,0.0,0.0,32.355000000000004,32.198,32.272000000000006,31.588,31.369,31.046,30.912,31.238,32.004,32.957,34.099999999999994,35.389,36.79,38.232,39.701,41.143,42.531,43.869,45.138000000000005,46.345,47.482
11904166827,0.0,0.0,0.0,0.0,0.0,0.0,0.0,0.0,0.0,0.0,0.0,0.0,0.0,0.0,0.0,0.0,0.0,0.0,0.0,0.0,0.0,18.981,18.954,19.04,18.676,18.576,18.407,18.347,18.154,18.106,18.06,18.024,18.000999999999998,17.982,17.957,17.938000000000002,17.908,17.862,17.805999999999997,17.733999999999998,17.65,17.552
11904166828,0.0,0.0,0.0,0.0,0.0,0.0,0.0,0.0,0.0,0.0,0.0,0.0,0.0,0.0,0.0,0.0,0.0,0.0,0.0,0.0,0.0,37.096,39.094,40.529,40.733,41.183,41.166,41.388,40.766,40.42,40.065,39.745,39.474,39.247,39.031,38.841,38.644,38.426,38.203,37.957,37.702,37.431
11904166829,94.0,94.0,94.0,94.0,94.0,94.0,94.0,94.0,94.0,94.0,94.0,94.0,94.0,94.0,94.0,94.0,94.0,94.0,94.0,94.0,94.0,22.233,23.431,24.898,26.017,27.309,28.119,28.271,27.846,27.607999999999997,27.367,27.147,26.962,26.807,26.659,26.53,26.395,26.246,26.093,25.924999999999997,25.751,25.567
11904166830,0.0,0.0,0.0,0.0,0.0,0.0,0.0,0.0,0.0,0.0,0.0,0.0,0.0,0.0,0.0,0.0,0.0,0.0,0.0,0.0,0.0,30.862,30.818,30.958,30.366,30.205,29.929,29.832,29.518,29.439,29.364,29.307,29.268,29.237,29.199,29.166,29.118,29.042,28.951,28.833999999999996,28.698,28.539
11904166831,40.0,40.0,40.0,40.0,40.0,40.0,40.0,40.0,40.0,40.0,40.0,40.0,40.0,40.0,40.0,40.0,40.0,40.0,40.0,40.0,40.0,35.29,36.439,37.679,38.227,39.157,39.619,39.277,38.382,38.15,38.211,38.509,38.987,39.583,40.212,40.851,41.452,41.99,42.471,42.884,43.241,43.534
11904166832,0.0,0.0,0.0,0.0,0.0,0.0,0.0,0.0,0.0,0.0,0.0,0.0,0.0,0.0,0.0,0.0,0.0,0.0,0.0,0.0,0.0,53.105,57.811,62.57300000000001,65.898,68.549,69.999,71.224,70.255,69.82,69.457,69.214,69.119,69.119,69.12,69.133,69.086,68.96600000000001,68.795,68.555,68.286,67.96600000000001
11904166833,0.0,0.0,0.0,0.0,0.0,0.0,0.0,0.0,0.0,0.0,0.0,0.0,0.0,0.0,0.0,0.0,0.0,0.0,0.0,0.0,0.0,25.213,26.045,26.765,26.801,27.165,27.236,27.571,27.65,28.104,28.789,29.613,30.617,31.669,32.792,33.986,35.132000000000005,36.303,37.379,38.429,39.463,40.379999999999995
11904166834,60.0,60.0,60.0,60.0,60.0,60.0,60.0,60.0,60.0,60.0,60.0,60.0,60.0,60.0,60.0,60.0,60.0,60.0,60.0,60.0,60.0,29.122,31.702,34.314,36.137,37.591,38.387,39.058,40.909000000000006,43.012,45.129000000000005,47.334999999999994,49.618,51.953,54.275,56.593,58.849,61.025000000000006,63.133,65.152,67.114,68.996
11904166903,0.0,0.0,0.0,0.0,0.0,0.0,0.0,0.0,0.0,0.0,0.0,0.0,0.0,0.0,0.0,0.0,0.0,0.0,0.0,0.0,0.0,33.741,34.043,32.787,32.385999999999996,32.162,31.769,31.656999999999996,31.668,31.835,32.038,32.038,32.028999999999996,31.96,31.904,31.809,31.69,31.564,31.43,31.285,31.110999999999997,30.919
11904166907,159.0,159.0,159.0,159.0,159.0,159.0,159.0,159.0,159.0,159.0,159.0,159.0,159.0,159.0,159.0,159.0,159.0,159.0,159.0,159.0,159.0,58.031000000000006,60.64,60.806,63.352,65.981,67.716,69.486,71.104,72.89,74.521,75.107,75.613,75.884,76.148,76.266,76.299,76.263,76.14,75.99,75.742,75.486
11904166908,0.0,0.0,0.0,0.0,0.0,0.0,0.0,0.0,0.0,0.0,0.0,0.0,0.0,0.0,0.0,0.0,0.0,0.0,0.0,0.0,0.0,34.719,35.077,33.809,33.316,32.996,32.734,32.626,32.538000000000004,32.525999999999996,32.525999999999996,32.564,32.605999999999995,32.589,32.568,32.51,32.444,32.339,32.205,32.043,31.841,31.618
11904166909,0.0,0.0,0.0,0.0,0.0,0.0,0.0,0.0,0.0,0.0,0.0,0.0,0.0,0.0,0.0,0.0,0.0,0.0,0.0,0.0,0.0,24.477,26.06,26.607,27.715000000000003,28.598,28.989,29.371,29.685,30.008,30.272,30.429,30.555,30.61,30.656,30.657,30.634,30.586,30.515,30.421,30.296,30.158
11904166911,92.0,92.0,92.0,92.0,92.0,92.0,92.0,92.0,92.0,92.0,92.0,92.0,92.0,92.0,92.0,92.0,92.0,92.0,92.0,92.0,92.0,24.355,25.463,25.542,25.744,25.966,25.97,26.121,26.216,26.369999999999997,26.516,26.743,26.942,27.058,27.176,27.241999999999997,27.278,27.289,27.269,27.238999999999997,27.173,27.105
11904166913,0.0,0.0,0.0,0.0,0.0,0.0,0.0,0.0,0.0,0.0,0.0,0.0,0.0,0.0,0.0,0.0,0.0,0.0,0.0,0.0,0.0,37.132,38.821,38.942,39.249,39.587,39.595,39.825,39.969,40.204,40.426,40.772,41.076,41.253,41.433,41.534,41.587,41.605,41.573,41.527,41.428,41.323
11904166918,0.0,0.0,0.0,0.0,0.0,0.0,0.0,0.0,0.0,0.0,0.0,0.0,0.0,0.0,0.0,0.0,0.0,0.0,0.0,0.0,0.0,21.157,22.147,22.197000000000003,22.664,23.045,23.357,23.662999999999997,23.9,24.132,24.33,24.519,24.691,24.803,24.899,24.953,24.988,24.983,24.947,24.884,24.788,24.679
11904166921,16.0,16.0,16.0,16.0,16.0,16.0,16.0,16.0,16.0,16.0,16.0,16.0,16.0,16.0,16.0,16.0,16.0,16.0,16.0,16.0,16.0,9.448,9.534,9.182,9.071,9.01,8.843,8.703,8.601,8.541,8.505,8.506,8.506,8.488,8.475,8.452,8.421,8.389,8.355,8.318999999999999,8.273,8.225
11904166922,0.0,0.0,0.0,0.0,0.0,0.0,0.0,0.0,0.0,0.0,0.0,0.0,0.0,0.0,0.0,0.0,0.0,0.0,0.0,0.0,0.0,23.775,24.019,23.152,22.814,22.595,22.415,22.341,22.281,22.273,22.273,22.299,22.328,22.316,22.302999999999997,22.262,22.217,22.146,22.054,21.942,21.805,21.651
11904167008,46.0,46.0,46.0,46.0,46.0,46.0,46.0,46.0,46.0,46.0,46.0,46.0,46.0,46.0,46.0,46.0,46.0,46.0,46.0,46.0,46.0,35.497,35.027,33.902,33.066,32.342,31.749,31.226999999999997,30.856,30.562,30.356,30.179,30.029000000000003,29.909999999999997,29.788000000000004,29.693,29.566000000000003,29.453,29.315,29.171999999999997,29.015,28.838
11904167030,0.0,0.0,0.0,0.0,0.0,0.0,0.0,0.0,0.0,0.0,0.0,0.0,0.0,0.0,0.0,0.0,0.0,0.0,0.0,0.0,0.0,41.735,41.183,39.859,38.876999999999995,38.026,37.329,36.714,36.278,35.932,35.69,35.482,35.306,35.165,35.022999999999996,34.911,34.762,34.629,34.466,34.298,34.115,33.905
11904167101,0.0,0.0,0.0,0.0,0.0,0.0,0.0,0.0,0.0,0.0,0.0,0.0,0.0,0.0,0.0,0.0,0.0,0.0,0.0,0.0,0.0,29.356,30.042,29.052,27.700000000000003,26.909,27.683,28.463,29.204,29.863999999999997,30.436,30.898,31.314,31.674,32.032000000000004,32.35,32.659,32.928,33.173,33.394000000000005,33.586,33.761
11904167102,0.0,0.0,0.0,0.0,0.0,0.0,0.0,0.0,0.0,0.0,0.0,0.0,0.0,0.0,0.0,0.0,0.0,0.0,0.0,0.0,0.0,22.047,22.562,21.818,20.803,20.162,20.541,20.917,21.257,21.532,21.739,21.864,21.955,22.007,22.055,22.074,22.089,22.075,22.046,22.002,21.939,21.866
11904167103,0.0,0.0,0.0,0.0,0.0,0.0,0.0,0.0,0.0,0.0,0.0,0.0,0.0,0.0,0.0,0.0,0.0,0.0,0.0,0.0,0.0,23.008,23.508000000000003,23.536,23.459,23.549,23.553,23.555,23.554,23.587,23.626,23.679,23.717,23.791,23.876,23.956,24.013,24.048,24.085,24.127,24.145,24.133000000000003
11904167104,0.0,0.0,0.0,0.0,0.0,0.0,0.0,0.0,0.0,0.0,0.0,0.0,0.0,0.0,0.0,0.0,0.0,0.0,0.0,0.0,0.0,39.967,40.901,39.553,37.711,36.55,37.236999999999995,37.919,38.535,39.035,39.409,39.638,39.802,39.895,39.982,40.017,40.043,40.017,39.966,39.884,39.771,39.64
11904167105,0.0,0.0,0.0,0.0,0.0,0.0,0.0,0.0,0.0,0.0,0.0,0.0,0.0,0.0,0.0,0.0,0.0,0.0,0.0,0.0,0.0,33.518,34.227000000000004,34.448,34.579,34.899,35.072,35.233,35.370000000000005,35.454,35.494,35.464,35.415,35.329,35.262,35.156,35.063,34.933,34.783,34.607,34.43,34.234
11904167106,0.0,0.0,0.0,0.0,0.0,0.0,0.0,0.0,0.0,0.0,0.0,0.0,0.0,0.0,0.0,0.0,0.0,0.0,0.0,0.0,0.0,54.347,55.402,55.624,55.673,56.09,56.293000000000006,56.476,56.626999999999995,56.717,56.756,56.707,56.648,56.55,56.491,56.383,56.294,56.149,55.971,55.765,55.541,55.295
11904167107,0.0,0.0,0.0,0.0,0.0,0.0,0.0,0.0,0.0,0.0,0.0,0.0,0.0,0.0,0.0,0.0,0.0,0.0,0.0,0.0,0.0,43.803,44.916,45.094,45.007000000000005,45.155,45.077,45.027,44.99,44.957,44.928,44.865,44.816,44.754000000000005,44.734,44.688,44.662,44.596,44.504000000000005,44.388000000000005,44.251,44.09
11904167108,0.0,0.0,0.0,0.0,0.0,0.0,0.0,0.0,0.0,0.0,0.0,0.0,0.0,0.0,0.0,0.0,0.0,0.0,0.0,0.0,0.0,24.895,25.11,26.607,28.987,31.361,38.398,45.383,52.858,61.04600000000001,69.971,79.543,89.70100000000001,100.264,111.227,122.377,133.755,145.15300000000002,156.535,167.855,179.09199999999998,190.196
11904167109,0.0,0.0,0.0,0.0,0.0,0.0,0.0,0.0,0.0,0.0,0.0,0.0,0.0,0.0,0.0,0.0,0.0,0.0,0.0,0.0,0.0,60.309000000000005,63.425,65.302,66.587,67.651,68.07900000000001,68.391,68.634,68.782,68.884,68.89,68.89,68.849,68.851,68.793,68.751,68.64,68.48,68.289,68.077,67.845
11904167110,0.0,0.0,0.0,0.0,0.0,0.0,0.0,0.0,0.0,0.0,0.0,0.0,0.0,0.0,0.0,0.0,0.0,0.0,0.0,0.0,0.0,20.58,21.644,22.284,22.723,23.115,23.384,23.616,23.825000000000003,24.001,24.161,24.288,24.414,24.525,24.65,24.754,24.863999999999997,24.949,25.015,25.069,25.115,25.153
11904167111,0.0,0.0,0.0,0.0,0.0,0.0,0.0,0.0,0.0,0.0,0.0,0.0,0.0,0.0,0.0,0.0,0.0,0.0,0.0,0.0,0.0,28.736,28.984,27.7,26.085,25.197,22.546,20.995,20.174,19.829,19.782,19.908,20.139,20.41,20.709,20.993,21.271,21.515,21.726,21.903,22.05,22.166
11904167112,0.0,0.0,0.0,0.0,0.0,0.0,0.0,0.0,0.0,0.0,0.0,0.0,0.0,0.0,0.0,0.0,0.0,0.0,0.0,0.0,0.0,45.507000000000005,46.467,46.768,46.947,47.38,47.617,47.835,48.021,48.135000000000005,48.19,48.147,48.081999999999994,47.965,47.874,47.730999999999995,47.604,47.428,47.223,46.985,46.744,46.479
11904167113,0.0,0.0,0.0,0.0,0.0,0.0,0.0,0.0,0.0,0.0,0.0,0.0,0.0,0.0,0.0,0.0,0.0,0.0,0.0,0.0,0.0,32.455,33.14,33.356,33.483,33.791,33.96,34.116,34.249,34.33,34.368,34.338,34.291,34.208,34.144000000000005,34.041000000000004,33.95,33.825,33.679,33.509,33.338,33.149
11904167114,0.0,0.0,0.0,0.0,0.0,0.0,0.0,0.0,0.0,0.0,0.0,0.0,0.0,0.0,0.0,0.0,0.0,0.0,0.0,0.0,0.0,26.644,27.267000000000003,32.958,41.475,50.772,54.534,58.391000000000005,62.243,65.99199999999999,69.598,72.987,76.291,79.477,82.663,85.753,88.827,91.788,94.68,97.495,100.217,102.874
11904167115,0.0,0.0,0.0,0.0,0.0,0.0,0.0,0.0,0.0,0.0,0.0,0.0,0.0,0.0,0.0,0.0,0.0,0.0,0.0,0.0,0.0,74.425,75.87,76.173,76.24,76.812,77.089,77.341,77.547,77.67,77.723,77.656,77.575,77.44,77.361,77.212,77.09,76.893,76.649,76.367,76.059,75.721
11904167116,0.0,0.0,0.0,0.0,0.0,0.0,0.0,0.0,0.0,0.0,0.0,0.0,0.0,0.0,0.0,0.0,0.0,0.0,0.0,0.0,0.0,22.164,22.682,21.935,20.914,20.27,20.651,21.029,21.371,21.648,21.856,21.981,22.073,22.125,22.173,22.192,22.206,22.192,22.164,22.119,22.057,21.983
11904167117,0.0,0.0,0.0,0.0,0.0,0.0,0.0,0.0,0.0,0.0,0.0,0.0,0.0,0.0,0.0,0.0,0.0,0.0,0.0,0.0,0.0,23.046,23.244,22.215,20.92,20.207,18.081,16.837,16.179,15.903,15.865,15.966,16.151,16.368000000000002,16.608,16.836,17.058999999999997,17.255,17.424,17.566,17.683,17.777
11904167118,0.0,0.0,0.0,0.0,0.0,0.0,0.0,0.0,0.0,0.0,0.0,0.0,0.0,0.0,0.0,0.0,0.0,0.0,0.0,0.0,0.0,19.058,19.471,19.493,19.430999999999997,19.505,19.508,19.51,19.51,19.537,19.57,19.613,19.644,19.706,19.776,19.842,19.89,19.918,19.949,19.985,19.999,19.989
11904167119,0.0,0.0,0.0,0.0,0.0,0.0,0.0,0.0,0.0,0.0,0.0,0.0,0.0,0.0,0.0,0.0,0.0,0.0,0.0,0.0,0.0,37.385,38.111,38.264,38.297,38.584,38.724,38.85,38.954,39.015,39.042,39.009,38.968,38.9,38.86,38.786,38.725,38.625,38.502,38.361,38.207,38.037
11904167120,0.0,0.0,0.0,0.0,0.0,0.0,0.0,0.0,0.0,0.0,0.0,0.0,0.0,0.0,0.0,0.0,0.0,0.0,0.0,0.0,0.0,15.339,15.672,15.69,15.639,15.699,15.701,15.703,15.701999999999998,15.725,15.751,15.786,15.812,15.861,15.918,15.971,16.009,16.031,16.057,16.085,16.096,16.089
12001138301,100.0,100.0,100.0,100.0,100.0,100.0,100.0,100.0,100.0,100.0,100.0,100.0,100.0,100.0,100.0,100.0,100.0,100.0,100.0,100.0,100.0,24.700000000000003,25.157,25.57,25.523,26.013,26.468000000000004,26.979,27.418999999999997,27.772,28.207,28.613999999999997,28.967999999999996,29.288,29.566,30.39,31.632,32.905,34.195,35.48,36.791,37.865
12001138302,0.0,0.0,0.0,0.0,0.0,0.0,0.0,0.0,0.0,0.0,0.0,0.0,0.0,0.0,0.0,0.0,0.0,0.0,0.0,0.0,0.0,15.005,14.156,13.413,12.623,12.694,13.076,13.613,14.169,14.78,15.41,15.973,16.479,16.922,17.349999999999998,17.699,18.015,18.254,18.408,18.541,18.616,18.648
12001138303,0.0,0.0,0.0,0.0,0.0,0.0,0.0,0.0,0.0,0.0,0.0,0.0,0.0,0.0,0.0,0.0,0.0,0.0,0.0,0.0,0.0,0.0,0.0,0.0,0.0,0.0,0.0,0.0,0.0,0.0,0.0,0.0,0.0,0.0,0.0,0.0,0.0,0.0,0.0,0.0,0.0,0.0
12001138304,156.0,156.0,156.0,156.0,156.0,156.0,156.0,156.0,156.0,156.0,156.0,156.0,156.0,156.0,156.0,156.0,156.0,156.0,156.0,156.0,156.0,12.564,12.639,12.658,12.475,12.491,12.503,12.543,12.587,12.674,12.8,12.91,13.017,13.125,13.244,13.348,13.449,13.528,13.584,13.627,13.646,13.641
12001138305,0.0,0.0,0.0,0.0,0.0,0.0,0.0,0.0,0.0,0.0,0.0,0.0,0.0,0.0,0.0,0.0,0.0,0.0,0.0,0.0,0.0,0.0,0.0,0.0,0.0,0.0,0.0,0.0,0.0,0.0,0.0,0.0,0.0,0.0,0.0,0.0,0.0,0.0,0.0,0.0,0.0,0.0
12001138306,0.0,0.0,0.0,0.0,0.0,0.0,0.0,0.0,0.0,0.0,0.0,0.0,0.0,0.0,0.0,0.0,0.0,0.0,0.0,0.0,0.0,23.572000000000003,23.709,23.744999999999997,23.399,23.418,23.432,23.499,23.579,23.738999999999997,23.971,24.176,24.376,24.578,24.801,24.993,25.182,25.332,25.435,25.518,25.552999999999997,25.543
12001138307,56.0,56.0,56.0,56.0,56.0,56.0,56.0,56.0,56.0,56.0,56.0,56.0,56.0,56.0,56.0,56.0,56.0,56.0,56.0,56.0,56.0,27.122,27.279000000000003,27.321,26.923,26.945,26.961,27.037999999999997,27.13,27.315,27.581000000000003,27.818,28.047,28.279000000000003,28.536,28.757,28.974,29.147,29.266,29.36,29.4,29.39
12001138308,179.0,179.0,179.0,179.0,179.0,179.0,179.0,179.0,179.0,179.0,179.0,179.0,179.0,179.0,179.0,179.0,179.0,179.0,179.0,179.0,179.0,18.203,18.273,18.285,17.986,17.897,17.804000000000002,17.772,17.785,17.869,18.012,18.146,18.284,18.431,18.594,18.735,18.873,18.985,19.063,19.125,19.154,19.149
12001138309,0.0,0.0,0.0,0.0,0.0,0.0,0.0,0.0,0.0,0.0,0.0,0.0,0.0,0.0,0.0,0.0,0.0,0.0,0.0,0.0,0.0,21.364,21.51,21.553,21.261000000000003,21.345,21.423,21.539,21.642,21.814,22.047,22.249,22.44,22.629,22.837,23.017,23.193,23.332,23.427,23.502,23.534,23.523000000000003
12001138310,0.0,0.0,0.0,0.0,0.0,0.0,0.0,0.0,0.0,0.0,0.0,0.0,0.0,0.0,0.0,0.0,0.0,0.0,0.0,0.0,0.0,20.05,20.129,20.143,19.812,19.715,19.612,19.578,19.591,19.684,19.841,19.989,20.141,20.303,20.483,20.637,20.79,20.913,20.999,21.067,21.099,21.094
12001138311,0.0,0.0,0.0,0.0,0.0,0.0,0.0,0.0,0.0,0.0,0.0,0.0,0.0,0.0,0.0,0.0,0.0,0.0,0.0,0.0,0.0,19.921,20.075,20.15,19.896,19.975,20.043,20.159,20.272,20.435,20.658,20.856,21.043,21.226,21.417,21.587000000000003,21.751,21.879,21.973,22.045,22.085,22.074
12001138312,0.0,0.0,0.0,0.0,0.0,0.0,0.0,0.0,0.0,0.0,0.0,0.0,0.0,0.0,0.0,0.0,0.0,0.0,0.0,0.0,0.0,22.621,22.777,22.821,22.511000000000003,22.6,22.684,22.805,22.916,23.097,23.344,23.558,23.76,23.959,24.181,24.372,24.557,24.705,24.805,24.885,24.917,24.907
12001138313,77.0,77.0,77.0,77.0,77.0,77.0,77.0,77.0,77.0,77.0,77.0,77.0,77.0,77.0,77.0,77.0,77.0,77.0,77.0,77.0,77.0,16.998,17.125,17.163,16.936,17.03,17.119,17.23,17.325,17.471,17.665,17.832,17.988,18.14,18.308,18.453000000000003,18.594,18.707,18.782,18.841,18.866,18.857
12001138314,0.0,0.0,0.0,0.0,0.0,0.0,0.0,0.0,0.0,0.0,0.0,0.0,0.0,0.0,0.0,0.0,0.0,0.0,0.0,0.0,0.0,25.283,25.751,26.173,26.125,26.627,27.092,27.615,28.065,28.426,28.872,29.289,29.651,29.978,30.263,30.395,30.693,31.283,32.036,32.862,33.766,34.507999999999996
12001138315,0.0,0.0,0.0,0.0,0.0,0.0,0.0,0.0,0.0,0.0,0.0,0.0,0.0,0.0,0.0,0.0,0.0,0.0,0.0,0.0,0.0,23.531,23.712,23.801,23.501,23.594,23.674999999999997,23.812,23.947,24.138,24.401,24.634,24.857,25.072000000000003,25.298,25.498,25.692,25.844,25.954,26.041000000000004,26.088,26.074
12001138316,0.0,0.0,0.0,0.0,0.0,0.0,0.0,0.0,0.0,0.0,0.0,0.0,0.0,0.0,0.0,0.0,0.0,0.0,0.0,0.0,0.0,13.481,13.573,13.601,13.415,13.469,13.518,13.592,13.657,13.765,13.912,14.039,14.16,14.28,14.411,14.524,14.634999999999998,14.723,14.783,14.83,14.85,14.843
12001138317,40.0,40.0,40.0,40.0,40.0,40.0,40.0,40.0,40.0,40.0,40.0,40.0,40.0,40.0,40.0,40.0,40.0,40.0,40.0,40.0,40.0,14.732,14.724,14.655,14.377,14.479,14.614,14.773,14.9,15.065,15.268,15.441,15.594,15.738,15.897,16.033,16.167,16.273,16.344,16.402,16.429000000000002,16.426000000000002
12001138318,0.0,0.0,0.0,0.0,0.0,0.0,0.0,0.0,0.0,0.0,0.0,0.0,0.0,0.0,0.0,0.0,0.0,0.0,0.0,0.0,0.0,9.953,10.001,10.014,9.86,9.839,9.817,9.823,9.845,9.903,9.991,10.072,10.152,10.236,10.329,10.409,10.488,10.551,10.596,10.631,10.648,10.645
12001138319,92.0,92.0,92.0,92.0,92.0,92.0,92.0,92.0,92.0,92.0,92.0,92.0,92.0,92.0,92.0,92.0,92.0,92.0,92.0,92.0,92.0,17.748,17.476,17.234,16.725,16.636000000000003,16.634,16.712,16.819,16.979,17.182000000000002,17.352,17.503999999999998,17.651,17.804000000000002,17.924,18.038,18.123,18.171,18.209,18.218,18.203
12001138321,0.0,0.0,0.0,0.0,0.0,0.0,0.0,0.0,0.0,0.0,0.0,0.0,0.0,0.0,0.0,0.0,0.0,0.0,0.0,0.0,0.0,18.099,18.185,18.21,17.926000000000002,17.868000000000002,17.805,17.798000000000002,17.826999999999998,17.92,18.071,18.213,18.356,18.507,18.675,18.819000000000003,18.958,19.074,19.152,19.217,19.246,19.239
12001138322,0.0,0.0,0.0,0.0,0.0,0.0,0.0,0.0,0.0,0.0,0.0,0.0,0.0,0.0,0.0,0.0,0.0,0.0,0.0,0.0,0.0,21.017,21.159,21.21,20.923,20.985,21.051,21.157,20.752,20.973,21.257,21.518,21.768,22.017,22.285,22.517,22.736,22.918,23.046999999999997,23.152,23.211,23.219
12001138323,0.0,0.0,0.0,0.0,0.0,0.0,0.0,0.0,0.0,0.0,0.0,0.0,0.0,0.0,0.0,0.0,0.0,0.0,0.0,0.0,0.0,21.938,22.325000000000003,22.714,22.661,23.0,23.305,23.695,24.063,24.349,24.715,25.075000000000003,25.396,25.692,25.946,26.202,26.427,26.615,26.787,26.92,27.056,27.034
12001138324,0.0,0.0,0.0,0.0,0.0,0.0,0.0,0.0,0.0,0.0,0.0,0.0,0.0,0.0,0.0,0.0,0.0,0.0,0.0,0.0,0.0,16.697,15.751,14.924,14.046,14.124,14.55,15.146999999999998,15.765,16.446,17.146,17.772,18.336,18.829,19.304,19.694,20.045,20.311,20.482,20.63,20.713,20.75
12001138325,0.0,0.0,0.0,0.0,0.0,0.0,0.0,0.0,0.0,0.0,0.0,0.0,0.0,0.0,0.0,0.0,0.0,0.0,0.0,0.0,0.0,20.501,19.341,18.324,17.246,17.342,17.865000000000002,18.598,19.357,20.193,21.054,21.822,22.513,23.119,23.703000000000003,24.181,24.612,24.939,25.149,25.331000000000003,25.433,25.477
12001138326,0.0,0.0,0.0,0.0,0.0,0.0,0.0,0.0,0.0,0.0,0.0,0.0,0.0,0.0,0.0,0.0,0.0,0.0,0.0,0.0,0.0,25.137,25.518,25.657,25.502,26.209000000000003,26.916,27.542,27.956,28.389,28.873,29.256,29.574,29.849,30.150999999999996,30.409,30.656,30.845,30.966,31.058,31.089,31.062
12001138327,0.0,0.0,0.0,0.0,0.0,0.0,0.0,0.0,0.0,0.0,0.0,0.0,0.0,0.0,0.0,0.0,0.0,0.0,0.0,0.0,0.0,13.175999999999998,13.264,13.297999999999998,13.116,22.336,32.601,41.166,45.304,48.787,52.1,55.077,57.449,59.11,60.68599999999999,61.983,63.096,63.885000000000005,64.376,64.701,64.824,64.74799999999999
12001138328,0.0,0.0,0.0,0.0,0.0,0.0,0.0,0.0,0.0,0.0,0.0,0.0,0.0,0.0,0.0,0.0,0.0,0.0,0.0,0.0,0.0,21.431,21.522,21.54,21.194000000000003,21.110999999999997,21.021,21.001,21.025,21.132,21.308,21.471,21.637,21.811,22.004,22.172,22.337,22.469,22.561,22.635,22.668,22.662
12001138329,0.0,0.0,0.0,0.0,0.0,0.0,0.0,0.0,0.0,0.0,0.0,0.0,0.0,0.0,0.0,0.0,0.0,0.0,0.0,0.0,0.0,26.68,26.792,26.814,26.384,26.28,26.168999999999997,26.144,26.174,26.308,26.525999999999996,26.729,26.935,27.152,27.394,27.601,27.807,27.972,28.086,28.178,28.219,28.213
12001138330,0.0,0.0,0.0,0.0,0.0,0.0,0.0,0.0,0.0,0.0,0.0,0.0,0.0,0.0,0.0,0.0,0.0,0.0,0.0,0.0,0.0,25.86,26.033,26.1,25.741999999999997,19.643,16.912,17.102999999999998,18.823,20.269,21.646,22.883000000000003,23.868,24.558,25.213,25.752,26.215,26.542,26.746,26.881,26.932,26.901000000000003
12001138331,0.0,0.0,0.0,0.0,0.0,0.0,0.0,0.0,0.0,0.0,0.0,0.0,0.0,0.0,0.0,0.0,0.0,0.0,0.0,0.0,0.0,22.048,22.197000000000003,22.251,21.95,22.016,22.084,22.194000000000003,23.651,23.901,24.223,24.519,24.802999999999997,25.084,25.387,25.647,25.893,26.096,26.239,26.355,26.418999999999997,26.424999999999997
12001138332,0.0,0.0,0.0,0.0,0.0,0.0,0.0,0.0,0.0,0.0,0.0,0.0,0.0,0.0,0.0,0.0,0.0,0.0,0.0,0.0,0.0,0.0,0.0,0.0,0.0,0.0,0.0,0.0,0.0,0.0,0.0,0.0,0.0,0.0,0.0,0.0,0.0,0.0,0.0,0.0,0.0,0.0
12001138333,0.0,0.0,0.0,0.0,0.0,0.0,0.0,0.0,0.0,0.0,0.0,0.0,0.0,0.0,0.0,0.0,0.0,0.0,0.0,0.0,0.0,15.445999999999998,15.362,15.262,14.904,14.776,14.678999999999998,14.652,14.675999999999998,14.761,14.894,15.017,15.141,15.271,15.413,15.533,15.651,15.747,15.811,15.866,15.891,15.891
12001138334,0.0,0.0,0.0,0.0,0.0,0.0,0.0,0.0,0.0,0.0,0.0,0.0,0.0,0.0,0.0,0.0,0.0,0.0,0.0,0.0,0.0,26.045,26.222,26.285,25.929,26.007,26.088,26.218,25.718,25.992,26.343000000000004,26.667,26.977,27.286,27.618,27.905,28.176,28.402,28.561,28.691000000000003,28.764,28.775
12001138335,60.0,60.0,60.0,60.0,60.0,60.0,60.0,60.0,60.0,60.0,60.0,60.0,60.0,60.0,60.0,60.0,60.0,60.0,60.0,60.0,60.0,30.767000000000003,31.311,31.857,31.782,32.258,32.686,33.233,33.749,34.15,34.663,35.169,35.619,36.034,36.39,36.749,37.064,37.328,37.57,37.756,37.947,37.916
12001138336,61.0,61.0,61.0,61.0,61.0,61.0,61.0,61.0,61.0,61.0,61.0,61.0,61.0,61.0,61.0,61.0,61.0,61.0,61.0,61.0,61.0,0.0,0.0,0.0,0.0,0.0,0.0,0.0,0.0,0.0,0.0,0.0,0.0,0.0,0.0,0.0,0.0,0.0,0.0,0.0,0.0,0.0
12001138337,50.0,50.0,50.0,50.0,50.0,50.0,50.0,50.0,50.0,50.0,50.0,50.0,50.0,50.0,50.0,50.0,50.0,50.0,50.0,50.0,50.0,24.133000000000003,24.25,24.279,23.905,23.857,23.802999999999997,23.819000000000003,23.87,24.009,24.223999999999997,24.421,24.616999999999997,24.82,25.044,25.239,25.429,25.584,25.691000000000003,25.777,25.817,25.812
12001138338,0.0,0.0,0.0,0.0,0.0,0.0,0.0,0.0,0.0,0.0,0.0,0.0,0.0,0.0,0.0,0.0,0.0,0.0,0.0,0.0,0.0,25.127,25.277,25.317,24.951,24.981,25.005,25.084,25.174,25.349,25.599,25.82,26.034,26.25,26.488999999999997,26.694000000000003,26.896,27.057,27.166,27.254,27.292,27.281999999999996
12001138339,0.0,0.0,0.0,0.0,0.0,0.0,0.0,0.0,0.0,0.0,0.0,0.0,0.0,0.0,0.0,0.0,0.0,0.0,0.0,0.0,0.0,13.834,13.899,13.918,13.701,13.657,13.61,13.604,13.626,13.698,13.814,13.921,14.031,14.146,14.274,14.384,14.491,14.579,14.639,14.689,14.711,14.705000000000002
12001138340,0.0,0.0,0.0,0.0,0.0,0.0,0.0,0.0,0.0,0.0,0.0,0.0,0.0,0.0,0.0,0.0,0.0,0.0,0.0,0.0,0.0,16.741,15.299,14.135,12.876,12.475,12.507,12.824000000000002,13.297,13.868,14.466,15.022,15.535,15.998,16.437,16.789,17.103,17.344,17.493000000000002,17.625,17.701,17.740000000000002
12001138341,0.0,0.0,0.0,0.0,0.0,0.0,0.0,0.0,0.0,0.0,0.0,0.0,0.0,0.0,0.0,0.0,0.0,0.0,0.0,0.0,0.0,21.413,21.491,21.503,21.146,21.028,20.904,20.856,20.864,20.959,21.124,21.28,21.443,21.615,21.808,21.975,22.141,22.275,22.369,22.445,22.482,22.479
12001138342,0.0,0.0,0.0,0.0,0.0,0.0,0.0,0.0,0.0,0.0,0.0,0.0,0.0,0.0,0.0,0.0,0.0,0.0,0.0,0.0,0.0,10.571,10.61,10.615,10.44,10.381,10.32,10.296,10.3,10.347,10.428,10.505,10.586,10.671,10.766,10.849,10.93,10.996,11.043,11.081,11.098,11.097
12001138343,0.0,0.0,0.0,0.0,0.0,0.0,0.0,0.0,0.0,0.0,0.0,0.0,0.0,0.0,0.0,0.0,0.0,0.0,0.0,0.0,0.0,10.055,10.0,9.935,9.703,9.619,9.555,9.538,9.554,9.61,9.696,9.776,9.857,9.941,10.034,10.112,10.189,10.251,10.294,10.329,10.345,10.345
12001138346,0.0,0.0,0.0,0.0,0.0,0.0,0.0,0.0,0.0,0.0,0.0,0.0,0.0,0.0,0.0,0.0,0.0,0.0,0.0,0.0,0.0,0.0,0.0,0.0,0.0,0.0,0.0,0.0,0.0,0.0,0.0,0.0,0.0,0.0,0.0,0.0,0.0,0.0,0.0,0.0,0.0,0.0
12001138347,0.0,0.0,0.0,0.0,0.0,0.0,0.0,0.0,0.0,0.0,0.0,0.0,0.0,0.0,0.0,0.0,0.0,0.0,0.0,0.0,0.0,25.352000000000004,25.54,25.596,25.259,25.398,25.53,25.696,25.838,26.056,26.345,26.594,26.826,27.054,27.305,27.521,27.731,27.898,28.011,28.099000000000004,28.137,28.123
12001138348,0.0,0.0,0.0,0.0,0.0,0.0,0.0,0.0,0.0,0.0,0.0,0.0,0.0,0.0,0.0,0.0,0.0,0.0,0.0,0.0,0.0,24.23,24.216,24.101,23.645,23.814,24.036,24.295,24.504,24.776,25.112,25.393,25.645000000000003,25.883000000000003,26.144999999999996,26.37,26.589,26.763,26.881,26.975,27.02,27.015
12001138349,0.0,0.0,0.0,0.0,0.0,0.0,0.0,0.0,0.0,0.0,0.0,0.0,0.0,0.0,0.0,0.0,0.0,0.0,0.0,0.0,0.0,21.242,19.413,17.933999999999997,16.339,15.829,15.871,16.271,16.872,17.597,18.354,19.06,19.712,20.3,20.856,21.303,21.701,22.006,22.196,22.364,22.461,22.508000000000003
12001138351,92.0,92.0,92.0,92.0,92.0,92.0,92.0,92.0,92.0,92.0,92.0,92.0,92.0,92.0,92.0,92.0,92.0,92.0,92.0,92.0,92.0,23.117,24.101,24.527,27.331,29.218,30.174,30.020000000000003,29.491999999999997,33.244,36.889,40.644,44.55,48.305,52.56100000000001,55.437000000000005,57.334,58.851,60.004000000000005,60.905,61.506,61.825
12001138352,0.0,0.0,0.0,0.0,0.0,0.0,0.0,0.0,0.0,0.0,0.0,0.0,0.0,0.0,0.0,0.0,0.0,0.0,0.0,0.0,0.0,19.977,19.671,19.399,18.825,18.727,18.724,18.811,18.931,19.113,19.34,19.531,19.702,19.867,20.04,20.175,20.302999999999997,20.399,20.453000000000003,20.496,20.506,20.488
12001138353,0.0,0.0,0.0,0.0,0.0,0.0,0.0,0.0,0.0,0.0,0.0,0.0,0.0,0.0,0.0,0.0,0.0,0.0,0.0,0.0,0.0,26.663000000000004,26.255000000000003,25.891,25.126,24.994,24.99,25.107,25.267,25.509,25.814,26.069,26.297,26.517,26.747,26.927999999999997,27.099,27.226,27.298,27.356,27.369,27.346000000000004
12001138354,0.0,0.0,0.0,0.0,0.0,0.0,0.0,0.0,0.0,0.0,0.0,0.0,0.0,0.0,0.0,0.0,0.0,0.0,0.0,0.0,0.0,13.868,13.656,13.467,13.068,13.0,12.998,13.058,13.142,13.268,13.426000000000002,13.559,13.678,13.792000000000002,13.912,14.006,14.095,14.161,14.199,14.229,14.236,14.223
12001138355,0.0,0.0,0.0,0.0,0.0,0.0,0.0,0.0,0.0,0.0,0.0,0.0,0.0,0.0,0.0,0.0,0.0,0.0,0.0,0.0,0.0,20.494,21.225,21.934,22.294,22.843,23.271,23.646,23.94,24.244999999999997,24.57,24.832,25.058999999999997,25.269999999999996,25.491,25.662,25.817,25.930999999999997,26.004,26.06,26.076,26.049
12001138356,0.0,0.0,0.0,0.0,0.0,0.0,0.0,0.0,0.0,0.0,0.0,0.0,0.0,0.0,0.0,0.0,0.0,0.0,0.0,0.0,0.0,18.051,18.694000000000003,19.319,19.635,20.119,20.497,20.827,21.086,21.354,21.641,21.871,22.071,22.257,22.452,22.602,22.738999999999997,22.839,22.903,22.953,22.967,22.943
12001138357,0.0,0.0,0.0,0.0,0.0,0.0,0.0,0.0,0.0,0.0,0.0,0.0,0.0,0.0,0.0,0.0,0.0,0.0,0.0,0.0,0.0,23.727,24.572000000000003,25.393,25.808999999999997,26.446,26.94,27.375,27.714999999999996,28.068,28.445,28.748,29.01,29.256,29.511000000000003,29.709,29.889,30.021,30.105,30.169,30.188,30.157
12001138358,0.0,0.0,0.0,0.0,0.0,0.0,0.0,0.0,0.0,0.0,0.0,0.0,0.0,0.0,0.0,0.0,0.0,0.0,0.0,0.0,0.0,21.282,22.041,22.778,23.151,23.722,24.166,24.556,24.861,25.177,25.515,25.786,26.023,26.241999999999997,26.472,26.649,26.81,26.929,27.005000000000003,27.062,27.079,27.05
12001138359,78.0,78.0,78.0,78.0,78.0,78.0,78.0,78.0,78.0,78.0,78.0,78.0,78.0,78.0,78.0,78.0,78.0,78.0,78.0,78.0,78.0,14.226,14.833,16.933,17.415,18.148,18.744,22.951,28.35,28.772,29.403,30.081,30.859,31.696,32.703,33.844,35.004000000000005,35.932,36.638000000000005,37.19,37.56,37.756
12001138360,0.0,0.0,0.0,0.0,0.0,0.0,0.0,0.0,0.0,0.0,0.0,0.0,0.0,0.0,0.0,0.0,0.0,0.0,0.0,0.0,0.0,29.094,30.335,30.873,30.348,31.137,32.162,32.002,31.162999999999997,30.414,30.013,29.64,29.36,29.223,29.165,29.816,30.86,31.701,32.346000000000004,32.858,33.207,33.405
12001138361,0.0,0.0,0.0,0.0,0.0,0.0,0.0,0.0,0.0,0.0,0.0,0.0,0.0,0.0,0.0,0.0,0.0,0.0,0.0,0.0,0.0,28.727,29.952,30.482,29.965,30.745,31.756,31.598,30.833,31.159,31.725,32.34,33.061,33.855000000000004,34.83,36.016000000000005,37.268,38.275,39.046,39.654,40.067,40.297
12001138501,0.0,0.0,0.0,0.0,0.0,0.0,0.0,0.0,0.0,0.0,0.0,0.0,0.0,0.0,0.0,0.0,0.0,0.0,0.0,0.0,0.0,23.771,25.058999999999997,25.221,25.302,25.308,24.904,24.642,24.427,24.287,24.189,24.121,24.097,24.077,24.027,23.936,23.805,24.02,24.227,24.425,24.572,24.693
12001138502,0.0,0.0,0.0,0.0,0.0,0.0,0.0,0.0,0.0,0.0,0.0,0.0,0.0,0.0,0.0,0.0,0.0,0.0,0.0,0.0,0.0,14.666,14.337,13.876,13.432,13.139,12.807,12.57,12.397,12.289,12.218,12.175,12.162,12.156,12.159,12.161,12.161,12.26,12.35,12.435,12.494,12.54
12001138503,0.0,0.0,0.0,0.0,0.0,0.0,0.0,0.0,0.0,0.0,0.0,0.0,0.0,0.0,0.0,0.0,0.0,0.0,0.0,0.0,0.0,29.231,28.576,27.657,26.771,26.188,25.964,25.697,25.552,25.537,25.596,25.712,25.887,26.08,26.393,26.806,27.315,27.555,27.754,27.942,28.071,28.173
12001138504,0.0,0.0,0.0,0.0,0.0,0.0,0.0,0.0,0.0,0.0,0.0,0.0,0.0,0.0,0.0,0.0,0.0,0.0,0.0,0.0,0.0,27.075,27.078,27.254,27.341,27.348,27.575,27.612,27.697000000000003,27.86,28.067,28.309,28.6,28.895000000000003,29.312,29.832,30.457,30.763,31.026000000000003,31.278,31.465000000000003,31.619
12001138505,0.0,0.0,0.0,0.0,0.0,0.0,0.0,0.0,0.0,0.0,0.0,0.0,0.0,0.0,0.0,0.0,0.0,0.0,0.0,0.0,0.0,24.517,24.52,24.679,24.758,24.765,24.666,24.553,24.485,24.488,24.532,24.607,24.725,24.848,25.009,25.197,25.411,25.655,25.875,26.086,26.241999999999997,26.373
12001138506,0.0,0.0,0.0,0.0,0.0,0.0,0.0,0.0,0.0,0.0,0.0,0.0,0.0,0.0,0.0,0.0,0.0,0.0,0.0,0.0,0.0,24.524,25.16,24.636,23.296,23.895000000000003,24.625,25.025,25.423,25.83,26.234,26.643,27.087,27.525,28.116,28.845999999999997,29.71,29.819,29.882,29.954,29.971000000000004,29.979
12001138507,0.0,0.0,0.0,0.0,0.0,0.0,0.0,0.0,0.0,0.0,0.0,0.0,0.0,0.0,0.0,0.0,0.0,0.0,0.0,0.0,0.0,31.843,31.129,30.127,29.164,28.528,27.808,27.293,26.916,26.681,26.528,26.435,26.404,26.394,26.4,26.405,26.403,26.619,26.814,26.999,27.127,27.228
12001138508,0.0,0.0,0.0,0.0,0.0,0.0,0.0,0.0,0.0,0.0,0.0,0.0,0.0,0.0,0.0,0.0,0.0,0.0,0.0,0.0,0.0,21.739,21.944,21.926,21.882,21.868,21.804,21.733,21.699,21.723,21.777,21.854,21.966,22.08,22.22,22.369,22.518,22.66,22.770000000000003,22.873,22.921999999999997,22.953
12001138509,0.0,0.0,0.0,0.0,0.0,0.0,0.0,0.0,0.0,0.0,0.0,0.0,0.0,0.0,0.0,0.0,0.0,0.0,0.0,0.0,0.0,23.266,23.633,23.766,23.874,22.743,22.807,22.825,22.871,22.957,23.069000000000003,23.194,23.349,23.498,23.686,23.888,24.1,23.713,23.332,23.001,22.678,22.389
12001138510,0.0,0.0,0.0,0.0,0.0,0.0,0.0,0.0,0.0,0.0,0.0,0.0,0.0,0.0,0.0,0.0,0.0,0.0,0.0,0.0,0.0,16.528,16.789,16.883000000000003,16.96,16.156,16.201999999999998,16.214,16.247,16.308,16.388,16.477,16.586,16.692,16.826,16.97,17.121,16.844,16.575000000000003,16.339,16.11,15.905
12001138511,146.0,146.0,146.0,146.0,146.0,146.0,146.0,146.0,146.0,146.0,146.0,146.0,146.0,146.0,146.0,146.0,146.0,146.0,146.0,146.0,146.0,24.786,25.328,25.64,25.904,26.196,26.418,26.594,26.776,26.951,27.121,27.296999999999997,27.491,27.660000000000004,27.854,28.039,28.212,28.369,28.488999999999997,28.602000000000004,28.658,28.708
12001138512,77.0,77.0,77.0,77.0,77.0,77.0,77.0,77.0,77.0,77.0,77.0,77.0,77.0,77.0,77.0,77.0,77.0,77.0,77.0,77.0,77.0,24.489,24.657,24.594,24.477,24.411,24.318,24.234,24.196,24.223,24.282,24.368,24.49,24.611,24.756,24.906,25.049999999999997,25.183,25.28,25.367,25.397,25.406999999999996
12001138513,0.0,0.0,0.0,0.0,0.0,0.0,0.0,0.0,0.0,0.0,0.0,0.0,0.0,0.0,0.0,0.0,0.0,0.0,0.0,0.0,0.0,19.369,19.281,19.019,18.737,18.56,18.395,18.27,18.203,18.198,18.219,18.275,18.33,18.407,18.505000000000003,18.584,18.678,18.75,18.826,18.902,18.933999999999997,18.933
12001138514,0.0,0.0,0.0,0.0,0.0,0.0,0.0,0.0,0.0,0.0,0.0,0.0,0.0,0.0,0.0,0.0,0.0,0.0,0.0,0.0,0.0,27.115,26.993,26.626,26.232,25.984,25.755000000000003,25.578,25.485,25.478,25.507,25.585,25.662,25.77,25.907,26.018,26.148,26.249,26.358,26.464,26.508000000000003,26.506
12001138515,0.0,0.0,0.0,0.0,0.0,0.0,0.0,0.0,0.0,0.0,0.0,0.0,0.0,0.0,0.0,0.0,0.0,0.0,0.0,0.0,0.0,17.325,17.445,17.4,17.317,17.271,17.205000000000002,17.145,17.119,17.137,17.179,17.240000000000002,17.326,17.411,17.515,17.619999999999997,17.722,17.817,17.884999999999998,17.946,17.968,17.975
12001138516,0.0,0.0,0.0,0.0,0.0,0.0,0.0,0.0,0.0,0.0,0.0,0.0,0.0,0.0,0.0,0.0,0.0,0.0,0.0,0.0,0.0,24.781,24.912,24.82,24.661,24.565,24.46,24.373,24.337,24.365,24.427,24.514000000000003,24.636000000000003,24.756,24.898,25.041,25.176,25.298,25.383,25.458,25.477,25.476
12001138517,0.0,0.0,0.0,0.0,0.0,0.0,0.0,0.0,0.0,0.0,0.0,0.0,0.0,0.0,0.0,0.0,0.0,0.0,0.0,0.0,0.0,20.134,20.242,20.166,20.037,19.959,19.875,19.803,19.775,19.796999999999997,19.846,19.917,20.017,20.113999999999997,20.229,20.346,20.456,20.554,20.623,20.683999999999997,20.7,20.699
12001138518,40.0,40.0,40.0,40.0,40.0,40.0,40.0,40.0,40.0,40.0,40.0,40.0,40.0,40.0,40.0,40.0,40.0,40.0,40.0,40.0,40.0,17.701999999999998,17.873,17.861,17.831,17.823,17.773,17.714,17.688,17.707,17.75,17.813,17.905,17.997999999999998,18.113,18.238,18.361,18.48,18.574,18.661,18.705,18.733
12001138519,0.0,0.0,0.0,0.0,0.0,0.0,0.0,0.0,0.0,0.0,0.0,0.0,0.0,0.0,0.0,0.0,0.0,0.0,0.0,0.0,0.0,33.178,33.498,33.476,33.419000000000004,33.403999999999996,33.309,33.201,33.15,33.186,33.266999999999996,33.385999999999996,33.557,33.732,33.948,34.18,34.412,34.635999999999996,34.811,34.973,35.057,35.108
12001138520,0.0,0.0,0.0,0.0,0.0,0.0,0.0,0.0,0.0,0.0,0.0,0.0,0.0,0.0,0.0,0.0,0.0,0.0,0.0,0.0,0.0,24.943,25.354999999999997,25.531,25.703,25.880000000000003,25.942,25.956,25.995,26.073,26.173,26.296,26.456,26.611,26.801,27.0,27.199,27.39,27.543,27.684,27.762,27.82
12001138521,0.0,0.0,0.0,0.0,0.0,0.0,0.0,0.0,0.0,0.0,0.0,0.0,0.0,0.0,0.0,0.0,0.0,0.0,0.0,0.0,0.0,28.01,28.473,28.671,28.863999999999997,29.063,29.133000000000003,29.149,29.191000000000003,29.281,29.393,29.532,29.71,29.884,30.097,30.321,30.544,30.759,30.93,31.089,31.177999999999997,31.241
12001138522,0.0,0.0,0.0,0.0,0.0,0.0,0.0,0.0,0.0,0.0,0.0,0.0,0.0,0.0,0.0,0.0,0.0,0.0,0.0,0.0,0.0,19.607,19.931,20.069000000000003,20.205,20.343,20.393,20.404,20.433999999999997,20.496,20.575000000000003,20.672,20.797,20.919,21.068,21.224,21.382,21.532,21.651,21.763,21.825000000000003,21.869
12001138523,40.0,40.0,40.0,40.0,40.0,40.0,40.0,40.0,40.0,40.0,40.0,40.0,40.0,40.0,40.0,40.0,40.0,40.0,40.0,40.0,40.0,25.206000000000003,25.895,26.344,26.817,27.201,27.378,27.464,27.558999999999997,27.708,27.863,28.032,28.231,28.429,28.661,28.908,29.161,29.423,29.659,29.889,30.058,30.197000000000003
12001138524,0.0,0.0,0.0,0.0,0.0,0.0,0.0,0.0,0.0,0.0,0.0,0.0,0.0,0.0,0.0,0.0,0.0,0.0,0.0,0.0,0.0,24.177,24.491999999999997,24.597,24.623,24.667,24.696,24.759,24.886000000000003,25.046,25.180999999999997,25.345,25.467,25.605,25.763,25.871,25.991999999999997,26.058,26.17,26.275,26.327,26.316000000000003
12001138525,0.0,0.0,0.0,0.0,0.0,0.0,0.0,0.0,0.0,0.0,0.0,0.0,0.0,0.0,0.0,0.0,0.0,0.0,0.0,0.0,0.0,14.524,14.694,14.487,14.05,14.082,14.057,14.018,14.005,14.035,14.081,14.140999999999998,14.222,14.307,14.412,14.526,14.644,14.697,14.733999999999998,14.771,14.781,14.781
12001138526,0.0,0.0,0.0,0.0,0.0,0.0,0.0,0.0,0.0,0.0,0.0,0.0,0.0,0.0,0.0,0.0,0.0,0.0,0.0,0.0,0.0,28.939,29.316000000000003,29.441000000000003,29.472,29.526,29.561,29.636000000000003,29.787999999999997,29.979999999999997,30.141999999999996,30.337,30.484,30.649,30.838,30.967,31.112,31.191,31.324,31.45,31.513,31.499
12001138527,0.0,0.0,0.0,0.0,0.0,0.0,0.0,0.0,0.0,0.0,0.0,0.0,0.0,0.0,0.0,0.0,0.0,0.0,0.0,0.0,0.0,34.984,35.44,35.59,35.628,35.692,35.735,35.826,36.01,36.242,36.437,36.673,36.851,37.051,37.279,37.435,37.609,37.706,37.867,38.019,38.095,38.079
12001138528,0.0,0.0,0.0,0.0,0.0,0.0,0.0,0.0,0.0,0.0,0.0,0.0,0.0,0.0,0.0,0.0,0.0,0.0,0.0,0.0,0.0,28.752,29.498,31.16,34.186,35.061,35.22,35.345,35.464,35.594,35.715,35.842,36.010999999999996,36.169,36.316,36.432,36.509,37.443,38.391,39.352999999999994,40.246,41.126
12001138529,0.0,0.0,0.0,0.0,0.0,0.0,0.0,0.0,0.0,0.0,0.0,0.0,0.0,0.0,0.0,0.0,0.0,0.0,0.0,0.0,0.0,21.595,22.183999999999997,22.567,22.972,23.3,23.45,23.523,23.603,23.73,23.862,24.006,24.176,24.344,24.543,24.752,24.969,25.192,25.393,25.59,25.733,25.851
12001138530,0.0,0.0,0.0,0.0,0.0,0.0,0.0,0.0,0.0,0.0,0.0,0.0,0.0,0.0,0.0,0.0,0.0,0.0,0.0,0.0,0.0,15.023,15.103000000000002,15.047,14.951,14.892,14.829,14.776,14.755,14.772000000000002,14.808,14.862,14.935,15.009,15.094,15.181,15.263,15.337,15.388,15.434,15.445,15.444
12001138531,0.0,0.0,0.0,0.0,0.0,0.0,0.0,0.0,0.0,0.0,0.0,0.0,0.0,0.0,0.0,0.0,0.0,0.0,0.0,0.0,0.0,27.929,28.195,28.174,28.119999999999997,28.103,28.020000000000003,27.928,27.883,27.912,27.979,28.077,28.22,28.364,28.542,28.732,28.918999999999997,29.1,29.237,29.364,29.424,29.458
12001138532,0.0,0.0,0.0,0.0,0.0,0.0,0.0,0.0,0.0,0.0,0.0,0.0,0.0,0.0,0.0,0.0,0.0,0.0,0.0,0.0,0.0,25.04,25.279,25.259,25.211,25.195,25.121,25.038,24.999,25.025,25.085,25.172,25.3,25.43,25.589,25.76,25.927,26.089,26.211999999999996,26.326,26.380000000000003,26.411
12001138533,0.0,0.0,0.0,0.0,0.0,0.0,0.0,0.0,0.0,0.0,0.0,0.0,0.0,0.0,0.0,0.0,0.0,0.0,0.0,0.0,0.0,22.143,22.286,22.19,22.088,23.001,22.895000000000003,22.781,22.715,22.719,22.762,22.831,22.942,23.058,23.21,23.380000000000003,23.559,23.86,24.14,24.415,24.64,24.847
12001138534,406.0,406.0,406.0,406.0,406.0,406.0,406.0,406.0,406.0,406.0,406.0,406.0,406.0,406.0,406.0,406.0,406.0,406.0,406.0,406.0,406.0,18.083,18.2,18.122,18.038,17.71,17.63,17.542,17.492,17.496,17.53,17.584,17.67,17.759,17.877,18.009,18.148,18.255,18.34,18.42,18.463,18.49
12001138535,0.0,0.0,0.0,0.0,0.0,0.0,0.0,0.0,0.0,0.0,0.0,0.0,0.0,0.0,0.0,0.0,0.0,0.0,0.0,0.0,0.0,24.294,24.58,24.233,23.502,23.555999999999997,23.514,23.447000000000003,23.427,23.477,23.552999999999997,23.654,23.791,23.932,24.108,24.298,24.494999999999997,24.584,24.648,24.708,24.725,24.723999999999997
12001138536,0.0,0.0,0.0,0.0,0.0,0.0,0.0,0.0,0.0,0.0,0.0,0.0,0.0,0.0,0.0,0.0,0.0,0.0,0.0,0.0,0.0,43.043,43.549,44.212,45.593,45.7,45.614999999999995,45.486,45.444,45.54,45.686,45.879000000000005,46.144,46.416,46.753,47.120999999999995,47.501999999999995,48.086,48.635000000000005,49.181,49.639,50.065
12001138537,38.0,38.0,38.0,38.0,38.0,38.0,38.0,38.0,38.0,38.0,38.0,38.0,38.0,38.0,38.0,38.0,38.0,38.0,38.0,38.0,38.0,39.858,40.114,39.942,39.758,39.036,38.857,38.663,38.554,38.563,38.637,38.756,38.945,39.143,39.402,39.694,39.998999999999995,40.235,40.422,40.599,40.693,40.754000000000005
12001138538,0.0,0.0,0.0,0.0,0.0,0.0,0.0,0.0,0.0,0.0,0.0,0.0,0.0,0.0,0.0,0.0,0.0,0.0,0.0,0.0,0.0,26.324,26.575,26.555,26.504,26.488,26.409,26.322,26.281,26.308999999999997,26.371,26.463,26.598,26.734,26.901000000000003,27.08,27.257,27.427,27.556,27.676,27.733,27.765
12001138539,0.0,0.0,0.0,0.0,0.0,0.0,0.0,0.0,0.0,0.0,0.0,0.0,0.0,0.0,0.0,0.0,0.0,0.0,0.0,0.0,0.0,17.171,17.547,17.764000000000003,17.945999999999998,18.148,18.303,18.425,18.55,18.673,18.79,18.912,19.047,19.162,19.297,19.426,19.545,19.654,19.738,19.816,19.855,19.888
12001138540,0.0,0.0,0.0,0.0,0.0,0.0,0.0,0.0,0.0,0.0,0.0,0.0,0.0,0.0,0.0,0.0,0.0,0.0,0.0,0.0,0.0,30.779000000000003,31.453000000000003,31.842,32.169,32.53,32.807,33.026,33.25,33.47,33.68,33.897999999999996,34.14,34.348,34.589,34.82,35.035,35.230000000000004,35.378,35.518,35.589,35.650000000000006
12001138541,0.0,0.0,0.0,0.0,0.0,0.0,0.0,0.0,0.0,0.0,0.0,0.0,0.0,0.0,0.0,0.0,0.0,0.0,0.0,0.0,0.0,20.087,20.527,20.781,20.994,21.23,21.411,21.554,21.700000000000003,21.843,21.981,22.123,22.281,22.417,22.574,22.725,22.865,22.992,23.089,23.181,23.227,23.266
12001138542,0.0,0.0,0.0,0.0,0.0,0.0,0.0,0.0,0.0,0.0,0.0,0.0,0.0,0.0,0.0,0.0,0.0,0.0,0.0,0.0,0.0,28.949,29.222,29.197,29.139,29.121,29.035000000000004,28.94,28.896,28.927999999999997,28.999,29.101,29.251,29.402,29.589,29.787,29.985,30.175,30.322,30.458,30.525,30.564
12001138543,0.0,0.0,0.0,0.0,0.0,0.0,0.0,0.0,0.0,0.0,0.0,0.0,0.0,0.0,0.0,0.0,0.0,0.0,0.0,0.0,0.0,33.438,33.964999999999996,34.155,34.311,36.828,36.928,36.954,37.025,37.161,37.34,37.54,37.786,38.023,38.324,38.650000000000006,38.989,40.47,41.966,43.48,44.946,46.42100000000001
12001138601,0.0,0.0,0.0,0.0,0.0,0.0,0.0,0.0,0.0,0.0,0.0,0.0,0.0,0.0,0.0,0.0,0.0,0.0,0.0,0.0,0.0,22.256,22.968,23.249,23.899,24.318,24.585,24.729999999999997,24.798,24.916,25.018,25.091,25.145,25.188,25.228,25.272,25.313,25.347,25.368,25.374,25.371,25.339
12001138602,0.0,0.0,0.0,0.0,0.0,0.0,0.0,0.0,0.0,0.0,0.0,0.0,0.0,0.0,0.0,0.0,0.0,0.0,0.0,0.0,0.0,33.633,34.122,33.625,33.236,32.982,32.884,32.864999999999995,32.86,32.959,33.05,33.117000000000004,33.164,33.203,33.233999999999995,33.28,33.325,33.363,33.394,33.409,33.42,33.412
12001138603,0.0,0.0,0.0,0.0,0.0,0.0,0.0,0.0,0.0,0.0,0.0,0.0,0.0,0.0,0.0,0.0,0.0,0.0,0.0,0.0,0.0,35.133,35.032,34.239,34.105,34.025,33.989000000000004,33.919,33.824,33.851,33.885,33.899,33.897,33.893,33.897999999999996,33.925,33.96,33.99,34.0,33.987,33.96,33.899
12001138605,0.0,0.0,0.0,0.0,0.0,0.0,0.0,0.0,0.0,0.0,0.0,0.0,0.0,0.0,0.0,0.0,0.0,0.0,0.0,0.0,0.0,22.384,22.042,21.273,21.085,21.022,21.004,20.946,20.849,20.94,21.051,21.155,21.232,21.312,21.416,21.549,21.718000000000004,21.907,22.108,22.305,22.504,22.694000000000003
12001138606,96.0,96.0,96.0,96.0,96.0,96.0,96.0,96.0,96.0,96.0,96.0,96.0,96.0,96.0,96.0,96.0,96.0,96.0,96.0,96.0,96.0,21.751,21.785,20.386,20.508000000000003,20.735,20.961,21.107999999999997,21.178,20.102,19.473,19.124,18.975,18.912,18.914,18.973,19.063,19.178,19.31,19.443,19.569,19.673
12001138607,0.0,0.0,0.0,0.0,0.0,0.0,0.0,0.0,0.0,0.0,0.0,0.0,0.0,0.0,0.0,0.0,0.0,0.0,0.0,0.0,0.0,29.937,30.326,30.332,30.615,30.575,30.437,30.257,30.104999999999997,30.095,30.119,30.153,30.200000000000003,30.252,30.3,30.353,30.394,30.42,30.427,30.411,30.383000000000003,30.318
12001138608,0.0,0.0,0.0,0.0,0.0,0.0,0.0,0.0,0.0,0.0,0.0,0.0,0.0,0.0,0.0,0.0,0.0,0.0,0.0,0.0,0.0,16.587,16.539,16.166,16.102,16.064,16.048,16.015,15.969,15.982,15.998,16.005,16.003999999999998,16.002,16.004,16.018,16.034,16.048,16.052,16.046,16.034,16.005000000000003
12001138609,0.0,0.0,0.0,0.0,0.0,0.0,0.0,0.0,0.0,0.0,0.0,0.0,0.0,0.0,0.0,0.0,0.0,0.0,0.0,0.0,0.0,35.87,35.708,34.974,34.774,34.494,34.229,33.954,33.707,33.633,33.594,33.562,33.542,33.53,33.524,33.535,33.541,33.533,33.501999999999995,33.443,33.368,33.253
12001138610,0.0,0.0,0.0,0.0,0.0,0.0,0.0,0.0,0.0,0.0,0.0,0.0,0.0,0.0,0.0,0.0,0.0,0.0,0.0,0.0,0.0,16.679000000000002,16.603,16.237000000000002,16.168,16.088,16.018,15.934,15.848,15.832,15.825,15.815,15.804,15.795,15.788,15.789,15.791,15.787,15.771999999999998,15.746,15.713,15.662
12001138611,0.0,0.0,0.0,0.0,0.0,0.0,0.0,0.0,0.0,0.0,0.0,0.0,0.0,0.0,0.0,0.0,0.0,0.0,0.0,0.0,0.0,33.399,34.389,34.66,35.163,35.397999999999996,35.528,35.59,35.611999999999995,35.035,34.632999999999996,34.347,34.184,34.067,33.964,33.886,33.794,33.699,33.605999999999995,33.507000000000005,33.409,33.28
12001138612,0.0,0.0,0.0,0.0,0.0,0.0,0.0,0.0,0.0,0.0,0.0,0.0,0.0,0.0,0.0,0.0,0.0,0.0,0.0,0.0,0.0,0.0,0.0,0.0,0.0,0.0,0.0,0.0,0.0,0.0,0.0,0.0,0.0,0.0,0.0,0.0,0.0,0.0,0.0,0.0,0.0,0.0
12001138613,0.0,0.0,0.0,0.0,0.0,0.0,0.0,0.0,0.0,0.0,0.0,0.0,0.0,0.0,0.0,0.0,0.0,0.0,0.0,0.0,0.0,34.815,34.606,33.682,33.578,33.566,33.569,33.492,33.347,33.307,33.261,33.181,33.08,32.976,32.878,32.801,32.732,32.658,32.565,32.453,32.333,32.184
12001138614,0.0,0.0,0.0,0.0,0.0,0.0,0.0,0.0,0.0,0.0,0.0,0.0,0.0,0.0,0.0,0.0,0.0,0.0,0.0,0.0,0.0,16.275,16.178,15.746,15.697,15.692,15.693,15.657,15.589,15.57,15.549,15.512,15.465,15.416,15.37,15.334,15.301,15.267,15.223,15.171,15.114999999999998,15.044999999999998
12001138615,0.0,0.0,0.0,0.0,0.0,0.0,0.0,0.0,0.0,0.0,0.0,0.0,0.0,0.0,0.0,0.0,0.0,0.0,0.0,0.0,0.0,25.73,25.533,24.975,24.757,24.47,24.212,23.973,23.779,23.721,23.701,23.693,23.699,23.71,23.728,23.757,23.784,23.804,23.802,23.782,23.75,23.69
12001138617,0.0,0.0,0.0,0.0,0.0,0.0,0.0,0.0,0.0,0.0,0.0,0.0,0.0,0.0,0.0,0.0,0.0,0.0,0.0,0.0,0.0,28.614,28.482999999999997,27.857,27.738,27.601,27.481,27.336,27.189,27.160000000000004,27.15,27.133000000000003,27.113999999999997,27.096,27.085,27.087000000000003,27.091,27.085,27.058999999999997,27.013,26.956,26.87
12001138618,0.0,0.0,0.0,0.0,0.0,0.0,0.0,0.0,0.0,0.0,0.0,0.0,0.0,0.0,0.0,0.0,0.0,0.0,0.0,0.0,0.0,24.789,24.675,24.132,24.029,23.911,23.807,23.680999999999997,23.554,23.529,23.52,23.505000000000003,23.489,23.474,23.464,23.466,23.468,23.464,23.441000000000003,23.402,23.353,23.278
12001138619,238.0,238.0,238.0,238.0,238.0,238.0,238.0,238.0,238.0,238.0,238.0,238.0,238.0,238.0,238.0,238.0,238.0,238.0,238.0,238.0,238.0,0.6890000000000001,0.683,0.668,9.987,24.365,44.079,69.821,97.905,117.645,134.713,149.677,161.103,170.494,179.19799999999998,187.873,197.844,208.685,220.621,232.775,245.176,257.985
12001138620,0.0,0.0,0.0,0.0,0.0,0.0,0.0,0.0,0.0,0.0,0.0,0.0,0.0,0.0,0.0,0.0,0.0,0.0,0.0,0.0,0.0,24.074,23.625,22.873,22.452,22.012,21.642,21.294,21.015,20.866999999999997,20.756,20.668,20.588,20.524,20.467,20.42,20.372,20.318,20.259,20.187,20.108,20.0
12001138621,0.0,0.0,0.0,0.0,0.0,0.0,0.0,0.0,0.0,0.0,0.0,0.0,0.0,0.0,0.0,0.0,0.0,0.0,0.0,0.0,0.0,13.159,13.099,12.811,12.757,12.694,12.638,12.571000000000002,12.504,12.491,12.486,12.478,12.469,12.462,12.456,12.457,12.459,12.456,12.444,12.423,12.397,12.357
12001138622,37.0,37.0,37.0,37.0,37.0,37.0,37.0,37.0,37.0,37.0,37.0,37.0,37.0,37.0,37.0,37.0,37.0,37.0,37.0,37.0,37.0,17.955,17.939,17.516,16.974,17.249,17.493000000000002,17.633,17.678,17.683999999999997,17.669999999999998,17.627,17.566,17.497999999999998,17.436,17.389,17.35,17.313000000000002,17.271,17.223,17.172,17.108
12001138623,47.0,47.0,47.0,47.0,47.0,47.0,47.0,47.0,47.0,47.0,47.0,47.0,47.0,47.0,47.0,47.0,47.0,47.0,47.0,47.0,47.0,38.298,39.432,39.743,40.32,40.589,40.739,40.81,40.834,42.08,43.425,44.823,46.075,47.322,48.689,50.164,51.866,53.72,55.741,57.786,59.873,62.001000000000005
12001138624,0.0,0.0,0.0,0.0,0.0,0.0,0.0,0.0,0.0,0.0,0.0,0.0,0.0,0.0,0.0,0.0,0.0,0.0,0.0,0.0,0.0,28.806,28.586,27.96,27.717,27.394999999999996,27.107999999999997,26.839,26.623,26.557,26.535,26.526,26.531999999999996,26.545,26.565,26.598,26.629,26.649,26.648,26.625,26.589,26.522
12001138625,0.0,0.0,0.0,0.0,0.0,0.0,0.0,0.0,0.0,0.0,0.0,0.0,0.0,0.0,0.0,0.0,0.0,0.0,0.0,0.0,0.0,23.727,24.072000000000003,23.721,23.447,23.268,23.199,23.186,23.182,23.252,23.316000000000003,23.363,23.397,23.424,23.446,23.479,23.511,23.537,23.558,23.569,23.577,23.571
12001138626,0.0,0.0,0.0,0.0,0.0,0.0,0.0,0.0,0.0,0.0,0.0,0.0,0.0,0.0,0.0,0.0,0.0,0.0,0.0,0.0,0.0,39.853,40.432,39.843,39.382,39.081,38.965,38.942,38.936,39.054,39.162000000000006,39.242,39.297,39.343999999999994,39.381,39.434,39.489,39.533,39.569,39.586,39.599999999999994,39.59
12001138627,0.0,0.0,0.0,0.0,0.0,0.0,0.0,0.0,0.0,0.0,0.0,0.0,0.0,0.0,0.0,0.0,0.0,0.0,0.0,0.0,0.0,20.389,20.33,19.87,19.792,19.746,19.725,19.685,19.629,19.645,19.665,19.673,19.671,19.669,19.673,19.687,19.708,19.725,19.731,19.724,19.708,19.673
12001138628,48.0,48.0,48.0,48.0,48.0,48.0,48.0,48.0,48.0,48.0,48.0,48.0,48.0,48.0,48.0,48.0,48.0,48.0,48.0,48.0,48.0,27.360999999999997,27.715000000000003,27.721,27.981,27.944000000000003,27.817,27.652,27.513,27.505000000000003,27.527,27.558,27.601,27.648,27.692,27.741,27.778,27.801,27.808,27.793,27.768,27.71
12001138629,0.0,0.0,0.0,0.0,0.0,0.0,0.0,0.0,0.0,0.0,0.0,0.0,0.0,0.0,0.0,0.0,0.0,0.0,0.0,0.0,0.0,36.223,35.867999999999995,35.037,34.672,34.224999999999994,33.844,33.495,33.224000000000004,33.144999999999996,33.117000000000004,33.11,33.122,33.148,33.18,33.228,33.272000000000006,33.302,33.31,33.289,33.251000000000005,33.172
12001138630,205.0,205.0,205.0,205.0,205.0,205.0,205.0,205.0,205.0,205.0,205.0,205.0,205.0,205.0,205.0,205.0,205.0,205.0,205.0,205.0,205.0,13.282,13.707,13.874,14.263,14.512,14.672,14.758,14.799,14.87,14.929,14.974,15.005,15.031,15.055,15.082,15.106,15.126,15.139,15.142,15.141,15.122
12001138631,0.0,0.0,0.0,0.0,0.0,0.0,0.0,0.0,0.0,0.0,0.0,0.0,0.0,0.0,0.0,0.0,0.0,0.0,0.0,0.0,0.0,0.0,0.0,0.0,0.0,0.0,0.0,0.0,0.0,0.0,0.0,0.0,0.0,0.0,0.0,0.0,0.0,0.0,0.0,0.0,0.0,0.0
12001138633,225.0,225.0,225.0,225.0,225.0,225.0,225.0,225.0,225.0,225.0,225.0,225.0,225.0,225.0,225.0,225.0,225.0,225.0,225.0,225.0,225.0,27.2,27.175000000000004,26.536,29.214,29.685,30.103,30.343,30.418,30.792,31.119999999999997,31.385,31.56,31.709000000000003,31.89,32.11,32.393,32.71,33.051,33.384,33.722,34.051
12001138634,0.0,0.0,0.0,0.0,0.0,0.0,0.0,0.0,0.0,0.0,0.0,0.0,0.0,0.0,0.0,0.0,0.0,0.0,0.0,0.0,0.0,33.935,33.863,33.199,33.107,32.965,32.826,32.653,32.479,31.982,31.678000000000004,31.494,31.409,31.372,31.373,31.415999999999997,31.475,31.544,31.611,31.667,31.717,31.735
12001138635,60.0,60.0,60.0,60.0,60.0,60.0,60.0,60.0,60.0,60.0,60.0,60.0,60.0,60.0,60.0,60.0,60.0,60.0,60.0,60.0,60.0,33.092,33.022,32.375,32.286,32.147999999999996,32.010999999999996,31.842,31.672,32.474000000000004,33.4,34.391999999999996,35.291,36.201,37.229,38.36,39.691,41.151,42.735,44.343,45.981,47.654
12001138636,0.0,0.0,0.0,0.0,0.0,0.0,0.0,0.0,0.0,0.0,0.0,0.0,0.0,0.0,0.0,0.0,0.0,0.0,0.0,0.0,0.0,29.287,29.0,28.327,28.033,27.671,27.363,27.081000000000003,26.862,26.798,26.775,26.770000000000003,26.78,26.8,26.826,26.866,26.901,26.924999999999997,26.932,26.914,26.884,26.819000000000003
12001138637,0.0,0.0,0.0,0.0,0.0,0.0,0.0,0.0,0.0,0.0,0.0,0.0,0.0,0.0,0.0,0.0,0.0,0.0,0.0,0.0,0.0,28.042,27.823,27.247,20.180999999999997,16.242,16.329,17.512,18.835,23.3,27.573,31.482,34.574,37.228,39.793,42.389,45.384,48.646,52.23,55.885000000000005,59.620000000000005,63.492
12001138638,0.0,0.0,0.0,0.0,0.0,0.0,0.0,0.0,0.0,0.0,0.0,0.0,0.0,0.0,0.0,0.0,0.0,0.0,0.0,0.0,0.0,34.7,35.81,36.248999999999995,37.262,37.916,38.332,38.558,38.664,38.849,39.006,39.12,39.204,39.271,39.333,39.403000000000006,39.466,39.519,39.553,39.561,39.557,39.508
12001138639,0.0,0.0,0.0,0.0,0.0,0.0,0.0,0.0,0.0,0.0,0.0,0.0,0.0,0.0,0.0,0.0,0.0,0.0,0.0,0.0,0.0,31.103,31.497,31.414,31.865,32.453,33.150999999999996,33.301,33.519999999999996,33.799,33.833,34.025,33.906,33.967,33.995,34.135,34.269,34.418,34.933,35.345,35.632000000000005,35.598
12001138640,0.0,0.0,0.0,0.0,0.0,0.0,0.0,0.0,0.0,0.0,0.0,0.0,0.0,0.0,0.0,0.0,0.0,0.0,0.0,0.0,0.0,51.945,54.568,56.117,58.488,60.018,60.979,61.52,61.785,62.114,62.363,62.523,62.623000000000005,62.695,62.744,62.791,62.814,62.818,62.8,62.748000000000005,62.688,62.56
12001138641,0.0,0.0,0.0,0.0,0.0,0.0,0.0,0.0,0.0,0.0,0.0,0.0,0.0,0.0,0.0,0.0,0.0,0.0,0.0,0.0,0.0,10.537,10.49,10.274,10.214,10.133,10.055,9.974,9.901,9.88,9.869,9.859,9.853,9.849,9.847,9.851,9.853000000000002,9.851,9.842,9.824,9.802,9.768
12001138642,0.0,0.0,0.0,0.0,0.0,0.0,0.0,0.0,0.0,0.0,0.0,0.0,0.0,0.0,0.0,0.0,0.0,0.0,0.0,0.0,0.0,14.294,14.207999999999998,13.829,13.786,13.781,13.782,13.75,13.691,13.675,13.656,13.623,13.582,13.539,13.499,13.467,13.439,13.409,13.37,13.324,13.275,13.213
12001138643,0.0,0.0,0.0,0.0,0.0,0.0,0.0,0.0,0.0,0.0,0.0,0.0,0.0,0.0,0.0,0.0,0.0,0.0,0.0,0.0,0.0,23.186,23.041,22.549,22.382,22.157,21.951,21.751,21.583,21.53,21.509,21.494999999999997,21.491,21.491999999999997,21.498,21.514000000000003,21.527,21.533,21.521,21.491999999999997,21.452,21.388
12001138644,0.0,0.0,0.0,0.0,0.0,0.0,0.0,0.0,0.0,0.0,0.0,0.0,0.0,0.0,0.0,0.0,0.0,0.0,0.0,0.0,0.0,26.583,26.416,25.853,25.661,25.403,25.167,24.938,24.744999999999997,24.685,24.661,24.644,24.64,24.641,24.647,24.665,24.682,24.688,24.673,24.639,24.595,24.521
12001138645,0.0,0.0,0.0,0.0,0.0,0.0,0.0,0.0,0.0,0.0,0.0,0.0,0.0,0.0,0.0,0.0,0.0,0.0,0.0,0.0,0.0,25.697,25.535,24.991,24.806,24.555999999999997,24.329,24.107,23.92,23.862,23.839,23.822000000000003,23.818,23.819000000000003,23.826,23.843,23.858,23.865,23.851,23.818,23.775,23.704
12001138646,48.0,48.0,48.0,48.0,48.0,48.0,48.0,48.0,48.0,48.0,48.0,48.0,48.0,48.0,48.0,48.0,48.0,48.0,48.0,48.0,48.0,32.933,32.984,30.866,31.052,31.394,31.736000000000004,31.96,32.065,36.644,41.325,46.126,50.372,54.617,59.389,64.596,70.76400000000001,77.62100000000001,85.20400000000001,93.03,101.096,109.501
12001138647,0.0,0.0,0.0,0.0,0.0,0.0,0.0,0.0,0.0,0.0,0.0,0.0,0.0,0.0,0.0,0.0,0.0,0.0,0.0,0.0,0.0,12.903,12.662,12.258,12.033,11.797,11.599,11.412,11.262,11.184,11.124,11.077,11.034,11.001,10.969,10.944,10.918,10.889,10.858,10.819,10.776,10.718
12001138648,0.0,0.0,0.0,0.0,0.0,0.0,0.0,0.0,0.0,0.0,0.0,0.0,0.0,0.0,0.0,0.0,0.0,0.0,0.0,0.0,0.0,17.507,17.240000000000002,16.637999999999998,16.491,16.442999999999998,16.428,16.381999999999998,16.305,16.225,16.163,16.104,16.047,15.998,15.957999999999998,15.934,15.918,15.904,15.886,15.863,15.836,15.797
12001138649,0.0,0.0,0.0,0.0,0.0,0.0,0.0,0.0,0.0,0.0,0.0,0.0,0.0,0.0,0.0,0.0,0.0,0.0,0.0,0.0,0.0,26.959000000000003,27.001,29.01,29.183,29.504,29.824,30.034,30.13,28.777,28.043,27.698,27.613,27.647,27.787,28.016,28.315,28.669,29.068,29.475,29.880000000000003,30.264
12001138650,0.0,0.0,0.0,0.0,0.0,0.0,0.0,0.0,0.0,0.0,0.0,0.0,0.0,0.0,0.0,0.0,0.0,0.0,0.0,0.0,0.0,22.927,22.789,22.181,22.112,22.105,22.107,22.055,21.96,21.934,21.904,21.851,21.784,21.716,21.651,21.601,21.555,21.506,21.445,21.371,21.293,21.194
12001138651,0.0,0.0,0.0,0.0,0.0,0.0,0.0,0.0,0.0,0.0,0.0,0.0,0.0,0.0,0.0,0.0,0.0,0.0,0.0,0.0,0.0,23.399,23.373,22.818,22.11,22.465,22.781,22.962,23.017,23.023000000000003,23.004,22.946,22.863,22.773,22.691,22.627,22.574,22.524,22.468,22.402,22.336,22.25
12001138652,0.0,0.0,0.0,0.0,0.0,0.0,0.0,0.0,0.0,0.0,0.0,0.0,0.0,0.0,0.0,0.0,0.0,0.0,0.0,0.0,0.0,16.615000000000002,16.599,16.209,15.707999999999998,15.962,16.188,16.318,16.358,16.364,16.352,16.312,16.253999999999998,16.192999999999998,16.134999999999998,16.092,16.055,16.021,15.983,15.938,15.891000000000002,15.832
12001138653,0.0,0.0,0.0,0.0,0.0,0.0,0.0,0.0,0.0,0.0,0.0,0.0,0.0,0.0,0.0,0.0,0.0,0.0,0.0,0.0,0.0,30.095,29.836,29.172,28.873,28.48,28.124,27.795,27.532,27.435,27.387,27.36,27.353,27.358,27.367,27.391,27.407,27.413,27.396,27.356,27.303,27.217
12001138654,0.0,0.0,0.0,0.0,0.0,0.0,0.0,0.0,0.0,0.0,0.0,0.0,0.0,0.0,0.0,0.0,0.0,0.0,0.0,0.0,0.0,20.401,19.06,18.796,19.044,19.321,19.556,19.694,19.732,19.598,19.5,19.417,19.354,19.3,19.261,19.246,19.241,19.239,19.237,19.23,19.217,19.188
12001138655,150.0,150.0,150.0,150.0,150.0,150.0,150.0,150.0,150.0,150.0,150.0,150.0,150.0,150.0,150.0,150.0,150.0,150.0,150.0,150.0,150.0,21.264,21.081,20.611,20.401000000000003,20.123,19.871,19.639,19.453,19.385,19.351,19.331,19.326,19.33,19.336,19.353,19.366,19.369,19.357,19.329,19.291,19.23
12001138656,0.0,0.0,0.0,0.0,0.0,0.0,0.0,0.0,0.0,0.0,0.0,0.0,0.0,0.0,0.0,0.0,0.0,0.0,0.0,0.0,0.0,28.293,30.219,29.799999999999997,30.193,30.632,31.005,31.223,31.286,31.792,32.327999999999996,32.861,33.313,33.759,34.27,34.853,35.55,36.318,37.156,37.997,38.85,39.708
12001167201,0.0,0.0,0.0,0.0,0.0,0.0,0.0,0.0,0.0,0.0,0.0,0.0,0.0,0.0,0.0,0.0,0.0,0.0,0.0,0.0,0.0,15.805,15.26,15.062,14.642,14.714,14.754,14.766000000000002,14.965,15.108999999999998,15.292000000000002,15.428,15.607,15.792,16.006,16.225,16.474,16.708,16.904,17.069000000000003,17.204,17.279
12001167202,0.0,0.0,0.0,0.0,0.0,0.0,0.0,0.0,0.0,0.0,0.0,0.0,0.0,0.0,0.0,0.0,0.0,0.0,0.0,0.0,0.0,17.732,18.4,19.706,20.202,20.848,21.203,20.757,20.494999999999997,20.262,20.143,19.914,19.795,19.819,19.996,20.258,20.632,21.023,21.393,21.687,21.891,21.998
12001167203,0.0,0.0,0.0,0.0,0.0,0.0,0.0,0.0,0.0,0.0,0.0,0.0,0.0,0.0,0.0,0.0,0.0,0.0,0.0,0.0,0.0,16.093,15.545,15.342,14.893,14.929,14.95,14.931,15.106,15.218,15.358,15.457,15.607,15.77,15.957,16.152,16.375999999999998,16.57,16.731,16.855,16.935000000000002,16.971
12001167204,24.0,24.0,24.0,24.0,24.0,24.0,24.0,24.0,24.0,24.0,24.0,24.0,24.0,24.0,24.0,24.0,24.0,24.0,24.0,24.0,24.0,8.341999999999999,8.52,8.958,9.236,9.693,10.06,10.313,10.639,10.851,11.055,11.184,11.332,11.473,11.623,11.773,11.941,12.087,12.215,12.315,12.399,12.452
12001167205,0.0,0.0,0.0,0.0,0.0,0.0,0.0,0.0,0.0,0.0,0.0,0.0,0.0,0.0,0.0,0.0,0.0,0.0,0.0,0.0,0.0,0.0,0.0,0.0,0.0,0.0,0.0,0.0,0.0,0.0,0.0,0.0,0.0,0.0,0.0,0.0,0.0,0.0,0.0,0.0,0.0,0.0
12001167206,0.0,0.0,0.0,0.0,0.0,0.0,0.0,0.0,0.0,0.0,0.0,0.0,0.0,0.0,0.0,0.0,0.0,0.0,0.0,0.0,0.0,36.95,37.439,37.166,36.16,35.799,35.688,35.543,35.815,35.922,36.066,36.107,36.221,36.31,36.436,36.559,36.758,36.924,37.076,37.21,37.314,37.386
12001167207,211.0,211.0,211.0,211.0,211.0,211.0,211.0,211.0,211.0,211.0,211.0,211.0,211.0,211.0,211.0,211.0,211.0,211.0,211.0,211.0,211.0,17.304000000000002,18.442,29.013,42.439,60.789,72.512,80.896,88.023,92.618,95.624,97.543,99.753,102.118,104.727,107.724,111.208,114.686,117.992,121.146,124.085,126.83
12001167208,0.0,0.0,0.0,0.0,0.0,0.0,0.0,0.0,0.0,0.0,0.0,0.0,0.0,0.0,0.0,0.0,0.0,0.0,0.0,0.0,0.0,14.104,13.834,13.945,13.725,13.879,13.961,13.947,14.103,14.185,14.292,14.369,14.5,14.648,14.822,15.006999999999998,15.219,15.405,15.561,15.685,15.768,15.81
12001167209,0.0,0.0,0.0,0.0,0.0,0.0,0.0,0.0,0.0,0.0,0.0,0.0,0.0,0.0,0.0,0.0,0.0,0.0,0.0,0.0,0.0,13.817,13.448,13.489,13.256,13.418,13.52,14.113,14.443,14.684,14.93,15.154,15.437,15.717,16.0,16.28,16.578,16.836000000000002,17.054,17.230999999999998,17.362,17.448999999999998
12001167210,160.0,160.0,160.0,160.0,160.0,160.0,160.0,160.0,160.0,160.0,160.0,160.0,160.0,160.0,160.0,160.0,160.0,160.0,160.0,160.0,160.0,18.568,17.927,17.685000000000002,17.166,17.211,17.236,17.214,17.416,17.546,17.712,17.824,17.994,18.181,18.394,18.619,18.876,19.102,19.29,19.437,19.534,19.579
12001167211,0.0,0.0,0.0,0.0,0.0,0.0,0.0,0.0,0.0,0.0,0.0,0.0,0.0,0.0,0.0,0.0,0.0,0.0,0.0,0.0,0.0,6.589,6.731,7.076,7.295999999999999,7.656000000000001,7.946,8.147,8.404,8.572,8.733,8.834,8.951,9.063,9.181,9.299,9.432,9.547,9.649,9.728,9.795,9.835
12001167212,0.0,0.0,0.0,0.0,0.0,0.0,0.0,0.0,0.0,0.0,0.0,0.0,0.0,0.0,0.0,0.0,0.0,0.0,0.0,0.0,0.0,16.633,17.255,18.479,18.942,19.546999999999997,19.878,19.82,20.04,20.227,20.508,20.942,21.774,22.996,24.556,26.444,28.598,30.840000000000003,33.035000000000004,35.164,37.186,39.118
12001167213,0.0,0.0,0.0,0.0,0.0,0.0,0.0,0.0,0.0,0.0,0.0,0.0,0.0,0.0,0.0,0.0,0.0,0.0,0.0,0.0,0.0,20.59,19.891,19.644,19.081000000000003,19.139,19.173,19.153,19.382,19.531,19.716,19.847,20.045,20.261,20.508,20.765,21.06,21.317,21.531,21.697,21.808,21.861
12001167214,0.0,0.0,0.0,0.0,0.0,0.0,0.0,0.0,0.0,0.0,0.0,0.0,0.0,0.0,0.0,0.0,0.0,0.0,0.0,0.0,0.0,11.074,10.745,10.675,10.411,10.468,10.499,10.491,10.615,10.692,10.789,10.859,10.967,11.085,11.221,11.363,11.526,11.668,11.787,11.879,11.942,11.974
12001167215,73.0,73.0,73.0,73.0,73.0,73.0,73.0,73.0,73.0,73.0,73.0,73.0,73.0,73.0,73.0,73.0,73.0,73.0,73.0,73.0,73.0,6.474,6.717,7.195,7.375,7.611000000000001,7.741,7.577999999999999,7.483,7.398,7.354,7.27,7.227,7.235,7.3,7.396,7.533,7.675,7.81,7.917,7.991999999999999,8.030999999999999
12001167216,0.0,0.0,0.0,0.0,0.0,0.0,0.0,0.0,0.0,0.0,0.0,0.0,0.0,0.0,0.0,0.0,0.0,0.0,0.0,0.0,0.0,0.0,0.0,0.0,0.0,0.0,0.0,0.0,0.0,0.0,0.0,0.0,0.0,0.0,0.0,0.0,0.0,0.0,0.0,0.0,0.0,0.0
12001167217,0.0,0.0,0.0,0.0,0.0,0.0,0.0,0.0,0.0,0.0,0.0,0.0,0.0,0.0,0.0,0.0,0.0,0.0,0.0,0.0,0.0,8.352,8.104,8.052,7.852,7.895,7.919,7.912000000000001,8.006,8.064,8.138,8.190999999999999,8.271,8.361,8.463,8.571,8.693000000000001,8.8,8.889,8.96,9.007,9.031
12001167218,120.0,120.0,120.0,120.0,120.0,120.0,120.0,120.0,120.0,120.0,120.0,120.0,120.0,120.0,120.0,120.0,120.0,120.0,120.0,120.0,120.0,22.146,21.893,22.542,22.6,23.254,23.733,23.914,24.423,24.813,25.271,25.786,26.635,27.777,29.186,30.849,32.732,34.653999999999996,36.52,38.295,39.973,41.541
12001167219,0.0,0.0,0.0,0.0,0.0,0.0,0.0,0.0,0.0,0.0,0.0,0.0,0.0,0.0,0.0,0.0,0.0,0.0,0.0,0.0,0.0,9.438,8.85,8.516,8.059000000000001,7.931,7.827999999999999,7.722,7.742,7.741,7.761,7.765,7.797000000000001,7.837999999999999,7.892,7.951,8.023,8.079,8.119,8.14,8.14,8.119
12001167220,0.0,0.0,0.0,0.0,0.0,0.0,0.0,0.0,0.0,0.0,0.0,0.0,0.0,0.0,0.0,0.0,0.0,0.0,0.0,0.0,0.0,14.078,13.202,12.702,12.022,11.83,11.676,11.519,11.548,11.546,11.577,11.583,11.631,11.693,11.773,11.86,11.968,12.051,12.111,12.143,12.142,12.111
12001167221,112.0,112.0,112.0,112.0,112.0,112.0,112.0,112.0,112.0,112.0,112.0,112.0,112.0,112.0,112.0,112.0,112.0,112.0,112.0,112.0,112.0,22.905,22.828,22.493,21.461,21.186,21.013,22.615,25.122,27.594,30.313,34.8,41.827,51.361,62.961,76.873,92.411,108.70600000000002,124.808,140.718,156.258,171.532
12001167222,0.0,0.0,0.0,0.0,0.0,0.0,0.0,0.0,0.0,0.0,0.0,0.0,0.0,0.0,0.0,0.0,0.0,0.0,0.0,0.0,0.0,7.67,7.959,8.523,8.738,9.017,9.171,10.154,11.556,12.779,14.003,16.018,19.034,22.948,27.552,33.004,39.025,45.291,51.459,57.611,63.648,69.65
12001167223,0.0,0.0,0.0,0.0,0.0,0.0,0.0,0.0,0.0,0.0,0.0,0.0,0.0,0.0,0.0,0.0,0.0,0.0,0.0,0.0,0.0,13.67,13.962,14.679,15.135,15.882,16.484,16.901,17.434,17.781,18.116,18.327,18.569,18.8,19.046,19.292,19.567,19.806,20.017,20.181,20.319,20.403
12001167224,353.0,353.0,353.0,353.0,353.0,353.0,353.0,353.0,353.0,353.0,353.0,353.0,353.0,353.0,353.0,353.0,353.0,353.0,353.0,353.0,353.0,15.018999999999998,14.97,14.749,14.073,13.892,13.779,12.622,11.997,11.862,12.015,12.398,13.347,14.893999999999998,16.939999999999998,19.456,22.319000000000003,25.336,28.315,31.233,34.058,36.802
12001167225,0.0,0.0,0.0,0.0,0.0,0.0,0.0,0.0,0.0,0.0,0.0,0.0,0.0,0.0,0.0,0.0,0.0,0.0,0.0,0.0,0.0,11.297,10.913,10.778,10.469,10.501,10.519,10.509,10.635,10.716,10.817,10.889,10.998,11.117,11.252,11.394,11.555,11.696,11.814,11.905,11.966,11.994
12001167226,0.0,0.0,0.0,0.0,0.0,0.0,0.0,0.0,0.0,0.0,0.0,0.0,0.0,0.0,0.0,0.0,0.0,0.0,0.0,0.0,0.0,36.696,37.181,36.91,35.91,35.551,35.442,35.298,35.568,35.67400000000001,35.818,35.858000000000004,35.971000000000004,36.059,36.185,36.306,36.504,36.67,36.821,36.954,37.057,37.129000000000005
12001167227,0.0,0.0,0.0,0.0,0.0,0.0,0.0,0.0,0.0,0.0,0.0,0.0,0.0,0.0,0.0,0.0,0.0,0.0,0.0,0.0,0.0,14.142,13.654,13.476,13.101,13.165,13.201,13.212,13.391000000000002,13.518,13.682,13.803999999999998,13.964,14.129,14.322,14.517,14.740000000000002,14.949000000000002,15.125,15.273,15.393,15.46
12001167228,162.0,162.0,162.0,162.0,162.0,162.0,162.0,162.0,162.0,162.0,162.0,162.0,162.0,162.0,162.0,162.0,162.0,162.0,162.0,162.0,162.0,15.179,14.661,14.47,14.047,14.081,14.1,14.082,14.248,14.353,14.486,14.579,14.72,14.874,15.05,15.235,15.446,15.628,15.78,15.898,15.973,16.007
12001167229,0.0,0.0,0.0,0.0,0.0,0.0,0.0,0.0,0.0,0.0,0.0,0.0,0.0,0.0,0.0,0.0,0.0,0.0,0.0,0.0,0.0,11.609,11.986,12.832,13.292,13.844,13.985,14.086,14.378,14.583,14.787,14.961,15.182,15.43,15.703,15.983,16.303,16.608,16.891,17.142,17.339,17.493000000000002
12001167230,0.0,0.0,0.0,0.0,0.0,0.0,0.0,0.0,0.0,0.0,0.0,0.0,0.0,0.0,0.0,0.0,0.0,0.0,0.0,0.0,0.0,16.509999999999998,17.047,18.25,18.903,19.688,20.585,21.202,21.954,22.545,23.13,23.866,24.894,26.153,27.574,29.172,30.918,32.663,34.335,35.959,37.484,38.957
12001167231,0.0,0.0,0.0,0.0,0.0,0.0,0.0,0.0,0.0,0.0,0.0,0.0,0.0,0.0,0.0,0.0,0.0,0.0,0.0,0.0,0.0,9.505,9.396,9.677,9.702,9.982,10.188,10.415,10.833,11.18,11.553,12.068,12.863,13.902,15.145,16.612,18.244999999999997,19.927,21.571,23.181,24.744,26.266
12001167232,0.0,0.0,0.0,0.0,0.0,0.0,0.0,0.0,0.0,0.0,0.0,0.0,0.0,0.0,0.0,0.0,0.0,0.0,0.0,0.0,0.0,13.495,13.029,12.854,12.476,12.509,12.527,12.511,12.657,12.753,12.874,12.955,13.078,13.213,13.369,13.533,13.719,13.884,14.02,14.127,14.198,14.23
12001167233,0.0,0.0,0.0,0.0,0.0,0.0,0.0,0.0,0.0,0.0,0.0,0.0,0.0,0.0,0.0,0.0,0.0,0.0,0.0,0.0,0.0,2.58,2.664,2.851,2.9530000000000003,3.076,3.108,3.13,3.195,3.24,3.286,3.324,3.374,3.4290000000000003,3.489,3.552,3.623,3.691,3.753,3.81,3.853,3.888
12001167234,40.0,40.0,40.0,40.0,40.0,40.0,40.0,40.0,40.0,40.0,40.0,40.0,40.0,40.0,40.0,40.0,40.0,40.0,40.0,40.0,40.0,15.598,15.3,15.422,15.18,15.351,15.441,15.424,15.597,15.688,15.807,15.891000000000002,16.036,16.200000000000003,16.393,16.596,16.831,17.037,17.21,17.346,17.438000000000002,17.485
12001167235,0.0,0.0,0.0,0.0,0.0,0.0,0.0,0.0,0.0,0.0,0.0,0.0,0.0,0.0,0.0,0.0,0.0,0.0,0.0,0.0,0.0,0.0,0.0,0.0,0.0,0.0,0.0,0.0,0.0,0.0,0.0,0.0,0.0,0.0,0.0,0.0,0.0,0.0,0.0,0.0,0.0,0.0
12001167236,0.0,0.0,0.0,0.0,0.0,0.0,0.0,0.0,0.0,0.0,0.0,0.0,0.0,0.0,0.0,0.0,0.0,0.0,0.0,0.0,0.0,1.352,1.305,1.288,1.252,1.259,1.262,1.263,1.279,1.292,1.308,1.32,1.335,1.35,1.369,1.387,1.409,1.4289999999999998,1.4449999999999998,1.46,1.472,1.478
12001167237,0.0,0.0,0.0,0.0,0.0,0.0,0.0,0.0,0.0,0.0,0.0,0.0,0.0,0.0,0.0,0.0,0.0,0.0,0.0,0.0,0.0,12.912,12.568,12.606,12.388,12.539,12.634,12.335,12.628,12.842,13.06,13.260000000000002,13.512,13.760000000000002,14.013,14.260000000000002,14.525,14.756,14.951,15.11,15.229,15.31
12001167305,41.0,41.0,41.0,41.0,41.0,41.0,41.0,41.0,41.0,41.0,41.0,41.0,41.0,41.0,41.0,41.0,41.0,41.0,41.0,41.0,41.0,40.097,36.887,29.611,32.619,30.737,26.654000000000003,27.004,29.793999999999997,31.928,33.587,34.903999999999996,35.955,34.075,31.494,30.191,29.284,28.66,28.223,27.889000000000003,27.684,27.492
12001167319,136.0,136.0,136.0,136.0,136.0,136.0,136.0,136.0,136.0,136.0,136.0,136.0,136.0,136.0,136.0,136.0,136.0,136.0,136.0,136.0,136.0,37.038,36.019,35.033,34.817,34.442,34.01,33.479,33.013,33.046,33.324,33.666000000000004,34.119,34.43,34.605000000000004,34.763,34.857,34.875,34.858,34.816,34.751000000000005,34.673
12001167322,220.0,220.0,220.0,220.0,220.0,220.0,220.0,220.0,220.0,220.0,220.0,220.0,220.0,220.0,220.0,220.0,220.0,220.0,220.0,220.0,220.0,25.861,35.904,62.111,68.02199999999999,81.459,106.821,128.369,141.633,151.781,159.666,165.926,170.923,181.052,194.753,207.031,219.172,230.837,241.502,251.501,260.267,267.15999999999997
12002138701,0.0,0.0,0.0,0.0,0.0,0.0,0.0,0.0,0.0,0.0,0.0,0.0,0.0,0.0,0.0,0.0,0.0,0.0,0.0,0.0,0.0,23.153,23.079,22.047,22.054,21.655,21.45,21.288,21.183,21.162,21.213,21.299,21.395,21.484,21.568,21.664,21.735,21.799,21.839,21.851,21.849,21.795
12002138702,0.0,0.0,0.0,0.0,0.0,0.0,0.0,0.0,0.0,0.0,0.0,0.0,0.0,0.0,0.0,0.0,0.0,0.0,0.0,0.0,0.0,15.559,15.633,17.076,17.105,16.842,16.78,16.762,16.756,16.796,16.869,16.951,17.031,17.107,17.174,17.241,17.29,17.342,17.372,17.387,17.392,17.369999999999997
12002138703,0.0,0.0,0.0,0.0,0.0,0.0,0.0,0.0,0.0,0.0,0.0,0.0,0.0,0.0,0.0,0.0,0.0,0.0,0.0,0.0,0.0,9.135,9.708,9.877,10.309,10.426,10.509,10.555,10.588,10.667,10.751,10.843,10.922,11.01,11.076,11.127,11.163,11.21,11.228,11.239,11.237,11.216
12002138704,0.0,0.0,0.0,0.0,0.0,0.0,0.0,0.0,0.0,0.0,0.0,0.0,0.0,0.0,0.0,0.0,0.0,0.0,0.0,0.0,0.0,21.126,21.167,20.331,20.39,20.065,19.877,19.721,19.607,19.593,19.639000000000003,19.722,19.805,19.896,19.973,20.054,20.112,20.176,20.198,20.201,20.183999999999997,20.126
12002138705,0.0,0.0,0.0,0.0,0.0,0.0,0.0,0.0,0.0,0.0,0.0,0.0,0.0,0.0,0.0,0.0,0.0,0.0,0.0,0.0,0.0,20.861,20.631,19.589,19.479,19.078,18.898,18.775,18.689,18.669,18.701,18.758,18.819,18.879,18.935,18.999,19.043,19.088,19.108,19.111,19.103,19.06
12002138706,0.0,0.0,0.0,0.0,0.0,0.0,0.0,0.0,0.0,0.0,0.0,0.0,0.0,0.0,0.0,0.0,0.0,0.0,0.0,0.0,0.0,24.798,24.636,23.473,23.359,22.865,22.622,22.45,22.328,22.282,22.302,22.357,22.421999999999997,22.484,22.548,22.626,22.682,22.732999999999997,22.76,22.763,22.756,22.708
12002138707,0.0,0.0,0.0,0.0,0.0,0.0,0.0,0.0,0.0,0.0,0.0,0.0,0.0,0.0,0.0,0.0,0.0,0.0,0.0,0.0,0.0,13.324,13.348,12.821,12.859000000000002,12.653,12.535,12.437,12.364,12.356,12.385000000000002,12.438,12.489,12.547,12.595,12.647,12.683,12.724,12.738,12.739,12.729,12.692
12002138708,296.0,296.0,296.0,296.0,296.0,296.0,296.0,296.0,296.0,296.0,296.0,296.0,296.0,296.0,296.0,296.0,296.0,296.0,296.0,296.0,296.0,19.079,18.079,16.522,16.055999999999997,15.464,15.072,14.762,14.538,14.397,14.322,14.292,14.279,14.259,14.24,14.224,14.189,14.145,14.085,14.010000000000002,13.932,13.817
12002138709,0.0,0.0,0.0,0.0,0.0,0.0,0.0,0.0,0.0,0.0,0.0,0.0,0.0,0.0,0.0,0.0,0.0,0.0,0.0,0.0,0.0,17.991999999999997,17.049,15.581,15.141000000000002,14.583,14.214,13.922,13.71,13.577,13.507,13.478000000000002,13.465,13.447,13.428,13.414,13.381,13.34,13.283,13.212,13.139,13.03
12002138710,0.0,0.0,0.0,0.0,0.0,0.0,0.0,0.0,0.0,0.0,0.0,0.0,0.0,0.0,0.0,0.0,0.0,0.0,0.0,0.0,0.0,33.846000000000004,34.008,31.638,31.693,31.208,31.096,31.064,31.055,31.131,31.267,31.423,31.573,31.719,31.845999999999997,31.974,32.065,32.166,32.223,32.254,32.268,32.231
12002138711,66.0,66.0,66.0,66.0,66.0,66.0,66.0,66.0,66.0,66.0,66.0,66.0,66.0,66.0,66.0,66.0,66.0,66.0,66.0,66.0,66.0,13.709,13.558,12.873,12.801,12.537,12.419,12.338,12.281,12.268,12.289,12.327,12.367,12.406,12.443,12.486,12.514,12.544,12.556,12.558,12.554,12.526
12002138712,0.0,0.0,0.0,0.0,0.0,0.0,0.0,0.0,0.0,0.0,0.0,0.0,0.0,0.0,0.0,0.0,0.0,0.0,0.0,0.0,0.0,22.153,21.909,20.801,20.686,20.26,20.068,19.938,19.847,19.825,19.858,19.92,19.984,20.047,20.106,20.176,20.221,20.269,20.29,20.294,20.286,20.241
12002138713,0.0,0.0,0.0,0.0,0.0,0.0,0.0,0.0,0.0,0.0,0.0,0.0,0.0,0.0,0.0,0.0,0.0,0.0,0.0,0.0,0.0,11.475,10.873,9.936,9.656,9.301,9.065,8.878,8.743,8.658999999999999,8.614,8.595,8.587,8.575,8.564,8.554,8.533,8.507,8.471,8.426,8.379000000000001,8.31
12002138714,92.0,92.0,92.0,92.0,92.0,92.0,92.0,92.0,92.0,92.0,92.0,92.0,92.0,92.0,92.0,92.0,92.0,92.0,92.0,92.0,92.0,25.126,25.824,25.54,26.2,26.156,26.141,26.06,26.029000000000003,26.081000000000003,26.226999999999997,26.367,26.548,26.676,26.796,26.875,26.954,27.019,27.104000000000003,27.132,27.145,27.048
12002138715,0.0,0.0,0.0,0.0,0.0,0.0,0.0,0.0,0.0,0.0,0.0,0.0,0.0,0.0,0.0,0.0,0.0,0.0,0.0,0.0,0.0,27.834000000000003,27.887,26.605,26.567,25.938,25.642000000000003,25.417,25.253,25.169,25.152,25.174,25.199,25.224,25.243,25.274,25.278,25.279,25.262,25.224,25.180999999999997,25.104
12002138716,0.0,0.0,0.0,0.0,0.0,0.0,0.0,0.0,0.0,0.0,0.0,0.0,0.0,0.0,0.0,0.0,0.0,0.0,0.0,0.0,0.0,32.003,32.065,30.591,30.547,29.824,29.482999999999997,29.225,29.037,28.939,28.92,28.945,28.975,29.003,29.025,29.06,29.065,29.066,29.047,29.003,28.954,28.864
12002138717,0.0,0.0,0.0,0.0,0.0,0.0,0.0,0.0,0.0,0.0,0.0,0.0,0.0,0.0,0.0,0.0,0.0,0.0,0.0,0.0,0.0,16.72,17.599,17.724,18.349,18.423,18.464,18.459,18.456,18.522,18.613,18.73,18.839,18.954,19.049,19.137,19.204,19.273,19.314,19.335,19.336,19.302
12002138718,40.0,40.0,40.0,40.0,40.0,40.0,40.0,40.0,40.0,40.0,40.0,40.0,40.0,40.0,40.0,40.0,40.0,40.0,40.0,40.0,40.0,15.994,15.889,15.195,15.257,15.075,14.986999999999998,14.906,14.853,14.853000000000002,14.896999999999998,14.964,15.037,15.101,15.163,15.23,15.28,15.325,15.349,15.355,15.353,15.308
12002138719,0.0,0.0,0.0,0.0,0.0,0.0,0.0,0.0,0.0,0.0,0.0,0.0,0.0,0.0,0.0,0.0,0.0,0.0,0.0,0.0,0.0,16.167,16.062,15.303999999999998,15.229,14.907,14.748,14.636,14.557,14.527,14.54,14.576,14.618000000000002,14.659,14.7,14.752,14.787,14.821000000000002,14.838,14.841,14.836,14.805
12002138720,0.0,0.0,0.0,0.0,0.0,0.0,0.0,0.0,0.0,0.0,0.0,0.0,0.0,0.0,0.0,0.0,0.0,0.0,0.0,0.0,0.0,19.042,18.771,17.841,17.868,17.656,17.564,17.477,17.421,17.419,17.469,17.545,17.628,17.700000000000003,17.768,17.846,17.902,17.951,17.977,17.983,17.979,17.927
12002138721,0.0,0.0,0.0,0.0,0.0,0.0,0.0,0.0,0.0,0.0,0.0,0.0,0.0,0.0,0.0,0.0,0.0,0.0,0.0,0.0,0.0,23.299999999999997,24.761000000000003,25.191,26.293000000000003,26.592,26.803,26.92,27.005000000000003,27.209,27.42,27.655,27.857,28.081,28.248,28.38,28.472,28.593,28.637,28.665,28.661,28.607999999999997
12002138722,0.0,0.0,0.0,0.0,0.0,0.0,0.0,0.0,0.0,0.0,0.0,0.0,0.0,0.0,0.0,0.0,0.0,0.0,0.0,0.0,0.0,11.868,11.7,11.12,11.136,11.004,10.947,10.892,10.858,10.856,10.888,10.935,10.987,11.031,11.074,11.122,11.157,11.188,11.204,11.208,11.205,11.173
12002138723,0.0,0.0,0.0,0.0,0.0,0.0,0.0,0.0,0.0,0.0,0.0,0.0,0.0,0.0,0.0,0.0,0.0,0.0,0.0,0.0,0.0,27.432,27.563,25.643,25.687,25.293,25.202,25.177,25.17,25.231,25.341,25.468,25.589,25.707,25.81,25.914,25.988,26.07,26.116999999999997,26.143,26.153,26.122
12002138724,0.0,0.0,0.0,0.0,0.0,0.0,0.0,0.0,0.0,0.0,0.0,0.0,0.0,0.0,0.0,0.0,0.0,0.0,0.0,0.0,0.0,0.0,0.0,0.0,0.0,0.0,0.0,0.0,0.0,0.0,0.0,0.0,0.0,0.0,0.0,0.0,0.0,0.0,0.0,0.0,0.0,0.0
12002138725,92.0,92.0,92.0,92.0,92.0,92.0,92.0,92.0,92.0,92.0,92.0,92.0,92.0,92.0,92.0,92.0,92.0,92.0,92.0,92.0,92.0,13.24,13.153,12.579,12.629,12.477999999999998,12.406,12.339,12.295000000000002,12.294,12.331,12.387,12.447,12.501,12.550999999999998,12.608,12.648,12.686,12.706,12.711,12.709,12.671
12002138726,0.0,0.0,0.0,0.0,0.0,0.0,0.0,0.0,0.0,0.0,0.0,0.0,0.0,0.0,0.0,0.0,0.0,0.0,0.0,0.0,0.0,19.276,19.81,19.592,20.099,20.065,20.054,19.991,19.967,20.007,20.12,20.227,20.365,20.464,20.556,20.617,20.677,20.727,20.792,20.813,20.824,20.75
12002138727,0.0,0.0,0.0,0.0,0.0,0.0,0.0,0.0,0.0,0.0,0.0,0.0,0.0,0.0,0.0,0.0,0.0,0.0,0.0,0.0,0.0,17.758000000000003,17.7,16.909,16.914,16.609,16.452,16.327,16.246,16.23,16.268,16.336,16.409,16.477,16.541,16.615,16.67,16.719,16.75,16.759,16.756,16.716
12002138728,35.0,35.0,35.0,35.0,35.0,35.0,35.0,35.0,35.0,35.0,35.0,35.0,35.0,35.0,35.0,35.0,35.0,35.0,35.0,35.0,35.0,16.973,16.918,16.162,16.167,15.874,15.724,15.605,15.528,15.513000000000002,15.55,15.613,15.684,15.748,15.811,15.881,15.933,15.98,16.009,16.018,16.015,15.977
12002138729,0.0,0.0,0.0,0.0,0.0,0.0,0.0,0.0,0.0,0.0,0.0,0.0,0.0,0.0,0.0,0.0,0.0,0.0,0.0,0.0,0.0,30.618,31.306,30.539,30.78,30.352,30.258000000000003,30.234,30.227,30.278,30.38,30.506,30.626,30.741999999999997,30.85,30.971,31.058999999999997,31.144,31.208,31.243,31.264,31.246
12002138730,0.0,0.0,0.0,0.0,0.0,0.0,0.0,0.0,0.0,0.0,0.0,0.0,0.0,0.0,0.0,0.0,0.0,0.0,0.0,0.0,0.0,0.307,0.3269999999999999,0.3329999999999999,0.348,0.352,0.354,0.356,0.357,0.359,0.362,0.365,0.368,0.371,0.373,0.375,0.376,0.378,0.378,0.378,0.379,0.378
12002138731,46.0,46.0,46.0,46.0,46.0,46.0,46.0,46.0,46.0,46.0,46.0,46.0,46.0,46.0,46.0,46.0,46.0,46.0,46.0,46.0,46.0,47.41,48.475,47.286,47.659000000000006,46.997,46.851,46.815,46.804,46.883,47.04,47.235,47.42,47.599,47.767,47.955,48.092,48.224,48.323,48.376999999999995,48.408,48.381
12002138732,0.0,0.0,0.0,0.0,0.0,0.0,0.0,0.0,0.0,0.0,0.0,0.0,0.0,0.0,0.0,0.0,0.0,0.0,0.0,0.0,0.0,18.236,17.948999999999998,16.96,16.817999999999998,16.399,16.116999999999997,15.871,15.674,15.559,15.502,15.48,15.468,15.463,15.454999999999998,15.458,15.442,15.434,15.396,15.348,15.289,15.195
12002138733,0.0,0.0,0.0,0.0,0.0,0.0,0.0,0.0,0.0,0.0,0.0,0.0,0.0,0.0,0.0,0.0,0.0,0.0,0.0,0.0,0.0,11.03,10.857,10.257,10.172,9.919,9.748,9.6,9.48,9.411,9.376,9.363,9.356,9.352,9.348,9.349,9.34,9.335,9.312,9.283,9.248,9.191
12002138734,0.0,0.0,0.0,0.0,0.0,0.0,0.0,0.0,0.0,0.0,0.0,0.0,0.0,0.0,0.0,0.0,0.0,0.0,0.0,0.0,0.0,12.752,12.498,11.785,11.693,11.426,11.258,11.121,11.023,10.974,10.968,10.986,11.013,11.04,11.068,11.106,11.133,11.155,11.163,11.158,11.146,11.11
12002138735,0.0,0.0,0.0,0.0,0.0,0.0,0.0,0.0,0.0,0.0,0.0,0.0,0.0,0.0,0.0,0.0,0.0,0.0,0.0,0.0,0.0,9.994,9.678,9.035,8.926,8.711,8.594,8.508,8.456,8.445,8.463000000000001,8.501000000000001,8.54,8.574,8.605,8.638,8.658999999999999,8.674,8.677,8.669,8.655999999999999,8.622
12002138736,0.0,0.0,0.0,0.0,0.0,0.0,0.0,0.0,0.0,0.0,0.0,0.0,0.0,0.0,0.0,0.0,0.0,0.0,0.0,0.0,0.0,24.587,23.812,22.23,21.962,21.433,21.143,20.932,20.805,20.776,20.822,20.914,21.01,21.096,21.171,21.251,21.303,21.339,21.348,21.329,21.297,21.214
12002138737,65.0,65.0,65.0,65.0,65.0,65.0,65.0,65.0,65.0,65.0,65.0,65.0,65.0,65.0,65.0,65.0,65.0,65.0,65.0,65.0,65.0,19.245,18.863,17.786,17.647,17.243000000000002,16.991,16.783,16.634999999999998,16.561999999999998,16.552,16.581,16.621000000000002,16.661,16.704,16.761,16.801000000000002,16.836,16.848,16.84,16.823,16.767
12002138738,0.0,0.0,0.0,0.0,0.0,0.0,0.0,0.0,0.0,0.0,0.0,0.0,0.0,0.0,0.0,0.0,0.0,0.0,0.0,0.0,0.0,0.0,0.0,0.0,0.0,0.0,0.0,0.0,0.0,0.0,0.0,0.0,0.0,0.0,0.0,0.0,0.0,0.0,0.0,0.0,0.0,0.0
12002138739,0.0,0.0,0.0,0.0,0.0,0.0,0.0,0.0,0.0,0.0,0.0,0.0,0.0,0.0,0.0,0.0,0.0,0.0,0.0,0.0,0.0,13.108,12.922,12.281,12.3,12.153,12.091,12.031,11.992,11.99,12.025,12.077000000000002,12.135000000000002,12.185,12.231000000000002,12.285,12.323,12.357,12.375,12.379,12.376,12.341
12002138740,0.0,0.0,0.0,0.0,0.0,0.0,0.0,0.0,0.0,0.0,0.0,0.0,0.0,0.0,0.0,0.0,0.0,0.0,0.0,0.0,0.0,15.549,16.366,16.482,17.063,17.132,17.17,17.166,17.163,17.225,17.308999999999997,17.418,17.519,17.626,17.714,17.797,17.858999999999998,17.923000000000002,17.96,17.98,17.982,17.948999999999998
12002138741,0.0,0.0,0.0,0.0,0.0,0.0,0.0,0.0,0.0,0.0,0.0,0.0,0.0,0.0,0.0,0.0,0.0,0.0,0.0,0.0,0.0,10.796,10.582,9.977,9.9,9.673,9.531,9.415,9.331,9.291,9.286,9.302,9.325,9.347,9.371,9.402,9.425,9.444,9.451,9.448,9.437,9.406
12002138742,0.0,0.0,0.0,0.0,0.0,0.0,0.0,0.0,0.0,0.0,0.0,0.0,0.0,0.0,0.0,0.0,0.0,0.0,0.0,0.0,0.0,22.897,24.101000000000003,24.272,25.127,25.229000000000003,25.285,25.278,25.275,25.364,25.489,25.65,25.799,25.956,26.086,26.208,26.299,26.394,26.448,26.476,26.479999999999997,26.430999999999997
12002138901,0.0,0.0,0.0,0.0,0.0,0.0,0.0,0.0,0.0,0.0,0.0,0.0,0.0,0.0,0.0,0.0,0.0,0.0,0.0,0.0,0.0,0.0,0.0,0.0,0.0,0.0,0.0,0.0,0.0,0.0,0.0,0.0,0.0,0.0,0.0,0.0,0.0,0.0,0.0,0.0,0.0,0.0
12002138902,0.0,0.0,0.0,0.0,0.0,0.0,0.0,0.0,0.0,0.0,0.0,0.0,0.0,0.0,0.0,0.0,0.0,0.0,0.0,0.0,0.0,31.572000000000003,32.742000000000004,32.831,33.097,33.186,33.211,33.397,33.542,33.659,33.585,33.564,33.591,33.584,33.485,33.408,33.4,33.399,33.578,33.729,33.824,33.936
12002138903,0.0,0.0,0.0,0.0,0.0,0.0,0.0,0.0,0.0,0.0,0.0,0.0,0.0,0.0,0.0,0.0,0.0,0.0,0.0,0.0,0.0,36.579,38.075,37.96,37.762,37.303,36.838,36.82,36.833,36.886,36.932,36.971,37.079,37.141,37.174,37.218,37.299,37.371,37.419,37.476,37.482,37.487
12002138904,0.0,0.0,0.0,0.0,0.0,0.0,0.0,0.0,0.0,0.0,0.0,0.0,0.0,0.0,0.0,0.0,0.0,0.0,0.0,0.0,0.0,35.669,36.518,35.873000000000005,35.326,34.708,34.189,34.086,34.039,34.046,34.07,34.095,34.183,34.235,34.261,34.303,34.378,34.443,34.486999999999995,34.541,34.545,34.548
12002138905,60.0,60.0,60.0,60.0,60.0,60.0,60.0,60.0,60.0,60.0,60.0,60.0,60.0,60.0,60.0,60.0,60.0,60.0,60.0,60.0,60.0,0.0,0.0,0.0,0.0,0.0,0.0,0.0,0.0,0.0,0.0,0.0,0.0,0.0,0.0,0.0,0.0,0.0,0.0,0.0,0.0,0.0
12002138906,0.0,0.0,0.0,0.0,0.0,0.0,0.0,0.0,0.0,0.0,0.0,0.0,0.0,0.0,0.0,0.0,0.0,0.0,0.0,0.0,0.0,34.987,35.253,34.207,33.569,32.901,32.354,32.07,31.833,31.714,31.706000000000003,31.721000000000004,31.802,31.858,31.904000000000003,31.964,32.049,32.120000000000005,32.16,32.199,32.184,32.166
12002138907,21.0,21.0,21.0,21.0,21.0,21.0,21.0,21.0,21.0,21.0,21.0,21.0,21.0,21.0,21.0,21.0,21.0,21.0,21.0,21.0,21.0,42.645,47.314,50.126999999999995,52.536,53.593,54.053,54.61,54.978,55.315,55.616,55.863,56.162000000000006,56.375,56.508,56.633,56.783,56.904,57.022,57.179,57.308,57.473
12002138908,144.0,144.0,144.0,144.0,144.0,144.0,144.0,144.0,144.0,144.0,144.0,144.0,144.0,144.0,144.0,144.0,144.0,144.0,144.0,144.0,144.0,27.563,28.202,27.705,27.323,26.853,26.446,20.255000000000003,16.843,15.954,16.736,17.219,17.598,17.893,18.046,18.101,18.212,18.348,18.492,18.711,18.928,19.157
12002138909,0.0,0.0,0.0,0.0,0.0,0.0,0.0,0.0,0.0,0.0,0.0,0.0,0.0,0.0,0.0,0.0,0.0,0.0,0.0,0.0,0.0,0.399,0.409,0.401,0.396,0.389,0.383,7.543,14.284,19.198,20.105,20.651,21.069,21.385,21.53,21.558,21.654,21.779,21.912,22.134,22.353,22.586
12002138910,56.0,56.0,56.0,56.0,56.0,56.0,56.0,56.0,56.0,56.0,56.0,56.0,56.0,56.0,56.0,56.0,56.0,56.0,56.0,56.0,56.0,0.945,0.981,0.983,0.991,0.994,0.995,1.0,1.004,1.008,1.005,1.005,1.006,1.006,1.002,1.0,1.001,1.0,1.006,1.01,1.013,1.016
12002138911,148.0,148.0,148.0,148.0,148.0,148.0,148.0,148.0,148.0,148.0,148.0,148.0,148.0,148.0,148.0,148.0,148.0,148.0,148.0,148.0,148.0,36.386,36.953,36.053,35.387,34.662,34.055,33.82,33.638000000000005,33.537,33.508,33.492,33.552,33.579,33.585,33.602,33.656,33.697,33.714,33.732,33.704,33.683
12002138912,295.0,295.0,295.0,295.0,295.0,295.0,295.0,295.0,295.0,295.0,295.0,295.0,295.0,295.0,295.0,295.0,295.0,295.0,295.0,295.0,295.0,43.966,44.653,43.564,42.759,41.884,41.151,40.867,40.646,40.525,40.488,40.469,40.543,40.574,40.58,40.603,40.668,40.717,40.738,40.76,40.725,40.7
12002138913,0.0,0.0,0.0,0.0,0.0,0.0,0.0,0.0,0.0,0.0,0.0,0.0,0.0,0.0,0.0,0.0,0.0,0.0,0.0,0.0,0.0,41.78,43.33,43.446,43.798,43.916,43.951,44.196,44.388000000000005,44.543,45.021,45.568,46.178,46.744,47.179,47.643,48.20399999999999,48.558,48.818,49.034,49.174,49.334
12002138914,0.0,0.0,0.0,0.0,0.0,0.0,0.0,0.0,0.0,0.0,0.0,0.0,0.0,0.0,0.0,0.0,0.0,0.0,0.0,0.0,0.0,37.774,38.233,36.544,35.706,34.832,34.104,33.887,33.78,33.714999999999996,33.525,33.33,33.214,33.062,32.896,32.753,32.652,32.647,32.783,33.016,33.213,33.429
12002138915,60.0,60.0,60.0,60.0,60.0,60.0,60.0,60.0,60.0,60.0,60.0,60.0,60.0,60.0,60.0,60.0,60.0,60.0,60.0,60.0,60.0,29.49,29.848,29.839,29.154000000000003,28.438,27.843,27.665,27.575000000000003,27.522,27.586,27.644,27.765,27.854,27.929,28.019999999999996,28.146,28.177999999999997,28.039,27.862,27.661,27.479999999999997
12002138916,0.0,0.0,0.0,0.0,0.0,0.0,0.0,0.0,0.0,0.0,0.0,0.0,0.0,0.0,0.0,0.0,0.0,0.0,0.0,0.0,0.0,37.899,37.274,32.616,31.555999999999997,30.723,30.177,30.494999999999997,31.087,31.565,31.817,31.963,32.13,32.205,32.216,32.22,32.259,32.289,32.297,32.325,32.315,32.316
12002138917,0.0,0.0,0.0,0.0,0.0,0.0,0.0,0.0,0.0,0.0,0.0,0.0,0.0,0.0,0.0,0.0,0.0,0.0,0.0,0.0,0.0,33.511,32.958,38.043,36.803,35.827,35.186,35.552,36.238,36.791,37.08,37.246,37.437,37.52,37.527,37.528,37.57,37.599999999999994,37.604,37.633,37.617,37.614
12002138918,92.0,92.0,92.0,92.0,92.0,92.0,92.0,92.0,92.0,92.0,92.0,92.0,92.0,92.0,92.0,92.0,92.0,92.0,92.0,92.0,92.0,25.930999999999997,25.503,22.316000000000003,21.591,21.02,20.647,20.865,21.269,21.597,21.77,21.87,21.984,22.035,22.043,22.046,22.072,22.092,22.098,22.117,22.11,22.111
12002138919,0.0,0.0,0.0,0.0,0.0,0.0,0.0,0.0,0.0,0.0,0.0,0.0,0.0,0.0,0.0,0.0,0.0,0.0,0.0,0.0,0.0,39.962,40.912,40.19,39.577,38.885,38.304,38.188,38.134,38.141,38.169,38.197,38.297,38.353,38.383,38.431,38.516,38.588,38.637,38.698,38.702,38.705
12002138920,0.0,0.0,0.0,0.0,0.0,0.0,0.0,0.0,0.0,0.0,0.0,0.0,0.0,0.0,0.0,0.0,0.0,0.0,0.0,0.0,0.0,26.834,27.932,27.847,27.702,27.365,27.023000000000003,27.011000000000003,27.02,27.058999999999997,27.092999999999996,27.121,27.201,27.247,27.271,27.302,27.362,27.415,27.450000000000003,27.493,27.497,27.501
12002138921,0.0,0.0,0.0,0.0,0.0,0.0,0.0,0.0,0.0,0.0,0.0,0.0,0.0,0.0,0.0,0.0,0.0,0.0,0.0,0.0,0.0,27.521,22.41,23.181,23.241,22.994,22.700000000000003,22.999,23.322,23.557,23.556,23.518,23.523,23.484,23.411,23.35,23.333,23.344,23.391,23.46,23.501,23.544
12002138922,105.0,105.0,105.0,105.0,105.0,105.0,105.0,105.0,105.0,105.0,105.0,105.0,105.0,105.0,105.0,105.0,105.0,105.0,105.0,105.0,105.0,29.47,40.107,41.475,41.576,41.128,40.598,41.126000000000005,41.696,42.11,42.289,42.402,42.591,42.7,42.747,42.813,42.959,43.09,43.17,43.29,43.359,43.431
12002138924,72.0,72.0,72.0,72.0,72.0,72.0,72.0,72.0,72.0,72.0,72.0,72.0,72.0,72.0,72.0,72.0,72.0,72.0,72.0,72.0,72.0,30.922,31.706,31.252,31.019,30.636,30.295,30.168,30.043999999999997,29.983000000000004,29.999,30.020000000000003,30.098999999999997,30.146,30.172,30.208,30.263,30.304,30.323,30.345,30.323,30.304
12002138925,0.0,0.0,0.0,0.0,0.0,0.0,0.0,0.0,0.0,0.0,0.0,0.0,0.0,0.0,0.0,0.0,0.0,0.0,0.0,0.0,0.0,17.59,18.036,17.778,17.644,17.427,17.233,17.161,17.09,17.055,17.064,17.076999999999998,17.122,17.148,17.163,17.183,17.215,17.238,17.25,17.261,17.249,17.237000000000002
12002138926,0.0,0.0,0.0,0.0,0.0,0.0,0.0,0.0,0.0,0.0,0.0,0.0,0.0,0.0,0.0,0.0,0.0,0.0,0.0,0.0,0.0,23.157,23.823,25.046999999999997,24.978,24.742,24.505,24.491,24.497,24.52,24.555999999999997,24.584000000000003,24.653,24.69,24.701,24.716,24.75,24.774,24.787,24.805,24.792,24.785
12002138927,0.0,0.0,0.0,0.0,0.0,0.0,0.0,0.0,0.0,0.0,0.0,0.0,0.0,0.0,0.0,0.0,0.0,0.0,0.0,0.0,0.0,25.829,26.398,25.897,25.506,25.036,24.623,24.487,24.389000000000003,24.349,24.433,24.526,24.672,24.797,24.911,25.038,25.191000000000003,25.307,25.354,25.407,25.419,25.429
12002138928,0.0,0.0,0.0,0.0,0.0,0.0,0.0,0.0,0.0,0.0,0.0,0.0,0.0,0.0,0.0,0.0,0.0,0.0,0.0,0.0,0.0,33.947,34.806,34.309,34.053,33.632,33.258,33.12,32.983000000000004,32.917,32.934,32.957,33.044000000000004,33.094,33.124,33.163000000000004,33.223,33.269,33.291,33.313,33.289,33.268
12002138929,57.0,57.0,57.0,57.0,57.0,57.0,57.0,57.0,57.0,57.0,57.0,57.0,57.0,57.0,57.0,57.0,57.0,57.0,57.0,57.0,57.0,24.144,24.676,24.208,23.842,23.403,23.017,22.891,22.798,22.761000000000003,22.682,22.613,22.595,22.555,22.508000000000003,22.472,22.461,22.472,22.514000000000003,22.56,22.572,22.581
12002138930,0.0,0.0,0.0,0.0,0.0,0.0,0.0,0.0,0.0,0.0,0.0,0.0,0.0,0.0,0.0,0.0,0.0,0.0,0.0,0.0,0.0,34.129999999999995,34.39,33.369,32.745999999999995,32.096000000000004,31.561,31.284,31.053,30.937,30.93,30.944000000000003,31.023000000000003,31.077,31.123,31.182,31.265,31.333,31.373,31.41,31.397,31.378
12002138931,214.0,214.0,214.0,214.0,214.0,214.0,214.0,214.0,214.0,214.0,214.0,214.0,214.0,214.0,214.0,214.0,214.0,214.0,214.0,214.0,214.0,31.485,32.388999999999996,31.429,31.345,31.05,30.753,30.738,30.747,30.778,30.826,30.862,30.952,30.999,31.014,31.035,31.08,31.112,31.131,31.154000000000003,31.14,31.133
12002138932,0.0,0.0,0.0,0.0,0.0,0.0,0.0,0.0,0.0,0.0,0.0,0.0,0.0,0.0,0.0,0.0,0.0,0.0,0.0,0.0,0.0,23.956,24.644,23.913,23.848999999999997,23.624,23.399,23.388,23.395,23.418,23.455,23.482,23.549999999999997,23.586,23.598,23.613,23.648,23.673,23.687,23.704,23.694,23.688
12002167401,80.0,80.0,80.0,80.0,80.0,80.0,80.0,80.0,80.0,80.0,80.0,80.0,80.0,80.0,80.0,80.0,80.0,80.0,80.0,80.0,80.0,28.924,29.572000000000003,28.987,28.927,28.727000000000004,28.58,28.439,28.385,28.461999999999996,28.578,28.691000000000003,28.793,28.924,29.009,29.122,29.180999999999997,29.232,29.244999999999997,29.251,29.235,29.174999999999997
12002167402,0.0,0.0,0.0,0.0,0.0,0.0,0.0,0.0,0.0,0.0,0.0,0.0,0.0,0.0,0.0,0.0,0.0,0.0,0.0,0.0,0.0,37.274,38.18,37.429,37.42,37.336,37.385000000000005,37.501000000000005,37.702,38.075,38.48,38.847,39.129999999999995,39.406,39.599,39.824,39.986,40.112,40.231,40.341,40.415,40.426
12002167403,0.0,0.0,0.0,0.0,0.0,0.0,0.0,0.0,0.0,0.0,0.0,0.0,0.0,0.0,0.0,0.0,0.0,0.0,0.0,0.0,0.0,23.524,25.124,25.618,26.308,24.744999999999997,23.512,24.040000000000003,24.613,25.289,25.930999999999997,26.478,26.883,27.137,27.265,27.363,27.397,27.403999999999996,27.414,27.424999999999997,27.433,27.396
12002167404,150.0,150.0,150.0,150.0,150.0,150.0,150.0,150.0,150.0,150.0,150.0,150.0,150.0,150.0,150.0,150.0,150.0,150.0,150.0,150.0,150.0,32.516,34.726,35.41,36.363,39.301,42.187,43.133,44.161,45.375,46.527,47.509,48.233999999999995,48.691,48.919999999999995,49.096,49.155,49.169999999999995,49.188,49.207,49.221,49.157
12002167405,0.0,0.0,0.0,0.0,0.0,0.0,0.0,0.0,0.0,0.0,0.0,0.0,0.0,0.0,0.0,0.0,0.0,0.0,0.0,0.0,0.0,26.009,26.596,25.96,25.862,25.536,25.368,25.233,25.186,25.235,25.32,25.403,25.479,25.593,25.67,25.771,25.83,25.882,25.908,25.932,25.941,25.918
12002167406,30.0,30.0,30.0,30.0,30.0,30.0,30.0,30.0,30.0,30.0,30.0,30.0,30.0,30.0,30.0,30.0,30.0,30.0,30.0,30.0,30.0,28.434,28.708,27.845,27.558,27.177999999999997,26.887,26.641,26.484,26.447,26.452,26.469,26.488999999999997,26.561,26.604,26.68,26.711,26.738999999999997,26.735999999999997,26.73,26.708,26.65
12002167407,284.0,284.0,284.0,284.0,284.0,284.0,284.0,284.0,284.0,284.0,284.0,284.0,284.0,284.0,284.0,284.0,284.0,284.0,284.0,284.0,284.0,23.379,23.605,22.896,22.659,22.347,22.108,21.905,21.775,21.745,21.749,21.763,21.78,21.84,21.875,21.937,21.962,21.985,21.983,21.979,21.96,21.912
12002167408,0.0,0.0,0.0,0.0,0.0,0.0,0.0,0.0,0.0,0.0,0.0,0.0,0.0,0.0,0.0,0.0,0.0,0.0,0.0,0.0,0.0,33.043,33.361,32.317,31.951,31.552,31.293,31.095,31.03,31.131,31.284999999999997,31.439,31.576,31.738999999999997,31.845999999999997,31.976999999999997,32.044,32.101,32.114,32.121,32.105000000000004,32.042
12002167409,0.0,0.0,0.0,0.0,0.0,0.0,0.0,0.0,0.0,0.0,0.0,0.0,0.0,0.0,0.0,0.0,0.0,0.0,0.0,0.0,0.0,15.297,15.619,15.288,15.233,15.161,15.134,15.105999999999998,15.123,15.208,15.308,15.399,15.472,15.546,15.589,15.644,15.671,15.692,15.695,15.697,15.688,15.657
12002167410,0.0,0.0,0.0,0.0,0.0,0.0,0.0,0.0,0.0,0.0,0.0,0.0,0.0,0.0,0.0,0.0,0.0,0.0,0.0,0.0,0.0,27.033,27.69,27.145,27.138,27.077999999999996,27.113,27.197,27.342,27.613,27.906999999999996,28.173,28.378,28.579,28.718000000000004,28.882,29.0,29.091,29.177,29.257,29.31,29.318
12002167411,45.0,45.0,45.0,45.0,45.0,45.0,45.0,45.0,45.0,45.0,45.0,45.0,45.0,45.0,45.0,45.0,45.0,45.0,45.0,45.0,45.0,17.062,17.237,16.722,16.561999999999998,16.338,16.167,16.024,15.939,15.933,15.953,15.979,16.005,16.062,16.098,16.154,16.181,16.204,16.209,16.208,16.195,16.159
12002167412,0.0,0.0,0.0,0.0,0.0,0.0,0.0,0.0,0.0,0.0,0.0,0.0,0.0,0.0,0.0,0.0,0.0,0.0,0.0,0.0,0.0,17.403,17.581,17.055999999999997,16.893,16.665,16.491,16.345,16.258,16.250999999999998,16.272,16.298000000000002,16.325,16.383,16.42,16.477,16.503999999999998,16.529,16.532,16.532,16.519,16.482
12002167413,56.0,56.0,56.0,56.0,56.0,56.0,56.0,56.0,56.0,56.0,56.0,56.0,56.0,56.0,56.0,56.0,56.0,56.0,56.0,56.0,56.0,37.957,37.737,35.983000000000004,35.117999999999995,34.637,34.464999999999996,34.611999999999995,35.459,37.297,39.747,42.495,45.035,46.176,46.649,46.773,46.612,46.33,45.947,45.648,45.397,45.132
12002167414,0.0,0.0,0.0,0.0,0.0,0.0,0.0,0.0,0.0,0.0,0.0,0.0,0.0,0.0,0.0,0.0,0.0,0.0,0.0,0.0,0.0,26.211,26.463,25.636,25.345,25.028,24.823,24.665,24.613999999999997,24.694000000000003,24.816000000000003,24.938,25.047000000000004,25.177,25.262,25.366,25.418,25.463,25.473,25.48,25.466,25.417
12002167415,0.0,0.0,0.0,0.0,0.0,0.0,0.0,0.0,0.0,0.0,0.0,0.0,0.0,0.0,0.0,0.0,0.0,0.0,0.0,0.0,0.0,33.44,34.196,33.376999999999995,33.252,32.831,32.615,32.442,32.382,32.446,32.555,32.660000000000004,32.759,32.906,33.004000000000005,33.135,33.209,33.277,33.311,33.342,33.353,33.323
12002167416,0.0,0.0,0.0,0.0,0.0,0.0,0.0,0.0,0.0,0.0,0.0,0.0,0.0,0.0,0.0,0.0,0.0,0.0,0.0,0.0,0.0,36.914,37.46,36.404,36.074,35.718,35.527,35.368,35.339,35.480000000000004,35.668,35.835,35.966,36.103,36.171,36.267,36.296,36.317,36.301,36.285,36.25,36.167
12002167417,0.0,0.0,0.0,0.0,0.0,0.0,0.0,0.0,0.0,0.0,0.0,0.0,0.0,0.0,0.0,0.0,0.0,0.0,0.0,0.0,0.0,21.368,21.818,21.355,21.277,21.179,21.14,21.1,21.123,21.242,21.382,21.509,21.611,21.714,21.775,21.852,21.889,21.919,21.923,21.925,21.913,21.871
12002167418,0.0,0.0,0.0,0.0,0.0,0.0,0.0,0.0,0.0,0.0,0.0,0.0,0.0,0.0,0.0,0.0,0.0,0.0,0.0,0.0,0.0,19.906,20.201,19.631,19.453000000000003,19.26,19.159,19.072,19.057,19.133,19.233,19.324,19.395,19.468,19.505,19.556,19.572,19.584,19.575,19.567,19.547,19.503
12002167419,0.0,0.0,0.0,0.0,0.0,0.0,0.0,0.0,0.0,0.0,0.0,0.0,0.0,0.0,0.0,0.0,0.0,0.0,0.0,0.0,0.0,17.744,18.175,17.818,17.813000000000002,17.773,17.797,17.852,17.947000000000003,18.125,18.318,18.492,18.627,18.759,18.85,18.958,19.035,19.095,19.151,19.204,19.239,19.244
12002167420,0.0,0.0,0.0,0.0,0.0,0.0,0.0,0.0,0.0,0.0,0.0,0.0,0.0,0.0,0.0,0.0,0.0,0.0,0.0,0.0,0.0,21.292,21.606,20.997,20.807,20.602,20.492,20.4,20.383,20.464,20.573,20.669,20.745,20.824,20.863,20.918,20.935,20.947,20.938,20.929,20.908,20.861
12002167421,0.0,0.0,0.0,0.0,0.0,0.0,0.0,0.0,0.0,0.0,0.0,0.0,0.0,0.0,0.0,0.0,0.0,0.0,0.0,0.0,0.0,26.494,27.092,26.444000000000003,26.344,26.011,25.841,25.704,25.655,25.706000000000003,25.793,25.875,25.954,26.07,26.148,26.252,26.311,26.364,26.391,26.415,26.425,26.400999999999996
12002167501,0.0,0.0,0.0,0.0,0.0,0.0,0.0,0.0,0.0,0.0,0.0,0.0,0.0,0.0,0.0,0.0,0.0,0.0,0.0,0.0,0.0,27.022,27.247,27.138,26.854,26.723,26.611,26.594,26.572000000000003,26.535,26.51,26.461,26.424,26.426,26.475,26.554,26.625,26.678,26.7,26.685,26.645000000000003,26.578000000000003
12002167502,0.0,0.0,0.0,0.0,0.0,0.0,0.0,0.0,0.0,0.0,0.0,0.0,0.0,0.0,0.0,0.0,0.0,0.0,0.0,0.0,0.0,14.207,14.489,14.366,15.001,15.558,15.936,16.207,16.344,16.404,16.464,16.565,16.657,16.752,16.856,16.965,17.060000000000002,17.137,17.191,17.221,17.224,17.206
12002167503,0.0,0.0,0.0,0.0,0.0,0.0,0.0,0.0,0.0,0.0,0.0,0.0,0.0,0.0,0.0,0.0,0.0,0.0,0.0,0.0,0.0,29.029,28.055999999999997,26.176,31.401000000000003,37.679,40.428,42.46,43.794,44.83,45.706,46.277,46.673,46.994,47.277,47.535,47.708,47.808,47.833,47.784000000000006,47.657,47.471
12002167504,118.0,118.0,118.0,118.0,118.0,118.0,118.0,118.0,118.0,118.0,118.0,118.0,118.0,118.0,118.0,118.0,118.0,118.0,118.0,118.0,118.0,27.284,27.417,27.491999999999997,27.837000000000003,28.078,28.256,28.466,28.611,28.685,28.715,28.686,28.649,28.637,28.673,28.738,28.806,28.868,28.901,28.897,28.861,28.792
12002167505,0.0,0.0,0.0,0.0,0.0,0.0,0.0,0.0,0.0,0.0,0.0,0.0,0.0,0.0,0.0,0.0,0.0,0.0,0.0,0.0,0.0,35.808,35.875,35.120000000000005,34.475,34.117,33.842,33.645,33.396,33.193,33.095,33.177,33.282,33.405,33.55,33.693,33.821,33.924,33.982,33.995999999999995,33.974000000000004,33.92
12002167506,0.0,0.0,0.0,0.0,0.0,0.0,0.0,0.0,0.0,0.0,0.0,0.0,0.0,0.0,0.0,0.0,0.0,0.0,0.0,0.0,0.0,22.295,23.479,23.421,23.329,23.302,23.193,23.137,23.076,23.01,22.983,22.947,22.928,22.94,22.988,23.062,23.129,23.18,23.204,23.204,23.183,23.136000000000003
12002167507,0.0,0.0,0.0,0.0,0.0,0.0,0.0,0.0,0.0,0.0,0.0,0.0,0.0,0.0,0.0,0.0,0.0,0.0,0.0,0.0,0.0,34.666,35.116,37.48,38.503,39.569,40.228,40.788,41.167,41.353,41.631,42.33,43.061,43.83,44.608,45.414,46.133,46.805,47.388,47.881,48.181,48.398
12002167508,0.0,0.0,0.0,0.0,0.0,0.0,0.0,0.0,0.0,0.0,0.0,0.0,0.0,0.0,0.0,0.0,0.0,0.0,0.0,0.0,0.0,26.022,26.836,26.226,25.88,25.729,25.545,25.448,25.372,25.312,25.294,25.263,25.242,25.253,25.302,25.376,25.456,25.537,25.588,25.606,25.601,25.561
12002167509,44.0,44.0,44.0,44.0,44.0,44.0,44.0,44.0,44.0,44.0,44.0,44.0,44.0,44.0,44.0,44.0,44.0,44.0,44.0,44.0,44.0,21.007,21.937,22.657,22.955,22.609,22.229,21.615,20.867,20.337,20.121,20.42,20.738,21.044,21.326,21.571,21.753,21.894,21.992,22.047,22.058,22.033
12002167510,0.0,0.0,0.0,0.0,0.0,0.0,0.0,0.0,0.0,0.0,0.0,0.0,0.0,0.0,0.0,0.0,0.0,0.0,0.0,0.0,0.0,58.477,58.584999999999994,57.352,56.29900000000001,55.715,55.264,55.36,55.718,56.144,56.618,56.757000000000005,56.937,57.146,57.393,57.637,57.855999999999995,58.031000000000006,58.13,58.153000000000006,58.114999999999995,58.02
12002167511,0.0,0.0,0.0,0.0,0.0,0.0,0.0,0.0,0.0,0.0,0.0,0.0,0.0,0.0,0.0,0.0,0.0,0.0,0.0,0.0,0.0,35.236000000000004,34.797,32.057,29.841,30.512,30.972,30.583,29.525,28.619999999999997,28.126,28.704,29.241999999999997,29.733000000000004,30.162999999999997,30.533,30.797,30.985,31.096000000000004,31.144,31.125,31.059
12002167512,155.0,155.0,155.0,155.0,155.0,155.0,155.0,155.0,155.0,155.0,155.0,155.0,155.0,155.0,155.0,155.0,155.0,155.0,155.0,155.0,155.0,25.571,26.369999999999997,25.771,25.430999999999997,25.283,25.101,25.007,24.932,24.872,24.855,24.824,24.804,24.815,24.863,24.936,25.015,25.094,25.144,25.163,25.157,25.117
12002167513,0.0,0.0,0.0,0.0,0.0,0.0,0.0,0.0,0.0,0.0,0.0,0.0,0.0,0.0,0.0,0.0,0.0,0.0,0.0,0.0,0.0,23.715,24.344,27.809,28.456000000000003,29.082,29.491,29.819000000000003,30.042,30.145000000000003,30.251,30.308,30.355000000000004,30.416000000000004,30.51,30.634,30.746,30.829,30.876,30.885,30.865,30.812
12002167514,39.0,39.0,39.0,39.0,39.0,39.0,39.0,39.0,39.0,39.0,39.0,39.0,39.0,39.0,39.0,39.0,39.0,39.0,39.0,39.0,39.0,24.629,24.835,24.735,24.476,24.356,24.255,24.239,24.219,24.186,24.162,24.119,24.085,24.086,24.130000000000003,24.202,24.268,24.316000000000003,24.336,24.322,24.287,24.224
12002167515,0.0,0.0,0.0,0.0,0.0,0.0,0.0,0.0,0.0,0.0,0.0,0.0,0.0,0.0,0.0,0.0,0.0,0.0,0.0,0.0,0.0,21.903,22.337,27.075000000000003,28.263,29.305,30.01,30.721000000000004,31.365,31.863,32.300000000000004,32.487,32.659,32.833999999999996,33.027,33.230000000000004,33.406,33.545,33.641999999999996,33.688,33.684,33.64
12002167516,128.0,128.0,128.0,128.0,128.0,128.0,128.0,128.0,128.0,128.0,128.0,128.0,128.0,128.0,128.0,128.0,128.0,128.0,128.0,128.0,128.0,50.97,50.334,55.67100000000001,61.919,63.307,64.26,66.279,69.06400000000001,71.867,74.674,76.203,77.624,78.92099999999999,80.057,81.03200000000001,81.727,82.22,82.509,82.63,82.57,82.392
12002167517,0.0,0.0,0.0,0.0,0.0,0.0,0.0,0.0,0.0,0.0,0.0,0.0,0.0,0.0,0.0,0.0,0.0,0.0,0.0,0.0,0.0,48.646,48.67,51.361,53.382000000000005,55.202,56.319,57.093,57.502,57.551,57.544,57.479,57.428,57.459,57.587,57.784,57.95400000000001,58.087,58.150000000000006,58.132000000000005,58.039,57.882000000000005
12002167518,0.0,0.0,0.0,0.0,0.0,0.0,0.0,0.0,0.0,0.0,0.0,0.0,0.0,0.0,0.0,0.0,0.0,0.0,0.0,0.0,0.0,30.829,32.343,30.601999999999997,29.266,26.55,22.616999999999997,21.687,22.183999999999997,22.628,23.575000000000003,26.164,28.718,31.248,33.658,36.046,38.212,40.276,42.178,43.893,45.089,46.09
12002167519,166.0,166.0,166.0,166.0,166.0,166.0,166.0,166.0,166.0,166.0,166.0,166.0,166.0,166.0,166.0,166.0,166.0,166.0,166.0,166.0,166.0,28.238,28.28,26.639,27.698,28.655,29.249,29.665,29.89,29.929,29.939,29.92,29.908,29.937,30.017,30.133000000000003,30.236,30.319,30.366,30.369999999999997,30.334,30.266
12002167520,0.0,0.0,0.0,0.0,0.0,0.0,0.0,0.0,0.0,0.0,0.0,0.0,0.0,0.0,0.0,0.0,0.0,0.0,0.0,0.0,0.0,31.949,32.214,32.084,31.749,31.594,31.462,31.442,31.415,31.372,31.343000000000004,31.285000000000004,31.24,31.243,31.301,31.393,31.479,31.541,31.567,31.548,31.504,31.421999999999997
12002167521,0.0,0.0,0.0,0.0,0.0,0.0,0.0,0.0,0.0,0.0,0.0,0.0,0.0,0.0,0.0,0.0,0.0,0.0,0.0,0.0,0.0,32.181,30.747,28.753,28.193,27.846,27.627,27.613999999999997,27.656,27.717,27.817,27.875,27.927,27.999,28.091,28.199,28.296,28.377,28.422,28.436,28.421,28.376
12002167522,0.0,0.0,0.0,0.0,0.0,0.0,0.0,0.0,0.0,0.0,0.0,0.0,0.0,0.0,0.0,0.0,0.0,0.0,0.0,0.0,0.0,38.041,40.061,39.961,39.804,39.758,39.573,39.477,39.372,39.259,39.214,39.152,39.120999999999995,39.14,39.221,39.349,39.462,39.549,39.59,39.591,39.556,39.475
12002167523,185.0,185.0,185.0,185.0,185.0,185.0,185.0,185.0,185.0,185.0,185.0,185.0,185.0,185.0,185.0,185.0,185.0,185.0,185.0,185.0,185.0,30.483,29.221,27.648,26.442,33.146,47.742,54.249,55.492999999999995,56.60300000000001,58.31699999999999,61.911,65.682,69.618,73.524,77.49,81.143,84.628,87.827,90.696,92.696,94.32
12002167524,0.0,0.0,0.0,0.0,0.0,0.0,0.0,0.0,0.0,0.0,0.0,0.0,0.0,0.0,0.0,0.0,0.0,0.0,0.0,0.0,0.0,26.714,26.381,24.304,22.624,23.132,23.481,23.693,23.781,23.933,24.244,24.742,25.205,25.628,25.998,26.317,26.544,26.705,26.799999999999997,26.841,26.824,26.767
12002167525,0.0,0.0,0.0,0.0,0.0,0.0,0.0,0.0,0.0,0.0,0.0,0.0,0.0,0.0,0.0,0.0,0.0,0.0,0.0,0.0,0.0,73.089,70.065,66.293,63.401,57.515,48.996,46.980999999999995,48.058,49.02,49.299,47.094,45.541,44.536,44.008,43.742,43.652,43.575,43.477,43.34,43.241,43.027
12002167526,0.0,0.0,0.0,0.0,0.0,0.0,0.0,0.0,0.0,0.0,0.0,0.0,0.0,0.0,0.0,0.0,0.0,0.0,0.0,0.0,0.0,24.569000000000003,24.688,24.757,25.067,25.284,25.444000000000003,25.634,25.765,25.830999999999996,25.858,25.831000000000003,25.798,25.787,25.82,25.878,25.94,25.996,26.025,26.022,25.988999999999997,25.927
12002167527,0.0,0.0,0.0,0.0,0.0,0.0,0.0,0.0,0.0,0.0,0.0,0.0,0.0,0.0,0.0,0.0,0.0,0.0,0.0,0.0,0.0,37.48,38.05,39.445,40.55,41.712,42.44499999999999,43.077,43.516000000000005,43.753,43.846,43.511,43.261,43.117999999999995,43.094,43.152,43.229,43.292,43.314,43.294,43.254,43.16
12002167528,54.0,54.0,54.0,54.0,54.0,54.0,54.0,54.0,54.0,54.0,54.0,54.0,54.0,54.0,54.0,54.0,54.0,54.0,54.0,54.0,54.0,45.829,47.045,45.769,46.836,47.867999999999995,48.543,49.086,49.455,49.626000000000005,49.804,49.898,49.977999999999994,50.082,50.238,50.446,50.631,50.769,50.85,50.868,50.837,50.752
12002167529,37.0,37.0,37.0,37.0,37.0,37.0,37.0,37.0,37.0,37.0,37.0,37.0,37.0,37.0,37.0,37.0,37.0,37.0,37.0,37.0,37.0,28.088,28.141,27.548,27.042,26.762,26.546,26.391,26.196,26.037,25.96,26.024,26.107,26.203,26.317,26.428,26.53,26.61,26.656,26.666,26.649,26.606
12002167530,0.0,0.0,0.0,0.0,0.0,0.0,0.0,0.0,0.0,0.0,0.0,0.0,0.0,0.0,0.0,0.0,0.0,0.0,0.0,0.0,0.0,28.59,28.970999999999997,30.149,36.486,43.063,45.551,47.601,48.991,50.343999999999994,51.42,52.334,53.134,53.825,54.593,55.126000000000005,55.793,56.403,56.92999999999999,57.358999999999995,57.659,57.935
12002167531,0.0,0.0,0.0,0.0,0.0,0.0,0.0,0.0,0.0,0.0,0.0,0.0,0.0,0.0,0.0,0.0,0.0,0.0,0.0,0.0,0.0,26.52,27.046,26.817,28.001,29.040999999999997,29.748,30.253,30.509,30.621,30.733,30.921,31.093,31.270000000000003,31.464,31.668,31.845,31.989,32.09,32.144,32.151,32.119
12002167532,0.0,0.0,0.0,0.0,0.0,0.0,0.0,0.0,0.0,0.0,0.0,0.0,0.0,0.0,0.0,0.0,0.0,0.0,0.0,0.0,0.0,22.894,22.127,20.644,17.034,15.365000000000002,16.493000000000002,17.33,17.881999999999998,18.312,18.678,18.918,19.088,19.227,19.351,19.464,19.542,19.592,19.61,19.598,19.554,19.484
12002167533,0.0,0.0,0.0,0.0,0.0,0.0,0.0,0.0,0.0,0.0,0.0,0.0,0.0,0.0,0.0,0.0,0.0,0.0,0.0,0.0,0.0,30.708,31.116999999999997,32.383,30.352,28.916,30.586,31.963,32.895,33.805,34.527,35.141000000000005,35.678,36.142,36.658,37.015,37.463,37.873000000000005,38.227,38.515,38.717,38.902
12002167534,29.0,29.0,29.0,29.0,29.0,29.0,29.0,29.0,29.0,29.0,29.0,29.0,29.0,29.0,29.0,29.0,29.0,29.0,29.0,29.0,29.0,36.551,37.694,36.837,36.351,36.139,35.88,35.745,35.639,35.554,35.528999999999996,35.485,35.455,35.472,35.54,35.643,35.756,35.87,35.941,35.967,35.958999999999996,35.903
12002167535,371.0,371.0,371.0,371.0,371.0,371.0,371.0,371.0,371.0,371.0,371.0,371.0,371.0,371.0,371.0,371.0,371.0,371.0,371.0,371.0,371.0,49.268,51.45,51.416,50.196,49.441,48.611999999999995,48.568,49.126,49.953,51.06400000000001,51.822,52.626999999999995,53.403,54.114,54.733999999999995,55.196,55.55,55.798,55.933,55.961,55.894
12002167536,0.0,0.0,0.0,0.0,0.0,0.0,0.0,0.0,0.0,0.0,0.0,0.0,0.0,0.0,0.0,0.0,0.0,0.0,0.0,0.0,0.0,32.022000000000006,30.595,28.612,28.054,27.709,27.491,27.478,27.52,27.581,27.68,27.737,27.789,27.860999999999997,27.953,28.06,28.157000000000004,28.237,28.281999999999996,28.296,28.281,28.237
12003139201,66.0,66.0,66.0,66.0,66.0,66.0,66.0,66.0,66.0,66.0,66.0,66.0,66.0,66.0,66.0,66.0,66.0,66.0,66.0,66.0,66.0,29.055999999999997,30.463,30.305999999999997,31.098,31.429,31.401,31.113,30.736,30.472,30.394,30.335,30.328000000000003,30.388,30.525,30.694000000000003,30.891,31.073,31.251,31.407,31.548,31.688
12003139202,0.0,0.0,0.0,0.0,0.0,0.0,0.0,0.0,0.0,0.0,0.0,0.0,0.0,0.0,0.0,0.0,0.0,0.0,0.0,0.0,0.0,24.432,24.648000000000003,23.688,23.658,23.363,23.201,23.009,22.823,22.717,22.685,22.674,22.683999999999997,22.714,22.78,22.848,22.937,23.006,23.071,23.119999999999997,23.136000000000003,23.128
12003139203,0.0,0.0,0.0,0.0,0.0,0.0,0.0,0.0,0.0,0.0,0.0,0.0,0.0,0.0,0.0,0.0,0.0,0.0,0.0,0.0,0.0,14.288999999999998,11.296,13.446,14.844,15.41,16.933,18.608,19.658,20.231,19.949,19.711,19.545,19.674,20.027,20.49,21.054,21.687,22.387,23.132,23.907,24.714
12003139204,32.0,32.0,32.0,32.0,32.0,32.0,32.0,32.0,32.0,32.0,32.0,32.0,32.0,32.0,32.0,32.0,32.0,32.0,32.0,32.0,32.0,19.72,19.86,19.062,19.025,18.767,18.627,18.467,18.296,18.206,18.185,18.177,18.2,18.231,18.287,18.352,18.425,18.483,18.526,18.547,18.545,18.529
12003139205,32.0,32.0,32.0,32.0,32.0,32.0,32.0,32.0,32.0,32.0,32.0,32.0,32.0,32.0,32.0,32.0,32.0,32.0,32.0,32.0,32.0,23.895000000000003,24.063,23.097,23.051,22.74,22.57,22.376,22.169,22.06,22.035,22.025,22.052,22.091,22.159,22.237,22.325000000000003,22.395,22.447,22.473,22.471,22.452
12003139206,0.0,0.0,0.0,0.0,0.0,0.0,0.0,0.0,0.0,0.0,0.0,0.0,0.0,0.0,0.0,0.0,0.0,0.0,0.0,0.0,0.0,17.705,17.830000000000002,17.114,17.08,16.849,16.724,16.58,16.427,16.346,16.327,16.32,16.34,16.368000000000002,16.419,16.477,16.541999999999998,16.594,16.632,16.652,16.65,16.636
12003139207,0.0,0.0,0.0,0.0,0.0,0.0,0.0,0.0,0.0,0.0,0.0,0.0,0.0,0.0,0.0,0.0,0.0,0.0,0.0,0.0,0.0,29.945,29.774,28.241,27.937,27.362,27.011,26.678,26.36,26.177,26.103,26.052,26.046,26.059,26.107,26.168,26.241999999999997,26.297,26.332,26.34,26.317,26.277
12003139208,32.0,32.0,32.0,32.0,32.0,32.0,32.0,32.0,32.0,32.0,32.0,32.0,32.0,32.0,32.0,32.0,32.0,32.0,32.0,32.0,32.0,13.789,13.71,13.004,12.864,12.599,12.438,12.284,12.138,12.053999999999998,12.019,11.996,11.993,11.999,12.021,12.049,12.082999999999998,12.109,12.125,12.129,12.118,12.099
12003139209,0.0,0.0,0.0,0.0,0.0,0.0,0.0,0.0,0.0,0.0,0.0,0.0,0.0,0.0,0.0,0.0,0.0,0.0,0.0,0.0,0.0,0.0,0.0,0.0,0.0,0.0,0.0,0.0,0.0,0.0,0.0,0.0,0.0,0.0,0.0,0.0,0.0,0.0,0.0,0.0,0.0,0.0
12003139211,0.0,0.0,0.0,0.0,0.0,0.0,0.0,0.0,0.0,0.0,0.0,0.0,0.0,0.0,0.0,0.0,0.0,0.0,0.0,0.0,0.0,20.904,21.967,21.748,22.082,22.03,22.032,21.89,21.668,21.518,21.443,21.378,21.353,21.342,21.364,21.396,21.44,21.471,21.499,21.507,21.494,21.468
12003139212,0.0,0.0,0.0,0.0,0.0,0.0,0.0,0.0,0.0,0.0,0.0,0.0,0.0,0.0,0.0,0.0,0.0,0.0,0.0,0.0,0.0,38.166,38.44,36.471,35.77,34.785,34.288,33.81,33.453,33.335,33.367999999999995,33.403,33.465999999999994,33.56,33.729,33.941,34.193,34.448,34.737,35.001999999999995,35.254,35.504
12003139213,105.0,105.0,105.0,105.0,105.0,105.0,105.0,105.0,105.0,105.0,105.0,105.0,105.0,105.0,105.0,105.0,105.0,105.0,105.0,105.0,105.0,23.56,24.758,24.512,24.889,24.829,24.831,24.671999999999997,24.422,24.252,24.167,24.094,24.068,24.055,24.079,24.115,24.164,24.2,24.23,24.24,24.225,24.197000000000003
12003139216,0.0,0.0,0.0,0.0,0.0,0.0,0.0,0.0,0.0,0.0,0.0,0.0,0.0,0.0,0.0,0.0,0.0,0.0,0.0,0.0,0.0,25.591,25.933,24.983,24.976,24.673,24.519,24.318,24.094,23.978,23.956,23.955,23.998,24.057,24.149,24.255,24.374,24.475,24.557,24.613,24.638,24.645000000000003
12003139217,0.0,0.0,0.0,0.0,0.0,0.0,0.0,0.0,0.0,0.0,0.0,0.0,0.0,0.0,0.0,0.0,0.0,0.0,0.0,0.0,0.0,14.864,49.099,63.881,70.517,73.201,74.065,74.529,72.613,70.457,69.473,68.641,68.062,67.681,67.726,68.209,69.071,70.202,71.566,73.091,74.727,76.465
12003139218,0.0,0.0,0.0,0.0,0.0,0.0,0.0,0.0,0.0,0.0,0.0,0.0,0.0,0.0,0.0,0.0,0.0,0.0,0.0,0.0,0.0,15.053,15.286,14.846,14.976,14.874,14.823,14.74,14.637,14.588,14.588,14.591,14.616,14.611999999999998,14.612,14.621,14.64,14.656,14.668,14.672,14.664,14.649
12003139219,0.0,0.0,0.0,0.0,0.0,0.0,0.0,0.0,0.0,0.0,0.0,0.0,0.0,0.0,0.0,0.0,0.0,0.0,0.0,0.0,0.0,23.648,23.856,22.928,22.898,22.613,22.456,22.27,22.091,21.988,21.957,21.947,21.957,21.985,22.049,22.113999999999997,22.2,22.267000000000003,22.331,22.378,22.394,22.386
12003139220,0.0,0.0,0.0,0.0,0.0,0.0,0.0,0.0,0.0,0.0,0.0,0.0,0.0,0.0,0.0,0.0,0.0,0.0,0.0,0.0,0.0,22.799999999999997,23.104,22.258,22.252,21.981,21.844,21.665,21.466,21.362,21.342,21.342,21.380000000000003,21.432,21.515,21.609,21.715,21.805,21.878,21.927,21.95,21.956
12003139221,40.0,40.0,40.0,40.0,40.0,40.0,40.0,40.0,40.0,40.0,40.0,40.0,40.0,40.0,40.0,40.0,40.0,40.0,40.0,40.0,40.0,21.63,21.965,21.333,21.52,21.373,21.299999999999997,21.180999999999997,21.033,20.963,20.962,20.966,21.003,20.997,20.996,21.01,21.038,21.061,21.078,21.084,21.072,21.05
12003139222,58.0,58.0,58.0,58.0,58.0,58.0,58.0,58.0,58.0,58.0,58.0,58.0,58.0,58.0,58.0,58.0,58.0,58.0,58.0,58.0,58.0,24.034,24.406,23.704,23.912,23.748,23.665999999999997,23.534,23.369999999999997,23.292,23.291,23.297,23.337,23.478,23.701,23.939,24.194,24.442,24.684,24.912,25.118,25.313
12003139223,0.0,0.0,0.0,0.0,0.0,0.0,0.0,0.0,0.0,0.0,0.0,0.0,0.0,0.0,0.0,0.0,0.0,0.0,0.0,0.0,0.0,12.222,14.595,15.315,15.767,15.865,16.016,15.851,15.51,15.207,14.985,14.805,14.678,14.588,14.54,14.516000000000002,14.513000000000002,14.51,14.506,14.493,14.468,14.435
12003139224,160.0,160.0,160.0,160.0,160.0,160.0,160.0,160.0,160.0,160.0,160.0,160.0,160.0,160.0,160.0,160.0,160.0,160.0,160.0,160.0,160.0,43.92,52.447,55.03,56.656,57.005,57.543,56.947,55.726,54.633,53.832,53.181,52.727,52.401,52.228,52.139,52.126000000000005,52.111,52.095,52.048,51.956,51.836
12003139225,0.0,0.0,0.0,0.0,0.0,0.0,0.0,0.0,0.0,0.0,0.0,0.0,0.0,0.0,0.0,0.0,0.0,0.0,0.0,0.0,0.0,14.523,17.342,18.196,18.734,18.85,19.029,18.832,18.429,18.068,17.804000000000002,17.59,17.439999999999998,17.332,17.276,17.247,17.243000000000002,17.239,17.235,17.22,17.189999999999998,17.15
12003139226,0.0,0.0,0.0,0.0,0.0,0.0,0.0,0.0,0.0,0.0,0.0,0.0,0.0,0.0,0.0,0.0,0.0,0.0,0.0,0.0,0.0,10.649,12.717,13.343,13.738,13.824,13.954,13.81,13.514,13.25,13.056,12.899,12.788,12.711,12.669,12.648,12.645,12.643,12.639,12.628,12.606,12.577
12003139227,0.0,0.0,0.0,0.0,0.0,0.0,0.0,0.0,0.0,0.0,0.0,0.0,0.0,0.0,0.0,0.0,0.0,0.0,0.0,0.0,0.0,15.111,16.027,39.108,51.747,59.70399999999999,63.8,65.604,67.153,68.785,72.331,75.82300000000001,79.423,81.52799999999999,82.827,84.013,85.06700000000001,85.89500000000001,86.527,86.94,87.174,87.299
12003139228,0.0,0.0,0.0,0.0,0.0,0.0,0.0,0.0,0.0,0.0,0.0,0.0,0.0,0.0,0.0,0.0,0.0,0.0,0.0,0.0,0.0,8.780999999999999,9.313,8.428,8.411,8.428999999999998,8.597,8.728,8.821,8.828,8.755,8.684,8.631,8.708,8.847,8.974,9.085,9.175,9.242,9.286,9.311,9.324
12003139229,39.0,39.0,39.0,39.0,39.0,39.0,39.0,39.0,39.0,39.0,39.0,39.0,39.0,39.0,39.0,39.0,39.0,39.0,39.0,39.0,39.0,13.667,14.329,14.255,14.628,14.784,16.001,17.271,18.461,19.624,20.664,21.713,22.793,23.641,24.394,25.171,25.968,26.751,27.528,28.285,29.022,29.758000000000003
12003139230,0.0,0.0,0.0,0.0,0.0,0.0,0.0,0.0,0.0,0.0,0.0,0.0,0.0,0.0,0.0,0.0,0.0,0.0,0.0,0.0,0.0,12.66,13.428,12.152,12.128,12.154,12.396,12.584,12.719,12.73,12.624,12.52,12.444,12.555,12.755,12.938,13.1,13.227999999999998,13.326,13.389,13.426,13.445
12003139231,0.0,0.0,0.0,0.0,0.0,0.0,0.0,0.0,0.0,0.0,0.0,0.0,0.0,0.0,0.0,0.0,0.0,0.0,0.0,0.0,0.0,19.909,20.873,20.765,21.308,21.535,21.515,21.319,21.06,20.879,20.826,20.785,20.78,21.095,21.601,22.127,22.673,23.206000000000003,23.735,24.247,24.743,25.238
12003139232,0.0,0.0,0.0,0.0,0.0,0.0,0.0,0.0,0.0,0.0,0.0,0.0,0.0,0.0,0.0,0.0,0.0,0.0,0.0,0.0,0.0,34.305,36.385000000000005,32.928,32.862,32.934,33.589,34.099000000000004,34.464,34.493,34.206,33.926,33.72,34.022000000000006,34.564,35.059,35.498999999999995,35.844,36.108,36.28,36.378,36.431
12003139233,0.0,0.0,0.0,0.0,0.0,0.0,0.0,0.0,0.0,0.0,0.0,0.0,0.0,0.0,0.0,0.0,0.0,0.0,0.0,0.0,0.0,41.247,43.75,39.592,39.512,39.599,41.213,42.814,44.260000000000005,45.068,44.693,44.326,44.05800000000001,44.452,45.161,45.807,46.382000000000005,46.833,47.178,47.404,47.531000000000006,47.599
12003139234,0.0,0.0,0.0,0.0,0.0,0.0,0.0,0.0,0.0,0.0,0.0,0.0,0.0,0.0,0.0,0.0,0.0,0.0,0.0,0.0,0.0,16.357,17.150000000000002,17.061,17.506999999999998,17.692999999999998,17.678,17.516,17.303,17.154,17.111,17.078,17.073,17.026,16.98,16.954,16.942,16.923000000000002,16.902,16.871000000000002,16.83,16.79
12003139301,38.0,38.0,38.0,38.0,38.0,38.0,38.0,38.0,38.0,38.0,38.0,38.0,38.0,38.0,38.0,38.0,38.0,38.0,38.0,38.0,38.0,24.819000000000003,24.54,23.88,23.968,23.699,23.541,23.329,23.184,23.155,23.072000000000003,23.062,23.067,23.093,23.134,23.17,23.228,23.267,23.296,23.303,23.293,23.257
12003139302,0.0,0.0,0.0,0.0,0.0,0.0,0.0,0.0,0.0,0.0,0.0,0.0,0.0,0.0,0.0,0.0,0.0,0.0,0.0,0.0,0.0,18.08,17.877,17.397,17.461,17.266,17.151,16.997,16.892,16.871000000000002,16.811,16.805,16.810000000000002,16.826999999999998,16.858,16.884999999999998,16.928,16.957,16.978,16.984,16.977,16.951
12003139303,0.0,0.0,0.0,0.0,0.0,0.0,0.0,0.0,0.0,0.0,0.0,0.0,0.0,0.0,0.0,0.0,0.0,0.0,0.0,0.0,0.0,22.242,21.98,21.379,21.442,21.192,18.786,16.798,15.915,15.917,16.691,17.305,17.773,18.147,18.408,18.558,18.678,18.767,18.843,18.901,18.946,18.97
12003139304,0.0,0.0,0.0,0.0,0.0,0.0,0.0,0.0,0.0,0.0,0.0,0.0,0.0,0.0,0.0,0.0,0.0,0.0,0.0,0.0,0.0,19.972,19.847,19.378,16.769000000000002,17.580000000000002,18.254,18.668,19.035,19.445,19.437,19.392,19.311,19.234,19.17,19.11,19.083,19.06,19.045,19.025,19.004,18.971
12003139305,0.0,0.0,0.0,0.0,0.0,0.0,0.0,0.0,0.0,0.0,0.0,0.0,0.0,0.0,0.0,0.0,0.0,0.0,0.0,0.0,0.0,19.446,19.092,18.487,18.417,18.145,17.976,17.793,17.675,17.65,17.6,17.608,17.627,17.659,17.701999999999998,17.738,17.789,17.822,17.846,17.852,17.845,17.816000000000003
12003139306,0.0,0.0,0.0,0.0,0.0,0.0,0.0,0.0,0.0,0.0,0.0,0.0,0.0,0.0,0.0,0.0,0.0,0.0,0.0,0.0,0.0,18.854,19.430999999999997,20.168,21.466,22.283,22.964,23.425,23.916,24.328,24.598,24.862,25.111,25.340000000000003,25.53,25.667,25.837,25.936,26.095999999999997,26.241,26.347,26.39
12003139307,0.0,0.0,0.0,0.0,0.0,0.0,0.0,0.0,0.0,0.0,0.0,0.0,0.0,0.0,0.0,0.0,0.0,0.0,0.0,0.0,0.0,14.306,14.088,13.178,13.887,14.041,14.18,14.216,14.247,14.392,14.529,14.64,14.727,14.829,14.95,15.076,15.225,15.373,15.52,15.662,15.798,15.922
12003139308,0.0,0.0,0.0,0.0,0.0,0.0,0.0,0.0,0.0,0.0,0.0,0.0,0.0,0.0,0.0,0.0,0.0,0.0,0.0,0.0,0.0,12.386,12.265,12.037,12.257,12.243,12.248,12.19,12.144,12.072,11.851,11.725,11.635,11.557,11.488,11.415,11.354,11.286,11.222,11.154,11.09,11.022
12003139309,0.0,0.0,0.0,0.0,0.0,0.0,0.0,0.0,0.0,0.0,0.0,0.0,0.0,0.0,0.0,0.0,0.0,0.0,0.0,0.0,0.0,15.692,15.593,15.226,13.175,13.813,14.342,14.668,14.956,15.278,15.271999999999998,15.236,15.173000000000002,15.113,15.063,15.015,14.995,14.977,14.964,14.948,14.933,14.905
12003139310,39.0,39.0,39.0,39.0,39.0,39.0,39.0,39.0,39.0,39.0,39.0,39.0,39.0,39.0,39.0,39.0,39.0,39.0,39.0,39.0,39.0,12.755,12.675,12.376,24.409,25.578,26.546,27.135,27.657000000000004,28.238999999999997,28.214,28.137,28.005,27.882,27.776,27.675,27.625,27.578000000000003,27.544,27.503,27.46,27.398
12003139311,29.0,29.0,29.0,29.0,29.0,29.0,29.0,29.0,29.0,29.0,29.0,29.0,29.0,29.0,29.0,29.0,29.0,29.0,29.0,29.0,29.0,18.566,18.407,17.943,18.052999999999997,17.871,17.764,17.607,17.496000000000002,17.47,17.398,17.383,17.378999999999998,17.392000000000003,17.417,17.438000000000002,17.477,17.503,17.52,17.521,17.509999999999998,17.479
12003139312,0.0,0.0,0.0,0.0,0.0,0.0,0.0,0.0,0.0,0.0,0.0,0.0,0.0,0.0,0.0,0.0,0.0,0.0,0.0,0.0,0.0,21.246,20.921999999999997,19.571,20.624,20.851,21.058999999999997,21.112,21.158,21.26,21.193,21.165,21.141,21.144,21.174,21.211,21.283,21.352,21.423,21.485,21.542,21.579
12003139313,33.0,33.0,33.0,33.0,33.0,33.0,33.0,33.0,33.0,33.0,33.0,33.0,33.0,33.0,33.0,33.0,33.0,33.0,33.0,33.0,33.0,26.026,27.146,29.301,30.863,31.19,31.487,31.549999999999997,31.606,31.659999999999997,31.337000000000003,31.137,30.973,30.85,30.767000000000003,30.696,30.676,30.652,30.632,30.598999999999997,30.558,30.493
12003139314,0.0,0.0,0.0,0.0,0.0,0.0,0.0,0.0,0.0,0.0,0.0,0.0,0.0,0.0,0.0,0.0,0.0,0.0,0.0,0.0,0.0,25.74,25.518,24.874,25.028,24.775,24.627,24.41,24.255000000000003,24.22,24.12,24.099,24.094,24.110999999999997,24.146,24.174999999999997,24.229999999999997,24.265,24.289,24.290999999999997,24.276,24.233
12003139315,73.0,73.0,73.0,73.0,73.0,73.0,73.0,73.0,73.0,73.0,73.0,73.0,73.0,73.0,73.0,73.0,73.0,73.0,73.0,73.0,73.0,19.447,19.502,19.322,19.782,19.862,19.962,19.96,19.973,20.052999999999997,20.054,20.101,20.149,20.202,20.258000000000003,20.297,20.351,20.382,20.405,20.407,20.397,20.365
12003139316,0.0,0.0,0.0,0.0,0.0,0.0,0.0,0.0,0.0,0.0,0.0,0.0,0.0,0.0,0.0,0.0,0.0,0.0,0.0,0.0,0.0,24.52,24.589,24.362,24.944,25.042,25.17,25.167,25.183,25.284,25.286,25.345,25.406,25.472,25.543,25.592,25.659999999999997,25.699,25.728,25.731,25.717,25.677
12003139317,0.0,0.0,0.0,0.0,0.0,0.0,0.0,0.0,0.0,0.0,0.0,0.0,0.0,0.0,0.0,0.0,0.0,0.0,0.0,0.0,0.0,25.787999999999997,25.862,25.623,26.234,26.338,26.472,26.469,26.485999999999997,26.593000000000004,26.594,26.655,26.719,26.789,26.864,26.915,26.988,27.028,27.058999999999997,27.061,27.048,27.006
12003139318,0.0,0.0,0.0,0.0,0.0,0.0,0.0,0.0,0.0,0.0,0.0,0.0,0.0,0.0,0.0,0.0,0.0,0.0,0.0,0.0,0.0,20.47,19.911,20.119,21.425,21.385,21.791,21.949,22.001,22.05,21.835,21.680999999999997,21.539,21.423,21.336,21.26,21.222,21.185,21.152,21.112,21.07,21.009
12003139319,67.0,67.0,67.0,67.0,67.0,67.0,67.0,67.0,67.0,67.0,67.0,67.0,67.0,67.0,67.0,67.0,67.0,67.0,67.0,67.0,67.0,25.464,28.214,28.511000000000003,30.366,31.467,32.068,32.303,32.384,32.557,32.484,32.426,32.352,32.316,32.321,32.342,32.421,32.499,32.585,32.660000000000004,32.727000000000004,32.77
12003139320,131.0,131.0,131.0,131.0,131.0,131.0,131.0,131.0,131.0,131.0,131.0,131.0,131.0,131.0,131.0,131.0,131.0,131.0,131.0,131.0,131.0,23.449,23.56,23.342,24.082,27.302999999999997,29.223,29.674999999999997,30.033,30.374,30.430999999999997,30.479,30.46,30.424,30.381,30.313,30.279000000000003,30.227,30.189,30.143,30.103,30.052
12003139321,0.0,0.0,0.0,0.0,0.0,0.0,0.0,0.0,0.0,0.0,0.0,0.0,0.0,0.0,0.0,0.0,0.0,0.0,0.0,0.0,0.0,39.741,39.925,39.551,40.801,38.914,38.711,39.308,39.783,40.321,40.613,40.829,40.925,40.995000000000005,41.056,41.08,41.15,41.194,41.254000000000005,41.302,41.36,41.400000000000006
12003139322,0.0,0.0,0.0,0.0,0.0,0.0,0.0,0.0,0.0,0.0,0.0,0.0,0.0,0.0,0.0,0.0,0.0,0.0,0.0,0.0,0.0,16.565,16.705000000000002,16.783,17.401,17.695999999999998,17.965,18.122,18.271,18.457,18.562,18.688,18.801,18.906,19.0,19.062,19.129,19.162,19.187,19.189,19.181,19.154
12003139323,0.0,0.0,0.0,0.0,0.0,0.0,0.0,0.0,0.0,0.0,0.0,0.0,0.0,0.0,0.0,0.0,0.0,0.0,0.0,0.0,0.0,12.896,13.004,13.065,13.546,13.776,13.986,14.108,14.223,14.369,14.451,14.549,14.636,14.718,14.792000000000002,14.84,14.892,14.917000000000002,14.936,14.939,14.932,14.911
12003139324,60.0,60.0,60.0,60.0,60.0,60.0,60.0,60.0,60.0,60.0,60.0,60.0,60.0,60.0,60.0,60.0,60.0,60.0,60.0,60.0,60.0,14.468,14.45,14.372,14.697,14.82,14.944,15.003,15.103000000000002,15.229,15.308,15.403,15.491,15.589,15.68,15.752,15.823,15.868,15.92,15.966,15.993,15.989
12003139325,0.0,0.0,0.0,0.0,0.0,0.0,0.0,0.0,0.0,0.0,0.0,0.0,0.0,0.0,0.0,0.0,0.0,0.0,0.0,0.0,0.0,15.8,16.282,16.901,17.989,18.673,19.244,19.631,20.042,20.386000000000003,20.613,20.835,21.043,21.235,21.394,21.509,21.651,21.734,21.869,21.989,22.079,22.114
12003139326,0.0,0.0,0.0,0.0,0.0,0.0,0.0,0.0,0.0,0.0,0.0,0.0,0.0,0.0,0.0,0.0,0.0,0.0,0.0,0.0,0.0,28.564,28.275,27.535000000000004,27.67,27.377,27.206000000000003,26.968,26.805,26.775,26.677,26.664,26.667,26.695,26.741999999999997,26.783,26.849,26.897,26.93,26.939,26.93,26.89
12003139327,89.0,89.0,89.0,89.0,89.0,89.0,89.0,89.0,89.0,89.0,89.0,89.0,89.0,89.0,89.0,89.0,89.0,89.0,89.0,89.0,89.0,16.441000000000003,16.275,15.849,15.927,15.758,15.66,15.523,15.429,15.412,15.355,15.348,15.35,15.366,15.393,15.417000000000002,15.455000000000002,15.482,15.501,15.506,15.501,15.478
12003139328,0.0,0.0,0.0,0.0,0.0,0.0,0.0,0.0,0.0,0.0,0.0,0.0,0.0,0.0,0.0,0.0,0.0,0.0,0.0,0.0,0.0,17.516,17.196,16.652,16.589,16.345,16.192,16.027,15.921,15.899,15.853,15.861,15.877,15.906,15.945,15.977,16.022,16.054000000000002,16.076,16.081,16.073999999999998,16.048
12003139329,0.0,0.0,0.0,0.0,0.0,0.0,0.0,0.0,0.0,0.0,0.0,0.0,0.0,0.0,0.0,0.0,0.0,0.0,0.0,0.0,0.0,19.211,18.831,17.848,18.299,18.278,18.303,18.259,18.248,18.189,17.867,17.698,17.587,17.506,17.451999999999998,17.411,17.395,17.378,17.364,17.342,17.319,17.283
12003139330,0.0,0.0,0.0,0.0,0.0,0.0,0.0,0.0,0.0,0.0,0.0,0.0,0.0,0.0,0.0,0.0,0.0,0.0,0.0,0.0,0.0,28.851999999999997,28.911,29.052,29.775999999999996,29.734,29.766,29.686,29.659,29.911,30.241,30.558999999999997,30.842,31.169000000000004,31.542,31.929,32.363,32.79,33.219,33.632,34.037,34.415
12003139331,0.0,0.0,0.0,0.0,0.0,0.0,0.0,0.0,0.0,0.0,0.0,0.0,0.0,0.0,0.0,0.0,0.0,0.0,0.0,0.0,0.0,23.954,23.671,23.024,23.091,22.823,26.253,30.789,35.715,40.3,42.662,44.529,45.98,47.194,48.128,48.773,49.345,49.837,50.3,50.709,51.09,51.418
12003139332,0.0,0.0,0.0,0.0,0.0,0.0,0.0,0.0,0.0,0.0,0.0,0.0,0.0,0.0,0.0,0.0,0.0,0.0,0.0,0.0,0.0,25.703000000000003,25.451,24.979999999999997,25.437,25.408,25.417,25.296,25.2,25.371,25.683,25.961,26.195,26.452,26.723,26.979,27.261000000000003,27.517000000000003,27.778,28.025999999999996,28.276,28.511000000000003
12003139333,0.0,0.0,0.0,0.0,0.0,0.0,0.0,0.0,0.0,0.0,0.0,0.0,0.0,0.0,0.0,0.0,0.0,0.0,0.0,0.0,0.0,14.442,14.286,13.941,14.012999999999998,13.884,13.814,13.714,13.669,13.675,13.648,13.66,13.681,13.713,13.753,13.789,13.843,13.883,13.929,13.965,13.988,13.986999999999998
12003139334,104.0,104.0,104.0,104.0,104.0,104.0,104.0,104.0,104.0,104.0,104.0,104.0,104.0,104.0,104.0,104.0,104.0,104.0,104.0,104.0,104.0,41.536,41.087,40.097,40.303,39.93,39.73,39.442,39.313,39.331,39.251,39.286,39.346,39.442,39.555,39.659,39.815,39.93,40.061,40.165,40.229,40.226
12003139335,0.0,0.0,0.0,0.0,0.0,0.0,0.0,0.0,0.0,0.0,0.0,0.0,0.0,0.0,0.0,0.0,0.0,0.0,0.0,0.0,0.0,23.021,22.878,22.34,22.537,23.685,23.827,23.857999999999997,23.903,24.036,24.082,24.138,24.171999999999997,24.212,24.262,24.305,24.376,24.430999999999997,24.481,24.513,24.531,24.524
12003139336,0.0,0.0,0.0,0.0,0.0,0.0,0.0,0.0,0.0,0.0,0.0,0.0,0.0,0.0,0.0,0.0,0.0,0.0,0.0,0.0,0.0,19.942,19.821,19.355,19.527,18.507,18.622,18.648,18.685,18.769,18.755,18.762,18.761,18.764,18.775,18.78,18.805999999999997,18.822,18.833,18.829,18.815,18.783
12003139337,36.0,36.0,36.0,36.0,36.0,36.0,36.0,36.0,36.0,36.0,36.0,36.0,36.0,36.0,36.0,36.0,36.0,36.0,36.0,36.0,36.0,17.127,16.825,16.309,16.268,16.043999999999997,15.907,15.758,15.671,15.661,15.627,15.642,15.663,15.698999999999998,15.745,15.784,15.836,15.874,15.905,15.922999999999998,15.928,15.91
12003139338,0.0,0.0,0.0,0.0,0.0,0.0,0.0,0.0,0.0,0.0,0.0,0.0,0.0,0.0,0.0,0.0,0.0,0.0,0.0,0.0,0.0,24.435,24.005,23.27,23.21,22.891,22.696,22.482999999999997,22.359,22.345,22.296,22.317,22.348,22.399,22.464,22.519,22.594,22.647,22.692,22.718,22.725,22.700000000000003
12003139339,75.0,75.0,75.0,75.0,75.0,75.0,75.0,75.0,75.0,75.0,75.0,75.0,75.0,75.0,75.0,75.0,75.0,75.0,75.0,75.0,75.0,8.009,7.930999999999999,7.784000000000001,7.926,7.917,7.92,7.882,7.852,7.805999999999999,7.663,7.581,7.524000000000001,7.473000000000001,7.428000000000001,7.38,7.342,7.298,7.256,7.212999999999999,7.171,7.127000000000001
12003139340,0.0,0.0,0.0,0.0,0.0,0.0,0.0,0.0,0.0,0.0,0.0,0.0,0.0,0.0,0.0,0.0,0.0,0.0,0.0,0.0,0.0,15.686,15.666,15.583000000000002,15.935,16.069000000000003,16.201999999999998,16.267,16.374,16.511,16.597,16.7,16.795,16.901,17.0,17.078,17.156,17.203,17.261,17.310000000000002,17.34,17.336
12003139401,0.0,0.0,0.0,0.0,0.0,0.0,0.0,0.0,0.0,0.0,0.0,0.0,0.0,0.0,0.0,0.0,0.0,0.0,0.0,0.0,0.0,34.167,34.629999999999995,34.32,33.933,33.644000000000005,33.286,32.991,32.747,32.61,32.446,32.278,32.111999999999995,31.828000000000003,31.623,31.721000000000004,31.899,32.074,32.227999999999994,32.333,32.425,32.441
12003139402,0.0,0.0,0.0,0.0,0.0,0.0,0.0,0.0,0.0,0.0,0.0,0.0,0.0,0.0,0.0,0.0,0.0,0.0,0.0,0.0,0.0,11.04,11.257,11.256,11.231,11.259,11.248,11.235,11.218,11.222,11.195,11.157,11.106,11.001,10.925,10.983,11.075,11.164,11.246,11.306,11.361,11.387
12003139403,0.0,0.0,0.0,0.0,0.0,0.0,0.0,0.0,0.0,0.0,0.0,0.0,0.0,0.0,0.0,0.0,0.0,0.0,0.0,0.0,0.0,15.389,15.692,15.689,15.656,15.695,15.678999999999998,15.66,15.637,15.643,15.668,15.678,15.765,15.959,16.22,16.376,16.512,16.646,16.767,16.856,16.937,16.977
12003139404,12.0,12.0,12.0,12.0,12.0,12.0,12.0,12.0,12.0,12.0,12.0,12.0,12.0,12.0,12.0,12.0,12.0,12.0,12.0,12.0,12.0,24.829,25.511,25.603,25.558,25.53,25.388,25.25,25.123,25.057,24.999,24.926,24.92,24.948,25.04,25.655,26.433,27.32,28.322,29.423,30.674,32.091
12003139405,0.0,0.0,0.0,0.0,0.0,0.0,0.0,0.0,0.0,0.0,0.0,0.0,0.0,0.0,0.0,0.0,0.0,0.0,0.0,0.0,0.0,17.46,17.939,18.004,17.973,17.953,17.852,17.756,17.666,17.619999999999997,17.579,17.528,17.524,17.544,17.609,17.26,16.89,16.558,16.265,16.0,15.788,15.581
12003139406,0.0,0.0,0.0,0.0,0.0,0.0,0.0,0.0,0.0,0.0,0.0,0.0,0.0,0.0,0.0,0.0,0.0,0.0,0.0,0.0,0.0,34.159,34.685,34.38,33.971,33.626999999999995,33.202,32.829,32.497,32.268,32.069,31.862,31.743,31.657,31.651,31.672,31.72,31.767000000000003,31.805,31.799,31.793,31.726
12003139407,0.0,0.0,0.0,0.0,0.0,0.0,0.0,0.0,0.0,0.0,0.0,0.0,0.0,0.0,0.0,0.0,0.0,0.0,0.0,0.0,0.0,19.693,19.996,19.82,19.584,19.386,19.141,18.926,18.735,18.602,18.488,18.369,18.3,18.25,18.247,18.259,18.287,18.314,18.336,18.332,18.33,18.29
12003139408,0.0,0.0,0.0,0.0,0.0,0.0,0.0,0.0,0.0,0.0,0.0,0.0,0.0,0.0,0.0,0.0,0.0,0.0,0.0,0.0,0.0,16.634999999999998,17.421999999999997,17.794,18.028,18.119,18.07,18.006,17.944000000000003,17.923000000000002,17.913,17.894,17.914,17.936,17.992,18.699,19.561,20.526,21.618,22.844,24.252,25.888
12003139409,0.0,0.0,0.0,0.0,0.0,0.0,0.0,0.0,0.0,0.0,0.0,0.0,0.0,0.0,0.0,0.0,0.0,0.0,0.0,0.0,0.0,19.987,20.933,21.379,21.661,21.77,21.712,21.634,21.56,21.534,21.523,21.5,21.522,21.55,21.616999999999997,21.167,20.766,20.506,20.396,20.428,20.627,20.959
12003139410,0.0,0.0,0.0,0.0,0.0,0.0,0.0,0.0,0.0,0.0,0.0,0.0,0.0,0.0,0.0,0.0,0.0,0.0,0.0,0.0,0.0,18.396,17.877000000000002,17.447,17.006,16.611,16.128999999999998,16.067999999999998,16.087,16.108,16.061999999999998,15.985,15.915,15.829999999999998,15.803999999999998,15.938,16.118000000000002,16.299,16.472,16.612000000000002,16.738999999999997,16.826999999999998
12003139412,0.0,0.0,0.0,0.0,0.0,0.0,0.0,0.0,0.0,0.0,0.0,0.0,0.0,0.0,0.0,0.0,0.0,0.0,0.0,0.0,0.0,12.164,12.095,11.847,11.644,11.574,11.514,11.478,11.453,11.458,11.467,11.464,11.484,11.504,11.543,11.584,11.631,11.673,11.709,11.725,11.74,11.73
12003139413,0.0,0.0,0.0,0.0,0.0,0.0,0.0,0.0,0.0,0.0,0.0,0.0,0.0,0.0,0.0,0.0,0.0,0.0,0.0,0.0,0.0,9.908,9.852,9.65,9.484,9.427,9.378,9.349,9.329,9.332,9.34,9.338,9.354,9.37,9.402,9.436,9.473,9.507,9.536,9.551,9.563,9.554
12003139414,0.0,0.0,0.0,0.0,0.0,0.0,0.0,0.0,0.0,0.0,0.0,0.0,0.0,0.0,0.0,0.0,0.0,0.0,0.0,0.0,0.0,16.185000000000002,16.094,15.764,15.494,15.401,15.321000000000002,15.273,15.24,15.247,15.258,15.254,15.281,15.308,15.36,15.414,15.476,15.532,15.58,15.603000000000002,15.622,15.609
12003139415,0.0,0.0,0.0,0.0,0.0,0.0,0.0,0.0,0.0,0.0,0.0,0.0,0.0,0.0,0.0,0.0,0.0,0.0,0.0,0.0,0.0,17.34,17.604,17.493000000000002,17.323,17.182000000000002,16.989,16.829,16.697,16.627,16.580000000000002,16.531,16.521,16.512999999999998,16.54,16.573,16.616,16.656,16.686999999999998,16.692,16.695999999999998,16.665
12003139417,0.0,0.0,0.0,0.0,0.0,0.0,0.0,0.0,0.0,0.0,0.0,0.0,0.0,0.0,0.0,0.0,0.0,0.0,0.0,0.0,0.0,28.136000000000003,28.909,28.551,27.789,27.247,27.158,27.141,27.123,27.146,27.078,26.973,26.827,26.539,26.316,26.463,26.704,26.943,27.172,27.354,27.523,27.638
12003139418,54.0,54.0,54.0,54.0,54.0,54.0,54.0,54.0,54.0,54.0,54.0,54.0,54.0,54.0,54.0,54.0,54.0,54.0,54.0,54.0,54.0,25.816,26.21,26.046,25.790999999999997,25.582,25.294,25.055999999999997,24.861,24.755,24.685,24.613,24.598,24.587,24.625,24.674999999999997,24.74,24.798,24.844,24.852,24.859,24.812
12003139419,0.0,0.0,0.0,0.0,0.0,0.0,0.0,0.0,0.0,0.0,0.0,0.0,0.0,0.0,0.0,0.0,0.0,0.0,0.0,0.0,0.0,17.83,18.072000000000003,17.91,17.709,17.558,17.371,17.217,17.089,17.018,16.932000000000002,16.844,16.758,16.61,16.503,16.554000000000002,16.646,16.738,16.819,16.872999999999998,16.922,16.929000000000002
12003139420,0.0,0.0,0.0,0.0,0.0,0.0,0.0,0.0,0.0,0.0,0.0,0.0,0.0,0.0,0.0,0.0,0.0,0.0,0.0,0.0,0.0,24.759,25.225,25.112,24.832,24.606,24.727,24.612,24.47,24.392,24.322000000000003,24.237,24.215,24.238,24.319,24.424,24.543999999999997,24.669,24.787,24.874,24.96,25.005
12003139421,0.0,0.0,0.0,0.0,0.0,0.0,0.0,0.0,0.0,0.0,0.0,0.0,0.0,0.0,0.0,0.0,0.0,0.0,0.0,0.0,0.0,18.165,18.506,18.423,18.218,18.043,17.491,17.298000000000002,17.198999999999998,17.146,17.099,17.041,17.028,17.044999999999998,17.106,17.181,17.267,17.357,17.442,17.505,17.567,17.601
12003139422,125.0,125.0,125.0,125.0,125.0,125.0,125.0,125.0,125.0,125.0,125.0,125.0,125.0,125.0,125.0,125.0,125.0,125.0,125.0,125.0,125.0,14.924,15.843,16.396,16.832,17.216,16.902,17.0,17.144,17.274,17.338,17.366999999999997,17.432000000000002,17.537,17.692,17.856,18.026,18.191000000000003,18.34,18.454,18.564,18.634
12003139423,0.0,0.0,0.0,0.0,0.0,0.0,0.0,0.0,0.0,0.0,0.0,0.0,0.0,0.0,0.0,0.0,0.0,0.0,0.0,0.0,0.0,22.471,23.845,24.671,25.324,25.918,26.937,27.366999999999997,27.591,27.793,27.891,27.93,28.028,28.191,28.433,28.689,28.955,29.212000000000003,29.447000000000003,29.621,29.791,29.896
12003139424,0.0,0.0,0.0,0.0,0.0,0.0,0.0,0.0,0.0,0.0,0.0,0.0,0.0,0.0,0.0,0.0,0.0,0.0,0.0,0.0,0.0,32.408,33.599000000000004,34.378,35.167,36.423,37.544,38.582,39.47,40.173,40.5,40.686,41.02,41.583,42.318,43.183,44.184,45.56,47.151,49.043,51.241,53.775
12003139425,0.0,0.0,0.0,0.0,0.0,0.0,0.0,0.0,0.0,0.0,0.0,0.0,0.0,0.0,0.0,0.0,0.0,0.0,0.0,0.0,0.0,19.426,19.967,20.017,19.965,19.934,19.822000000000003,18.174999999999997,16.78,16.098,16.21,16.291,16.457,16.747,17.108,17.399,17.679,17.951999999999998,18.206,18.415,18.603,18.742
12003139426,145.0,145.0,145.0,145.0,145.0,145.0,145.0,145.0,145.0,145.0,145.0,145.0,145.0,145.0,145.0,145.0,145.0,145.0,145.0,145.0,145.0,12.316,12.66,12.692,12.658,12.638,12.567,15.857,18.981,20.865,20.999,21.092,21.294,21.656,22.112,22.475,22.823,23.163,23.478,23.734,23.964,24.129
12003139427,65.0,65.0,65.0,65.0,65.0,65.0,65.0,65.0,65.0,65.0,65.0,65.0,65.0,65.0,65.0,65.0,65.0,65.0,65.0,65.0,65.0,19.54,20.081,20.131,20.078,20.045,19.931,18.273,16.871,16.184,16.296,16.376,16.541,16.831,17.195,17.784,18.442,19.133,19.848,20.554,21.281,22.025
12003139428,0.0,0.0,0.0,0.0,0.0,0.0,0.0,0.0,0.0,0.0,0.0,0.0,0.0,0.0,0.0,0.0,0.0,0.0,0.0,0.0,0.0,26.047,26.664,26.684,26.575,26.5,26.32,26.158,26.01,25.937,25.797,25.649,25.457,25.093000000000004,24.805,24.927,25.155,25.381,25.594,25.761,25.915,26.012
12003139429,0.0,0.0,0.0,0.0,0.0,0.0,0.0,0.0,0.0,0.0,0.0,0.0,0.0,0.0,0.0,0.0,0.0,0.0,0.0,0.0,0.0,17.85,18.271,18.286,18.211,18.159,18.036,17.924,17.823999999999998,17.773,17.677999999999997,17.576,17.445,17.196,16.997,17.082,17.238,17.392,17.539,17.653,17.759,17.825
12003139430,0.0,0.0,0.0,0.0,0.0,0.0,0.0,0.0,0.0,0.0,0.0,0.0,0.0,0.0,0.0,0.0,0.0,0.0,0.0,0.0,0.0,31.546999999999997,32.294000000000004,32.319,32.187,32.096,31.878,31.680999999999997,31.502,31.414,31.485,31.542,31.896,32.718,33.721000000000004,34.135999999999996,34.445,34.751,35.039,35.263,35.471000000000004,35.6
12003139431,78.0,78.0,78.0,78.0,78.0,78.0,78.0,78.0,78.0,78.0,78.0,78.0,78.0,78.0,78.0,78.0,78.0,78.0,78.0,78.0,78.0,22.232,22.534,22.332,22.08,21.892,21.658,21.466,21.308,21.218,21.237,21.252,21.453,21.941,22.535,22.739,22.866,22.991999999999997,23.103,23.177999999999997,23.241999999999997,23.254
12003139433,0.0,0.0,0.0,0.0,0.0,0.0,0.0,0.0,0.0,0.0,0.0,0.0,0.0,0.0,0.0,0.0,0.0,0.0,0.0,0.0,0.0,16.424,17.017,17.271,17.475,17.666,17.758000000000003,17.817999999999998,17.857,17.914,18.029,18.117,18.362,18.866,19.46,19.698,19.863,20.023,20.175,20.293,20.404,20.472
12003139434,0.0,0.0,0.0,0.0,0.0,0.0,0.0,0.0,0.0,0.0,0.0,0.0,0.0,0.0,0.0,0.0,0.0,0.0,0.0,0.0,0.0,27.42,28.096,28.085,27.949,27.847,27.311,27.112,27.002,26.948,26.892,26.816,26.818,26.879,27.015,27.174,27.349,27.52,27.675,27.783,27.878,27.914
12003139435,0.0,0.0,0.0,0.0,0.0,0.0,0.0,0.0,0.0,0.0,0.0,0.0,0.0,0.0,0.0,0.0,0.0,0.0,0.0,0.0,0.0,15.682,16.248,16.49,16.685,16.867,16.954,17.013,17.049,17.104,17.114,17.101,17.089,17.034,17.018,17.13,17.275,17.417,17.551,17.656,17.755000000000003,17.817999999999998
12003139436,0.0,0.0,0.0,0.0,0.0,0.0,0.0,0.0,0.0,0.0,0.0,0.0,0.0,0.0,0.0,0.0,0.0,0.0,0.0,0.0,0.0,20.303,21.037,21.351,21.602,21.839,21.952,22.027,22.075,22.144,22.158,22.141,22.126,22.054,22.033,22.179,22.366,22.551,22.723,22.86,22.989,23.069
12003139437,34.0,34.0,34.0,34.0,34.0,34.0,34.0,34.0,34.0,34.0,34.0,34.0,34.0,34.0,34.0,34.0,34.0,34.0,34.0,34.0,34.0,13.453,13.938,14.147,14.313,14.47,14.544999999999998,14.595,14.627,14.672999999999998,14.682,14.671,14.661,14.613,14.599,14.696,14.819,14.942,15.056,15.147,15.233,15.285999999999998
12003139438,0.0,0.0,0.0,0.0,0.0,0.0,0.0,0.0,0.0,0.0,0.0,0.0,0.0,0.0,0.0,0.0,0.0,0.0,0.0,0.0,0.0,13.047,12.973,12.707,12.489,12.415,12.35,12.311,12.285,12.29,12.299,12.296,12.318,12.338,12.381,12.425,12.474,12.519000000000002,12.558,12.576,12.592,12.582
12003139439,0.0,0.0,0.0,0.0,0.0,0.0,0.0,0.0,0.0,0.0,0.0,0.0,0.0,0.0,0.0,0.0,0.0,0.0,0.0,0.0,0.0,11.084,11.023,10.796,10.611,10.548,10.492,10.46,10.437,10.442,10.449,10.447,10.466,10.483,10.519,10.557,10.599,10.638,10.669,10.685,10.698,10.689
12003139440,86.0,86.0,86.0,86.0,86.0,86.0,86.0,86.0,86.0,86.0,86.0,86.0,86.0,86.0,86.0,86.0,86.0,86.0,86.0,86.0,86.0,28.203,32.536,34.134,35.591,37.367999999999995,39.522000000000006,39.968,40.01,40.054,39.935,39.737,39.555,39.338,39.267,39.595,40.036,40.479,40.9,41.241,41.549,41.759
12003139441,0.0,0.0,0.0,0.0,0.0,0.0,0.0,0.0,0.0,0.0,0.0,0.0,0.0,0.0,0.0,0.0,0.0,0.0,0.0,0.0,0.0,29.625,30.347,30.33,30.181,30.082,30.683,30.673,30.543999999999997,30.479,30.412,30.32,30.318,30.383000000000003,30.533,30.707,30.902,31.09,31.26,31.377,31.481,31.516
12003139442,0.0,0.0,0.0,0.0,0.0,0.0,0.0,0.0,0.0,0.0,0.0,0.0,0.0,0.0,0.0,0.0,0.0,0.0,0.0,0.0,0.0,18.76,18.232,17.792,17.342,16.939999999999998,16.448,16.386,16.406,16.427,16.380000000000003,16.302,16.229,16.144000000000002,16.117,16.254,16.438000000000002,16.622,16.799,16.939999999999998,17.070999999999998,17.159
12003139443,0.0,0.0,0.0,0.0,0.0,0.0,0.0,0.0,0.0,0.0,0.0,0.0,0.0,0.0,0.0,0.0,0.0,0.0,0.0,0.0,0.0,8.437000000000001,8.645,8.642,8.6,8.568,8.403,8.342,8.308,8.292,8.275,8.251,8.251999999999999,8.27,8.312,8.362,8.415,8.468,8.516,8.549,8.578,8.588000000000001
12003139444,0.0,0.0,0.0,0.0,0.0,0.0,0.0,0.0,0.0,0.0,0.0,0.0,0.0,0.0,0.0,0.0,0.0,0.0,0.0,0.0,0.0,9.016,8.762,8.551,8.334,8.141,7.905,7.875,7.885,7.894,7.872,7.834,7.800000000000001,7.758,7.745,7.811,7.899,7.988999999999999,8.072,8.141,8.203,8.245999999999999
12003139445,0.0,0.0,0.0,0.0,0.0,0.0,0.0,0.0,0.0,0.0,0.0,0.0,0.0,0.0,0.0,0.0,0.0,0.0,0.0,0.0,0.0,12.823,13.175,13.012,12.664,12.418,12.377,12.37,12.361,12.372,12.563,12.737,13.217,14.272000000000002,15.445,15.767,15.907,16.047,16.18,16.285,16.383,16.448999999999998
12003139446,0.0,0.0,0.0,0.0,0.0,0.0,0.0,0.0,0.0,0.0,0.0,0.0,0.0,0.0,0.0,0.0,0.0,0.0,0.0,0.0,0.0,40.214,41.312,42.247,42.525000000000006,43.251000000000005,43.102,43.068,43.032,43.063,42.946,42.774,42.533,42.07,41.71,41.937,42.311,42.683,43.037000000000006,43.319,43.58,43.754999999999995
12003139447,0.0,0.0,0.0,0.0,0.0,0.0,0.0,0.0,0.0,0.0,0.0,0.0,0.0,0.0,0.0,0.0,0.0,0.0,0.0,0.0,0.0,31.055,30.179,29.453,28.707,28.042,27.226999999999997,27.124,27.158,27.191,27.309,27.369999999999997,27.726999999999997,28.627,29.718,30.182,30.521,30.863,31.188,31.451,31.691,31.855
12003139448,0.0,0.0,0.0,0.0,0.0,0.0,0.0,0.0,0.0,0.0,0.0,0.0,0.0,0.0,0.0,0.0,0.0,0.0,0.0,0.0,0.0,17.138,17.560000000000002,17.553,17.468,17.404,17.07,16.945,16.875999999999998,16.843,16.808,16.759999999999998,16.761,16.799,16.884999999999998,16.983,17.094,17.2,17.297,17.363999999999997,17.424,17.446
12003139501,0.0,0.0,0.0,0.0,0.0,0.0,0.0,0.0,0.0,0.0,0.0,0.0,0.0,0.0,0.0,0.0,0.0,0.0,0.0,0.0,0.0,17.973,17.544,17.151,17.227,17.018,16.895,16.758,16.657,16.625999999999998,16.615,16.652,16.682,16.738999999999997,16.878,17.076999999999998,17.233999999999998,17.320999999999998,17.372999999999998,17.413,17.416999999999998,17.393
12003139502,0.0,0.0,0.0,0.0,0.0,0.0,0.0,0.0,0.0,0.0,0.0,0.0,0.0,0.0,0.0,0.0,0.0,0.0,0.0,0.0,0.0,19.257,18.797,18.376,18.458,18.234,18.101,17.955,17.847,17.813,17.801000000000002,17.841,17.874,17.933999999999997,18.084,18.297,18.465,18.558,18.614,18.658,18.662,18.635
12003139503,0.0,0.0,0.0,0.0,0.0,0.0,0.0,0.0,0.0,0.0,0.0,0.0,0.0,0.0,0.0,0.0,0.0,0.0,0.0,0.0,0.0,20.607999999999997,19.927,19.37,19.353,19.063,18.889,18.707,18.571,18.51,18.473,18.48,18.486,18.514000000000003,18.582,18.676,18.742,18.779,18.793,18.797,18.77,18.714
12003139504,0.0,0.0,0.0,0.0,0.0,0.0,0.0,0.0,0.0,0.0,0.0,0.0,0.0,0.0,0.0,0.0,0.0,0.0,0.0,0.0,0.0,12.656,12.258,11.941,11.935,11.766,11.675,11.579999999999998,11.515,11.499,11.497,11.531,11.552,11.59,11.643,11.715,11.771,11.815,11.845,11.875,11.879,11.865
12003139505,0.0,0.0,0.0,0.0,0.0,0.0,0.0,0.0,0.0,0.0,0.0,0.0,0.0,0.0,0.0,0.0,0.0,0.0,0.0,0.0,0.0,9.578,9.182,8.881,8.847999999999999,8.702,8.614,8.524000000000001,8.453,8.418,8.392,8.387,8.381,8.385,9.927,12.182,13.595,13.77,13.874,13.945,13.983,13.974
12003139506,0.0,0.0,0.0,0.0,0.0,0.0,0.0,0.0,0.0,0.0,0.0,0.0,0.0,0.0,0.0,0.0,0.0,0.0,0.0,0.0,0.0,25.45,24.649,24.011000000000003,24.0,23.66,23.475,23.285,23.154,23.122,23.12,23.187,23.229,23.305,23.412,23.556,23.67,23.757,23.819,23.878,23.889000000000003,23.859
12003139507,81.0,81.0,81.0,81.0,81.0,81.0,81.0,81.0,81.0,81.0,81.0,81.0,81.0,81.0,81.0,81.0,81.0,81.0,81.0,81.0,81.0,15.723,15.239,14.838,14.84,14.625,14.5,14.37,14.276,14.241,14.228,14.248,14.267,14.303,14.396999999999998,14.53,14.638,14.694,14.727,14.75,14.745,14.714
12003139508,339.0,339.0,339.0,339.0,339.0,339.0,339.0,339.0,339.0,339.0,339.0,339.0,339.0,339.0,339.0,339.0,339.0,339.0,339.0,339.0,339.0,16.684,16.223,15.82,15.846,15.624,15.49,15.349,15.242,15.198,15.177,15.193,15.208000000000002,15.242,15.328,15.448,15.543,15.594,15.622,15.64,15.63,15.592
12003139509,0.0,0.0,0.0,0.0,0.0,0.0,0.0,0.0,0.0,0.0,0.0,0.0,0.0,0.0,0.0,0.0,0.0,0.0,0.0,0.0,0.0,24.514000000000003,24.049,23.555,23.723,23.434,23.247,23.033,22.859,22.783,22.743,22.767,22.794,22.854,23.055,23.35,23.58,23.692,23.754,23.796,23.788,23.732
12003139510,0.0,0.0,0.0,0.0,0.0,0.0,0.0,0.0,0.0,0.0,0.0,0.0,0.0,0.0,0.0,0.0,0.0,0.0,0.0,0.0,0.0,11.157,10.945,10.72,10.797,10.665,10.58,10.483,10.404,10.369,10.351,10.362,10.375,10.401,10.493,10.628,10.733,10.783,10.811,10.83,10.827,10.800999999999998
12003139511,0.0,0.0,0.0,0.0,0.0,0.0,0.0,0.0,0.0,0.0,0.0,0.0,0.0,0.0,0.0,0.0,0.0,0.0,0.0,0.0,0.0,19.011000000000003,18.203,17.559,17.48,17.187,17.019000000000002,16.854,16.733,16.686999999999998,16.658,16.678,16.689,16.724,16.822,16.96,17.058,17.105999999999998,17.124,17.134,17.109,17.064
12003139512,0.0,0.0,0.0,0.0,0.0,0.0,0.0,0.0,0.0,0.0,0.0,0.0,0.0,0.0,0.0,0.0,0.0,0.0,0.0,0.0,0.0,15.224,14.577000000000002,14.061,13.997,13.764,13.628,13.496,13.4,13.363,13.34,13.355999999999998,13.364,13.393,13.47,13.581,13.659,13.698,13.713,13.721,13.7,13.665
12003139513,0.0,0.0,0.0,0.0,0.0,0.0,0.0,0.0,0.0,0.0,0.0,0.0,0.0,0.0,0.0,0.0,0.0,0.0,0.0,0.0,0.0,20.19,19.961,19.668999999999997,19.93,19.717,19.597,19.435,19.291,19.249,19.258,19.355,19.42,19.528,19.763,20.125,20.416,20.583,20.712,20.841,20.904,20.891
12003139514,150.0,150.0,150.0,150.0,150.0,150.0,150.0,150.0,150.0,150.0,150.0,150.0,150.0,150.0,150.0,150.0,150.0,150.0,150.0,150.0,150.0,18.2,18.224,17.256,16.281,16.073,15.936,15.773,15.638,15.58,15.546,15.564,15.591,15.644,15.919999999999998,16.345,16.669,16.795,16.854,16.889,16.875,16.814
12003139515,86.0,86.0,86.0,86.0,86.0,86.0,86.0,86.0,86.0,86.0,86.0,86.0,86.0,86.0,86.0,86.0,86.0,86.0,86.0,86.0,86.0,15.256,14.836,14.467,14.49,14.288,14.166,14.036,13.938,13.898,13.879,13.893999999999998,13.908,13.939,14.017,14.127,14.213,14.260000000000002,14.285,14.302,14.293,14.259
12003139516,116.0,116.0,116.0,116.0,116.0,116.0,116.0,116.0,116.0,116.0,116.0,116.0,116.0,116.0,116.0,116.0,116.0,116.0,116.0,116.0,116.0,17.361,16.236,16.228,17.657,17.43,17.279,17.099,16.951,16.886,16.847,16.865000000000002,16.891,16.946,17.244,17.701,18.049,18.183,18.245,18.281,18.263,18.194
12003139517,0.0,0.0,0.0,0.0,0.0,0.0,0.0,0.0,0.0,0.0,0.0,0.0,0.0,0.0,0.0,0.0,0.0,0.0,0.0,0.0,0.0,35.685,35.412,35.354,36.27,36.28,36.259,36.083,35.908,35.838,35.775999999999996,35.808,35.826,35.891999999999996,36.106,36.41,36.619,36.693,36.702,36.688,36.61,36.474
12003139518,0.0,0.0,0.0,0.0,0.0,0.0,0.0,0.0,0.0,0.0,0.0,0.0,0.0,0.0,0.0,0.0,0.0,0.0,0.0,0.0,0.0,13.473,13.043,12.678999999999998,12.688,12.507,12.399,12.288,12.207,12.177,12.163,12.185,12.201,12.236,12.331,12.468,12.571,12.626,12.654,12.675,12.668,12.645
12003139519,75.0,75.0,75.0,75.0,75.0,75.0,75.0,75.0,75.0,75.0,75.0,75.0,75.0,75.0,75.0,75.0,75.0,75.0,75.0,75.0,75.0,19.024,18.42,17.906,17.918,17.662,17.509,17.352,17.237000000000002,17.197,17.176000000000002,17.208,17.23,17.279,17.413,17.606,17.752,17.830000000000002,17.869,17.898,17.889,17.856
12003139520,25.0,25.0,25.0,25.0,25.0,25.0,25.0,25.0,25.0,25.0,25.0,25.0,25.0,25.0,25.0,25.0,25.0,25.0,25.0,25.0,25.0,14.787,14.619,14.406,14.597,14.441,14.352,14.235,14.129,14.098,14.104,14.175,14.223,14.302,14.474,14.739,14.951999999999998,15.075,15.168,15.264,15.309,15.301
12003139521,130.0,130.0,130.0,130.0,130.0,130.0,130.0,130.0,130.0,130.0,130.0,130.0,130.0,130.0,130.0,130.0,130.0,130.0,130.0,130.0,130.0,21.339,20.895000000000003,20.449,20.568,20.312,20.148000000000003,19.966,19.821,19.761000000000003,19.73,19.756,19.779,19.832,19.989,20.217,20.394,20.484,20.534,20.568,20.561,20.516
12003139522,0.0,0.0,0.0,0.0,0.0,0.0,0.0,0.0,0.0,0.0,0.0,0.0,0.0,0.0,0.0,0.0,0.0,0.0,0.0,0.0,0.0,17.732,17.363,16.993000000000002,17.092,16.878999999999998,16.744,16.591,16.472,16.422,16.396,16.417,16.436,16.48,16.61,16.801000000000002,16.947,17.022,17.063,17.093,17.087,17.049
12003139523,0.0,0.0,0.0,0.0,0.0,0.0,0.0,0.0,0.0,0.0,0.0,0.0,0.0,0.0,0.0,0.0,0.0,0.0,0.0,0.0,0.0,17.801000000000002,17.664,17.634999999999998,18.092,18.097,18.086,17.999,17.912,17.877,17.846,17.862,17.87,17.904,18.009999999999998,18.162,18.267,18.303,18.308,18.301,18.262,18.195
12003139524,0.0,0.0,0.0,0.0,0.0,0.0,0.0,0.0,0.0,0.0,0.0,0.0,0.0,0.0,0.0,0.0,0.0,0.0,0.0,0.0,0.0,20.142,19.531,19.047,19.049,18.801,18.669,18.536,18.452,18.445,18.454,18.525,18.567,18.641,18.733,18.852,18.943,19.021,19.077,19.134,19.148,19.142
12003139525,0.0,0.0,0.0,0.0,0.0,0.0,0.0,0.0,0.0,0.0,0.0,0.0,0.0,0.0,0.0,0.0,0.0,0.0,0.0,0.0,0.0,17.043,16.525,16.117,16.119,15.909,15.797,15.685,15.613,15.608,15.614999999999998,15.675,15.711,15.773,15.851,15.952000000000002,16.028,16.095,16.142,16.189999999999998,16.203,16.197
12003139526,0.0,0.0,0.0,0.0,0.0,0.0,0.0,0.0,0.0,0.0,0.0,0.0,0.0,0.0,0.0,0.0,0.0,0.0,0.0,0.0,0.0,16.009999999999998,15.525,15.14,15.142,14.945,14.839,14.734,14.667,14.661,14.669,14.725,14.758,14.818,14.891,14.986,15.057,15.119,15.163,15.209,15.22,15.216
12003139527,0.0,0.0,0.0,0.0,0.0,0.0,0.0,0.0,0.0,0.0,0.0,0.0,0.0,0.0,0.0,0.0,0.0,0.0,0.0,0.0,0.0,16.785,16.529,16.338,16.59,16.493000000000002,16.431,16.326999999999998,16.243000000000002,16.215,16.201,16.23,16.253,16.299999999999997,16.425,16.607,16.746,16.810000000000002,16.844,16.866,16.854,16.815
12003139528,0.0,0.0,0.0,0.0,0.0,0.0,0.0,0.0,0.0,0.0,0.0,0.0,0.0,0.0,0.0,0.0,0.0,0.0,0.0,0.0,0.0,12.207,12.021,11.883,12.066,11.995,11.949,11.874,11.812,11.793,11.782,11.804,11.821,11.855,11.946000000000002,12.078,12.179,12.226,12.251,12.266,12.258,12.229
12003139529,0.0,0.0,0.0,0.0,0.0,0.0,0.0,0.0,0.0,0.0,0.0,0.0,0.0,0.0,0.0,0.0,0.0,0.0,0.0,0.0,0.0,21.623,21.026,20.504,20.537,20.25,20.076,19.893,19.754,19.698,19.67,19.692,19.71,19.754,19.865,20.022,20.144,20.21,20.247,20.27,20.257,20.208
12003139530,0.0,0.0,0.0,0.0,0.0,0.0,0.0,0.0,0.0,0.0,0.0,0.0,0.0,0.0,0.0,0.0,0.0,0.0,0.0,0.0,0.0,19.156,18.366,17.762,17.695,17.405,17.23,17.048000000000002,16.907,16.837,16.784,16.774,16.762,16.771,15.481,14.052,13.49,13.665,13.771,13.845,13.886,13.88
12003139531,0.0,0.0,0.0,0.0,0.0,0.0,0.0,0.0,0.0,0.0,0.0,0.0,0.0,0.0,0.0,0.0,0.0,0.0,0.0,0.0,0.0,21.686,21.020000000000003,20.466,20.468,20.171999999999997,20.0,19.821,19.691000000000003,19.643,19.624,19.653,19.677999999999997,19.728,19.857,20.042,20.189,20.268,20.313,20.344,20.339,20.296
12003139532,65.0,65.0,65.0,65.0,65.0,65.0,65.0,65.0,65.0,65.0,65.0,65.0,65.0,65.0,65.0,65.0,65.0,65.0,65.0,65.0,65.0,22.982,22.222,21.6,21.581000000000003,21.258,21.064,20.860999999999997,20.709,20.641,20.599,20.609,20.615,20.646,20.723,20.826,20.901,20.942,20.957,20.962000000000003,20.931,20.868
12003139605,0.0,0.0,0.0,0.0,0.0,0.0,0.0,0.0,0.0,0.0,0.0,0.0,0.0,0.0,0.0,0.0,0.0,0.0,0.0,0.0,0.0,7.263999999999999,7.317,7.476,7.624,7.696,7.680999999999999,7.686999999999999,7.668,7.680999999999999,7.7,7.725,7.755,7.786,7.818,7.847,7.867000000000001,7.876,7.878,7.87,7.861,7.840999999999999
12003139606,0.0,0.0,0.0,0.0,0.0,0.0,0.0,0.0,0.0,0.0,0.0,0.0,0.0,0.0,0.0,0.0,0.0,0.0,0.0,0.0,0.0,22.842,23.007,23.504,23.969,24.198,24.147,24.165,24.104000000000003,24.144,24.204,24.277,24.372,24.471000000000004,24.566,24.658,24.716,24.744999999999997,24.751,24.725,24.694,24.632
12003139607,140.0,140.0,140.0,140.0,140.0,140.0,140.0,140.0,140.0,140.0,140.0,140.0,140.0,140.0,140.0,140.0,140.0,140.0,140.0,140.0,140.0,25.154,25.338,25.887,26.4,26.653,26.599,26.619999999999997,26.554,26.6,26.668,26.749,26.854999999999997,26.965,27.073,27.174999999999997,27.241,27.274,27.281,27.254,27.221,27.154000000000003
12003139609,0.0,0.0,0.0,0.0,0.0,0.0,0.0,0.0,0.0,0.0,0.0,0.0,0.0,0.0,0.0,0.0,0.0,0.0,0.0,0.0,0.0,23.194,24.427999999999997,25.447000000000003,26.301,37.381,51.189,64.732,76.047,81.75399999999999,84.721,88.272,90.811,93.136,95.258,97.252,99.012,100.597,102.075,103.396,104.644,105.733
12003139610,202.0,202.0,202.0,202.0,202.0,202.0,202.0,202.0,202.0,202.0,202.0,202.0,202.0,202.0,202.0,202.0,202.0,202.0,202.0,202.0,202.0,29.899,29.679,29.79,29.874,29.789,29.543999999999997,29.448,29.309,29.326,29.375,29.444,29.531,29.641,29.761,29.891,30.016,30.112,30.198,30.265,30.311,30.302
12003139611,0.0,0.0,0.0,0.0,0.0,0.0,0.0,0.0,0.0,0.0,0.0,0.0,0.0,0.0,0.0,0.0,0.0,0.0,0.0,0.0,0.0,28.0,27.997,27.695,27.430999999999997,27.334000000000003,27.121,27.085,27.007,27.054,27.127,27.223,27.373,27.552999999999997,27.752,27.985,28.217,28.454,28.695,28.924,29.161,29.372
12003139613,0.0,0.0,0.0,0.0,0.0,0.0,0.0,0.0,0.0,0.0,0.0,0.0,0.0,0.0,0.0,0.0,0.0,0.0,0.0,0.0,0.0,22.268,22.819000000000003,23.312,23.65,23.734,23.658,23.696,23.677,23.757,23.854,23.964,24.084,24.212,24.335,24.462,24.572000000000003,24.66,24.741,24.798,24.846,24.86
12003139614,0.0,0.0,0.0,0.0,0.0,0.0,0.0,0.0,0.0,0.0,0.0,0.0,0.0,0.0,0.0,0.0,0.0,0.0,0.0,0.0,0.0,56.03,57.415000000000006,58.655,59.508,59.71900000000001,59.526,59.620000000000005,59.574,59.777,60.02,60.294,60.597,60.92,61.230999999999995,61.55,61.827,62.047,62.251000000000005,62.396,62.516,62.549
12003139615,95.0,95.0,95.0,95.0,95.0,95.0,95.0,95.0,95.0,95.0,95.0,95.0,95.0,95.0,95.0,95.0,95.0,95.0,95.0,95.0,95.0,36.815,37.725,38.539,39.1,39.239,39.111,39.174,39.144,39.276,39.437,39.617,39.816,40.028,40.233,40.441,40.623,40.767,40.902,40.997,41.076,41.098
12003139616,0.0,0.0,0.0,0.0,0.0,0.0,0.0,0.0,0.0,0.0,0.0,0.0,0.0,0.0,0.0,0.0,0.0,0.0,0.0,0.0,0.0,36.615,36.611999999999995,37.196,37.587,37.454,37.164,37.114,37.006,37.07,37.171,37.295,37.454,37.653,37.877,38.148,38.416,38.686,38.962,39.218,39.485,39.716
12003139617,0.0,0.0,0.0,0.0,0.0,0.0,0.0,0.0,0.0,0.0,0.0,0.0,0.0,0.0,0.0,0.0,0.0,0.0,0.0,0.0,0.0,30.130000000000003,29.78,29.794,29.791,29.649,29.313,29.148000000000003,28.953000000000003,28.928,28.952,27.904,28.344,28.832,29.356,29.912,30.467999999999996,31.03,31.589,32.115,32.646,33.127
12003139618,0.0,0.0,0.0,0.0,0.0,0.0,0.0,0.0,0.0,0.0,0.0,0.0,0.0,0.0,0.0,0.0,0.0,0.0,0.0,0.0,0.0,45.379,45.302,45.370000000000005,45.261,44.83,44.223,43.917,43.573,43.463,43.402,43.336,43.029,42.903,42.94,43.153000000000006,43.482,43.918,44.474,45.096,45.807,46.543
12003139619,116.0,116.0,116.0,116.0,116.0,116.0,116.0,116.0,116.0,116.0,116.0,116.0,116.0,116.0,116.0,116.0,116.0,116.0,116.0,116.0,116.0,20.249,20.214,20.244,20.196,20.004,19.732,19.597,19.443,19.394,19.367,19.438,20.001,20.619,21.293,22.033,22.826,23.72,24.687,25.684,26.756,27.821
12003139620,0.0,0.0,0.0,0.0,0.0,0.0,0.0,0.0,0.0,0.0,0.0,0.0,0.0,0.0,0.0,0.0,0.0,0.0,0.0,0.0,0.0,27.296,26.823,26.673,26.547,26.365,26.093,26.042,26.015,26.174,26.473,26.917,27.921,29.433,31.498,34.101,37.2,40.947,45.22,49.882,54.992,60.285
12003139622,0.0,0.0,0.0,0.0,0.0,0.0,0.0,0.0,0.0,0.0,0.0,0.0,0.0,0.0,0.0,0.0,0.0,0.0,0.0,0.0,0.0,0.646,0.635,0.631,0.628,0.624,0.617,0.616,0.616,0.62,0.626,0.625,0.571,0.538,0.5209999999999999,0.516,0.5189999999999999,0.5269999999999999,0.538,0.5549999999999999,0.571,0.5880000000000001
12003139623,72.0,72.0,72.0,72.0,72.0,72.0,72.0,72.0,72.0,72.0,72.0,72.0,72.0,72.0,72.0,72.0,72.0,72.0,72.0,72.0,72.0,2.19,2.243,2.303,2.365,2.406,2.43,2.46,2.479,2.508,2.535,2.56,2.579,2.598,2.616,2.631,2.647,2.657,2.668,2.682,2.692,2.696
12003139624,0.0,0.0,0.0,0.0,0.0,0.0,0.0,0.0,0.0,0.0,0.0,0.0,0.0,0.0,0.0,0.0,0.0,0.0,0.0,0.0,0.0,40.549,40.578,40.984,41.318,41.434,41.292,41.394,41.513,42.196,43.203,44.408,46.316,48.941,52.33,56.43900000000001,61.194,66.82,73.15599999999999,80.004,87.465,95.151
12003139628,46.0,46.0,46.0,46.0,46.0,46.0,46.0,46.0,46.0,46.0,46.0,46.0,46.0,46.0,46.0,46.0,46.0,46.0,46.0,46.0,46.0,14.254,14.149,14.201999999999998,14.242,14.202,14.085,14.04,13.973,13.981000000000002,14.005,14.037,14.079,14.131,14.188,14.25,14.311,14.355,14.397000000000002,14.428999999999998,14.45,14.447
12003139629,0.0,0.0,0.0,0.0,0.0,0.0,0.0,0.0,0.0,0.0,0.0,0.0,0.0,0.0,0.0,0.0,0.0,0.0,0.0,0.0,0.0,29.997,29.648,29.661,29.659,29.518,29.183,29.019,28.824999999999996,28.8,28.823,30.246,30.361,30.522,30.712000000000003,30.932,31.14,31.314,31.467999999999996,31.580999999999996,31.68,31.734
12003139630,80.0,80.0,80.0,80.0,80.0,80.0,80.0,80.0,80.0,80.0,80.0,80.0,80.0,80.0,80.0,80.0,80.0,80.0,80.0,80.0,80.0,25.833,26.145,26.49,26.703,26.694000000000003,26.523,26.5,26.42,26.459000000000003,26.517,31.042,31.224,31.432,31.636000000000003,31.846,32.025,32.152,32.25,32.298,32.323,32.3
12003139631,0.0,0.0,0.0,0.0,0.0,0.0,0.0,0.0,0.0,0.0,0.0,0.0,0.0,0.0,0.0,0.0,0.0,0.0,0.0,0.0,0.0,33.448,35.228,36.7,37.935,36.564,34.303,32.692,31.777,32.471000000000004,33.602999999999994,34.976,35.691,36.308,36.831,37.295,37.658,37.914,38.112,38.244,38.328,38.356
12003139632,0.0,0.0,0.0,0.0,0.0,0.0,0.0,0.0,0.0,0.0,0.0,0.0,0.0,0.0,0.0,0.0,0.0,0.0,0.0,0.0,0.0,58.501999999999995,61.617,64.191,66.351,63.955,59.998000000000005,57.17999999999999,55.58,56.79600000000001,61.203,63.994,67.436,70.795,74.077,77.31200000000001,80.435,83.621,86.813,89.914,93.069,96.06
12003139634,0.0,0.0,0.0,0.0,0.0,0.0,0.0,0.0,0.0,0.0,0.0,0.0,0.0,0.0,0.0,0.0,0.0,0.0,0.0,0.0,0.0,48.176,50.727,52.834999999999994,54.605,52.623000000000005,49.359,47.033,45.708,46.701,48.32,50.589,53.851,57.071,60.254,63.416,66.508,69.717,72.958,76.137,79.393,82.50399999999999
12003139637,0.0,0.0,0.0,0.0,0.0,0.0,0.0,0.0,0.0,0.0,0.0,0.0,0.0,0.0,0.0,0.0,0.0,0.0,0.0,0.0,0.0,0.0,0.0,0.0,0.0,0.0,0.0,0.0,0.0,0.0,0.0,0.0,0.0,0.0,0.0,0.0,0.0,0.0,0.0,0.0,0.0,0.0
12003139640,0.0,0.0,0.0,0.0,0.0,0.0,0.0,0.0,0.0,0.0,0.0,0.0,0.0,0.0,0.0,0.0,0.0,0.0,0.0,0.0,0.0,54.387,52.881,53.39,53.8,54.567,54.873000000000005,55.39,55.471,54.72200000000001,56.416,59.613,61.281,63.001999999999995,64.74799999999999,66.52,68.24600000000001,69.988,71.718,73.366,75.034,76.58
12003139641,0.0,0.0,0.0,0.0,0.0,0.0,0.0,0.0,0.0,0.0,0.0,0.0,0.0,0.0,0.0,0.0,0.0,0.0,0.0,0.0,0.0,47.068,56.311,56.855,57.294,58.111999999999995,58.43900000000001,58.992,59.079,58.282,57.785,56.098,56.741,57.41,58.073,58.744,59.342,59.852,60.308,60.678,61.01,61.258
12003139642,0.0,0.0,0.0,0.0,0.0,0.0,0.0,0.0,0.0,0.0,0.0,0.0,0.0,0.0,0.0,0.0,0.0,0.0,0.0,0.0,0.0,19.024,18.5,18.68,18.824,19.094,19.202,19.385,19.414,19.153,18.991,18.491,19.097,19.722,20.357,21.002,21.634,22.283,22.930999999999997,23.554,24.189,24.784
12003139643,0.0,0.0,0.0,0.0,0.0,0.0,0.0,0.0,0.0,0.0,0.0,0.0,0.0,0.0,0.0,0.0,0.0,0.0,0.0,0.0,0.0,33.491,33.902,35.395,38.256,40.228,40.757000000000005,41.52,42.158,42.896,45.923,46.772,47.238,47.66,48.029,48.385000000000005,48.656,48.837,48.963,49.015,49.024,48.965
12003139644,0.0,0.0,0.0,0.0,0.0,0.0,0.0,0.0,0.0,0.0,0.0,0.0,0.0,0.0,0.0,0.0,0.0,0.0,0.0,0.0,0.0,36.217,35.218,39.620000000000005,43.076,43.691,43.937,44.353,45.378,49.888000000000005,49.619,48.14,48.473,48.823,49.163,49.503,49.777,49.94799999999999,50.065,50.106,50.099999999999994,50.03
12003139645,0.0,0.0,0.0,0.0,0.0,0.0,0.0,0.0,0.0,0.0,0.0,0.0,0.0,0.0,0.0,0.0,0.0,0.0,0.0,0.0,0.0,29.44,29.802,29.038,27.915,27.787999999999997,28.154,28.682,29.124,29.634,29.224,29.766,30.063,30.332,30.568,30.795,30.969,31.086,31.165999999999997,31.201,31.207,31.171
12003139646,0.0,0.0,0.0,0.0,0.0,0.0,0.0,0.0,0.0,0.0,0.0,0.0,0.0,0.0,0.0,0.0,0.0,0.0,0.0,0.0,0.0,68.573,70.212,71.74799999999999,71.112,70.22200000000001,70.35,70.806,71.042,71.53399999999999,66.116,69.13,70.045,71.041,72.056,73.118,74.077,74.926,75.71,76.396,77.04599999999999,77.602
12003139647,0.0,0.0,0.0,0.0,0.0,0.0,0.0,0.0,0.0,0.0,0.0,0.0,0.0,0.0,0.0,0.0,0.0,0.0,0.0,0.0,0.0,28.899,29.254,30.344,30.427,30.288,30.686,31.261,31.741999999999997,32.298,31.851,32.581,33.929,35.275000000000006,36.617,37.971,39.295,40.675,42.062,43.409000000000006,44.789,46.087999999999994
12003139648,0.0,0.0,0.0,0.0,0.0,0.0,0.0,0.0,0.0,0.0,0.0,0.0,0.0,0.0,0.0,0.0,0.0,0.0,0.0,0.0,0.0,33.539,32.614000000000004,32.931,33.187,33.662,33.853,34.174,34.226,33.766,35.901,40.21,41.263,42.348,43.448,44.565,45.648,46.735,47.809,48.827,49.854,50.801
12003139649,0.0,0.0,0.0,0.0,0.0,0.0,0.0,0.0,0.0,0.0,0.0,0.0,0.0,0.0,0.0,0.0,0.0,0.0,0.0,0.0,0.0,34.911,35.744,36.527,39.120999999999995,41.009,41.083,41.349,41.486,41.774,49.087,48.546,50.45399999999999,52.44799999999999,54.492,56.593999999999994,58.658,60.782,62.913,64.983,67.101,69.112
12003157601,0.0,0.0,0.0,0.0,0.0,0.0,0.0,0.0,0.0,0.0,0.0,0.0,0.0,0.0,0.0,0.0,0.0,0.0,0.0,0.0,0.0,33.856,35.93,37.671,38.631,39.177,39.664,40.065,40.452,40.735,41.057,41.323,41.626999999999995,41.911,42.847,44.464,46.876,49.492,52.141,54.145,56.024,57.829
12003157602,0.0,0.0,0.0,0.0,0.0,0.0,0.0,0.0,0.0,0.0,0.0,0.0,0.0,0.0,0.0,0.0,0.0,0.0,0.0,0.0,0.0,23.377,24.738999999999997,24.918,25.497,25.803,26.08,26.299,26.501,26.64,26.807,26.936,27.087,27.216,27.334,27.491999999999997,27.62,27.818,27.994,28.232999999999997,28.383000000000003,28.494
12003157603,0.0,0.0,0.0,0.0,0.0,0.0,0.0,0.0,0.0,0.0,0.0,0.0,0.0,0.0,0.0,0.0,0.0,0.0,0.0,0.0,0.0,35.646,37.83,37.528,38.485,39.032,39.519000000000005,39.919,40.307,40.590999999999994,40.913,41.181,41.485,41.769,42.27,42.318,42.295,42.453,42.626000000000005,42.973,43.206,43.373000000000005
12003157604,0.0,0.0,0.0,0.0,0.0,0.0,0.0,0.0,0.0,0.0,0.0,0.0,0.0,0.0,0.0,0.0,0.0,0.0,0.0,0.0,0.0,1.418,1.506,1.528,1.569,1.593,1.609,1.626,1.643,1.655,1.665,1.677,1.69,1.704,1.723,1.741,1.758,1.775,1.7879999999999998,1.804,1.815,1.821
12003157605,0.0,0.0,0.0,0.0,0.0,0.0,0.0,0.0,0.0,0.0,0.0,0.0,0.0,0.0,0.0,0.0,0.0,0.0,0.0,0.0,0.0,22.163,23.539,23.885,24.519,24.901000000000003,25.15,25.406,25.674,25.855,26.027,26.206,26.405,26.622,26.926,27.203,27.464,27.728,27.927999999999997,28.187,28.36,28.455
12003157606,114.0,114.0,114.0,114.0,114.0,114.0,114.0,114.0,114.0,114.0,114.0,114.0,114.0,114.0,114.0,114.0,114.0,114.0,114.0,114.0,114.0,54.845,58.223,59.178,60.653000000000006,61.483,62.234,62.85,63.441,63.879999999999995,64.382,64.80199999999999,65.28,65.717,65.995,68.248,71.424,74.807,78.169,80.761,83.137,85.40299999999999
12003157607,0.0,0.0,0.0,0.0,0.0,0.0,0.0,0.0,0.0,0.0,0.0,0.0,0.0,0.0,0.0,0.0,0.0,0.0,0.0,0.0,0.0,20.741,21.949,22.108,22.621,22.893,23.139000000000003,23.332,23.511000000000003,23.636000000000003,23.783,23.899,24.033,24.146,24.251,24.391,24.506,24.68,24.837,25.049,25.182,25.28
12003157608,0.0,0.0,0.0,0.0,0.0,0.0,0.0,0.0,0.0,0.0,0.0,0.0,0.0,0.0,0.0,0.0,0.0,0.0,0.0,0.0,0.0,35.095,37.256,37.868,38.812,39.343,39.823,40.217,40.596,40.876,41.19799999999999,41.465999999999994,41.772,42.053,44.216,44.572,44.895,45.329,45.727,46.223,46.583,46.871
12003167601,0.0,0.0,0.0,0.0,0.0,0.0,0.0,0.0,0.0,0.0,0.0,0.0,0.0,0.0,0.0,0.0,0.0,0.0,0.0,0.0,0.0,18.897,19.038,18.896,18.691,18.518,18.249,17.996,17.778,17.639,17.675,17.785,18.01,18.285,18.537,18.757,18.957,19.138,19.282,19.414,19.521,19.622
12003167602,0.0,0.0,0.0,0.0,0.0,0.0,0.0,0.0,0.0,0.0,0.0,0.0,0.0,0.0,0.0,0.0,0.0,0.0,0.0,0.0,0.0,26.427,26.679,26.482,26.163,25.879,25.483,25.18,24.891,24.738,24.799,24.976,25.288,25.658,25.57,25.393,25.258,25.513,25.732,25.958,26.145000000000003,26.327
12003167603,0.0,0.0,0.0,0.0,0.0,0.0,0.0,0.0,0.0,0.0,0.0,0.0,0.0,0.0,0.0,0.0,0.0,0.0,0.0,0.0,0.0,23.21,23.01,22.516,21.985,21.583,21.115,20.729,20.403,20.209,20.09,20.011,20.036,20.065,20.537,21.08,21.62,21.815,21.969,22.135,22.253,22.357
12003167604,188.0,188.0,188.0,188.0,188.0,188.0,188.0,188.0,188.0,188.0,188.0,188.0,188.0,188.0,188.0,188.0,188.0,188.0,188.0,188.0,188.0,17.469,17.328,16.949,16.553,16.238,15.858,15.538,15.264,15.091,15.023,15.009,15.084,15.178999999999998,15.325,15.479,15.619,15.751,15.857,15.956,16.035,16.109
12003167605,0.0,0.0,0.0,0.0,0.0,0.0,0.0,0.0,0.0,0.0,0.0,0.0,0.0,0.0,0.0,0.0,0.0,0.0,0.0,0.0,0.0,23.54,23.485,23.082,22.630000000000003,22.299,21.909,21.593,21.322,21.164,21.02,20.886000000000003,20.856,20.824,20.993,21.215,21.415,21.601,21.752,21.896,22.01,22.118
12003167606,0.0,0.0,0.0,0.0,0.0,0.0,0.0,0.0,0.0,0.0,0.0,0.0,0.0,0.0,0.0,0.0,0.0,0.0,0.0,0.0,0.0,19.536,19.324,18.818,18.279,17.851,17.387999999999998,17.012999999999998,16.694,16.485999999999997,16.383,16.331,16.367,16.423000000000002,16.526,16.642,16.747,16.844,16.916,16.980999999999998,17.024,17.061999999999998
12003167607,0.0,0.0,0.0,0.0,0.0,0.0,0.0,0.0,0.0,0.0,0.0,0.0,0.0,0.0,0.0,0.0,0.0,0.0,0.0,0.0,0.0,18.74,18.67,18.319,17.92,17.591,17.216,16.923000000000002,16.669,16.517,16.594,16.781,17.069,17.427,17.633,17.767,17.886000000000003,17.656,17.416,17.171,16.96,17.14
12003167608,0.0,0.0,0.0,0.0,0.0,0.0,0.0,0.0,0.0,0.0,0.0,0.0,0.0,0.0,0.0,0.0,0.0,0.0,0.0,0.0,0.0,14.698,14.808,14.697,14.538,14.404,14.193,13.997,13.827,13.72,13.634999999999998,13.553,13.549,13.547,13.674,13.838,13.987000000000002,14.121,14.229,14.328,14.407,14.483
12003167609,0.0,0.0,0.0,0.0,0.0,0.0,0.0,0.0,0.0,0.0,0.0,0.0,0.0,0.0,0.0,0.0,0.0,0.0,0.0,0.0,0.0,30.263,29.936,29.150999999999996,28.316,27.653,26.937,26.356,25.862,25.54,25.38,25.299,25.356,25.441000000000003,25.602,25.781,25.943,26.093,26.205,26.305,26.372,26.431
12003167610,0.0,0.0,0.0,0.0,0.0,0.0,0.0,0.0,0.0,0.0,0.0,0.0,0.0,0.0,0.0,0.0,0.0,0.0,0.0,0.0,0.0,15.943,15.85,15.525,15.172,14.888,14.554,14.279,14.044,13.899,13.917000000000002,14.02,14.215,14.462,14.656,14.814,14.956,15.086,15.191,15.287,15.056,13.259999999999998
12003167611,0.0,0.0,0.0,0.0,0.0,0.0,0.0,0.0,0.0,0.0,0.0,0.0,0.0,0.0,0.0,0.0,0.0,0.0,0.0,0.0,0.0,27.069,26.957,26.404,25.773,25.286,24.722,24.244,23.849,23.607,23.57,23.645,23.869,24.123,23.992,23.821,23.7,24.543,25.401,26.372,27.369999999999997,27.885
12003167612,0.0,0.0,0.0,0.0,0.0,0.0,0.0,0.0,0.0,0.0,0.0,0.0,0.0,0.0,0.0,0.0,0.0,0.0,0.0,0.0,0.0,30.023,30.328000000000003,30.146,29.792,29.555,29.178000000000004,28.836,28.565,28.446,28.592,28.905,29.417,29.982,30.531,30.951,31.36,31.768,32.073,32.418,32.653,32.849999999999994
12003167613,0.0,0.0,0.0,0.0,0.0,0.0,0.0,0.0,0.0,0.0,0.0,0.0,0.0,0.0,0.0,0.0,0.0,0.0,0.0,0.0,0.0,19.918,19.872,19.531,19.149,18.868,18.538,18.271,18.042,17.908,17.971,18.132,18.4,18.726,18.978,19.177,19.357,19.523,19.657,19.785,19.886,19.982
12003167614,0.0,0.0,0.0,0.0,0.0,0.0,0.0,0.0,0.0,0.0,0.0,0.0,0.0,0.0,0.0,0.0,0.0,0.0,0.0,0.0,0.0,29.456000000000003,29.664,29.462,29.192,29.054,28.798,28.545,28.322,28.183999999999997,28.181,28.2,28.352,28.513,28.751,28.999,29.225,29.428,29.590000000000003,29.732999999999997,29.848,29.962000000000003
12003167615,0.0,0.0,0.0,0.0,0.0,0.0,0.0,0.0,0.0,0.0,0.0,0.0,0.0,0.0,0.0,0.0,0.0,0.0,0.0,0.0,0.0,23.272,23.221,22.789,22.295,21.885,21.41,21.029,20.703,20.51,20.468,20.506,20.655,20.829,21.06,21.293,21.497,21.977,22.467,23.025,23.607,23.905
12003167616,0.0,0.0,0.0,0.0,0.0,0.0,0.0,0.0,0.0,0.0,0.0,0.0,0.0,0.0,0.0,0.0,0.0,0.0,0.0,0.0,0.0,12.939,12.75,12.368,11.965,11.648,11.328,11.075,10.86,10.717,10.64,10.604,10.636,10.708,10.8,10.892,10.977,11.057,11.121,11.177,11.219,11.255
12003167617,60.0,60.0,60.0,60.0,60.0,60.0,60.0,60.0,60.0,60.0,60.0,60.0,60.0,60.0,60.0,60.0,60.0,60.0,60.0,60.0,60.0,16.88,16.464,15.83,15.237,14.869,14.529,14.273,14.063,13.942,13.874,13.847,13.898,13.959,14.504,15.148,15.761,16.048000000000002,16.305,16.549,16.773,16.982
12003167618,0.0,0.0,0.0,0.0,0.0,0.0,0.0,0.0,0.0,0.0,0.0,0.0,0.0,0.0,0.0,0.0,0.0,0.0,0.0,0.0,0.0,27.719,27.984,27.777,27.443,27.145000000000003,26.729,26.412999999999997,26.109,25.947000000000003,25.717,25.466,25.331000000000003,25.169,25.695,26.379,27.038,27.311,27.543,27.785,27.985,28.179
12003167619,0.0,0.0,0.0,0.0,0.0,0.0,0.0,0.0,0.0,0.0,0.0,0.0,0.0,0.0,0.0,0.0,0.0,0.0,0.0,0.0,0.0,15.464,15.43,15.143,14.812,14.54,14.221,13.967,13.749,13.618,13.59,13.613,13.71,13.824,13.976,14.128,14.263000000000002,14.132,13.989,13.843,13.723,13.897
12003167620,0.0,0.0,0.0,0.0,0.0,0.0,0.0,0.0,0.0,0.0,0.0,0.0,0.0,0.0,0.0,0.0,0.0,0.0,0.0,0.0,0.0,18.46,18.004,17.311,16.662,16.261,15.889,15.61,15.379,15.247,15.346,15.575,15.911,16.32,16.396,16.398,16.412,16.711,16.979,17.233,17.467,17.685000000000002
12003167621,36.0,36.0,36.0,36.0,36.0,36.0,36.0,36.0,36.0,36.0,36.0,36.0,36.0,36.0,36.0,36.0,36.0,36.0,36.0,36.0,36.0,15.587,15.495,15.177,14.832999999999998,14.553999999999998,14.227,13.96,13.73,13.588,13.452,13.326,13.274,13.224,13.325,13.469,13.597,13.717,13.811,13.9,14.322,16.686999999999998
12003167622,60.0,60.0,60.0,60.0,60.0,60.0,60.0,60.0,60.0,60.0,60.0,60.0,60.0,60.0,60.0,60.0,60.0,60.0,60.0,60.0,60.0,22.517,22.747,22.61,22.345,22.166,21.884,21.628,21.424,21.335,21.25,21.196,21.266,21.313,21.601,21.899,22.189,22.479,22.697,22.942,23.11,23.25
12003167623,0.0,0.0,0.0,0.0,0.0,0.0,0.0,0.0,0.0,0.0,0.0,0.0,0.0,0.0,0.0,0.0,0.0,0.0,0.0,0.0,0.0,18.54,18.464,18.085,17.653,17.32,16.934,16.607,16.337,16.172,16.147,16.199,16.352,16.526,17.279,18.11,18.908,18.78,18.625,18.47,18.348,18.694000000000003
12003167624,0.0,0.0,0.0,0.0,0.0,0.0,0.0,0.0,0.0,0.0,0.0,0.0,0.0,0.0,0.0,0.0,0.0,0.0,0.0,0.0,0.0,15.697,15.808,15.699,15.557,15.483,15.346,15.211,15.092,15.02,15.017,15.028,15.108999999999998,15.195,15.321000000000002,15.453,15.573,15.682,15.768,15.845,15.906,15.967
12003167625,50.0,50.0,50.0,50.0,50.0,50.0,50.0,50.0,50.0,50.0,50.0,50.0,50.0,50.0,50.0,50.0,50.0,50.0,50.0,50.0,50.0,20.156,19.861,19.266,18.638,18.144,17.645,17.252000000000002,16.918,16.694,16.526,16.4,16.38,16.408,16.528,16.668,16.8,16.922,17.018,17.105,17.169,17.224999999999998
12003167626,0.0,0.0,0.0,0.0,0.0,0.0,0.0,0.0,0.0,0.0,0.0,0.0,0.0,0.0,0.0,0.0,0.0,0.0,0.0,0.0,0.0,27.539,27.315,26.719,26.093,25.596,24.999,24.494,24.061,23.79,23.682,23.661,23.779,23.928,24.158,24.4,24.621,24.83,24.996,25.153,25.276,25.393
12003167627,29.0,29.0,29.0,29.0,29.0,29.0,29.0,29.0,29.0,29.0,29.0,29.0,29.0,29.0,29.0,29.0,29.0,29.0,29.0,29.0,29.0,26.454,26.226,25.663,25.057,24.6,24.066000000000003,23.627,23.255000000000003,23.034,22.899,22.808,22.837,22.869,22.65,22.423,22.257,22.459,22.619,22.792,22.915,23.022
12003167628,0.0,0.0,0.0,0.0,0.0,0.0,0.0,0.0,0.0,0.0,0.0,0.0,0.0,0.0,0.0,0.0,0.0,0.0,0.0,0.0,0.0,29.903,29.790999999999997,29.229999999999997,28.594,28.068,27.47,27.002,26.598,26.356,26.074,25.78,25.608,25.427999999999997,25.529,25.723,25.896,26.45,27.023,27.678,28.358000000000004,28.658
12003167701,30.0,30.0,30.0,30.0,30.0,30.0,30.0,30.0,30.0,30.0,30.0,30.0,30.0,30.0,30.0,30.0,30.0,30.0,30.0,30.0,30.0,16.451,17.238,17.234,17.53,17.662,17.698,17.624,17.601,17.613,17.591,17.614,17.627,17.671,17.725,17.795,17.865000000000002,17.941,18.0,18.06,18.099,18.12
12003167702,0.0,0.0,0.0,0.0,0.0,0.0,0.0,0.0,0.0,0.0,0.0,0.0,0.0,0.0,0.0,0.0,0.0,0.0,0.0,0.0,0.0,13.864,14.513,14.546,14.84,15.021,15.628,18.883,20.013,20.295,20.512,20.755,20.984,21.213,21.43,21.636,21.821,21.998,22.162,22.337,22.489,22.617
12003167703,0.0,0.0,0.0,0.0,0.0,0.0,0.0,0.0,0.0,0.0,0.0,0.0,0.0,0.0,0.0,0.0,0.0,0.0,0.0,0.0,0.0,18.671,19.705,19.65,18.641,17.927999999999997,17.526,18.271,21.177,25.741,27.734,28.862,29.994,31.141,32.286,33.435,34.547,35.686,36.901,38.311,39.716,41.114
12003167704,36.0,36.0,36.0,36.0,36.0,36.0,36.0,36.0,36.0,36.0,36.0,36.0,36.0,36.0,36.0,36.0,36.0,36.0,36.0,36.0,36.0,17.839,18.912,19.153,19.631,19.864,19.973,19.961,19.989,20.033,20.019,20.041,20.041,20.067,20.095,20.129,20.154,20.181,20.189,20.205,20.204,20.197
12003167705,0.0,0.0,0.0,0.0,0.0,0.0,0.0,0.0,0.0,0.0,0.0,0.0,0.0,0.0,0.0,0.0,0.0,0.0,0.0,0.0,0.0,11.498,11.877,11.322,10.977,11.031,11.046,11.023,11.034,11.074,11.088,11.138,11.187,11.256,11.361,11.479,11.6,11.713,11.836,11.989,12.12,12.235
12003167706,0.0,0.0,0.0,0.0,0.0,0.0,0.0,0.0,0.0,0.0,0.0,0.0,0.0,0.0,0.0,0.0,0.0,0.0,0.0,0.0,0.0,13.864,14.513,14.546,14.84,15.021,14.991,14.095,13.981000000000002,14.181,14.315,14.457999999999998,14.587,14.715,14.835,14.947,15.044,15.135000000000002,15.209,15.283,15.34,15.382
12003167707,0.0,0.0,0.0,0.0,0.0,0.0,0.0,0.0,0.0,0.0,0.0,0.0,0.0,0.0,0.0,0.0,0.0,0.0,0.0,0.0,0.0,27.466,28.751,28.815,29.398,29.757,29.697000000000003,27.921,27.698,28.093,28.444,28.85,29.244,29.638,30.016,30.380000000000003,30.717,31.046,31.369999999999997,31.726,32.048,32.339999999999996
12003167708,0.0,0.0,0.0,0.0,0.0,0.0,0.0,0.0,0.0,0.0,0.0,0.0,0.0,0.0,0.0,0.0,0.0,0.0,0.0,0.0,0.0,15.636,16.576999999999998,16.788,17.207,17.412,17.507,17.496,17.522000000000002,17.559,17.547,17.567,17.567,17.59,17.615,17.644,17.666,17.689999999999998,17.697,17.711,17.71,17.704
12003167709,40.0,40.0,40.0,40.0,40.0,40.0,40.0,40.0,40.0,40.0,40.0,40.0,40.0,40.0,40.0,40.0,40.0,40.0,40.0,40.0,40.0,10.461,11.004,11.041,11.29,11.423,11.485,11.46,11.462,11.484,11.435,11.401,11.361,11.35,11.352,11.369,11.393,11.423,11.441,11.458,11.472,11.478
12003167710,0.0,0.0,0.0,0.0,0.0,0.0,0.0,0.0,0.0,0.0,0.0,0.0,0.0,0.0,0.0,0.0,0.0,0.0,0.0,0.0,0.0,17.118000000000002,17.719,17.997,19.043,19.528,19.927,19.59,19.697,19.987,20.334,20.788,21.323,21.938,22.624,23.384,24.191000000000003,25.078000000000003,26.1,27.347,28.668999999999997,30.049
12003167711,57.0,57.0,57.0,57.0,57.0,57.0,57.0,57.0,57.0,57.0,57.0,57.0,57.0,57.0,57.0,57.0,57.0,57.0,57.0,57.0,57.0,28.203,29.193,28.719,29.273000000000003,30.015,30.625,30.104999999999997,30.266999999999996,30.708,30.363,29.9,29.442,29.141,28.956000000000003,28.875,28.856,28.888,28.906,28.966,29.098,29.275
12003167712,0.0,0.0,0.0,0.0,0.0,0.0,0.0,0.0,0.0,0.0,0.0,0.0,0.0,0.0,0.0,0.0,0.0,0.0,0.0,0.0,0.0,24.469,25.824,26.583,26.171999999999997,25.171,24.604,25.651,25.824,25.483,26.063,27.014000000000003,27.952,28.903,29.849,30.795,31.706000000000003,32.633,33.61,34.737,35.858,36.972
12003167713,0.0,0.0,0.0,0.0,0.0,0.0,0.0,0.0,0.0,0.0,0.0,0.0,0.0,0.0,0.0,0.0,0.0,0.0,0.0,0.0,0.0,30.476,31.408,30.587000000000003,30.266999999999996,30.132,29.934,29.655,29.505000000000003,29.441000000000003,29.337,29.318,29.291,29.319000000000003,29.379,29.467999999999996,29.563,29.662,29.741,29.833,29.889,29.915
12003167714,0.0,0.0,0.0,0.0,0.0,0.0,0.0,0.0,0.0,0.0,0.0,0.0,0.0,0.0,0.0,0.0,0.0,0.0,0.0,0.0,0.0,27.177,28.682,28.602,34.266,40.134,46.092,48.053,48.376999999999995,47.738,48.408,49.605,50.687,51.785,52.861,53.923,54.91,55.891000000000005,56.83800000000001,57.901,58.945,59.966
12003167715,0.0,0.0,0.0,0.0,0.0,0.0,0.0,0.0,0.0,0.0,0.0,0.0,0.0,0.0,0.0,0.0,0.0,0.0,0.0,0.0,0.0,26.159,26.545,25.791,25.616999999999997,25.535,25.459,25.31,25.267,25.291,25.267000000000003,25.31,25.341,25.415,25.523,25.659,25.793,25.927999999999997,26.051,26.187,26.284,26.35
12003167716,0.0,0.0,0.0,0.0,0.0,0.0,0.0,0.0,0.0,0.0,0.0,0.0,0.0,0.0,0.0,0.0,0.0,0.0,0.0,0.0,0.0,24.757,26.042,26.131,26.72,27.034999999999997,27.182,27.123,27.126,27.177999999999997,27.223,27.362,27.514000000000003,27.729,27.976,28.263,28.565,28.895,29.235,29.634,30.020000000000003,30.39
12003167717,0.0,0.0,0.0,0.0,0.0,0.0,0.0,0.0,0.0,0.0,0.0,0.0,0.0,0.0,0.0,0.0,0.0,0.0,0.0,0.0,0.0,15.772,16.003999999999998,15.551,15.445,15.396,15.35,15.260000000000002,15.235,15.248,15.235,15.259999999999998,15.279,15.323999999999998,15.389,15.471,15.552,15.634,15.707,15.789,15.848,15.887
12003167718,0.0,0.0,0.0,0.0,0.0,0.0,0.0,0.0,0.0,0.0,0.0,0.0,0.0,0.0,0.0,0.0,0.0,0.0,0.0,0.0,0.0,21.091,22.099,22.094,22.475,22.644,22.689,22.595,22.564,22.581000000000003,22.552999999999997,22.582,22.598,22.654,22.725,22.814,22.904,23.002,23.076,23.154,23.204,23.231
12003167719,0.0,0.0,0.0,0.0,0.0,0.0,0.0,0.0,0.0,0.0,0.0,0.0,0.0,0.0,0.0,0.0,0.0,0.0,0.0,0.0,0.0,34.18,35.307,33.656,32.631,32.792,32.836,32.769,32.8,32.92,32.961,33.11,33.256,33.461,33.774,34.123999999999995,34.483,34.818,35.185,35.638,36.027,36.371
12003167720,0.0,0.0,0.0,0.0,0.0,0.0,0.0,0.0,0.0,0.0,0.0,0.0,0.0,0.0,0.0,0.0,0.0,0.0,0.0,0.0,0.0,22.352,23.366999999999997,23.011000000000003,23.073,23.265,23.352,23.298,23.301,23.347,23.104,22.858,22.604,22.429,22.316000000000003,22.249,22.212,22.189,22.15,22.12,22.104,22.095
12003167721,56.0,56.0,56.0,56.0,56.0,56.0,56.0,56.0,56.0,56.0,56.0,56.0,56.0,56.0,56.0,56.0,56.0,56.0,56.0,56.0,56.0,18.115,18.949,18.917,19.203,19.318,19.386,19.649,19.781,19.877,20.078,20.4,20.779,21.221,21.709000000000003,22.246,22.811,23.424,24.108,24.923,25.76,26.61
12003167722,0.0,0.0,0.0,0.0,0.0,0.0,0.0,0.0,0.0,0.0,0.0,0.0,0.0,0.0,0.0,0.0,0.0,0.0,0.0,0.0,0.0,20.398,21.425,21.472,21.915,22.14,22.232,22.167,22.157,22.19,22.172,22.209,22.232999999999997,22.295,22.37,22.464,22.558,22.661,22.739,22.823,22.879,22.912
12003167723,181.0,181.0,181.0,181.0,181.0,181.0,181.0,181.0,181.0,181.0,181.0,181.0,181.0,181.0,181.0,181.0,181.0,181.0,181.0,181.0,181.0,8.634,9.032,9.016,9.154,9.209,9.179,8.881,8.819,8.862,8.778,8.688,8.597999999999999,8.542,8.508000000000001,8.494,8.491,8.498,8.492,8.488,8.493,8.501
12003167724,0.0,0.0,0.0,0.0,0.0,0.0,0.0,0.0,0.0,0.0,0.0,0.0,0.0,0.0,0.0,0.0,0.0,0.0,0.0,0.0,0.0,19.38,20.546,20.808,21.327,21.581,21.699,21.686,21.717,21.764,21.748,21.773,21.773,21.801,21.832,21.869,21.896,21.926,21.934,21.951,21.951,21.943
12003167725,0.0,0.0,0.0,0.0,0.0,0.0,0.0,0.0,0.0,0.0,0.0,0.0,0.0,0.0,0.0,0.0,0.0,0.0,0.0,0.0,0.0,20.97,22.027,22.075000000000003,22.532,22.762,22.857,22.79,22.779,22.812,22.795,22.832,22.857,22.92,22.999,23.095,23.192,23.297,23.378,23.464,23.523,23.555999999999997
12003167726,24.0,24.0,24.0,24.0,24.0,24.0,24.0,24.0,24.0,24.0,24.0,24.0,24.0,24.0,24.0,24.0,24.0,24.0,24.0,24.0,24.0,14.738,15.224,16.764,18.878,18.956,18.968,18.916,18.921,18.976,18.985,19.057,19.128,19.233,19.399,19.586,19.778,19.957,20.153,20.398,20.607,20.79
12003167727,0.0,0.0,0.0,0.0,0.0,0.0,0.0,0.0,0.0,0.0,0.0,0.0,0.0,0.0,0.0,0.0,0.0,0.0,0.0,0.0,0.0,14.055,14.549,14.313,14.591,14.963,15.579999999999998,17.456,18.216,18.484,19.233,20.222,21.344,22.522,23.764,25.079,26.442,27.914,29.621,31.685,33.839,36.068
12003167728,96.0,96.0,96.0,96.0,96.0,96.0,96.0,96.0,96.0,96.0,96.0,96.0,96.0,96.0,96.0,96.0,96.0,96.0,96.0,96.0,96.0,25.821,26.993,27.243,28.115,28.348,28.452,28.384,28.387,28.441000000000003,28.689,29.118,29.616,30.188,30.83,31.53,32.263999999999996,33.055,33.956,35.043,36.148,37.261
12003167729,0.0,0.0,0.0,0.0,0.0,0.0,0.0,0.0,0.0,0.0,0.0,0.0,0.0,0.0,0.0,0.0,0.0,0.0,0.0,0.0,0.0,28.746,29.626,29.444000000000003,29.844,29.712,29.515,29.241,29.093,29.028,28.927,28.908,28.881,28.909,28.967,29.055,29.147999999999996,29.246,29.324,29.413000000000004,29.468,29.495
12003167801,0.0,0.0,0.0,0.0,0.0,0.0,0.0,0.0,0.0,0.0,0.0,0.0,0.0,0.0,0.0,0.0,0.0,0.0,0.0,0.0,0.0,7.565,7.377000000000001,7.442,7.646,7.683999999999999,7.757,7.795,7.855,7.897,7.732,7.757,8.75,9.809,10.892,11.962,12.995,13.969,14.909,15.808,16.671,17.506999999999998
12003167802,0.0,0.0,0.0,0.0,0.0,0.0,0.0,0.0,0.0,0.0,0.0,0.0,0.0,0.0,0.0,0.0,0.0,0.0,0.0,0.0,0.0,15.569,15.469,15.737,15.316,14.46,13.659,12.975,12.41,12.051,12.565,13.097,13.956,14.763000000000002,15.498,16.124,16.677,17.141,17.542,17.884,18.182,18.444
12003167803,40.0,40.0,40.0,40.0,40.0,40.0,40.0,40.0,40.0,40.0,40.0,40.0,40.0,40.0,40.0,40.0,40.0,40.0,40.0,40.0,40.0,19.187,18.473,18.372,19.194000000000003,19.704,20.281,20.747,21.252,21.932,24.138,26.223,27.164,28.067,28.912,29.638,30.275,30.766,31.153,31.439,31.653999999999996,31.809
12003167804,90.0,90.0,90.0,90.0,90.0,90.0,90.0,90.0,90.0,90.0,90.0,90.0,90.0,90.0,90.0,90.0,90.0,90.0,90.0,90.0,90.0,16.094,15.694,15.830000000000002,16.265,16.347,16.5,16.582,16.71,16.799,16.448999999999998,16.232,16.261000000000003,16.308999999999997,16.383,16.444,16.523,16.572,16.601,16.599,16.58,16.535
12003167805,0.0,0.0,0.0,0.0,0.0,0.0,0.0,0.0,0.0,0.0,0.0,0.0,0.0,0.0,0.0,0.0,0.0,0.0,0.0,0.0,0.0,25.734,25.086,25.298,25.99,26.117,26.357,26.483,26.682,27.098999999999997,29.119,30.943,31.31,31.734,32.21,32.658,33.125,33.522999999999996,33.873,34.157000000000004,34.396,34.584
12003167806,0.0,0.0,0.0,0.0,0.0,0.0,0.0,0.0,0.0,0.0,0.0,0.0,0.0,0.0,0.0,0.0,0.0,0.0,0.0,0.0,0.0,13.217,12.894,14.271,15.002,15.13,15.295,15.403,15.569,15.795,16.327,16.411,14.298,13.572,13.709,14.34,15.28,16.351,17.447,18.503,19.498,20.415
12003167807,80.0,80.0,80.0,80.0,80.0,80.0,80.0,80.0,80.0,80.0,80.0,80.0,80.0,80.0,80.0,80.0,80.0,80.0,80.0,80.0,80.0,9.848,9.567,9.618,9.84,9.818,9.82,9.792,9.812,9.865,9.924,9.994,10.073,10.159,10.255,10.339,10.431,10.506,10.57,10.618,10.65,10.667
12003167808,84.0,84.0,84.0,84.0,84.0,84.0,84.0,84.0,84.0,84.0,84.0,84.0,84.0,84.0,84.0,84.0,84.0,84.0,84.0,84.0,84.0,14.985,14.825,15.082,15.568,15.671,15.79,15.84,15.953,16.107,16.251,16.412,16.71,17.056,17.447,17.84,18.259,18.657,19.04,19.397,19.724,20.023
12003167809,0.0,0.0,0.0,0.0,0.0,0.0,0.0,0.0,0.0,0.0,0.0,0.0,0.0,0.0,0.0,0.0,0.0,0.0,0.0,0.0,0.0,10.768999999999998,10.214,10.469,10.884,11.035,11.199,11.307,11.445,11.661,12.391,13.177,13.922,14.862000000000002,15.967,17.177,18.455,19.73,20.989,22.206,23.371,24.484
12003167810,0.0,0.0,0.0,0.0,0.0,0.0,0.0,0.0,0.0,0.0,0.0,0.0,0.0,0.0,0.0,0.0,0.0,0.0,0.0,0.0,0.0,18.025,19.4,20.163,21.063,21.619999999999997,22.25,22.758,23.308999999999997,23.824,24.136,24.639,25.265,25.827,26.327,26.709,27.022,27.21,27.308999999999997,27.321,27.279000000000003,27.184
12003167811,0.0,0.0,0.0,0.0,0.0,0.0,0.0,0.0,0.0,0.0,0.0,0.0,0.0,0.0,0.0,0.0,0.0,0.0,0.0,0.0,0.0,17.749,17.075,17.048,17.371000000000002,17.293,17.261,17.171,17.152,17.177,17.195,17.205,17.276,18.014,19.338,21.102,23.193,25.466,27.828000000000003,30.193,32.51,34.760000000000005
12003167812,88.0,88.0,88.0,88.0,88.0,88.0,88.0,88.0,88.0,88.0,88.0,88.0,88.0,88.0,88.0,88.0,88.0,88.0,88.0,88.0,88.0,67.436,67.004,68.164,74.816,80.566,88.51,97.3,108.666,122.29,129.80100000000002,137.006,143.38299999999998,148.914,153.575,157.09699999999998,159.97899999999998,162.069,163.597,164.611,165.265,165.595
12003167813,0.0,0.0,0.0,0.0,0.0,0.0,0.0,0.0,0.0,0.0,0.0,0.0,0.0,0.0,0.0,0.0,0.0,0.0,0.0,0.0,0.0,12.969,12.598,12.667000000000002,12.958,12.931,12.932,12.895,12.922,12.991,13.069,13.161,13.265,13.379,13.505,13.614999999999998,13.736999999999998,13.836,13.919,13.982,14.024,14.047
12003167814,0.0,0.0,0.0,0.0,0.0,0.0,0.0,0.0,0.0,0.0,0.0,0.0,0.0,0.0,0.0,0.0,0.0,0.0,0.0,0.0,0.0,21.587,20.657,20.384,20.527,20.237,20.14,20.023,20.015,20.048,19.862,19.779,19.941,20.106,20.271,20.395,20.519,20.598,20.649,20.664,20.653,20.616
12003167815,0.0,0.0,0.0,0.0,0.0,0.0,0.0,0.0,0.0,0.0,0.0,0.0,0.0,0.0,0.0,0.0,0.0,0.0,0.0,0.0,0.0,8.921,8.864,9.018,8.776,8.286,7.827,7.435,7.112,7.087000000000001,9.175,11.201,12.379,13.562,14.703,15.753,16.718,17.58,18.373,19.099,19.77,20.399
12003167816,0.0,0.0,0.0,0.0,0.0,0.0,0.0,0.0,0.0,0.0,0.0,0.0,0.0,0.0,0.0,0.0,0.0,0.0,0.0,0.0,0.0,13.296,12.873,12.896,13.192,13.213,13.285,13.307,13.382,13.54,14.18,14.791,14.771999999999998,14.805,14.891,14.99,15.125,15.243,15.336,15.399,15.435,15.439
12003167817,0.0,0.0,0.0,0.0,0.0,0.0,0.0,0.0,0.0,0.0,0.0,0.0,0.0,0.0,0.0,0.0,0.0,0.0,0.0,0.0,0.0,25.2,24.115,23.795,23.962,23.624,23.51,23.375,23.365,23.471,23.879,24.308999999999997,24.505,24.706,24.906,25.057,25.208,25.303,25.362,25.378,25.363,25.315
12003167818,120.0,120.0,120.0,120.0,120.0,120.0,120.0,120.0,120.0,120.0,120.0,120.0,120.0,120.0,120.0,120.0,120.0,120.0,120.0,120.0,120.0,16.601,15.986,15.903,16.615000000000002,17.059,17.562,17.968,18.408,18.862,19.512,20.288,21.141,21.976,22.772,23.475,24.105,24.616,25.043,25.386,25.67,25.906
12003167819,90.0,90.0,90.0,90.0,90.0,90.0,90.0,90.0,90.0,90.0,90.0,90.0,90.0,90.0,90.0,90.0,90.0,90.0,90.0,90.0,90.0,21.254,21.118,21.484,20.909,19.741,18.647,17.713,16.942,16.553,18.259,19.894,21.017,22.036,22.939,23.677,24.313,24.822,25.244999999999997,25.584000000000003,25.864,26.091
12003167820,0.0,0.0,0.0,0.0,0.0,0.0,0.0,0.0,0.0,0.0,0.0,0.0,0.0,0.0,0.0,0.0,0.0,0.0,0.0,0.0,0.0,19.645,19.02,19.054,19.49,19.522,19.627,19.66,19.772,19.994999999999997,20.861,21.786,22.435,23.199,24.054,24.932,25.839,26.700000000000003,27.513,28.267,28.963,29.604
12003167821,0.0,0.0,0.0,0.0,0.0,0.0,0.0,0.0,0.0,0.0,0.0,0.0,0.0,0.0,0.0,0.0,0.0,0.0,0.0,0.0,0.0,16.569,16.211,16.384,16.823,16.844,16.886,16.866,16.919,17.024,17.131,17.249000000000002,17.376,17.511,17.663,17.79,17.93,18.04,18.131,18.191,18.229,18.24
12003167822,0.0,0.0,0.0,0.0,0.0,0.0,0.0,0.0,0.0,0.0,0.0,0.0,0.0,0.0,0.0,0.0,0.0,0.0,0.0,0.0,0.0,22.249,21.541,21.58,22.074,22.11,22.23,22.266,22.393,22.466,21.793,21.524,22.531,23.673,24.911,26.174,27.453,28.673,29.842,30.944,31.981,32.956
12003167823,0.0,0.0,0.0,0.0,0.0,0.0,0.0,0.0,0.0,0.0,0.0,0.0,0.0,0.0,0.0,0.0,0.0,0.0,0.0,0.0,0.0,16.163,15.767,14.768,15.004,15.131,15.297,15.405,15.57,15.730999999999998,15.633,16.232,20.662,25.562,31.336,38.024,45.4,53.235,61.343999999999994,69.512,77.582,85.52199999999999
12003167824,54.0,54.0,54.0,54.0,54.0,54.0,54.0,54.0,54.0,54.0,54.0,54.0,54.0,54.0,54.0,54.0,54.0,54.0,54.0,54.0,54.0,17.259,16.621000000000002,18.075,19.248,19.761,20.342,20.811,21.318,21.699,21.112,20.879,21.64,22.372,23.058,23.648,24.169,24.572000000000003,24.893,25.132,25.315,25.449
12003167825,0.0,0.0,0.0,0.0,0.0,0.0,0.0,0.0,0.0,0.0,0.0,0.0,0.0,0.0,0.0,0.0,0.0,0.0,0.0,0.0,0.0,8.059000000000001,7.917,8.045,8.301,8.349,8.402999999999999,8.427999999999999,8.48,8.547,8.835999999999999,9.355,9.917,10.464,10.955,11.375,11.744,12.042,12.265,12.439,12.565,12.653
12003167826,60.0,60.0,60.0,60.0,60.0,60.0,60.0,60.0,60.0,60.0,60.0,60.0,60.0,60.0,60.0,60.0,60.0,60.0,60.0,60.0,60.0,10.016,9.635,9.621,9.803,9.759,9.74,9.69,9.68,9.694,9.703,9.836,10.737,11.93,13.44,15.225,17.219,19.343,21.544,23.755,25.937,28.076
12003167827,0.0,0.0,0.0,0.0,0.0,0.0,0.0,0.0,0.0,0.0,0.0,0.0,0.0,0.0,0.0,0.0,0.0,0.0,0.0,0.0,0.0,26.136000000000003,25.485999999999997,25.706000000000003,26.414,26.547,26.795,26.928,27.135,27.28,26.712000000000003,26.368,26.479,26.628,26.819,26.986,27.18,27.324,27.432,27.49,27.516,27.5
12003167828,0.0,0.0,0.0,0.0,0.0,0.0,0.0,0.0,0.0,0.0,0.0,0.0,0.0,0.0,0.0,0.0,0.0,0.0,0.0,0.0,0.0,17.616,18.092,18.534,19.261,19.519,19.801,19.983,20.218,20.451,20.476,20.798,21.679,22.863999999999997,24.307,25.915,27.633,29.354,31.051,32.685,34.242,35.723
12003167829,157.0,157.0,157.0,157.0,157.0,157.0,157.0,157.0,157.0,157.0,157.0,157.0,157.0,157.0,157.0,157.0,157.0,157.0,157.0,157.0,157.0,15.549,15.214,15.376,15.788,15.808,15.847,15.827000000000002,15.878,15.976,16.076999999999998,16.186999999999998,16.307000000000002,16.434,16.576,16.696,16.826,16.93,17.015,17.072,17.107,17.118000000000002
12003167830,0.0,0.0,0.0,0.0,0.0,0.0,0.0,0.0,0.0,0.0,0.0,0.0,0.0,0.0,0.0,0.0,0.0,0.0,0.0,0.0,0.0,27.632,27.451,27.923,27.174,25.653999999999996,24.229,23.014,22.011,21.371,22.28,23.316,25.607,27.889,30.079,32.078,33.906,35.532,37.02,38.373999999999995,39.619,40.782
12003167831,25.0,25.0,25.0,25.0,25.0,25.0,25.0,25.0,25.0,25.0,25.0,25.0,25.0,25.0,25.0,25.0,25.0,25.0,25.0,25.0,25.0,7.465,7.4,7.538,7.789,7.849,7.917,7.950000000000001,8.015,8.102,8.182,8.248,8.229,8.226,8.245000000000001,8.268,8.312000000000001,8.353,8.391,8.42,8.439,8.446
12003167901,0.0,0.0,0.0,0.0,0.0,0.0,0.0,0.0,0.0,0.0,0.0,0.0,0.0,0.0,0.0,0.0,0.0,0.0,0.0,0.0,0.0,13.139,13.007,12.346,12.134,12.038,12.025,12.07,12.19,12.359,12.776,13.284,13.862,14.481,15.122,15.791,16.448999999999998,17.113,17.727,18.342,18.9,19.46
12003167902,58.0,58.0,58.0,58.0,58.0,58.0,58.0,58.0,58.0,58.0,58.0,58.0,58.0,58.0,58.0,58.0,58.0,58.0,58.0,58.0,58.0,9.947,9.835,9.326,9.139,8.928,8.777000000000001,8.663,8.6,8.565999999999999,8.572,8.591,8.623,8.669,8.715,8.767,8.806,8.841000000000001,8.85,8.859,8.841000000000001,8.826
12003167903,0.0,0.0,0.0,0.0,0.0,0.0,0.0,0.0,0.0,0.0,0.0,0.0,0.0,0.0,0.0,0.0,0.0,0.0,0.0,0.0,0.0,20.139,19.824,18.613,18.612,18.301,18.166,18.146,18.277,18.51,19.121,19.873,20.739,21.662,22.612,23.602,24.559,25.507,26.375,27.232,28.009,28.778
12003167904,0.0,0.0,0.0,0.0,0.0,0.0,0.0,0.0,0.0,0.0,0.0,0.0,0.0,0.0,0.0,0.0,0.0,0.0,0.0,0.0,0.0,10.439,10.438,10.044,10.09,10.013,9.977,9.965,10.0,10.053,10.144,10.236,10.329,10.425,10.508,10.59,10.648,10.701,10.725,10.748,10.737,10.732
12003167905,0.0,0.0,0.0,0.0,0.0,0.0,0.0,0.0,0.0,0.0,0.0,0.0,0.0,0.0,0.0,0.0,0.0,0.0,0.0,0.0,0.0,21.906,21.659,20.539,20.126,19.664,19.328,19.079,18.94,18.863,18.877,18.921,18.99,19.092,19.192,19.306,19.392,19.469,19.49,19.509,19.47,19.437
12003167906,31.0,31.0,31.0,31.0,31.0,31.0,31.0,31.0,31.0,31.0,31.0,31.0,31.0,31.0,31.0,31.0,31.0,31.0,31.0,31.0,31.0,19.302999999999997,18.967,17.869,17.503999999999998,17.091,16.816000000000003,16.631,16.549999999999997,16.528,16.597,16.689,16.8,16.932000000000002,17.058,17.194,17.3,17.394,17.437,17.477,17.464,17.456
12003167907,0.0,0.0,0.0,0.0,0.0,0.0,0.0,0.0,0.0,0.0,0.0,0.0,0.0,0.0,0.0,0.0,0.0,0.0,0.0,0.0,0.0,12.164,11.994,11.405,11.51,11.511,11.562,11.647,11.769,11.914,12.098,12.268,12.436,12.581,12.715,12.845,12.937,13.017,13.065,13.114999999999998,13.134,13.134
12003167908,60.0,60.0,60.0,60.0,60.0,60.0,60.0,60.0,60.0,60.0,60.0,60.0,60.0,60.0,60.0,60.0,60.0,60.0,60.0,60.0,60.0,12.456,12.509,12.053999999999998,12.073,11.915,11.821,11.815,11.804,11.855,11.869,11.997,12.136,12.223,12.37,12.476,12.601,12.764,12.851,12.989,13.045,13.079
12003167909,0.0,0.0,0.0,0.0,0.0,0.0,0.0,0.0,0.0,0.0,0.0,0.0,0.0,0.0,0.0,0.0,0.0,0.0,0.0,0.0,0.0,15.334,15.119,14.375,14.509,14.51,14.573,14.682,14.835,15.017,15.25,15.464,15.675,15.858,16.027,16.192,16.307000000000002,16.408,16.469,16.533,16.555,16.554
12003167910,0.0,0.0,0.0,0.0,0.0,0.0,0.0,0.0,0.0,0.0,0.0,0.0,0.0,0.0,0.0,0.0,0.0,0.0,0.0,0.0,0.0,13.269,13.266,12.766,12.825,12.727,12.681,12.666,12.711,12.777,12.893,13.010000000000002,13.129,13.25,13.355,13.46,13.534,13.601,13.63,13.66,13.647,13.641
12003167911,159.0,159.0,159.0,159.0,159.0,159.0,159.0,159.0,159.0,159.0,159.0,159.0,159.0,159.0,159.0,159.0,159.0,159.0,159.0,159.0,159.0,18.924,18.734,17.782,17.477,16.949,16.558,16.265,16.085,15.977,15.951,15.997,16.096,16.238,16.4,16.584,16.751,16.916,17.028,17.139,17.195999999999998,17.255
12003167912,150.0,150.0,150.0,150.0,150.0,150.0,150.0,150.0,150.0,150.0,150.0,150.0,150.0,150.0,150.0,150.0,150.0,150.0,150.0,150.0,150.0,16.893,16.227999999999998,14.914,13.791999999999998,13.497,13.384,13.364,13.461,13.614999999999998,13.898,14.177,14.452000000000002,14.711,14.938,15.155,15.316,15.449,15.521,15.579,15.582,15.587
12003167913,60.0,60.0,60.0,60.0,60.0,60.0,60.0,60.0,60.0,60.0,60.0,60.0,60.0,60.0,60.0,60.0,60.0,60.0,60.0,60.0,60.0,14.858,14.922,14.377,14.401,14.212,14.1,14.093,14.079,14.139,14.157,14.31,14.475,14.579,14.754,14.881,15.029,15.224,15.328,15.493,15.559,15.6
12003167914,0.0,0.0,0.0,0.0,0.0,0.0,0.0,0.0,0.0,0.0,0.0,0.0,0.0,0.0,0.0,0.0,0.0,0.0,0.0,0.0,0.0,11.18,10.938,10.312,10.17,10.019,9.955,9.958,9.995,10.066,10.146,10.255,10.366,10.459,10.564,10.657,10.736,10.822,10.867,10.927,10.945,10.951
12003167915,0.0,0.0,0.0,0.0,0.0,0.0,0.0,0.0,0.0,0.0,0.0,0.0,0.0,0.0,0.0,0.0,0.0,0.0,0.0,0.0,0.0,22.711,22.466,21.316,20.896,20.426,20.082,19.827,19.683,19.608,19.623,19.668,19.745,19.851,19.957,20.081,20.174,20.259,20.288,20.315,20.286,20.256
12003167916,60.0,60.0,60.0,60.0,60.0,60.0,60.0,60.0,60.0,60.0,60.0,60.0,60.0,60.0,60.0,60.0,60.0,60.0,60.0,60.0,60.0,17.479,17.176,16.182000000000002,15.85,15.477,15.227999999999998,15.06,14.987,14.967,15.03,15.111999999999998,15.214,15.333000000000002,15.446,15.57,15.666,15.751,15.79,15.826,15.815,15.807
12003167917,0.0,0.0,0.0,0.0,0.0,0.0,0.0,0.0,0.0,0.0,0.0,0.0,0.0,0.0,0.0,0.0,0.0,0.0,0.0,0.0,0.0,14.622,14.393,13.513,13.512,13.321000000000002,13.254,13.271,13.396,13.597,14.095,14.701999999999998,15.399,16.137999999999998,16.898,17.689999999999998,18.459,19.222,19.924999999999997,20.621,21.255000000000003,21.886000000000003
12003167918,0.0,0.0,0.0,0.0,0.0,0.0,0.0,0.0,0.0,0.0,0.0,0.0,0.0,0.0,0.0,0.0,0.0,0.0,0.0,0.0,0.0,9.916,9.777,9.296,9.382,9.383,9.424,9.494,9.593,9.711,9.861,10.0,10.137,10.255,10.364,10.471,10.546,10.61,10.65,10.691,10.706,10.705
12003167919,0.0,0.0,0.0,0.0,0.0,0.0,0.0,0.0,0.0,0.0,0.0,0.0,0.0,0.0,0.0,0.0,0.0,0.0,0.0,0.0,0.0,9.2,8.837,8.121,7.510999999999999,7.349,7.289,7.276999999999999,7.331,7.414000000000001,7.567,7.721,7.870000000000001,8.011,8.135,8.251999999999999,8.34,8.413,8.452,8.483,8.485,8.488
12003167920,0.0,0.0,0.0,0.0,0.0,0.0,0.0,0.0,0.0,0.0,0.0,0.0,0.0,0.0,0.0,0.0,0.0,0.0,0.0,0.0,0.0,7.655,7.171,6.482,6.5,6.526999999999999,6.66,6.823,7.009,7.197,7.425,7.634,7.824,7.996,8.143,8.274000000000001,8.374,8.461,8.51,8.555,8.567,8.578
12003167921,0.0,0.0,0.0,0.0,0.0,0.0,0.0,0.0,0.0,0.0,0.0,0.0,0.0,0.0,0.0,0.0,0.0,0.0,0.0,0.0,0.0,15.293,14.976,14.166,14.377,14.485,14.726,15.024,15.417000000000002,15.839,16.555,17.341,18.195,19.079,19.959,20.865,21.723,22.569000000000003,23.354,24.129,24.831,25.539
12003167922,0.0,0.0,0.0,0.0,0.0,0.0,0.0,0.0,0.0,0.0,0.0,0.0,0.0,0.0,0.0,0.0,0.0,0.0,0.0,0.0,0.0,18.426,18.027,16.997,16.762999999999998,16.512999999999998,16.408,16.413,16.474,16.59,16.722,16.9,17.085,17.239,17.411,17.564,17.695,17.837,17.911,18.011,18.037,18.048
12003167923,55.0,55.0,55.0,55.0,55.0,55.0,55.0,55.0,55.0,55.0,55.0,55.0,55.0,55.0,55.0,55.0,55.0,55.0,55.0,55.0,55.0,26.511000000000003,25.467,23.404,25.519,25.24,25.295,25.523,25.975,26.542,27.575,28.664,29.793999999999997,30.911,31.98,33.044,34.004,34.911,35.689,36.44,37.065,37.695
12003167924,0.0,0.0,0.0,0.0,0.0,0.0,0.0,0.0,0.0,0.0,0.0,0.0,0.0,0.0,0.0,0.0,0.0,0.0,0.0,0.0,0.0,12.879,12.876,12.39,12.448,12.352,12.308,12.293,12.337,12.402,12.513000000000002,12.628,12.743,12.86,12.962,13.065,13.136,13.201,13.23,13.259,13.246,13.240000000000002
12003167925,0.0,0.0,0.0,0.0,0.0,0.0,0.0,0.0,0.0,0.0,0.0,0.0,0.0,0.0,0.0,0.0,0.0,0.0,0.0,0.0,0.0,17.594,17.405,16.514,16.189,15.825,15.558,15.36,15.249,15.19,15.203,15.238,15.297,15.379,15.461,15.557,15.63,15.696,15.718,15.739,15.717,15.694
12003167926,27.0,27.0,27.0,27.0,27.0,27.0,27.0,27.0,27.0,27.0,27.0,27.0,27.0,27.0,27.0,27.0,27.0,27.0,27.0,27.0,27.0,12.567,12.306,11.64,11.814,11.834,11.964,12.14,12.391000000000002,12.666999999999998,13.124,13.626,14.169,14.734,15.29,15.862,16.395,16.916,17.388,17.852,18.261,18.672
12003167927,0.0,0.0,0.0,0.0,0.0,0.0,0.0,0.0,0.0,0.0,0.0,0.0,0.0,0.0,0.0,0.0,0.0,0.0,0.0,0.0,0.0,8.727,8.174,7.388999999999999,7.41,7.44,7.593,7.778,7.99,8.205,8.465,8.703,8.92,9.116,9.282,9.433,9.546,9.646,9.701,9.753,9.766,9.779
12003168001,0.0,0.0,0.0,0.0,0.0,0.0,0.0,0.0,0.0,0.0,0.0,0.0,0.0,0.0,0.0,0.0,0.0,0.0,0.0,0.0,0.0,18.022,18.6,18.965,18.822,18.801,18.641,18.428,18.23,18.06,17.907,17.762999999999998,17.662,17.582,17.572,17.55,17.587,17.612000000000002,17.673000000000002,17.726,17.778,17.808
12003168002,0.0,0.0,0.0,0.0,0.0,0.0,0.0,0.0,0.0,0.0,0.0,0.0,0.0,0.0,0.0,0.0,0.0,0.0,0.0,0.0,0.0,19.92,20.775,21.261,21.19,21.108,20.851,20.545,20.28,20.346,23.94,25.758,25.933999999999997,26.081,26.248,26.406,26.555,26.676,26.855,26.963,27.183,27.409999999999997
12003168003,0.0,0.0,0.0,0.0,0.0,0.0,0.0,0.0,0.0,0.0,0.0,0.0,0.0,0.0,0.0,0.0,0.0,0.0,0.0,0.0,0.0,11.1,11.452,14.934,18.381,22.269,26.872,30.742,34.714,39.326,42.875,45.284,46.054,46.53,46.959,47.234,47.543,47.757000000000005,48.202,48.483,49.107,49.837
12003168004,0.0,0.0,0.0,0.0,0.0,0.0,0.0,0.0,0.0,0.0,0.0,0.0,0.0,0.0,0.0,0.0,0.0,0.0,0.0,0.0,0.0,25.521,26.333,25.609,24.442,23.746,23.069,22.729,22.539,22.451,22.807,23.381,23.85,24.167,24.461,24.673,24.903,25.084,25.406,25.62,26.059,26.565
12003168005,0.0,0.0,0.0,0.0,0.0,0.0,0.0,0.0,0.0,0.0,0.0,0.0,0.0,0.0,0.0,0.0,0.0,0.0,0.0,0.0,0.0,16.046,16.724,17.163,17.11,17.105,16.951,16.761,16.586,16.438000000000002,16.301,16.186,16.136,16.103,16.153,16.173000000000002,16.255000000000003,16.335,16.463,16.592,16.729,16.864
12003168006,0.0,0.0,0.0,0.0,0.0,0.0,0.0,0.0,0.0,0.0,0.0,0.0,0.0,0.0,0.0,0.0,0.0,0.0,0.0,0.0,0.0,13.273,13.566,13.579,13.235,12.953,12.6,12.263,11.985,11.762,11.588,11.438,11.324000000000002,11.236,11.175,11.125,11.08,11.037,11.0,10.953,10.917,10.868
12003168007,0.0,0.0,0.0,0.0,0.0,0.0,0.0,0.0,0.0,0.0,0.0,0.0,0.0,0.0,0.0,0.0,0.0,0.0,0.0,0.0,0.0,13.486,15.335,16.085,16.428,16.692,16.784,16.772,16.75,16.737000000000002,16.726,16.678,16.608,16.538,16.494,16.444000000000003,16.405,16.366,16.349,16.317,16.309,16.295
12003168008,0.0,0.0,0.0,0.0,0.0,0.0,0.0,0.0,0.0,0.0,0.0,0.0,0.0,0.0,0.0,0.0,0.0,0.0,0.0,0.0,0.0,18.864,19.706,20.334,20.404,20.558999999999997,20.468,20.28,20.083,19.878,19.72,19.529,19.376,19.252,19.208,19.107,19.081,18.996,18.965,18.892,18.83,18.767
12003168009,28.0,28.0,28.0,28.0,28.0,28.0,28.0,28.0,28.0,28.0,28.0,28.0,28.0,28.0,28.0,28.0,28.0,28.0,28.0,28.0,28.0,11.197,11.489999999999998,11.624,11.46,11.396,11.239999999999998,11.062,10.898,10.75,10.637,10.497,10.385,10.297,10.253,10.192,10.169,10.125,10.101,10.065,10.027,9.988
12003168010,0.0,0.0,0.0,0.0,0.0,0.0,0.0,0.0,0.0,0.0,0.0,0.0,0.0,0.0,0.0,0.0,0.0,0.0,0.0,0.0,0.0,10.131,10.583,10.92,10.958,11.042,10.992,10.891,10.785,10.675,10.59,10.488,10.406,10.339,10.316,10.261,10.247,10.202,10.185,10.145,10.113,10.078
12003168011,0.0,0.0,0.0,0.0,0.0,0.0,0.0,0.0,0.0,0.0,0.0,0.0,0.0,0.0,0.0,0.0,0.0,0.0,0.0,0.0,0.0,27.637,28.618,29.162999999999997,28.98,28.874,28.57,28.180999999999997,27.837000000000003,27.555,27.322000000000003,27.081,26.86,26.671999999999997,26.542,26.427,26.327,26.232,26.155,26.053,25.979999999999997,25.880000000000003
12003168012,38.0,38.0,38.0,38.0,38.0,38.0,38.0,38.0,38.0,38.0,38.0,38.0,38.0,38.0,38.0,38.0,38.0,38.0,38.0,38.0,38.0,17.597,17.747,18.616,19.013,19.32,19.425,19.413,19.388,19.373,19.360999999999997,19.306,19.226,19.143,19.094,19.036,18.993,18.948,18.928,18.892,18.883,18.866
12003168013,0.0,0.0,0.0,0.0,0.0,0.0,0.0,0.0,0.0,0.0,0.0,0.0,0.0,0.0,0.0,0.0,0.0,0.0,0.0,0.0,0.0,9.862,10.425,12.523,14.521,16.713,19.229,21.314,23.452,25.825000000000003,26.123,26.717,27.229,27.6,27.937,28.216,28.481,28.704,29.071,29.306,29.805,30.358
12003168014,0.0,0.0,0.0,0.0,0.0,0.0,0.0,0.0,0.0,0.0,0.0,0.0,0.0,0.0,0.0,0.0,0.0,0.0,0.0,0.0,0.0,11.091,11.587,11.955,11.997,12.088,12.035,11.924,11.808,11.687,11.594,11.482,11.392,11.319,11.294,11.235,11.22,11.169,11.151,11.107,11.072,11.034
12003168015,0.0,0.0,0.0,0.0,0.0,0.0,0.0,0.0,0.0,0.0,0.0,0.0,0.0,0.0,0.0,0.0,0.0,0.0,0.0,0.0,0.0,20.106,21.637,22.704,23.132,23.464,23.489,23.418,23.329,23.241,23.44,23.64,23.74,23.829,23.970999999999997,24.088,24.254,24.399,24.664,24.854999999999997,25.232999999999997,25.687
12003168016,0.0,0.0,0.0,0.0,0.0,0.0,0.0,0.0,0.0,0.0,0.0,0.0,0.0,0.0,0.0,0.0,0.0,0.0,0.0,0.0,0.0,31.979,33.551,34.777,35.092,35.516,35.602000000000004,35.487,35.355000000000004,35.237,35.153,34.998000000000005,34.815,34.659,34.597,34.507,34.484,34.414,34.422,34.364000000000004,34.378,34.382000000000005
12003168017,0.0,0.0,0.0,0.0,0.0,0.0,0.0,0.0,0.0,0.0,0.0,0.0,0.0,0.0,0.0,0.0,0.0,0.0,0.0,0.0,0.0,16.316000000000003,16.84,17.169,17.041,17.022,16.877000000000002,16.683999999999997,16.503999999999998,16.351,16.211,16.081,15.99,15.918,15.908,15.888000000000002,15.921,15.945,16.001,16.046999999999997,16.094,16.122
12003168018,0.0,0.0,0.0,0.0,0.0,0.0,0.0,0.0,0.0,0.0,0.0,0.0,0.0,0.0,0.0,0.0,0.0,0.0,0.0,0.0,0.0,27.431,28.073,28.321,27.839,27.638,27.213,26.753,26.335,25.954,25.674999999999997,25.386,25.171999999999997,25.014,24.973,24.866,24.867,24.798,24.795,24.741,24.705,24.661
12003168019,48.0,48.0,48.0,48.0,48.0,48.0,48.0,48.0,48.0,48.0,48.0,48.0,48.0,48.0,48.0,48.0,48.0,48.0,48.0,48.0,48.0,12.71,13.043,13.194,13.009,12.936,12.759,12.557,12.371,12.202,12.074,11.916,11.789,11.688,11.638,11.569,11.543,11.494,11.466,11.424,11.383,11.339
12003168020,143.0,143.0,143.0,143.0,143.0,143.0,143.0,143.0,143.0,143.0,143.0,143.0,143.0,143.0,143.0,143.0,143.0,143.0,143.0,143.0,143.0,21.052,21.956,22.468,22.394,22.307,22.036,21.711,21.432,21.097,19.48,18.866,18.904,18.919,18.951,18.974,18.991,18.989,19.0,18.988,18.994,18.992
12003168021,80.0,80.0,80.0,80.0,80.0,80.0,80.0,80.0,80.0,80.0,80.0,80.0,80.0,80.0,80.0,80.0,80.0,80.0,80.0,80.0,80.0,26.353,27.467999999999996,28.188,28.101,28.092,27.839,27.527,27.24,26.996,26.771,26.606,26.547,26.515,26.62,26.674999999999997,26.834000000000003,26.988,27.226999999999997,27.462,27.724,27.988
12003168022,0.0,0.0,0.0,0.0,0.0,0.0,0.0,0.0,0.0,0.0,0.0,0.0,0.0,0.0,0.0,0.0,0.0,0.0,0.0,0.0,0.0,15.296,15.782,15.347,14.648,14.232,13.826,13.622,13.508,13.454999999999998,13.669,13.849,13.965,13.99,14.001,13.965,13.941,13.889,13.871,13.84,13.832,13.837
12003168023,0.0,0.0,0.0,0.0,0.0,0.0,0.0,0.0,0.0,0.0,0.0,0.0,0.0,0.0,0.0,0.0,0.0,0.0,0.0,0.0,0.0,10.043,10.492,10.826,10.864,10.946,10.897,10.797,10.693,10.583,10.499,10.397,10.315,10.25,10.226,10.173,10.16,10.114,10.097,10.058,10.025,9.992
12003168024,0.0,0.0,0.0,0.0,0.0,0.0,0.0,0.0,0.0,0.0,0.0,0.0,0.0,0.0,0.0,0.0,0.0,0.0,0.0,0.0,0.0,29.043,29.685,29.711,28.961,28.341,27.569000000000003,26.834000000000003,26.224,25.735999999999997,25.354999999999997,25.028,24.779,24.586,24.453,24.341,24.241999999999997,24.151,24.069000000000003,23.967,23.887,23.78
12003168025,0.0,0.0,0.0,0.0,0.0,0.0,0.0,0.0,0.0,0.0,0.0,0.0,0.0,0.0,0.0,0.0,0.0,0.0,0.0,0.0,0.0,12.797,13.207999999999998,13.466,13.366,13.35,13.236999999999998,13.085,12.945,12.824,12.715,12.612,12.541,12.484,12.477,12.461,12.488,12.505,12.549,12.587,12.623,12.645
12003168026,0.0,0.0,0.0,0.0,0.0,0.0,0.0,0.0,0.0,0.0,0.0,0.0,0.0,0.0,0.0,0.0,0.0,0.0,0.0,0.0,0.0,21.874,22.81,23.342,23.263,23.173,22.89,22.551,22.26,21.911,20.231,19.646,19.737,19.806,19.891,19.967,20.038,20.087,20.167,20.207,20.302,20.396
12003168027,0.0,0.0,0.0,0.0,0.0,0.0,0.0,0.0,0.0,0.0,0.0,0.0,0.0,0.0,0.0,0.0,0.0,0.0,0.0,0.0,0.0,14.596,15.06,14.646,13.978,13.581,13.194,12.999,12.891,12.84,13.044,13.216,13.327,13.351,13.36,13.327,13.304,13.254,13.237,13.206,13.2,13.204
12003168028,0.0,0.0,0.0,0.0,0.0,0.0,0.0,0.0,0.0,0.0,0.0,0.0,0.0,0.0,0.0,0.0,0.0,0.0,0.0,0.0,0.0,18.894,19.438,20.111,20.363999999999997,20.877,21.362,21.718,22.1,22.564,22.708,22.713,22.616,22.497,22.449,22.314,22.267,22.151,22.111,22.023,21.97,21.925
12003168029,0.0,0.0,0.0,0.0,0.0,0.0,0.0,0.0,0.0,0.0,0.0,0.0,0.0,0.0,0.0,0.0,0.0,0.0,0.0,0.0,0.0,11.039,11.283,11.293,11.008,10.772,10.479,10.199,9.967,9.782,9.638,9.513,9.419,9.344,9.294,9.252,9.214,9.179,9.149,9.109,9.079,9.038
12003168030,166.0,166.0,166.0,166.0,166.0,166.0,166.0,166.0,166.0,166.0,166.0,166.0,166.0,166.0,166.0,166.0,166.0,166.0,166.0,166.0,166.0,22.797,23.394,23.667,23.334000000000003,23.203,22.885,22.522,22.189,21.887,21.656999999999996,21.48,21.357,21.28,21.293,21.271,21.329,21.34,21.422,21.447,21.539,21.641
12003168031,70.0,70.0,70.0,70.0,70.0,70.0,70.0,70.0,70.0,70.0,70.0,70.0,70.0,70.0,70.0,70.0,70.0,70.0,70.0,70.0,70.0,16.296,16.656,16.671,16.249,15.902,15.468,15.056,14.714,14.44,14.226,14.043,13.903,13.795000000000002,13.72,13.657,13.602,13.55,13.505,13.448,13.403,13.343
12003168032,0.0,0.0,0.0,0.0,0.0,0.0,0.0,0.0,0.0,0.0,0.0,0.0,0.0,0.0,0.0,0.0,0.0,0.0,0.0,0.0,0.0,19.053,19.601,19.716,19.352,19.194,18.889,18.615,18.38,18.182,18.299,18.305,18.228,18.134,18.096,17.988,17.951,17.859,17.828,17.758,17.716,17.682
12003168033,0.0,0.0,0.0,0.0,0.0,0.0,0.0,0.0,0.0,0.0,0.0,0.0,0.0,0.0,0.0,0.0,0.0,0.0,0.0,0.0,0.0,22.141,22.986,23.356,23.019,22.607,21.965,21.311,20.749,20.273,19.879,19.535,19.273,19.064,18.912,18.77,18.648,18.52,18.416,18.293,18.185,18.061
12003168034,0.0,0.0,0.0,0.0,0.0,0.0,0.0,0.0,0.0,0.0,0.0,0.0,0.0,0.0,0.0,0.0,0.0,0.0,0.0,0.0,0.0,21.382,23.015,24.152,24.61,24.965,24.995,24.923,24.831,24.74,24.955,25.346000000000004,25.625,25.888,26.202999999999996,26.488999999999997,26.825000000000003,27.134,27.616999999999997,27.972,28.624,29.381
12003168035,0.0,0.0,0.0,0.0,0.0,0.0,0.0,0.0,0.0,0.0,0.0,0.0,0.0,0.0,0.0,0.0,0.0,0.0,0.0,0.0,0.0,30.336,32.066,31.828,30.81,30.013,29.077999999999996,28.516,28.135,27.981,29.831,30.902,31.128,31.19,31.213,31.171,31.116,31.016,30.97,30.888,30.859,30.833999999999996
12003168036,0.0,0.0,0.0,0.0,0.0,0.0,0.0,0.0,0.0,0.0,0.0,0.0,0.0,0.0,0.0,0.0,0.0,0.0,0.0,0.0,0.0,27.078000000000003,29.146,31.463,33.076,34.688,36.116,37.152,38.152,39.234,39.571,39.419,39.11,38.795,38.579,38.335,38.176,37.992,37.884,37.789,37.730999999999995,37.738
12003168101,0.0,0.0,0.0,0.0,0.0,0.0,0.0,0.0,0.0,0.0,0.0,0.0,0.0,0.0,0.0,0.0,0.0,0.0,0.0,0.0,0.0,15.701999999999998,15.854,15.828,16.289,16.466,16.639,16.784,16.923000000000002,17.048,17.206,17.331,17.506,17.671,17.811,17.990000000000002,18.099,18.255,18.347,18.425,18.445,18.448
12003168102,58.0,58.0,58.0,58.0,58.0,58.0,58.0,58.0,58.0,58.0,58.0,58.0,58.0,58.0,58.0,58.0,58.0,58.0,58.0,58.0,58.0,11.795,11.851,11.749,12.006,12.085,12.173,12.254,12.341,12.409,12.513,12.687,12.992,13.326,13.65,14.024,14.353,14.784,15.022,15.226,15.287,15.320999999999998
12003168103,47.0,47.0,47.0,47.0,47.0,47.0,47.0,47.0,47.0,47.0,47.0,47.0,47.0,47.0,47.0,47.0,47.0,47.0,47.0,47.0,47.0,17.25,17.416999999999998,17.389,17.895,18.091,18.28,18.439,18.591,18.73,18.901,19.039,19.232,19.413,19.567,19.763,19.882,20.055,20.156,20.241,20.264,20.267
12003168104,0.0,0.0,0.0,0.0,0.0,0.0,0.0,0.0,0.0,0.0,0.0,0.0,0.0,0.0,0.0,0.0,0.0,0.0,0.0,0.0,0.0,19.092,19.49,19.519,20.06,20.228,20.374,20.464,20.524,20.587,20.684,20.752,20.872,20.988,21.11,21.273,21.395,21.554,21.651,21.744999999999997,21.778,21.8
12003168105,124.0,124.0,124.0,124.0,124.0,124.0,124.0,124.0,124.0,124.0,124.0,124.0,124.0,124.0,124.0,124.0,124.0,124.0,124.0,124.0,124.0,8.655999999999999,8.696,8.622,8.81,8.869,8.933,8.993,9.057,9.108,9.185,9.218,9.271,9.323,9.368,9.443,9.487,9.562,9.63,9.693,9.733,9.757
12003168106,0.0,0.0,0.0,0.0,0.0,0.0,0.0,0.0,0.0,0.0,0.0,0.0,0.0,0.0,0.0,0.0,0.0,0.0,0.0,0.0,0.0,23.518,24.008000000000003,24.042,24.709,24.916,25.097,25.208,25.281,25.357999999999997,25.479,25.562,25.71,25.853,26.003,26.204,26.354,26.549,26.67,26.785000000000004,26.825,26.854
12003168107,0.0,0.0,0.0,0.0,0.0,0.0,0.0,0.0,0.0,0.0,0.0,0.0,0.0,0.0,0.0,0.0,0.0,0.0,0.0,0.0,0.0,12.605,12.76,12.682,12.988,13.103000000000002,13.217,13.303999999999998,13.373,13.451999999999998,13.553,13.648,13.786,13.922,14.057,14.217,14.341,14.488,14.576,14.654,14.681,14.697
12003168108,0.0,0.0,0.0,0.0,0.0,0.0,0.0,0.0,0.0,0.0,0.0,0.0,0.0,0.0,0.0,0.0,0.0,0.0,0.0,0.0,0.0,17.955,18.329,18.355,18.864,19.023,19.16,19.245,19.3,19.36,19.452,19.515,19.628,19.737,19.851,20.005,20.12,20.269,20.361,20.449,20.48,20.501
12003168109,0.0,0.0,0.0,0.0,0.0,0.0,0.0,0.0,0.0,0.0,0.0,0.0,0.0,0.0,0.0,0.0,0.0,0.0,0.0,0.0,0.0,13.734,13.903,13.817,14.151,14.276,14.4,14.496,14.571000000000002,14.656,14.767,14.87,15.02,15.168,15.316,15.490000000000002,15.625,15.785,15.881,15.967,15.996,16.014
12003168110,0.0,0.0,0.0,0.0,0.0,0.0,0.0,0.0,0.0,0.0,0.0,0.0,0.0,0.0,0.0,0.0,0.0,0.0,0.0,0.0,0.0,11.743,11.944,11.964,12.32,12.447,12.566,12.65,12.717,12.786,12.87,12.929,13.012,13.088,13.159,13.254,13.316,13.401,13.45,13.497,13.511,13.518
12003168111,0.0,0.0,0.0,0.0,0.0,0.0,0.0,0.0,0.0,0.0,0.0,0.0,0.0,0.0,0.0,0.0,0.0,0.0,0.0,0.0,0.0,15.279,15.353000000000002,15.221,15.552,15.656,15.77,15.875,15.989,16.079,16.214,16.273,16.366,16.458000000000002,16.536,16.669999999999998,16.747999999999998,16.880000000000003,17.0,17.111,17.182000000000002,17.224
12003168112,50.0,50.0,50.0,50.0,50.0,50.0,50.0,50.0,50.0,50.0,50.0,50.0,50.0,50.0,50.0,50.0,50.0,50.0,50.0,50.0,50.0,18.419,18.733,18.764,19.323,19.522,19.708,19.841,19.948,20.053,20.186,20.277,20.409,20.526,20.638,20.788,20.885,21.018,21.096,21.169,21.191,21.202
12003168113,0.0,0.0,0.0,0.0,0.0,0.0,0.0,0.0,0.0,0.0,0.0,0.0,0.0,0.0,0.0,0.0,0.0,0.0,0.0,0.0,0.0,12.118,12.29,12.399,12.86,13.095,13.288,13.437,13.551,13.672,13.814,13.896999999999998,13.994,14.098,14.214,14.37,14.502,14.655,14.803,14.937,15.033,15.1
12003168114,0.0,0.0,0.0,0.0,0.0,0.0,0.0,0.0,0.0,0.0,0.0,0.0,0.0,0.0,0.0,0.0,0.0,0.0,0.0,0.0,0.0,22.817,24.081,24.294,25.199,25.657,26.033,26.326,26.546,26.78,27.057,27.57,28.398000000000003,29.316,30.269,31.32,32.327,33.537,34.237,34.83,35.042,35.182
12003168115,0.0,0.0,0.0,0.0,0.0,0.0,0.0,0.0,0.0,0.0,0.0,0.0,0.0,0.0,0.0,0.0,0.0,0.0,0.0,0.0,0.0,11.194,11.332,11.262,11.534,11.635,11.737,11.815,11.876,11.945,12.036,12.12,12.242,12.364,12.484,12.625,12.735,12.866,12.944,13.013000000000002,13.038,13.052
12003168116,0.0,0.0,0.0,0.0,0.0,0.0,0.0,0.0,0.0,0.0,0.0,0.0,0.0,0.0,0.0,0.0,0.0,0.0,0.0,0.0,0.0,16.047,16.273,16.418,17.029,17.339,17.594,17.793,17.942999999999998,18.103,18.292,18.402,18.53,18.667,18.821,19.028,19.203,19.404,19.602,19.778,19.906,19.994
12003168117,0.0,0.0,0.0,0.0,0.0,0.0,0.0,0.0,0.0,0.0,0.0,0.0,0.0,0.0,0.0,0.0,0.0,0.0,0.0,0.0,0.0,22.013,22.282,22.145,22.680999999999997,22.880000000000003,23.08,23.232999999999997,23.354,23.49,23.668,23.832,24.073,24.312,24.547,24.827,25.043,25.3,25.453000000000003,25.589999999999996,25.637,25.666
12003168118,0.0,0.0,0.0,0.0,0.0,0.0,0.0,0.0,0.0,0.0,0.0,0.0,0.0,0.0,0.0,0.0,0.0,0.0,0.0,0.0,0.0,1.6589999999999998,1.6749999999999998,1.6720000000000002,1.721,1.74,1.758,1.773,1.787,1.7999999999999998,1.818,1.831,1.849,1.867,1.882,1.901,1.911,1.929,1.938,1.947,1.949,1.949
12003168119,0.0,0.0,0.0,0.0,0.0,0.0,0.0,0.0,0.0,0.0,0.0,0.0,0.0,0.0,0.0,0.0,0.0,0.0,0.0,0.0,0.0,22.07,22.081,21.882,22.425,22.635,22.882,23.087,23.282,23.487,23.722,23.902,24.116,24.302999999999997,24.468000000000004,24.668,24.786,24.94,25.019,25.097,25.11,25.12
12003168120,0.0,0.0,0.0,0.0,0.0,0.0,0.0,0.0,0.0,0.0,0.0,0.0,0.0,0.0,0.0,0.0,0.0,0.0,0.0,0.0,0.0,21.757,22.127,22.164,22.824,23.06,23.279,23.436,23.562,23.687,23.844,23.953,24.107,24.246,24.377,24.555,24.67,24.827,24.918999999999997,25.006,25.031,25.044
12003168121,0.0,0.0,0.0,0.0,0.0,0.0,0.0,0.0,0.0,0.0,0.0,0.0,0.0,0.0,0.0,0.0,0.0,0.0,0.0,0.0,0.0,12.274,12.393,12.373,12.733,12.872,13.007,13.12,13.229,13.326,13.449000000000002,13.547999999999998,13.684,13.813,13.923,14.062,14.147,14.269,14.341,14.402,14.418,14.421
12101139901,0.0,0.0,0.0,0.0,0.0,0.0,0.0,0.0,0.0,0.0,0.0,0.0,0.0,0.0,0.0,0.0,0.0,0.0,0.0,0.0,0.0,15.275,15.186,14.928,13.812,13.578,13.381,13.211,13.053999999999998,12.933,12.878,12.877,12.908,12.966,13.054000000000002,13.165,13.277,13.376,13.46,13.533,13.572,13.591
12101139902,0.0,0.0,0.0,0.0,0.0,0.0,0.0,0.0,0.0,0.0,0.0,0.0,0.0,0.0,0.0,0.0,0.0,0.0,0.0,0.0,0.0,31.55,31.357,30.818,30.178,29.583,29.068,28.687,28.338,28.076,27.959,27.949,28.016,28.142000000000003,28.325000000000003,28.549,28.781,28.988,29.156,29.296,29.367,29.395000000000003
12101139903,0.0,0.0,0.0,0.0,0.0,0.0,0.0,0.0,0.0,0.0,0.0,0.0,0.0,0.0,0.0,0.0,0.0,0.0,0.0,0.0,0.0,42.221,41.963,41.241,40.385,39.589,38.901,38.389,37.923,37.572,37.415,37.403,37.492,37.66,37.905,38.205,38.516,38.793,39.019000000000005,39.205,39.299,39.338
12101139904,0.0,0.0,0.0,0.0,0.0,0.0,0.0,0.0,0.0,0.0,0.0,0.0,0.0,0.0,0.0,0.0,0.0,0.0,0.0,0.0,0.0,23.18,23.026,22.619,22.148,21.485,20.906,20.633,20.384,20.194,20.109,20.102,20.149,20.239,20.371,20.534,20.702,20.852,20.974,21.077,21.131,21.154
12101139905,0.0,0.0,0.0,0.0,0.0,0.0,0.0,0.0,0.0,0.0,0.0,0.0,0.0,0.0,0.0,0.0,0.0,0.0,0.0,0.0,0.0,29.031,28.839,28.329,27.738,27.435,27.209,26.854,26.528,26.282,26.172,26.163000000000004,26.223999999999997,26.339999999999996,26.513,26.725,26.944000000000003,27.138,27.298,27.432,27.503,27.533
12101139910,0.0,0.0,0.0,0.0,0.0,0.0,0.0,0.0,0.0,0.0,0.0,0.0,0.0,0.0,0.0,0.0,0.0,0.0,0.0,0.0,0.0,26.584,26.259,25.688,25.130000000000003,24.611,24.159,23.838,23.547,23.328,23.231,23.221,23.275,23.379,23.528,23.71,23.9,24.069,24.205,24.316000000000003,24.371,24.392
12101139911,0.0,0.0,0.0,0.0,0.0,0.0,0.0,0.0,0.0,0.0,0.0,0.0,0.0,0.0,0.0,0.0,0.0,0.0,0.0,0.0,0.0,31.145,30.764,30.094,29.441,28.833,28.303000000000004,27.927,27.586,27.33,27.216,27.205,27.268,27.39,27.564,27.777,28.0,28.198,28.357,28.488,28.552,28.577
12101139912,40.0,40.0,40.0,40.0,40.0,40.0,40.0,40.0,40.0,40.0,40.0,40.0,40.0,40.0,40.0,40.0,40.0,40.0,40.0,40.0,40.0,27.847,27.548,26.979,26.4,25.86,25.391,25.052999999999997,24.748,24.519,24.416,24.407,24.463,24.572000000000003,24.729,24.921,25.121,25.3,25.442,25.561,25.619,25.643
12101139914,0.0,0.0,0.0,0.0,0.0,0.0,0.0,0.0,0.0,0.0,0.0,0.0,0.0,0.0,0.0,0.0,0.0,0.0,0.0,0.0,0.0,16.598,16.39,16.076,15.761,15.442,15.162,14.959,14.802,14.659,14.59,14.575,14.607,14.669,14.771,14.879,14.997,15.113,15.214,15.284,15.32,15.324000000000002
12101139922,132.0,132.0,132.0,132.0,132.0,132.0,132.0,132.0,132.0,132.0,132.0,132.0,132.0,132.0,132.0,132.0,132.0,132.0,132.0,132.0,132.0,33.382,32.978,32.272,31.576,30.93,30.371,29.969,29.601999999999997,29.328,29.205,29.194,29.262,29.391999999999996,29.582,29.814,30.055999999999997,30.271,30.447,30.593,30.668,30.700000000000003
12101139933,0.0,0.0,0.0,0.0,0.0,0.0,0.0,0.0,0.0,0.0,0.0,0.0,0.0,0.0,0.0,0.0,0.0,0.0,0.0,0.0,0.0,23.485,23.18,22.67,22.179,21.724,21.329,21.047,20.791,20.599,20.514000000000003,20.506,20.555,20.646,20.781,20.945,21.115,21.268,21.392,21.494999999999997,21.547,21.57
12101139934,33.0,33.0,33.0,33.0,33.0,33.0,33.0,33.0,33.0,33.0,33.0,33.0,33.0,33.0,33.0,33.0,33.0,33.0,33.0,33.0,33.0,43.790000000000006,43.531,42.795,42.875,42.146,41.534,41.004,40.515,40.135,39.965,39.958,40.053,40.230999999999995,40.502,40.842,41.187,41.492,41.753,41.973,42.094,42.15
12101139935,0.0,0.0,0.0,0.0,0.0,0.0,0.0,0.0,0.0,0.0,0.0,0.0,0.0,0.0,0.0,0.0,0.0,0.0,0.0,0.0,0.0,8.801,8.668,8.459,8.27,8.094000000000001,7.94,7.832000000000001,7.734,7.66,7.629,7.626,7.644,7.678,7.728,7.788,7.85,7.905,7.951,7.987,8.004999999999999,8.008
12101139937,113.0,113.0,113.0,113.0,113.0,113.0,113.0,113.0,113.0,113.0,113.0,113.0,113.0,113.0,113.0,113.0,113.0,113.0,113.0,113.0,113.0,30.237,29.776,29.061,28.413,27.807,27.278,26.906,26.57,26.316000000000003,26.209,26.198,26.261,26.380000000000003,26.549,26.754,26.968000000000004,27.161,27.314,27.439,27.498,27.512
12101139941,0.0,0.0,0.0,0.0,0.0,0.0,0.0,0.0,0.0,0.0,0.0,0.0,0.0,0.0,0.0,0.0,0.0,0.0,0.0,0.0,0.0,27.608000000000004,27.25,26.65,26.073,25.538,25.074,24.742,24.441,24.215,24.115,24.106,24.164,24.272,24.429,24.622,24.823,25.001,25.147,25.268,25.331000000000003,25.357
12101139942,0.0,0.0,0.0,0.0,0.0,0.0,0.0,0.0,0.0,0.0,0.0,0.0,0.0,0.0,0.0,0.0,0.0,0.0,0.0,0.0,0.0,21.323,21.094,20.658,20.214,19.799999999999997,19.442,19.183999999999997,18.95,18.774,18.695,18.688,18.731,18.814,18.935,19.082,19.235,19.372,19.481,19.572000000000003,19.617,19.634
12101139943,0.0,0.0,0.0,0.0,0.0,0.0,0.0,0.0,0.0,0.0,0.0,0.0,0.0,0.0,0.0,0.0,0.0,0.0,0.0,0.0,0.0,32.977000000000004,33.204,32.946,32.323,31.743,31.251,30.847,30.477,30.192,30.063,30.056,30.126,30.259,30.46,30.709000000000003,30.964,31.189,31.377,31.535000000000004,31.62,31.658
12101139944,64.0,64.0,64.0,64.0,64.0,64.0,64.0,64.0,64.0,64.0,64.0,64.0,64.0,64.0,64.0,64.0,64.0,64.0,64.0,64.0,64.0,11.944,10.886,11.335,11.225,10.548,10.005,9.897,9.787,9.69,9.646,9.65,9.672,9.714,9.79,9.892,9.99,10.071,10.154,10.229,10.279,10.308
12101139945,0.0,0.0,0.0,0.0,0.0,0.0,0.0,0.0,0.0,0.0,0.0,0.0,0.0,0.0,0.0,0.0,0.0,0.0,0.0,0.0,0.0,20.269,20.016,19.632,19.248,18.856,18.515,18.267,18.075,17.902,17.817,17.798000000000002,17.837,17.913,18.038,18.169,18.314,18.456,18.579,18.664,18.707,18.713
12101139946,0.0,0.0,0.0,0.0,0.0,0.0,0.0,0.0,0.0,0.0,0.0,0.0,0.0,0.0,0.0,0.0,0.0,0.0,0.0,0.0,0.0,45.545,45.572,45.012,44.123,43.296,42.587,42.034,41.526,41.141000000000005,40.969,40.958,41.056,41.24,41.512,41.847,42.193,42.499,42.753,42.965,43.075,43.120999999999995
12101139947,0.0,0.0,0.0,0.0,0.0,0.0,0.0,0.0,0.0,0.0,0.0,0.0,0.0,0.0,0.0,0.0,0.0,0.0,0.0,0.0,0.0,29.485999999999997,29.688,29.458,28.9,28.382,27.943,27.582,27.249,26.994999999999997,26.881,26.874,26.936,27.056,27.234,27.457,27.685,27.886,28.055,28.197000000000003,28.272,28.305999999999997
12101139948,0.0,0.0,0.0,0.0,0.0,0.0,0.0,0.0,0.0,0.0,0.0,0.0,0.0,0.0,0.0,0.0,0.0,0.0,0.0,0.0,0.0,20.413,20.425,20.174,19.776,19.406,19.088,18.84,18.613,18.441000000000003,18.364,18.359,18.403,18.487,18.608,18.759,18.913,19.052,19.166,19.26,19.31,19.332
12101139950,0.0,0.0,0.0,0.0,0.0,0.0,0.0,0.0,0.0,0.0,0.0,0.0,0.0,0.0,0.0,0.0,0.0,0.0,0.0,0.0,0.0,16.54,16.549,16.347,16.024,15.724,15.466,15.266,15.082,14.942,14.88,14.876,14.911,14.978,15.077,15.2,15.325,15.436,15.529,15.606,15.646,15.663
12101139951,0.0,0.0,0.0,0.0,0.0,0.0,0.0,0.0,0.0,0.0,0.0,0.0,0.0,0.0,0.0,0.0,0.0,0.0,0.0,0.0,0.0,49.751000000000005,55.744,58.042,57.48,57.748000000000005,58.313,57.683,57.043,56.482,56.22,56.245999999999995,56.378,56.622,57.06,57.66,58.227999999999994,58.704,59.187,59.623000000000005,59.914,60.084999999999994
12101140102,0.0,0.0,0.0,0.0,0.0,0.0,0.0,0.0,0.0,0.0,0.0,0.0,0.0,0.0,0.0,0.0,0.0,0.0,0.0,0.0,0.0,39.297,37.717,36.645,35.658,34.557,33.96,33.394,33.025,32.829,32.766999999999996,32.798,32.934,33.099000000000004,33.305,33.526,33.745000000000005,33.941,34.061,34.158,34.185,34.168
12101140103,0.0,0.0,0.0,0.0,0.0,0.0,0.0,0.0,0.0,0.0,0.0,0.0,0.0,0.0,0.0,0.0,0.0,0.0,0.0,0.0,0.0,32.527,31.409999999999997,30.652,29.927,29.049,28.572000000000003,28.136,27.877,27.775999999999996,27.803,28.953000000000003,31.174,32.55,34.007000000000005,34.881,35.446,35.661,35.871,35.971000000000004,35.955,35.87
12101140104,0.0,0.0,0.0,0.0,0.0,0.0,0.0,0.0,0.0,0.0,0.0,0.0,0.0,0.0,0.0,0.0,0.0,0.0,0.0,0.0,0.0,17.573,17.008,16.644,16.315,15.884,15.661,15.451999999999998,15.327,15.278,15.292,15.339,15.432,15.534,15.647,15.755,15.857,15.942,15.986,16.014,16.011,15.987
12101140105,311.0,311.0,311.0,311.0,311.0,311.0,311.0,311.0,311.0,311.0,311.0,311.0,311.0,311.0,311.0,311.0,311.0,311.0,311.0,311.0,311.0,0.407,0.402,0.4,0.399,0.397,0.4,0.405,0.409,0.415,0.42,0.424,0.432,0.439,0.4479999999999999,0.4589999999999999,0.472,0.484,0.49,0.499,0.505,0.513
12101140106,121.0,121.0,121.0,121.0,121.0,121.0,121.0,121.0,121.0,121.0,121.0,121.0,121.0,121.0,121.0,121.0,121.0,121.0,121.0,121.0,121.0,1.504,1.46,1.432,1.405,1.374,1.364,1.362,1.357,1.363,1.378,1.39,1.41,1.429,1.449,1.476,1.506,1.528,1.54,1.553,1.564,1.577
12101140107,120.0,120.0,120.0,120.0,120.0,120.0,120.0,120.0,120.0,120.0,120.0,120.0,120.0,120.0,120.0,120.0,120.0,120.0,120.0,120.0,120.0,0.813,0.8029999999999999,0.8009999999999999,0.7989999999999999,0.794,0.8,0.8089999999999999,0.819,0.829,0.839,0.8480000000000001,0.865,0.877,0.895,0.919,0.945,0.968,0.98,0.998,1.01,1.027
12101140108,170.0,170.0,170.0,170.0,170.0,170.0,170.0,170.0,170.0,170.0,170.0,170.0,170.0,170.0,170.0,170.0,170.0,170.0,170.0,170.0,170.0,2.63,2.554,2.505,2.46,2.407,2.387,2.37,3.393,5.757,9.509,13.032,16.862000000000002,19.579,21.836,23.264000000000003,24.156,24.613999999999997,24.616999999999997,24.456000000000003,24.188,23.903
12101140109,0.0,0.0,0.0,0.0,0.0,0.0,0.0,0.0,0.0,0.0,0.0,0.0,0.0,0.0,0.0,0.0,0.0,0.0,0.0,0.0,0.0,31.880000000000003,30.258,28.909,27.601,26.263,25.502,24.869,24.453,24.203000000000003,24.079,24.044,24.078,24.144,24.229,24.327,24.806,25.123,25.172,25.206,25.196,25.162
12101140111,45.0,45.0,45.0,45.0,45.0,45.0,45.0,45.0,45.0,45.0,45.0,45.0,45.0,45.0,45.0,45.0,45.0,45.0,45.0,45.0,45.0,44.864999999999995,43.413,42.473,41.626000000000005,40.514,39.937,39.396,39.068,38.936,38.963,39.073,39.304,39.554,39.833,40.098,40.352,40.557,40.662,40.725,40.709,40.639
12101140112,0.0,0.0,0.0,0.0,0.0,0.0,0.0,0.0,0.0,0.0,0.0,0.0,0.0,0.0,0.0,0.0,0.0,0.0,0.0,0.0,0.0,16.465,15.936,15.594,15.287,14.882,14.673000000000002,14.477,14.36,14.315,14.328,14.371,14.459,14.555,14.66,14.761,14.857,14.936,14.978,15.004,15.001,14.979
12101140114,147.0,147.0,147.0,147.0,147.0,147.0,147.0,147.0,147.0,147.0,147.0,147.0,147.0,147.0,147.0,147.0,147.0,147.0,147.0,147.0,147.0,26.315,25.411,24.798,24.212000000000003,23.501,23.116,22.763,22.552999999999997,22.471,22.494,21.711,20.562,20.27,20.066,20.241,20.596,21.082,21.232,21.317,21.333,21.308
12101140115,0.0,0.0,0.0,0.0,0.0,0.0,0.0,0.0,0.0,0.0,0.0,0.0,0.0,0.0,0.0,0.0,0.0,0.0,0.0,0.0,0.0,25.944000000000003,22.415,22.156,22.01,21.646,21.516,21.358,21.26,21.22,21.228,21.258,21.344,21.433,21.538,21.648,21.756,21.842,21.877,21.901,21.884,21.845
12101140116,0.0,0.0,0.0,0.0,0.0,0.0,0.0,0.0,0.0,0.0,0.0,0.0,0.0,0.0,0.0,0.0,0.0,0.0,0.0,0.0,0.0,21.006,19.936,19.048,18.187,17.305,16.804000000000002,16.387,16.112,15.948,15.866,15.843,15.866,15.909,15.965,16.03,15.736,15.59,15.62,15.641,15.635,15.613
12101140118,0.0,0.0,0.0,0.0,0.0,0.0,0.0,0.0,0.0,0.0,0.0,0.0,0.0,0.0,0.0,0.0,0.0,0.0,0.0,0.0,0.0,32.409,31.103,30.217,29.4,28.49,27.994999999999997,27.527,27.219,27.056,27.003,27.027,27.136,27.269,27.437,27.616,27.795,27.954,28.05,28.128,28.148,28.132
12101140120,0.0,0.0,0.0,0.0,0.0,0.0,0.0,0.0,0.0,0.0,0.0,0.0,0.0,0.0,0.0,0.0,0.0,0.0,0.0,0.0,0.0,39.206,38.554,38.241,37.624,36.8,36.425,36.054,35.804,35.705,35.693,35.762,35.883,36.043,36.205,36.412,36.620999999999995,36.805,36.900000000000006,36.982,36.997,36.991
12101140122,70.0,70.0,70.0,70.0,70.0,70.0,70.0,70.0,70.0,70.0,70.0,70.0,70.0,70.0,70.0,70.0,70.0,70.0,70.0,70.0,70.0,29.024,31.066000000000003,30.707,30.504,30.001,29.82,29.602,29.465,29.409999999999997,29.421999999999997,29.462000000000003,29.58,29.705,29.851,30.002,30.152,30.273,30.321,30.354,30.329,30.275
12101140124,0.0,0.0,0.0,0.0,0.0,0.0,0.0,0.0,0.0,0.0,0.0,0.0,0.0,0.0,0.0,0.0,0.0,0.0,0.0,0.0,0.0,21.714,20.986,20.46,20.467,19.871,19.529,19.204,18.993,18.882,18.842,18.852,18.924,19.003,19.103,19.217,19.333,19.426,19.464,19.501,19.499,19.485
12101140125,0.0,0.0,0.0,0.0,0.0,0.0,0.0,0.0,0.0,0.0,0.0,0.0,0.0,0.0,0.0,0.0,0.0,0.0,0.0,0.0,0.0,24.427999999999997,23.665,23.035,22.360999999999997,21.574,21.146,20.765,20.513,20.375,20.321,20.327,20.382,20.46,20.551,20.645,20.734,20.805999999999997,20.84,20.86,20.848,20.811
12101140126,0.0,0.0,0.0,0.0,0.0,0.0,0.0,0.0,0.0,0.0,0.0,0.0,0.0,0.0,0.0,0.0,0.0,0.0,0.0,0.0,0.0,19.417,18.703,25.11,24.792,24.276,24.074,23.855,23.726,23.672,23.669,23.696,23.776,23.86,23.955,24.057,24.15,24.222,24.238999999999997,24.25,24.218,24.17
12101140127,0.0,0.0,0.0,0.0,0.0,0.0,0.0,0.0,0.0,0.0,0.0,0.0,0.0,0.0,0.0,0.0,0.0,0.0,0.0,0.0,0.0,35.589999999999996,34.284,31.363,30.966,30.321,30.069,29.795,29.634,29.567,29.564,29.598,29.696,29.802999999999997,29.921,30.048,30.164,30.254,30.275,30.289,30.249,30.189
12101140128,242.0,242.0,242.0,242.0,242.0,242.0,242.0,242.0,242.0,242.0,242.0,242.0,242.0,242.0,242.0,242.0,242.0,242.0,242.0,242.0,242.0,81.293,81.99600000000001,83.173,79.997,75.271,72.468,70.434,71.636,73.696,75.503,75.853,75.562,75.693,75.70400000000001,75.989,76.395,76.625,76.553,76.394,76.084,75.718
12101140129,0.0,0.0,0.0,0.0,0.0,0.0,0.0,0.0,0.0,0.0,0.0,0.0,0.0,0.0,0.0,0.0,0.0,0.0,0.0,0.0,0.0,30.157,29.216,28.439,27.605000000000004,26.635,26.106,25.636000000000003,25.325,25.154,25.087000000000003,25.095,25.162,25.26,25.372,25.488,25.597,25.687,25.728,25.754,25.738,25.693
12101140130,0.0,0.0,0.0,0.0,0.0,0.0,0.0,0.0,0.0,0.0,0.0,0.0,0.0,0.0,0.0,0.0,0.0,0.0,0.0,0.0,0.0,16.863,16.298000000000002,15.89,15.089,14.649,14.398,14.158,14.003,13.921,13.891,13.898,13.951999999999998,14.010000000000002,14.084,14.168,14.254,14.322,14.35,14.377,14.376,14.364999999999998
12101140131,165.0,165.0,165.0,165.0,165.0,165.0,165.0,165.0,165.0,165.0,165.0,165.0,165.0,165.0,165.0,165.0,165.0,165.0,165.0,165.0,165.0,93.73,94.54,95.897,104.001,109.838,117.278,125.196,130.356,134.10399999999998,137.393,140.722,145.244,148.028,150.585,152.019,152.831,153.29,153.147,152.829,152.208,151.47500000000002
12101140132,45.0,45.0,45.0,45.0,45.0,45.0,45.0,45.0,45.0,45.0,45.0,45.0,45.0,45.0,45.0,45.0,45.0,45.0,45.0,45.0,45.0,37.018,35.759,35.096999999999994,34.494,33.609,33.099,32.563,32.193,31.978,31.886,31.879,31.939,32.026,32.129999999999995,32.248000000000005,32.359,32.453,32.503,32.534,32.518,32.456
12101140133,0.0,0.0,0.0,0.0,0.0,0.0,0.0,0.0,0.0,0.0,0.0,0.0,0.0,0.0,0.0,0.0,0.0,0.0,0.0,0.0,0.0,24.865,23.952,21.912,21.635,21.184,21.008,20.817,20.704,20.657,20.655,20.678,20.747,20.822,20.905,20.993,21.073,21.137,21.152,21.162,21.134,21.091
12101140134,0.0,0.0,0.0,0.0,0.0,0.0,0.0,0.0,0.0,0.0,0.0,0.0,0.0,0.0,0.0,0.0,0.0,0.0,0.0,0.0,0.0,23.28,22.426,20.515,20.255000000000003,19.833,19.669,19.49,19.384,19.34,19.339,19.36,19.424999999999997,19.494,19.572,19.655,19.73,19.79,19.804,19.813,19.787,19.747
12101140135,0.0,0.0,0.0,0.0,0.0,0.0,0.0,0.0,0.0,0.0,0.0,0.0,0.0,0.0,0.0,0.0,0.0,0.0,0.0,0.0,0.0,20.606,19.849,18.158,17.928,17.555,17.408,17.251,17.157,17.118000000000002,17.117,17.136,17.194000000000003,17.255,17.323,17.397000000000002,17.464,17.517,17.528,17.536,17.512999999999998,17.477999999999998
12101140136,0.0,0.0,0.0,0.0,0.0,0.0,0.0,0.0,0.0,0.0,0.0,0.0,0.0,0.0,0.0,0.0,0.0,0.0,0.0,0.0,0.0,22.104,21.351,20.956,20.596,20.068,19.763,19.444000000000003,19.222,19.094,19.04,19.036,19.071,19.123,19.185,19.256,19.321,19.378,19.408,19.426,19.416,19.380000000000003
12101168202,0.0,0.0,0.0,0.0,0.0,0.0,0.0,0.0,0.0,0.0,0.0,0.0,0.0,0.0,0.0,0.0,0.0,0.0,0.0,0.0,0.0,13.612,13.141000000000002,12.861,12.617,12.302,12.04,11.814,11.631,11.517,11.454,11.445,11.463,11.509,11.559,11.634,11.713,11.782,11.847,11.892,11.926,11.92
12101168203,0.0,0.0,0.0,0.0,0.0,0.0,0.0,0.0,0.0,0.0,0.0,0.0,0.0,0.0,0.0,0.0,0.0,0.0,0.0,0.0,0.0,21.687,20.998,20.062,19.707,19.23,18.837,18.506,18.249,18.084,18.002000000000002,18.024,18.076,18.158,18.249,18.386000000000003,18.53,18.652,18.772,18.86,18.924,18.926
12101168204,0.0,0.0,0.0,0.0,0.0,0.0,0.0,0.0,0.0,0.0,0.0,0.0,0.0,0.0,0.0,0.0,0.0,0.0,0.0,0.0,0.0,25.694000000000003,24.906,24.429,24.032,23.835,23.66,23.416,23.273,23.228,23.298,23.557,23.814,23.993,24.223,24.520000000000003,24.823,25.092,25.373,25.572,25.741,25.821
12101168205,0.0,0.0,0.0,0.0,0.0,0.0,0.0,0.0,0.0,0.0,0.0,0.0,0.0,0.0,0.0,0.0,0.0,0.0,0.0,0.0,0.0,12.578,12.111,11.83,11.584,11.278,11.021,10.797,10.612,10.492,10.417,10.388,10.387,10.413,10.441,10.49,10.544,10.588,10.628,10.651,10.664,10.641
12101168206,18.0,18.0,18.0,18.0,18.0,18.0,18.0,18.0,18.0,18.0,18.0,18.0,18.0,18.0,18.0,18.0,18.0,18.0,18.0,18.0,18.0,20.617,20.034,19.676,19.383,18.915,18.711,18.791,18.934,19.153,19.457,19.901,20.308,20.557,20.846,21.191000000000003,21.539,21.865,22.198,22.42,22.619999999999997,22.738999999999997
12101168207,0.0,0.0,0.0,0.0,0.0,0.0,0.0,0.0,0.0,0.0,0.0,0.0,0.0,0.0,0.0,0.0,0.0,0.0,0.0,0.0,0.0,27.866,27.079,26.594,26.198,25.566,24.945,24.258000000000003,23.691000000000003,23.251,22.933999999999997,22.799,22.732,22.75,22.811,22.932,23.053,23.148,23.249,23.332,23.39,23.365
12101168208,211.0,211.0,211.0,211.0,211.0,211.0,211.0,211.0,211.0,211.0,211.0,211.0,211.0,211.0,211.0,211.0,211.0,211.0,211.0,211.0,211.0,30.843,30.155,29.72,29.398,28.72,28.175,27.727,27.404,27.186,27.104,27.22,27.356,27.495,27.667,27.917,28.177,28.393,28.614,28.783,28.908,28.941
12101168210,0.0,0.0,0.0,0.0,0.0,0.0,0.0,0.0,0.0,0.0,0.0,0.0,0.0,0.0,0.0,0.0,0.0,0.0,0.0,0.0,0.0,14.498,14.088,13.836,13.63,13.302,12.978,12.62,12.326,12.096,11.932,11.862,11.827,11.836,11.868,11.931,11.995,12.043,12.096,12.139,12.17,12.157
12101168211,0.0,0.0,0.0,0.0,0.0,0.0,0.0,0.0,0.0,0.0,0.0,0.0,0.0,0.0,0.0,0.0,0.0,0.0,0.0,0.0,0.0,10.708,10.33,10.105,10.413,10.199,9.987,9.805,9.66,9.57,9.521,9.523,9.544,9.585,9.63,9.696,9.766,9.826,9.883,9.923,9.953,9.95
12101168212,0.0,0.0,0.0,0.0,0.0,0.0,0.0,0.0,0.0,0.0,0.0,0.0,0.0,0.0,0.0,0.0,0.0,0.0,0.0,0.0,0.0,14.305,13.801,13.501,12.781,12.425,12.168,11.947,11.77,11.659,11.6,11.602,11.629,11.676,11.732,11.814,11.898,11.97,12.041,12.09,12.126,12.122
12101168213,0.0,0.0,0.0,0.0,0.0,0.0,0.0,0.0,0.0,0.0,0.0,0.0,0.0,0.0,0.0,0.0,0.0,0.0,0.0,0.0,0.0,23.648,22.197,21.769,21.409,20.885,20.456,20.09,19.799,19.616,19.521,19.533,19.584,19.667,19.765,19.905,20.052,20.178,20.3,20.386000000000003,20.45,20.447
12101168215,0.0,0.0,0.0,0.0,0.0,0.0,0.0,0.0,0.0,0.0,0.0,0.0,0.0,0.0,0.0,0.0,0.0,0.0,0.0,0.0,0.0,26.197,26.113,25.608,25.185,24.569,24.065,23.633,23.291,23.076,22.965,22.979,23.039,23.136000000000003,23.252,23.417,23.589,23.737,23.881,23.982,24.058,24.052999999999997
12101168218,0.0,0.0,0.0,0.0,0.0,0.0,0.0,0.0,0.0,0.0,0.0,0.0,0.0,0.0,0.0,0.0,0.0,0.0,0.0,0.0,0.0,19.257,18.541,18.112,17.736,17.267,16.873,16.53,16.246000000000002,16.063,15.949000000000002,15.904,15.902,15.941,15.985,16.061,16.143,16.21,16.271,16.307000000000002,16.326,16.291
12101168220,0.0,0.0,0.0,0.0,0.0,0.0,0.0,0.0,0.0,0.0,0.0,0.0,0.0,0.0,0.0,0.0,0.0,0.0,0.0,0.0,0.0,19.715,19.089,19.284,19.029,18.568,18.189,17.869,17.621000000000002,17.462,17.382,17.403,17.453,17.532,17.621000000000002,17.753,17.892,18.009,18.126,18.211,18.273,18.275
12101168222,161.0,161.0,161.0,161.0,161.0,161.0,161.0,161.0,161.0,161.0,161.0,161.0,161.0,161.0,161.0,161.0,161.0,161.0,161.0,161.0,161.0,15.621,15.143,14.853000000000002,14.611,13.881,13.321,12.953,12.653,12.415,12.247,12.181,12.149,12.158,12.194,12.262,12.332,12.385,12.443,12.492,12.526,12.517
12101168501,0.0,0.0,0.0,0.0,0.0,0.0,0.0,0.0,0.0,0.0,0.0,0.0,0.0,0.0,0.0,0.0,0.0,0.0,0.0,0.0,0.0,31.457,41.232,51.539,63.803,80.954,84.136,85.021,85.422,88.33000000000001,88.92099999999999,91.484,93.585,95.234,95.639,95.739,95.195,94.358,93.434,92.318,91.269,90.253
12101168502,180.0,180.0,180.0,180.0,180.0,180.0,180.0,180.0,180.0,180.0,180.0,180.0,180.0,180.0,180.0,180.0,180.0,180.0,180.0,180.0,180.0,25.19,25.275,25.402,25.644,25.917,26.058999999999997,26.138,26.237,26.334,26.57,26.801,27.04,27.347,27.59,27.84,28.031,28.192,28.290999999999997,28.368,28.385,28.389000000000003
12101168503,0.0,0.0,0.0,0.0,0.0,0.0,0.0,0.0,0.0,0.0,0.0,0.0,0.0,0.0,0.0,0.0,0.0,0.0,0.0,0.0,0.0,16.057,23.187,30.565,37.819,38.643,55.513000000000005,71.397,87.20500000000001,94.818,108.7,117.228,123.143,127.807,128.964,129.709,129.052,127.997,126.744,125.229,123.806,122.428
12101168504,0.0,0.0,0.0,0.0,0.0,0.0,0.0,0.0,0.0,0.0,0.0,0.0,0.0,0.0,0.0,0.0,0.0,0.0,0.0,0.0,0.0,26.812,27.255,27.480000000000004,27.709000000000003,27.86,27.82,27.747,27.683999999999997,27.657000000000004,27.764,27.900999999999996,28.066,28.285000000000004,28.461,28.652,28.8,28.892,28.95,28.952,28.918,28.851
12101168505,0.0,0.0,0.0,0.0,0.0,0.0,0.0,0.0,0.0,0.0,0.0,0.0,0.0,0.0,0.0,0.0,0.0,0.0,0.0,0.0,0.0,31.122,31.245,31.284,31.433,31.565,31.53,31.473,31.44,31.443,31.604,31.789,32.0,32.268,32.478,32.703,32.872,32.982,33.044,33.047,33.007000000000005,32.926
12101168506,0.0,0.0,0.0,0.0,0.0,0.0,0.0,0.0,0.0,0.0,0.0,0.0,0.0,0.0,0.0,0.0,0.0,0.0,0.0,0.0,0.0,24.284999999999997,24.89,25.276,25.462,25.808,25.905,25.901,25.885,25.888,26.011,26.156,26.329,26.563,26.759,26.972,27.145000000000003,27.271,27.356,27.393,27.388,27.348
12101168507,0.0,0.0,0.0,0.0,0.0,0.0,0.0,0.0,0.0,0.0,0.0,0.0,0.0,0.0,0.0,0.0,0.0,0.0,0.0,0.0,0.0,25.829,27.092,27.9,28.597,29.089,29.255,29.268,29.257,36.196,37.639,38.745999999999995,39.617999999999995,40.376999999999995,40.82,41.123999999999995,41.19,41.143,41.028,40.825,40.593,40.328
12101168508,0.0,0.0,0.0,0.0,0.0,0.0,0.0,0.0,0.0,0.0,0.0,0.0,0.0,0.0,0.0,0.0,0.0,0.0,0.0,0.0,0.0,27.012,27.123,27.248,27.512,27.717,27.764000000000003,27.801,27.857,27.943,28.167,28.409,28.674999999999997,28.99,29.251,29.522,29.737,29.889000000000003,29.997,30.040999999999997,30.039,29.994
12101168509,0.0,0.0,0.0,0.0,0.0,0.0,0.0,0.0,0.0,0.0,0.0,0.0,0.0,0.0,0.0,0.0,0.0,0.0,0.0,0.0,0.0,21.968,21.225,20.574,20.135,19.914,19.767,19.713,19.735999999999997,19.807,19.994999999999997,20.199,20.403,20.629,20.806,20.98,21.11,21.19,21.238,21.241,21.218,21.17
12101168510,0.0,0.0,0.0,0.0,0.0,0.0,0.0,0.0,0.0,0.0,0.0,0.0,0.0,0.0,0.0,0.0,0.0,0.0,0.0,0.0,0.0,22.623,22.507,22.462,22.563,22.651,22.652,22.676,22.725,22.801,22.985,23.183,23.398000000000003,23.65,23.857,24.069000000000003,24.238,24.357,24.439,24.47,24.465,24.427999999999997
12101168511,0.0,0.0,0.0,0.0,0.0,0.0,0.0,0.0,0.0,0.0,0.0,0.0,0.0,0.0,0.0,0.0,0.0,0.0,0.0,0.0,0.0,22.212,22.824,23.598,24.468,25.377,26.036,26.586999999999996,27.028,27.401,27.85,28.17,28.498,28.84,29.085,29.325000000000003,29.484,29.58,29.616,29.607,29.57,29.515
12101168512,0.0,0.0,0.0,0.0,0.0,0.0,0.0,0.0,0.0,0.0,0.0,0.0,0.0,0.0,0.0,0.0,0.0,0.0,0.0,0.0,0.0,23.551,24.763,25.565,26.265,26.782000000000004,26.999,27.074,27.127,24.574,25.638,26.479,27.163,27.772,28.165,28.466,28.6,28.656,28.664,28.609,28.534,28.432
12101168513,0.0,0.0,0.0,0.0,0.0,0.0,0.0,0.0,0.0,0.0,0.0,0.0,0.0,0.0,0.0,0.0,0.0,0.0,0.0,0.0,0.0,14.0,14.182,14.309,14.475,14.595,14.605999999999998,14.601,14.598,14.613,14.7,14.801000000000002,14.918,15.064,15.189,15.319,15.425999999999998,15.501,15.552,15.572,15.568,15.544
12101168514,0.0,0.0,0.0,0.0,0.0,0.0,0.0,0.0,0.0,0.0,0.0,0.0,0.0,0.0,0.0,0.0,0.0,0.0,0.0,0.0,0.0,19.975,20.042,20.142,20.334000000000003,20.551,20.662999999999997,20.726,20.805,20.882,21.069000000000003,21.251,21.441,21.685,21.877,22.076,22.227,22.354,22.433999999999997,22.493,22.509,22.511
12101168515,0.0,0.0,0.0,0.0,0.0,0.0,0.0,0.0,0.0,0.0,0.0,0.0,0.0,0.0,0.0,0.0,0.0,0.0,0.0,0.0,0.0,19.276,19.352,19.375,19.468,19.55,19.528,19.493,19.472,19.474,19.574,19.688,19.819,19.985,20.115,20.254,20.36,20.427999999999997,20.466,20.468,20.444,20.393
12101168516,0.0,0.0,0.0,0.0,0.0,0.0,0.0,0.0,0.0,0.0,0.0,0.0,0.0,0.0,0.0,0.0,0.0,0.0,0.0,0.0,0.0,17.492,18.392,18.987,19.509,19.891,20.052999999999997,20.108,20.147,18.251,19.042,19.666,20.174,20.627,20.919,21.142,21.241999999999997,21.284,21.289,21.249,21.192,21.117
12101168517,0.0,0.0,0.0,0.0,0.0,0.0,0.0,0.0,0.0,0.0,0.0,0.0,0.0,0.0,0.0,0.0,0.0,0.0,0.0,0.0,0.0,21.584,22.016,22.299,22.603,22.814,22.834,22.805,22.777,22.775,22.889,23.027,23.193,23.409,23.592,23.788,23.947,24.058999999999997,24.136000000000003,24.165999999999997,24.16,24.119999999999997
12101168518,0.0,0.0,0.0,0.0,0.0,0.0,0.0,0.0,0.0,0.0,0.0,0.0,0.0,0.0,0.0,0.0,0.0,0.0,0.0,0.0,0.0,12.464,12.714,12.877,13.052,13.175,13.186,13.169,13.153,13.152,13.218,13.298,13.393999999999998,13.518,13.624,13.736999999999998,13.828,13.893999999999998,13.938,13.955000000000002,13.952000000000002,13.928
12101168519,0.0,0.0,0.0,0.0,0.0,0.0,0.0,0.0,0.0,0.0,0.0,0.0,0.0,0.0,0.0,0.0,0.0,0.0,0.0,0.0,0.0,0.726,0.704,0.6859999999999999,0.675,0.6679999999999999,0.663,0.66,0.66,0.66,0.663,0.668,0.673,0.677,0.681,0.685,0.6890000000000001,0.69,0.6910000000000001,0.69,0.6890000000000001,0.687
12101168520,0.0,0.0,0.0,0.0,0.0,0.0,0.0,0.0,0.0,0.0,0.0,0.0,0.0,0.0,0.0,0.0,0.0,0.0,0.0,0.0,0.0,31.729999999999997,32.521,33.024,33.981,34.442,34.572,34.565,34.543,34.546,34.709,34.902,35.131,35.443,35.704,35.988,36.216,36.385000000000005,36.495999999999995,36.545,36.537,36.483
12101168521,0.0,0.0,0.0,0.0,0.0,0.0,0.0,0.0,0.0,0.0,0.0,0.0,0.0,0.0,0.0,0.0,0.0,0.0,0.0,0.0,0.0,15.092,15.342,15.468,15.596,15.681,15.659,15.617,15.583,15.567,15.628,15.704999999999998,15.797,15.919999999999998,16.02,16.128,16.211,16.263,16.295,16.296,16.278,16.239
12101168522,80.0,80.0,80.0,80.0,80.0,80.0,80.0,80.0,80.0,80.0,80.0,80.0,80.0,80.0,80.0,80.0,80.0,80.0,80.0,80.0,80.0,26.574,25.782,25.137,24.721,24.472,24.273,24.17,24.139,24.158,24.295,24.449,24.609,24.802999999999997,24.948,25.096,25.202,25.261000000000003,25.285,25.268,25.224,25.153
12101168523,0.0,0.0,0.0,0.0,0.0,0.0,0.0,0.0,0.0,0.0,0.0,0.0,0.0,0.0,0.0,0.0,0.0,0.0,0.0,0.0,0.0,19.216,19.118,19.079,19.165,19.239,19.241,19.262,19.302,19.366999999999997,19.523,19.692,19.874,20.088,20.264,20.445,20.589,20.688,20.758,20.784,20.78,20.748
12101168524,0.0,0.0,0.0,0.0,0.0,0.0,0.0,0.0,0.0,0.0,0.0,0.0,0.0,0.0,0.0,0.0,0.0,0.0,0.0,0.0,0.0,15.167000000000002,15.584,16.113,16.707,17.327,17.777,18.154,18.454,18.709,19.016,19.234,19.457,19.692,19.859,20.023,20.131,20.197,20.222,20.216,20.191,20.153
12101168525,0.0,0.0,0.0,0.0,0.0,0.0,0.0,0.0,0.0,0.0,0.0,0.0,0.0,0.0,0.0,0.0,0.0,0.0,0.0,0.0,0.0,14.294,14.48,14.61,14.78,14.902,14.915,14.908,14.905,14.92,15.009999999999998,15.113,15.233,15.382,15.509,15.642,15.75,15.827,15.88,15.901,15.896999999999998,15.871
12101168526,92.0,92.0,92.0,92.0,92.0,92.0,92.0,92.0,92.0,92.0,92.0,92.0,92.0,92.0,92.0,92.0,92.0,92.0,92.0,92.0,92.0,29.726999999999997,30.356,31.585,32.903999999999996,33.622,33.979,34.337,34.499,35.674,35.2,34.96,35.012,35.05,35.056,34.951,34.733000000000004,34.409,34.072,33.666,33.283,32.912
12101168527,0.0,0.0,0.0,0.0,0.0,0.0,0.0,0.0,0.0,0.0,0.0,0.0,0.0,0.0,0.0,0.0,0.0,0.0,0.0,0.0,0.0,32.894999999999996,32.719,32.546,32.524,32.578,32.543,32.516,32.527,32.574,32.763000000000005,32.971000000000004,33.194,33.469,33.687,33.917,34.093,34.215,34.285000000000004,34.303,34.283,34.222
12101168528,0.0,0.0,0.0,0.0,0.0,0.0,0.0,0.0,0.0,0.0,0.0,0.0,0.0,0.0,0.0,0.0,0.0,0.0,0.0,0.0,0.0,20.138,19.457,18.859,18.457,18.254,18.12,18.07,18.092,18.157,18.329,18.516,18.702,18.911,19.072,19.233,19.351,19.424,19.468,19.471,19.449,19.406
12101168529,0.0,0.0,0.0,0.0,0.0,0.0,0.0,0.0,0.0,0.0,0.0,0.0,0.0,0.0,0.0,0.0,0.0,0.0,0.0,0.0,0.0,11.209,11.245,11.302,11.41,11.532,11.595,11.63,11.674,11.717,11.822,11.925,12.031,12.167,12.275,12.387,12.471,12.543,12.588,12.622,12.629,12.631
12101168601,378.0,378.0,378.0,378.0,378.0,378.0,378.0,378.0,378.0,378.0,378.0,378.0,378.0,378.0,378.0,378.0,378.0,378.0,378.0,378.0,378.0,30.314,29.835,29.086999999999996,28.377,27.722,27.161,26.623,26.46,26.422,26.545,26.839,27.21,27.597,28.073,28.564,29.069000000000003,29.547,30.003,30.242,30.335,30.42
12101168602,0.0,0.0,0.0,0.0,0.0,0.0,0.0,0.0,0.0,0.0,0.0,0.0,0.0,0.0,0.0,0.0,0.0,0.0,0.0,0.0,0.0,10.8,10.545,10.347,10.12,9.939,9.797999999999998,9.657,9.59,9.531,9.523,9.548,9.593,9.653,9.729,9.822,9.913,9.995,10.073,10.122,10.156,10.168
12101168603,0.0,0.0,0.0,0.0,0.0,0.0,0.0,0.0,0.0,0.0,0.0,0.0,0.0,0.0,0.0,0.0,0.0,0.0,0.0,0.0,0.0,26.385,25.871,25.455,24.959,24.504,24.109,23.712,23.5,23.323,23.294,23.349,23.47,23.633000000000003,23.835,24.086,24.332,24.556,24.765,24.905,25.0,25.033
12101168604,24.0,24.0,24.0,24.0,24.0,24.0,24.0,24.0,24.0,24.0,24.0,24.0,24.0,24.0,24.0,24.0,24.0,24.0,24.0,24.0,24.0,40.388,40.088,39.058,38.211,37.307,36.447,35.565,34.989,34.466,34.133,34.007999999999996,33.956,33.922,33.988,34.14,34.273,34.364000000000004,34.468,34.657,34.763999999999996,34.785
12101168605,0.0,0.0,0.0,0.0,0.0,0.0,0.0,0.0,0.0,0.0,0.0,0.0,0.0,0.0,0.0,0.0,0.0,0.0,0.0,0.0,0.0,49.197,47.932,46.908,45.736,44.873000000000005,44.341,43.881,43.682,43.494,43.522000000000006,43.668000000000006,43.926,44.208,44.559,44.917,45.276,45.624,45.933,46.176,46.286,46.375
12101168606,0.0,0.0,0.0,0.0,0.0,0.0,0.0,0.0,0.0,0.0,0.0,0.0,0.0,0.0,0.0,0.0,0.0,0.0,0.0,0.0,0.0,33.604,34.449,35.304,35.775000000000006,35.848,35.732,35.49,35.427,35.331,35.4,35.599000000000004,35.863,36.162,36.521,36.909,37.293,37.644000000000005,37.98,38.203,38.3,38.373000000000005
12101168607,0.0,0.0,0.0,0.0,0.0,0.0,0.0,0.0,0.0,0.0,0.0,0.0,0.0,0.0,0.0,0.0,0.0,0.0,0.0,0.0,0.0,23.844,23.281,22.843,22.343,21.942,21.632,21.321,21.174,21.041,21.024,21.078000000000003,21.179,21.31,21.479,21.685,21.885,22.067,22.238,22.348,22.421,22.449
12101168608,80.0,80.0,80.0,80.0,80.0,80.0,80.0,80.0,80.0,80.0,80.0,80.0,80.0,80.0,80.0,80.0,80.0,80.0,80.0,80.0,80.0,40.456,39.449,38.524,37.364,36.335,35.5,34.685,34.233,33.871,33.717,33.76,33.888000000000005,34.055,34.315,34.661,34.998999999999995,35.298,35.605000000000004,35.679,35.694,35.629999999999995
12101168609,0.0,0.0,0.0,0.0,0.0,0.0,0.0,0.0,0.0,0.0,0.0,0.0,0.0,0.0,0.0,0.0,0.0,0.0,0.0,0.0,0.0,17.526,17.355,17.251,17.075000000000003,16.853,16.627,16.381,16.247,16.13,16.108,16.136000000000003,16.208,16.306,16.424,16.576,16.719,16.849,16.973,17.054,17.107,17.121000000000002
12101168610,0.0,0.0,0.0,0.0,0.0,0.0,0.0,0.0,0.0,0.0,0.0,0.0,0.0,0.0,0.0,0.0,0.0,0.0,0.0,0.0,0.0,47.343,46.163,45.078,43.72,42.515,41.536,40.58,39.966,39.404,39.087,38.998999999999995,39.010000000000005,39.066,39.227,39.486,39.733,39.936,40.146,40.227,40.242999999999995,40.17
12101168611,0.0,0.0,0.0,0.0,0.0,0.0,0.0,0.0,0.0,0.0,0.0,0.0,0.0,0.0,0.0,0.0,0.0,0.0,0.0,0.0,0.0,33.565,33.019999999999996,32.614,32.065,31.496,30.973,30.422,30.110999999999997,29.844,29.769,29.828000000000003,29.972,30.163000000000004,30.412,30.729,31.034,31.31,31.574,31.734,31.835,31.856
12101168612,0.0,0.0,0.0,0.0,0.0,0.0,0.0,0.0,0.0,0.0,0.0,0.0,0.0,0.0,0.0,0.0,0.0,0.0,0.0,0.0,0.0,36.477,35.042,33.878,32.675,31.613,30.787,30.015,29.534,29.119,28.906,28.838,28.853,28.91,29.028,29.212000000000003,29.389,29.544,29.697,29.755000000000003,29.766,29.717999999999996
12101168613,0.0,0.0,0.0,0.0,0.0,0.0,0.0,0.0,0.0,0.0,0.0,0.0,0.0,0.0,0.0,0.0,0.0,0.0,0.0,0.0,0.0,47.735,46.807,46.053,45.155,44.333,43.619,42.901,42.517,42.197,42.143,42.242999999999995,42.462999999999994,42.757,43.123000000000005,43.578,44.022000000000006,44.426,44.806,45.059,45.231,45.291
12101168614,59.0,59.0,59.0,59.0,59.0,59.0,59.0,59.0,59.0,59.0,59.0,59.0,59.0,59.0,59.0,59.0,59.0,59.0,59.0,59.0,59.0,40.007,39.374,39.397,38.98,38.613,38.351,38.102,37.931,37.648,37.599,37.791,38.086,38.403,38.839,39.29,39.757,40.183,40.572,40.895,41.02,41.134
12101168615,0.0,0.0,0.0,0.0,0.0,0.0,0.0,0.0,0.0,0.0,0.0,0.0,0.0,0.0,0.0,0.0,0.0,0.0,0.0,0.0,0.0,33.528999999999996,33.659,33.846000000000004,33.78,33.54,33.296,32.984,32.828,32.643,32.605000000000004,32.659,32.771,32.907,33.083,33.302,33.507000000000005,33.681,33.853,33.991,34.064,34.088
12101168616,0.0,0.0,0.0,0.0,0.0,0.0,0.0,0.0,0.0,0.0,0.0,0.0,0.0,0.0,0.0,0.0,0.0,0.0,0.0,0.0,0.0,23.142000000000003,22.597,22.171,21.686,21.298,20.997,20.694000000000003,20.551,20.423,20.405,20.458,20.556,20.683,20.847,21.047,21.241,21.418,21.584000000000003,21.689,21.761000000000003,21.789
12101168617,165.0,165.0,165.0,165.0,165.0,165.0,165.0,165.0,165.0,165.0,165.0,165.0,165.0,165.0,165.0,165.0,165.0,165.0,165.0,165.0,165.0,12.401,12.28,12.206,12.08,11.924,11.765,11.59,11.495,11.413,11.398,11.417000000000002,11.468,11.537,11.621,11.728000000000002,11.829,11.922,12.009,12.067,12.104,12.114
12101168618,60.0,60.0,60.0,60.0,60.0,60.0,60.0,60.0,60.0,60.0,60.0,60.0,60.0,60.0,60.0,60.0,60.0,60.0,60.0,60.0,60.0,25.623,24.765,24.103,23.453000000000003,22.944000000000003,22.589,22.265,22.110999999999997,21.98,21.97,22.009,22.097,22.216,22.356,22.532,22.700000000000003,22.851,22.992,23.085,23.143,23.158
12101168619,133.0,133.0,133.0,133.0,133.0,133.0,133.0,133.0,133.0,133.0,133.0,133.0,133.0,133.0,133.0,133.0,133.0,133.0,133.0,133.0,133.0,54.069,53.539,53.217,52.672,51.991,51.295,50.535,50.120000000000005,49.758,49.693,49.779,49.998999999999995,50.303,50.67,51.134,51.576,51.977999999999994,52.358999999999995,52.611,52.775000000000006,52.81699999999999
12101168620,0.0,0.0,0.0,0.0,0.0,0.0,0.0,0.0,0.0,0.0,0.0,0.0,0.0,0.0,0.0,0.0,0.0,0.0,0.0,0.0,0.0,40.815,39.852,39.102,38.247,37.561,37.03,36.496,36.245,36.018,35.988,36.081,36.254000000000005,36.477999999999994,36.766000000000005,37.121,37.46,37.773,38.066,38.253,38.379999999999995,38.428
12101168621,60.0,60.0,60.0,60.0,60.0,60.0,60.0,60.0,60.0,60.0,60.0,60.0,60.0,60.0,60.0,60.0,60.0,60.0,60.0,60.0,60.0,59.790000000000006,59.344,59.953,59.812,59.528,59.262,58.906,58.894,58.86,59.132000000000005,59.751000000000005,60.495,61.267,62.222,63.339,64.42699999999999,65.442,66.489,66.851,67.056,67.095
12101168622,0.0,0.0,0.0,0.0,0.0,0.0,0.0,0.0,0.0,0.0,0.0,0.0,0.0,0.0,0.0,0.0,0.0,0.0,0.0,0.0,0.0,16.537,16.125999999999998,15.747,15.273,14.852,14.51,14.177,13.963,13.767,13.657,13.627,13.631,13.652,13.707999999999998,13.799,13.886,13.957,14.031,14.06,14.066,14.041
12101168623,0.0,0.0,0.0,0.0,0.0,0.0,0.0,0.0,0.0,0.0,0.0,0.0,0.0,0.0,0.0,0.0,0.0,0.0,0.0,0.0,0.0,22.921999999999997,22.456,22.065,21.614,21.233,20.905,20.587000000000003,20.48,20.423,20.486,20.611,20.788,21.006,21.26,21.557,21.853,22.13,22.4,22.527,22.607999999999997,22.643
12101168624,0.0,0.0,0.0,0.0,0.0,0.0,0.0,0.0,0.0,0.0,0.0,0.0,0.0,0.0,0.0,0.0,0.0,0.0,0.0,0.0,0.0,31.513,31.258000000000003,31.020000000000003,30.621,30.197,29.884,29.569000000000003,29.44,29.32,29.329,29.385,29.494,29.638,29.8,30.001,30.194,30.363,30.526000000000003,30.639,30.708,30.734
12101168625,0.0,0.0,0.0,0.0,0.0,0.0,0.0,0.0,0.0,0.0,0.0,0.0,0.0,0.0,0.0,0.0,0.0,0.0,0.0,0.0,0.0,31.217,30.71,30.332,29.823,29.292,28.805999999999997,28.294,28.004,27.756,27.687,27.741,27.875,28.052,28.284,28.579,28.863,29.121,29.366,29.514000000000003,29.607999999999997,29.627
12101168626,0.0,0.0,0.0,0.0,0.0,0.0,0.0,0.0,0.0,0.0,0.0,0.0,0.0,0.0,0.0,0.0,0.0,0.0,0.0,0.0,0.0,22.218,21.767,21.388,20.951,20.581000000000003,20.263,19.955,19.763,19.563,19.48,19.458,19.483,19.546,19.642,19.777,19.909,20.022,20.126,20.241,20.313,20.346
12101168627,0.0,0.0,0.0,0.0,0.0,0.0,0.0,0.0,0.0,0.0,0.0,0.0,0.0,0.0,0.0,0.0,0.0,0.0,0.0,0.0,0.0,15.47,15.219,15.031,14.779,14.516,14.275,14.021,13.878,13.755,13.721,13.748,13.815,13.902,14.017,14.163,14.304000000000002,14.431,14.553,14.626,14.673,14.683
12101168628,0.0,0.0,0.0,0.0,0.0,0.0,0.0,0.0,0.0,0.0,0.0,0.0,0.0,0.0,0.0,0.0,0.0,0.0,0.0,0.0,0.0,31.513,31.258000000000003,31.020000000000003,30.621,30.197,29.884,29.569000000000003,29.44,29.32,29.329,29.385,29.494,29.638,29.8,30.001,30.194,30.363,30.526000000000003,30.639,30.708,30.734
12101168629,60.0,60.0,60.0,60.0,60.0,60.0,60.0,60.0,60.0,60.0,60.0,60.0,60.0,60.0,60.0,60.0,60.0,60.0,60.0,60.0,60.0,25.52,24.735999999999997,24.138,23.465,22.827,22.274,21.717,21.37,21.069000000000003,20.925,20.942,21.023,21.129,21.308999999999997,21.552999999999997,21.789,21.999,22.214,22.301,22.342,22.318
12101168630,186.0,186.0,186.0,186.0,186.0,186.0,186.0,186.0,186.0,186.0,186.0,186.0,186.0,186.0,186.0,186.0,186.0,186.0,186.0,186.0,186.0,33.257,33.385000000000005,33.571,33.505,33.266999999999996,33.026,32.716,32.562,32.378,32.339999999999996,32.393,32.504000000000005,32.64,32.813,33.031,33.235,33.407,33.578,33.715,33.786,33.811
12101168631,0.0,0.0,0.0,0.0,0.0,0.0,0.0,0.0,0.0,0.0,0.0,0.0,0.0,0.0,0.0,0.0,0.0,0.0,0.0,0.0,0.0,27.234,26.679,26.226,25.708,25.243,24.842,24.448,24.238999999999997,24.064,24.041,24.104999999999997,24.24,24.415,24.633000000000003,24.905,25.171,25.416,25.649,25.801,25.903,25.939
12101168632,0.0,0.0,0.0,0.0,0.0,0.0,0.0,0.0,0.0,0.0,0.0,0.0,0.0,0.0,0.0,0.0,0.0,0.0,0.0,0.0,0.0,29.346000000000004,28.363,27.605,26.860999999999997,26.278,25.871,25.501,25.324,25.174,25.162,25.207,25.308,25.444,25.604,25.805999999999997,25.999,26.171,26.332,26.439,26.506,26.523
12101168633,0.0,0.0,0.0,0.0,0.0,0.0,0.0,0.0,0.0,0.0,0.0,0.0,0.0,0.0,0.0,0.0,0.0,0.0,0.0,0.0,0.0,43.381,41.67400000000001,40.289,38.861,37.596,36.614,35.697,35.123999999999995,34.631,34.377,34.296,34.314,34.382000000000005,34.522999999999996,34.743,34.953,35.136,35.317,35.387,35.4,35.344
12101168634,0.0,0.0,0.0,0.0,0.0,0.0,0.0,0.0,0.0,0.0,0.0,0.0,0.0,0.0,0.0,0.0,0.0,0.0,0.0,0.0,0.0,12.55,12.238,11.951,11.591,11.271999999999998,11.013,10.760000000000002,10.598,10.449,10.365,10.342,10.345,10.36,10.404,10.473,10.538,10.592,10.648,10.671,10.676,10.656
12101168635,0.0,0.0,0.0,0.0,0.0,0.0,0.0,0.0,0.0,0.0,0.0,0.0,0.0,0.0,0.0,0.0,0.0,0.0,0.0,0.0,0.0,22.898,22.987,23.115,23.069000000000003,22.906,22.739,22.526,22.512,22.539,22.667,22.859,23.091,23.342,23.621,23.933999999999997,24.238999999999997,24.524,24.807,24.908,24.96,24.977
12101168636,0.0,0.0,0.0,0.0,0.0,0.0,0.0,0.0,0.0,0.0,0.0,0.0,0.0,0.0,0.0,0.0,0.0,0.0,0.0,0.0,0.0,30.787000000000003,31.562,32.346000000000004,32.777,32.844,32.738,32.516,32.458,32.37,32.434,32.615,32.857,33.131,33.461,33.816,34.168,34.489,34.798,35.002,35.089999999999996,35.157000000000004
12101168714,20.0,20.0,20.0,20.0,20.0,20.0,20.0,20.0,20.0,20.0,20.0,20.0,20.0,20.0,20.0,20.0,20.0,20.0,20.0,20.0,20.0,76.182,98.189,96.031,93.991,93.441,90.432,89.622,87.42099999999999,86.582,86.05699999999999,85.893,86.172,86.458,87.062,87.64099999999999,88.21600000000001,88.619,88.887,88.991,88.87299999999999,88.618
12104141301,0.0,0.0,0.0,0.0,0.0,0.0,0.0,0.0,0.0,0.0,0.0,0.0,0.0,0.0,0.0,0.0,0.0,0.0,0.0,0.0,0.0,33.561,33.227999999999994,32.259,31.109,30.591,30.219,30.179,30.198,30.391,30.552999999999997,30.743,30.915,31.095,31.305,31.476999999999997,31.689,31.831,31.996,32.115,32.213,32.265
12104141303,0.0,0.0,0.0,0.0,0.0,0.0,0.0,0.0,0.0,0.0,0.0,0.0,0.0,0.0,0.0,0.0,0.0,0.0,0.0,0.0,0.0,22.649,22.826,22.768,22.654,22.698,22.522,22.481,22.474,22.607,22.770000000000003,22.963,23.192,23.423,23.685,23.91,24.169,24.353,24.549,24.686,24.795,24.838
12104141304,0.0,0.0,0.0,0.0,0.0,0.0,0.0,0.0,0.0,0.0,0.0,0.0,0.0,0.0,0.0,0.0,0.0,0.0,0.0,0.0,0.0,23.209,21.770000000000003,20.296,19.034,18.424999999999997,17.912,17.655,17.509,17.524,17.59,17.709,17.869999999999997,18.045,18.26,18.459,18.676,18.839,18.996,19.105,19.18,19.199
12104141305,160.0,160.0,160.0,160.0,160.0,160.0,160.0,160.0,160.0,160.0,160.0,160.0,160.0,160.0,160.0,160.0,160.0,160.0,160.0,160.0,160.0,17.212,15.536,14.384,13.499,13.168,12.91,12.873,12.916,13.06,13.244,13.467,13.707,13.949,14.227,14.498,14.791,15.041999999999998,15.297,15.52,15.719,15.874
12104141306,0.0,0.0,0.0,0.0,0.0,0.0,0.0,0.0,0.0,0.0,0.0,0.0,0.0,0.0,0.0,0.0,0.0,0.0,0.0,0.0,0.0,20.917,20.293,19.524,18.984,18.954,18.856,18.973,19.154,19.379,19.564,19.724,19.918,20.105,20.339,20.554,20.793,20.965,21.141,21.262,21.362,21.39
12104141307,0.0,0.0,0.0,0.0,0.0,0.0,0.0,0.0,0.0,0.0,0.0,0.0,0.0,0.0,0.0,0.0,0.0,0.0,0.0,0.0,0.0,18.116,16.83,15.643999999999998,14.704999999999998,14.375,14.099,14.02,14.012,14.127,14.261,14.403,14.57,14.733,14.919,15.086,15.267,15.401,15.531,15.623,15.695,15.719
12104141308,0.0,0.0,0.0,0.0,0.0,0.0,0.0,0.0,0.0,0.0,0.0,0.0,0.0,0.0,0.0,0.0,0.0,0.0,0.0,0.0,0.0,12.213,11.605,10.915,10.326,10.058,9.846,9.761,9.724,9.771,9.843,9.921,10.019,10.113,10.224,10.324,10.444,10.529,10.618,10.674,10.724,10.739
12104141309,0.0,0.0,0.0,0.0,0.0,0.0,0.0,0.0,0.0,0.0,0.0,0.0,0.0,0.0,0.0,0.0,0.0,0.0,0.0,0.0,0.0,21.871,20.638,19.86,18.782,18.373,18.006999999999998,17.909,17.901,18.078,18.276,18.461,18.681,18.89,19.141,19.372,19.636,19.831,20.03,20.165,20.281,20.323
12104141310,214.0,214.0,214.0,214.0,214.0,214.0,214.0,214.0,214.0,214.0,214.0,214.0,214.0,214.0,214.0,214.0,214.0,214.0,214.0,214.0,214.0,51.088,49.762,47.685,45.592,44.552,43.78,43.489,43.348,43.459,43.614,43.864,44.134,44.436,44.78,45.07,45.417,45.653000000000006,45.91,46.087,46.225,46.286
12104141311,0.0,0.0,0.0,0.0,0.0,0.0,0.0,0.0,0.0,0.0,0.0,0.0,0.0,0.0,0.0,0.0,0.0,0.0,0.0,0.0,0.0,31.685,28.701,25.878,23.555999999999997,22.401,21.522,21.058999999999997,20.787,20.758,20.816000000000003,20.917,21.073,21.237,21.446,21.634,21.854,22.0,22.144,22.221,22.271,22.249
12104141313,69.0,69.0,69.0,69.0,69.0,69.0,69.0,69.0,69.0,69.0,69.0,69.0,69.0,69.0,69.0,69.0,69.0,69.0,69.0,69.0,69.0,28.892000000000003,28.027,26.964,25.966,25.621,25.193,25.058,25.011,25.262,25.561,25.872,26.23,26.581,26.996,27.386,27.813,28.15,28.496,28.767000000000003,29.012,29.159
12104141315,250.0,250.0,250.0,250.0,250.0,250.0,250.0,250.0,250.0,250.0,250.0,250.0,250.0,250.0,250.0,250.0,250.0,250.0,250.0,250.0,250.0,24.011000000000003,22.593,21.094,19.784,19.12,18.574,18.285,18.12,18.115,18.182,18.317,18.502,18.703,18.945,19.173,19.417,19.602,19.778,19.899,19.987,20.006
12104141325,0.0,0.0,0.0,0.0,0.0,0.0,0.0,0.0,0.0,0.0,0.0,0.0,0.0,0.0,0.0,0.0,0.0,0.0,0.0,0.0,0.0,34.057,32.832,31.31,29.767,28.988,28.291,27.967,27.762,27.789,27.842,27.946,28.079,28.231,28.433,28.61,28.834,28.984,29.15,29.264,29.346,29.369
12104141326,0.0,0.0,0.0,0.0,0.0,0.0,0.0,0.0,0.0,0.0,0.0,0.0,0.0,0.0,0.0,0.0,0.0,0.0,0.0,0.0,0.0,25.268,23.845,22.073,20.876,20.422,20.018,19.911,19.903,20.101,20.323,20.53,20.777,21.01,21.29,21.549,21.845,22.064,22.287,22.438,22.57,22.618
12104141327,0.0,0.0,0.0,0.0,0.0,0.0,0.0,0.0,0.0,0.0,0.0,0.0,0.0,0.0,0.0,0.0,0.0,0.0,0.0,0.0,0.0,25.473,25.475,24.893,24.36,24.172,23.843,23.746,23.73,23.911,24.127,24.342,24.602000000000004,24.841,25.118,25.357,25.639,25.832,26.04,26.171,26.284,26.314
12104141328,0.0,0.0,0.0,0.0,0.0,0.0,0.0,0.0,0.0,0.0,0.0,0.0,0.0,0.0,0.0,0.0,0.0,0.0,0.0,0.0,0.0,16.387999999999998,15.785,15.425,15.095,14.978000000000002,14.774,14.715,14.705,14.816,14.951,15.085,15.245,15.394,15.566,15.714,15.889,16.009,16.137,16.22,16.289,16.308
12104141330,16.0,16.0,16.0,16.0,16.0,16.0,16.0,16.0,16.0,16.0,16.0,16.0,16.0,16.0,16.0,16.0,16.0,16.0,16.0,16.0,16.0,18.105,16.401,14.787,13.461000000000002,12.801,12.299,12.033,11.878,11.862,11.895,11.952,12.041,12.135,12.255,12.362,12.489,12.571,12.653,12.699,12.727,12.714
12104141331,0.0,0.0,0.0,0.0,0.0,0.0,0.0,0.0,0.0,0.0,0.0,0.0,0.0,0.0,0.0,0.0,0.0,0.0,0.0,0.0,0.0,17.811,17.279,16.625,16.012,15.799,15.537,15.454,15.427,15.583,15.734,15.863,16.02,16.172,16.361,16.534,16.728,16.867,17.009999999999998,17.108999999999998,17.19,17.213
12104141332,0.0,0.0,0.0,0.0,0.0,0.0,0.0,0.0,0.0,0.0,0.0,0.0,0.0,0.0,0.0,0.0,0.0,0.0,0.0,0.0,0.0,22.813,21.193,19.701,18.518,18.101,17.753999999999998,17.654,17.645,17.789,17.958,18.137,18.347,18.553,18.788,18.998,19.225,19.393,19.559,19.673,19.764,19.795
12104141333,0.0,0.0,0.0,0.0,0.0,0.0,0.0,0.0,0.0,0.0,0.0,0.0,0.0,0.0,0.0,0.0,0.0,0.0,0.0,0.0,0.0,24.023000000000003,22.826,21.469,20.311,19.786,19.367,19.2,19.128,19.219,19.36,19.513,19.707,19.892,20.112,20.305999999999997,20.541,20.71,20.886,20.996,21.093,21.122
12104141339,65.0,65.0,65.0,65.0,65.0,65.0,65.0,65.0,65.0,65.0,65.0,65.0,65.0,65.0,65.0,65.0,65.0,65.0,65.0,65.0,65.0,16.533,16.662,16.62,16.536,16.569,16.44,16.409,16.405,16.502000000000002,16.621000000000002,16.761,16.929000000000002,17.098,17.289,17.453,17.643,17.777,17.919,18.02,18.098,18.131
12104141340,0.0,0.0,0.0,0.0,0.0,0.0,0.0,0.0,0.0,0.0,0.0,0.0,0.0,0.0,0.0,0.0,0.0,0.0,0.0,0.0,0.0,22.457,21.064,19.637,18.417,17.828,17.332,17.083,16.941000000000003,16.955,17.02,17.134999999999998,17.291,17.461,17.668,17.861,18.071,18.228,18.379,18.485,18.559,18.576
12104141341,0.0,0.0,0.0,0.0,0.0,0.0,0.0,0.0,0.0,0.0,0.0,0.0,0.0,0.0,0.0,0.0,0.0,0.0,0.0,0.0,0.0,35.43,34.525999999999996,33.168,31.833999999999996,31.229,30.672,30.503,30.44,30.628,30.838,31.091,31.367,31.652,31.994,32.306,32.665,32.937,33.222,33.443,33.623999999999995,33.730000000000004
12104141342,0.0,0.0,0.0,0.0,0.0,0.0,0.0,0.0,0.0,0.0,0.0,0.0,0.0,0.0,0.0,0.0,0.0,0.0,0.0,0.0,0.0,16.070999999999998,15.166,14.039,13.278,12.989,12.731,12.663,12.659,12.785,12.926,13.057,13.215,13.363,13.541,13.705,13.893999999999998,14.033,14.174,14.271,14.355,14.385
12104141343,0.0,0.0,0.0,0.0,0.0,0.0,0.0,0.0,0.0,0.0,0.0,0.0,0.0,0.0,0.0,0.0,0.0,0.0,0.0,0.0,0.0,41.133,40.085,38.507000000000005,36.958,36.257,35.608999999999995,35.414,35.339999999999996,35.559,35.765,35.989000000000004,36.239,36.498999999999995,36.823,37.111999999999995,37.453,37.694,37.949,38.129000000000005,38.264,38.313
12104141401,169.0,169.0,169.0,169.0,169.0,169.0,169.0,169.0,169.0,169.0,169.0,169.0,169.0,169.0,169.0,169.0,169.0,169.0,169.0,169.0,169.0,30.214,31.11,29.674,30.937,32.712,34.233000000000004,35.525999999999996,36.633,35.321,34.203,33.692,33.632000000000005,33.896,34.736,35.900999999999996,36.457,36.902,37.27,37.558,37.783,37.939
12104141402,0.0,0.0,0.0,0.0,0.0,0.0,0.0,0.0,0.0,0.0,0.0,0.0,0.0,0.0,0.0,0.0,0.0,0.0,0.0,0.0,0.0,19.354,19.82,19.672,19.671,19.614,19.539,19.475,19.469,19.496,19.598,19.712,19.877,20.06,20.251,20.414,20.38,20.345,20.34,20.323,20.287,20.224
12104141403,0.0,0.0,0.0,0.0,0.0,0.0,0.0,0.0,0.0,0.0,0.0,0.0,0.0,0.0,0.0,0.0,0.0,0.0,0.0,0.0,0.0,19.235,19.586,19.431,19.451,19.442,19.406,19.362,19.372,19.42,19.529,19.641,19.792,19.944,20.103,20.258,20.404,20.53,20.629,20.697,20.744,20.745
12104141404,32.0,32.0,32.0,32.0,32.0,32.0,32.0,32.0,32.0,32.0,32.0,32.0,32.0,32.0,32.0,32.0,32.0,32.0,32.0,32.0,32.0,24.462,26.707,28.186,29.593,30.768,32.165,33.537,34.935,37.252,39.879999999999995,42.491,45.116,47.422,49.218,50.471,51.544,52.44,53.101,53.625,54.027,54.29299999999999
12104141405,0.0,0.0,0.0,0.0,0.0,0.0,0.0,0.0,0.0,0.0,0.0,0.0,0.0,0.0,0.0,0.0,0.0,0.0,0.0,0.0,0.0,39.796,40.696,39.967,39.626000000000005,39.153000000000006,38.916,38.78,38.785,38.857,39.052,39.248000000000005,39.504999999999995,39.779,40.058,40.338,40.601,40.827,41.016000000000005,41.158,41.261,41.306
12104141406,0.0,0.0,0.0,0.0,0.0,0.0,0.0,0.0,0.0,0.0,0.0,0.0,0.0,0.0,0.0,0.0,0.0,0.0,0.0,0.0,0.0,29.43,30.197000000000003,30.134,30.203000000000003,30.211,30.276,30.352,30.475,30.596000000000004,30.782,30.954,31.163,31.378,31.591,31.803,32.006,32.176,32.317,32.431,32.51,32.551
12104141407,0.0,0.0,0.0,0.0,0.0,0.0,0.0,0.0,0.0,0.0,0.0,0.0,0.0,0.0,0.0,0.0,0.0,0.0,0.0,0.0,0.0,34.277,35.756,36.101,36.517,37.768,47.921,58.336,69.627,73.247,74.962,76.57000000000001,78.053,79.408,85.513,94.522,97.611,100.242,102.208,103.846,105.184,106.217
12104141408,0.0,0.0,0.0,0.0,0.0,0.0,0.0,0.0,0.0,0.0,0.0,0.0,0.0,0.0,0.0,0.0,0.0,0.0,0.0,0.0,0.0,36.284,37.851,38.215,38.655,38.604,37.135000000000005,37.827,40.162,41.404,42.379,43.293,44.138,44.91,44.887,44.657,46.123,47.373,48.311,49.092,49.732,50.227999999999994
12104141409,0.0,0.0,0.0,0.0,0.0,0.0,0.0,0.0,0.0,0.0,0.0,0.0,0.0,0.0,0.0,0.0,0.0,0.0,0.0,0.0,0.0,38.832,39.978,39.985,40.269,40.413,40.422,40.371,40.393,40.448,40.633,40.827,41.112,41.434,41.765,42.107,42.43,42.704,42.924,43.09,43.19,43.21
12104141410,0.0,0.0,0.0,0.0,0.0,0.0,0.0,0.0,0.0,0.0,0.0,0.0,0.0,0.0,0.0,0.0,0.0,0.0,0.0,0.0,0.0,27.017000000000003,27.513,27.252,26.842,26.915999999999997,26.952,26.968,27.029,27.103,27.251,27.396,27.595,27.813,28.036,28.265,28.484,28.668,28.815,28.922000000000004,28.985,28.996
12104141411,0.0,0.0,0.0,0.0,0.0,0.0,0.0,0.0,0.0,0.0,0.0,0.0,0.0,0.0,0.0,0.0,0.0,0.0,0.0,0.0,0.0,34.429,35.956,36.407,37.139,37.64,37.938,38.133,38.397,38.769,39.216,39.623000000000005,40.082,40.518,40.948,41.343,41.694,42.011,42.276,42.442,42.603,42.64
12104141412,42.0,42.0,42.0,42.0,42.0,42.0,42.0,42.0,42.0,42.0,42.0,42.0,42.0,42.0,42.0,42.0,42.0,42.0,42.0,42.0,42.0,36.709,37.538,36.866,36.552,36.114999999999995,35.897,35.769999999999996,35.776,35.841,36.022000000000006,36.202,36.439,36.692,36.95,37.208,37.451,37.659,37.834,37.965,38.06,38.102
12104141413,0.0,0.0,0.0,0.0,0.0,0.0,0.0,0.0,0.0,0.0,0.0,0.0,0.0,0.0,0.0,0.0,0.0,0.0,0.0,0.0,0.0,23.329,23.857,23.429,23.229999999999997,22.951,22.813,22.732,22.736,22.778,22.892,23.007,23.158,23.319000000000003,23.482,23.646,23.801,23.933,24.043,24.127,24.187,24.214
12104141414,0.0,0.0,0.0,0.0,0.0,0.0,0.0,0.0,0.0,0.0,0.0,0.0,0.0,0.0,0.0,0.0,0.0,0.0,0.0,0.0,0.0,27.753,28.984,29.347,29.937,30.341,30.582,30.738,30.951,31.251,31.612,31.939,32.31,32.661,33.007999999999996,33.326,33.609,33.864000000000004,34.078,34.212,34.341,34.371
12104141415,0.0,0.0,0.0,0.0,0.0,0.0,0.0,0.0,0.0,0.0,0.0,0.0,0.0,0.0,0.0,0.0,0.0,0.0,0.0,0.0,0.0,37.661,38.352,37.987,38.59,38.696,38.747,38.77,38.858,38.963,39.176,39.384,39.67,39.982,40.302,40.631,40.946,41.211,41.42,41.574,41.666,41.68
12104141416,0.0,0.0,0.0,0.0,0.0,0.0,0.0,0.0,0.0,0.0,0.0,0.0,0.0,0.0,0.0,0.0,0.0,0.0,0.0,0.0,0.0,36.120999999999995,38.123,39.057,40.059,40.702,41.058,41.286,41.524,41.748999999999995,42.057,42.344,42.697,43.066,43.422,43.77,44.085,44.334,44.53,44.662,44.736,44.733
12104141417,0.0,0.0,0.0,0.0,0.0,0.0,0.0,0.0,0.0,0.0,0.0,0.0,0.0,0.0,0.0,0.0,0.0,0.0,0.0,0.0,0.0,32.799,33.766,33.772999999999996,34.013,34.135,34.141,34.098,34.117000000000004,34.163000000000004,34.319,34.485,34.725,34.995999999999995,35.275999999999996,35.565,35.838,36.069,36.255,36.394000000000005,36.479,36.496
12104141418,0.0,0.0,0.0,0.0,0.0,0.0,0.0,0.0,0.0,0.0,0.0,0.0,0.0,0.0,0.0,0.0,0.0,0.0,0.0,0.0,0.0,26.162,26.171,25.392,24.915999999999997,24.475,24.101,23.787,23.595,23.484,23.486,23.534,23.651,23.79,23.953,24.121,24.284,24.406,24.502,24.562,24.590000000000003,24.563
12104141419,0.0,0.0,0.0,0.0,0.0,0.0,0.0,0.0,0.0,0.0,0.0,0.0,0.0,0.0,0.0,0.0,0.0,0.0,0.0,0.0,0.0,22.738999999999997,23.752,24.151,24.659,25.049,25.309,25.479,25.666,25.878,26.134,26.359,26.621,26.872,27.131,27.381,27.616999999999997,27.833,28.012,28.136000000000003,28.236,28.257
12104141420,0.0,0.0,0.0,0.0,0.0,0.0,0.0,0.0,0.0,0.0,0.0,0.0,0.0,0.0,0.0,0.0,0.0,0.0,0.0,0.0,0.0,29.28,30.507,30.961999999999996,31.552,31.965,32.192,32.317,32.458,32.593,32.8,32.998,33.249,33.507,33.767,34.024,34.266,34.466,34.628,34.75,34.824,34.836999999999996
12104141421,0.0,0.0,0.0,0.0,0.0,0.0,0.0,0.0,0.0,0.0,0.0,0.0,0.0,0.0,0.0,0.0,0.0,0.0,0.0,0.0,0.0,26.075,26.755,26.699,26.759,26.767,26.825,26.893,27.001,27.109,27.274,27.425,27.61,27.801,27.99,28.177999999999997,28.357,28.509,28.633,28.734,28.804,28.839
12104141422,0.0,0.0,0.0,0.0,0.0,0.0,0.0,0.0,0.0,0.0,0.0,0.0,0.0,0.0,0.0,0.0,0.0,0.0,0.0,0.0,0.0,18.184,18.947,19.229,19.595,19.852,19.993,20.07,20.159,20.242,20.37,20.493,20.649,20.811,20.971,21.131,21.281,21.406,21.506,21.581,21.628,21.636
12104141423,0.0,0.0,0.0,0.0,0.0,0.0,0.0,0.0,0.0,0.0,0.0,0.0,0.0,0.0,0.0,0.0,0.0,0.0,0.0,0.0,0.0,7.625,7.628,7.401,7.263,7.134,7.025,6.934,6.878,6.845000000000001,6.846,6.859999999999999,6.894,6.934,6.982,7.031000000000001,7.077999999999999,7.114000000000001,7.1419999999999995,7.159000000000001,7.167999999999999,7.159
12104141424,0.0,0.0,0.0,0.0,0.0,0.0,0.0,0.0,0.0,0.0,0.0,0.0,0.0,0.0,0.0,0.0,0.0,0.0,0.0,0.0,0.0,32.534,33.127,32.866,32.897999999999996,32.885,32.823,32.749,32.766999999999996,32.848,33.032,33.22,33.477000000000004,33.734,34.003,34.263999999999996,34.512,34.726,34.891999999999996,35.008,35.087,35.088
12104141425,0.0,0.0,0.0,0.0,0.0,0.0,0.0,0.0,0.0,0.0,0.0,0.0,0.0,0.0,0.0,0.0,0.0,0.0,0.0,0.0,0.0,39.848,45.836,52.296,59.757,72.027,79.623,86.44200000000001,92.223,96.65,100.082,102.461,104.312,105.649,106.668,106.659,102.16,98.52,96.254,94.392,92.826,91.442
12104141426,0.0,0.0,0.0,0.0,0.0,0.0,0.0,0.0,0.0,0.0,0.0,0.0,0.0,0.0,0.0,0.0,0.0,0.0,0.0,0.0,0.0,19.539,20.864,21.833,22.809,23.524,23.536,23.506,23.544,24.034,24.612,25.092,25.538,25.92,26.243,26.528,26.777,26.979,27.137,27.255000000000003,27.341,27.381
12104141427,0.0,0.0,0.0,0.0,0.0,0.0,0.0,0.0,0.0,0.0,0.0,0.0,0.0,0.0,0.0,0.0,0.0,0.0,0.0,0.0,0.0,17.095,18.159,19.173,20.139,20.881,21.093,21.213,21.344,20.896,20.569,20.426,20.44,20.572,20.947,21.497,21.971,22.37,22.671,22.912,23.101,23.233
12104141428,0.0,0.0,0.0,0.0,0.0,0.0,0.0,0.0,0.0,0.0,0.0,0.0,0.0,0.0,0.0,0.0,0.0,0.0,0.0,0.0,0.0,22.099,21.963,21.307,20.956,20.702,20.505000000000003,20.342,20.262,20.229,20.279,20.346,20.466,20.598,20.743,20.89,21.03,21.142,21.228,21.286,21.315,21.298
12104141429,14.0,14.0,14.0,14.0,14.0,14.0,14.0,14.0,14.0,14.0,14.0,14.0,14.0,14.0,14.0,14.0,14.0,14.0,14.0,14.0,14.0,24.157,24.738,24.554,24.552,24.481,24.387,24.307,24.301,24.335,24.463,24.605,24.809,25.039,25.277,25.562,26.068,26.569000000000003,26.995,27.405,27.788,28.131
12104141430,0.0,0.0,0.0,0.0,0.0,0.0,0.0,0.0,0.0,0.0,0.0,0.0,0.0,0.0,0.0,0.0,0.0,0.0,0.0,0.0,0.0,46.479,47.867,47.605,47.753,47.761,47.934,48.111,48.38,48.65,49.015,49.367,49.767,50.145,50.527,50.872,51.085,51.233999999999995,51.379999999999995,51.482,51.544,51.532
12104141431,75.0,75.0,75.0,75.0,75.0,75.0,75.0,75.0,75.0,75.0,75.0,75.0,75.0,75.0,75.0,75.0,75.0,75.0,75.0,75.0,75.0,28.94,31.195,32.637,34.089,35.296,36.909,38.595,40.387,41.596,42.58,43.393,44.144,44.786,45.327,45.799,46.211,46.541,46.795,46.978,47.108,47.158
12104141432,0.0,0.0,0.0,0.0,0.0,0.0,0.0,0.0,0.0,0.0,0.0,0.0,0.0,0.0,0.0,0.0,0.0,0.0,0.0,0.0,0.0,30.697,32.235,32.786,33.417,33.729,33.849,33.903999999999996,34.016999999999996,34.164,34.409,34.651,34.95,35.255,35.553,35.838,36.096,36.314,36.492999999999995,36.629,36.717,36.74
12104141433,322.0,322.0,322.0,322.0,322.0,322.0,322.0,322.0,322.0,322.0,322.0,322.0,322.0,322.0,322.0,322.0,322.0,322.0,322.0,322.0,322.0,20.753,21.793,22.165,22.592,22.802999999999997,22.884,22.921,22.998,23.097,23.262,23.425,23.629,23.835,24.036,24.229,24.403,24.55,24.672,24.763,24.823,24.839
12104141434,0.0,0.0,0.0,0.0,0.0,0.0,0.0,0.0,0.0,0.0,0.0,0.0,0.0,0.0,0.0,0.0,0.0,0.0,0.0,0.0,0.0,36.564,38.026,38.216,38.501,38.546,38.654,38.762,38.964,39.2,39.513000000000005,39.831,40.189,40.518,40.861999999999995,41.181,41.479,41.706999999999994,41.915,42.067,42.189,42.224
12104141435,45.0,45.0,45.0,45.0,45.0,45.0,45.0,45.0,45.0,45.0,45.0,45.0,45.0,45.0,45.0,45.0,45.0,45.0,45.0,45.0,45.0,36.716,37.792,40.963,43.845,46.321,48.434,50.22,51.742,56.47,62.089,67.73,73.44999999999999,78.531,82.512,85.386,88.485,91.349,93.644,95.759,97.715,99.497
12104141436,0.0,0.0,0.0,0.0,0.0,0.0,0.0,0.0,0.0,0.0,0.0,0.0,0.0,0.0,0.0,0.0,0.0,0.0,0.0,0.0,0.0,20.328,18.373,16.937,16.497999999999998,15.665,17.164,18.453,19.5,20.394,21.118,21.621,22.011000000000003,22.294,22.51,23.73,30.529,36.962,41.991,46.944,51.834999999999994,56.646
12104141437,0.0,0.0,0.0,0.0,0.0,0.0,0.0,0.0,0.0,0.0,0.0,0.0,0.0,0.0,0.0,0.0,0.0,0.0,0.0,0.0,0.0,12.136,10.969,10.111,9.85,9.353,10.247,11.016,11.641,12.175,12.608,12.908,13.142,13.31,13.439,13.438,12.871,12.413,12.128,11.894,11.696,11.523
12104141438,0.0,0.0,0.0,0.0,0.0,0.0,0.0,0.0,0.0,0.0,0.0,0.0,0.0,0.0,0.0,0.0,0.0,0.0,0.0,0.0,0.0,23.206,24.493,25.092,25.736,26.15,26.378,26.524,26.677,26.821,27.019,27.205,27.430999999999997,27.668,27.896,28.12,28.322,28.483000000000004,28.609,28.694000000000003,28.741,28.739
12104141439,0.0,0.0,0.0,0.0,0.0,0.0,0.0,0.0,0.0,0.0,0.0,0.0,0.0,0.0,0.0,0.0,0.0,0.0,0.0,0.0,0.0,24.778,25.517,25.378,25.457,25.461,25.552999999999997,25.648,25.791,25.935,26.130000000000003,26.317,26.53,26.731,26.935,27.152,27.484,27.783,28.037,28.266,28.473999999999997,28.64
12104141440,0.0,0.0,0.0,0.0,0.0,0.0,0.0,0.0,0.0,0.0,0.0,0.0,0.0,0.0,0.0,0.0,0.0,0.0,0.0,0.0,0.0,30.04,31.241999999999997,31.398,31.633000000000003,31.669,31.758,31.847,32.013,32.205999999999996,32.463,32.725,33.019999999999996,33.29,33.571,33.835,34.08,34.266999999999996,34.437,34.562,34.662,34.692
12104141441,0.0,0.0,0.0,0.0,0.0,0.0,0.0,0.0,0.0,0.0,0.0,0.0,0.0,0.0,0.0,0.0,0.0,0.0,0.0,0.0,0.0,17.338,18.031,18.122,18.257,18.278,18.329,18.38,18.476,18.587,18.736,18.887,19.057,19.213,19.376,19.528,19.668,19.777,19.875,19.948,20.005,20.022
12104141442,0.0,0.0,0.0,0.0,0.0,0.0,0.0,0.0,0.0,0.0,0.0,0.0,0.0,0.0,0.0,0.0,0.0,0.0,0.0,0.0,0.0,28.515,29.258000000000003,29.197000000000003,29.263999999999996,29.271,29.334,29.409,29.528,29.646,29.825000000000003,29.991,30.194,30.403,30.608,30.815,31.011000000000003,31.176,31.313,31.423,31.499,31.538
12104141443,0.0,0.0,0.0,0.0,0.0,0.0,0.0,0.0,0.0,0.0,0.0,0.0,0.0,0.0,0.0,0.0,0.0,0.0,0.0,0.0,0.0,23.112,23.119999999999997,22.432,22.012,21.622,21.291,21.013,20.845,20.746,20.747,20.79,20.894,21.017,21.16,21.309,21.453,21.56,21.645,21.698,21.723,21.699
12104141444,25.0,25.0,25.0,25.0,25.0,25.0,25.0,25.0,25.0,25.0,25.0,25.0,25.0,25.0,25.0,25.0,25.0,25.0,25.0,25.0,25.0,28.97,30.221000000000004,30.512,30.863,30.5,26.471,24.606,24.221,34.391,46.914,58.79899999999999,69.916,79.02199999999999,82.633,82.197,84.88300000000001,87.17,88.88,90.305,91.468,92.366
12104141601,0.0,0.0,0.0,0.0,0.0,0.0,0.0,0.0,0.0,0.0,0.0,0.0,0.0,0.0,0.0,0.0,0.0,0.0,0.0,0.0,0.0,21.594,21.798,21.376,21.217,20.912,20.547,20.187,19.911,19.71,19.585,19.537,19.584,19.667,19.806,19.995,20.215,20.399,20.571,20.712,20.814,20.873
12104141602,0.0,0.0,0.0,0.0,0.0,0.0,0.0,0.0,0.0,0.0,0.0,0.0,0.0,0.0,0.0,0.0,0.0,0.0,0.0,0.0,0.0,20.106,19.464,18.225,17.46,17.275,17.1,16.722,16.446,16.252,16.131,16.088,16.131,16.203,16.326,16.47,16.626,16.75,16.86,16.944,16.994,17.006999999999998
12104141603,48.0,48.0,48.0,48.0,48.0,48.0,48.0,48.0,48.0,48.0,48.0,48.0,48.0,48.0,48.0,48.0,48.0,48.0,48.0,48.0,48.0,11.415,11.647,11.609,11.695,11.712,11.643,11.549,11.474,11.41,11.386,11.376,11.433,11.496,11.59,11.687,11.779,11.854,11.907,11.946000000000002,11.962,11.955
12104141604,0.0,0.0,0.0,0.0,0.0,0.0,0.0,0.0,0.0,0.0,0.0,0.0,0.0,0.0,0.0,0.0,0.0,0.0,0.0,0.0,0.0,19.868,19.768,19.125,18.781,18.385,18.004,17.66,17.404,17.22,17.114,17.073,17.122999999999998,17.206,17.341,17.491,17.653,17.783,17.895,17.978,18.021,18.026
12104141605,0.0,0.0,0.0,0.0,0.0,0.0,0.0,0.0,0.0,0.0,0.0,0.0,0.0,0.0,0.0,0.0,0.0,0.0,0.0,0.0,0.0,18.532,17.701,16.575,15.881,15.206,14.673,14.352,14.116,13.952,13.85,13.815,13.854,13.918,14.025,14.151,14.287,14.396,14.492,14.566,14.611999999999998,14.625
12104141606,88.0,88.0,88.0,88.0,88.0,88.0,88.0,88.0,88.0,88.0,88.0,88.0,88.0,88.0,88.0,88.0,88.0,88.0,88.0,88.0,88.0,23.054,22.687,21.726,21.174,20.622,20.138,19.718,19.409,19.191,19.062,19.01,19.058,19.145,19.288,19.447,19.619,19.758,19.876,19.961,20.003,20.0
12104141607,0.0,0.0,0.0,0.0,0.0,0.0,0.0,0.0,0.0,0.0,0.0,0.0,0.0,0.0,0.0,0.0,0.0,0.0,0.0,0.0,0.0,19.824,20.091,19.736,19.58,19.232,18.9,18.65,18.489,18.405,18.387,18.435,18.561,18.721,18.924999999999997,19.099,19.27,19.402,19.525,19.615,19.664,19.676
12104141608,0.0,0.0,0.0,0.0,0.0,0.0,0.0,0.0,0.0,0.0,0.0,0.0,0.0,0.0,0.0,0.0,0.0,0.0,0.0,0.0,0.0,11.828,11.843,11.544,11.412,11.234,11.049,10.886,10.755,10.659,10.6,10.568,10.582,10.611,10.676,10.754,10.848,10.927,11.005,11.066,11.1,11.115
12104141609,0.0,0.0,0.0,0.0,0.0,0.0,0.0,0.0,0.0,0.0,0.0,0.0,0.0,0.0,0.0,0.0,0.0,0.0,0.0,0.0,0.0,18.505,18.224,17.46,16.988,16.562,16.18,15.855,15.6,15.410999999999998,15.278,15.202,15.194,15.209,15.266000000000002,15.338,15.422999999999998,15.484000000000002,15.539,15.571000000000002,15.577,15.554
12104141610,0.0,0.0,0.0,0.0,0.0,0.0,0.0,0.0,0.0,0.0,0.0,0.0,0.0,0.0,0.0,0.0,0.0,0.0,0.0,0.0,0.0,19.442,19.33,18.778,18.496,18.249,18.04,17.839,17.688,17.584,17.523,17.506,17.557,17.627,17.738,17.799,17.842,17.858,17.866,17.856,17.817,17.752
12104141611,0.0,0.0,0.0,0.0,0.0,0.0,0.0,0.0,0.0,0.0,0.0,0.0,0.0,0.0,0.0,0.0,0.0,0.0,0.0,0.0,0.0,10.173,10.061,9.7,9.528,9.358,9.168,8.986,8.845,8.741999999999999,8.677,8.654,8.678,8.721,8.791,8.873000000000001,8.963000000000001,9.034,9.101,9.151,9.184,9.196
12104141612,0.0,0.0,0.0,0.0,0.0,0.0,0.0,0.0,0.0,0.0,0.0,0.0,0.0,0.0,0.0,0.0,0.0,0.0,0.0,0.0,0.0,10.154,10.29,10.109,10.029,9.851,9.66,9.43,9.25,9.113,9.009,8.940999999999999,8.911,8.899000000000001,8.907,8.962,9.043,9.105,9.163,9.205,9.229,9.235
12104141613,0.0,0.0,0.0,0.0,0.0,0.0,0.0,0.0,0.0,0.0,0.0,0.0,0.0,0.0,0.0,0.0,0.0,0.0,0.0,0.0,0.0,21.288,21.432,20.945,20.681,20.409,20.137,19.897,19.719,19.595,19.529,19.515,19.585,19.676,19.815,19.965,20.124,20.249,20.359,20.442,20.491,20.504
12104141614,0.0,0.0,0.0,0.0,0.0,0.0,0.0,0.0,0.0,0.0,0.0,0.0,0.0,0.0,0.0,0.0,0.0,0.0,0.0,0.0,0.0,26.412,26.278999999999996,25.423,24.966,24.44,23.934,23.476,23.136000000000003,22.892,22.751,22.695,22.763,22.874,23.052,23.253,23.466,23.64,23.788,23.898,23.957,23.963
12104141615,0.0,0.0,0.0,0.0,0.0,0.0,0.0,0.0,0.0,0.0,0.0,0.0,0.0,0.0,0.0,0.0,0.0,0.0,0.0,0.0,0.0,29.304,28.857999999999997,27.647,26.898,26.223,25.617,25.101,24.696,24.397,24.184,24.064,24.049,24.071,24.161,24.273,24.409,24.502,24.588,24.639,24.646,24.610999999999997
12104141616,0.0,0.0,0.0,0.0,0.0,0.0,0.0,0.0,0.0,0.0,0.0,0.0,0.0,0.0,0.0,0.0,0.0,0.0,0.0,0.0,0.0,9.241,9.138,8.811,8.656,8.5,8.328,8.163,8.033999999999999,7.941000000000001,7.881,7.861000000000001,7.883000000000001,7.921,7.986,8.06,8.141,8.206,8.266,8.313,8.342,8.353
12104141617,0.0,0.0,0.0,0.0,0.0,0.0,0.0,0.0,0.0,0.0,0.0,0.0,0.0,0.0,0.0,0.0,0.0,0.0,0.0,0.0,0.0,22.079,21.678,20.809,20.36,19.96,19.631,19.376,19.16,18.999,18.902,18.827,18.827,18.854,18.953000000000003,19.08,19.237,19.386000000000003,19.537,19.665,19.73,19.77
12104141618,0.0,0.0,0.0,0.0,0.0,0.0,0.0,0.0,0.0,0.0,0.0,0.0,0.0,0.0,0.0,0.0,0.0,0.0,0.0,0.0,0.0,34.78,35.059,34.256,34.116,33.521,33.205,32.911,32.706,32.574,32.498999999999995,32.488,32.59,32.71,32.901,33.108999999999995,33.332,33.507,33.664,33.789,33.869,33.9
12104141619,0.0,0.0,0.0,0.0,0.0,0.0,0.0,0.0,0.0,0.0,0.0,0.0,0.0,0.0,0.0,0.0,0.0,0.0,0.0,0.0,0.0,20.130000000000003,20.265,19.805,19.555,19.298,19.041,18.815,18.645,18.529,18.466,18.453000000000003,18.52,18.605,18.737,18.879,19.029,19.147,19.251,19.33,19.376,19.388
12104141620,0.0,0.0,0.0,0.0,0.0,0.0,0.0,0.0,0.0,0.0,0.0,0.0,0.0,0.0,0.0,0.0,0.0,0.0,0.0,0.0,0.0,11.282,11.297,11.011,10.885,10.715,10.539,10.384,10.258,10.167,10.11,10.08,10.093,10.121,10.183,10.258,10.347,10.423,10.496,10.555,10.588,10.602
12104141622,30.0,30.0,30.0,30.0,30.0,30.0,30.0,30.0,30.0,30.0,30.0,30.0,30.0,30.0,30.0,30.0,30.0,30.0,30.0,30.0,30.0,23.029,23.247,22.796,22.628,22.301,21.913,21.53,21.235,21.02,20.887,20.835,20.886,20.975,21.122,21.255000000000003,21.386000000000003,21.48,21.56,21.608,21.612,21.575
12104141623,45.0,45.0,45.0,45.0,45.0,45.0,45.0,45.0,45.0,45.0,45.0,45.0,45.0,45.0,45.0,45.0,45.0,45.0,45.0,45.0,45.0,23.149,24.195,24.449,24.782000000000004,24.712,24.488,24.220999999999997,24.022,23.892,23.825,23.823,23.914,24.039,24.214,24.396,24.592,24.741999999999997,24.881,24.983,25.037,25.049
12104141624,0.0,0.0,0.0,0.0,0.0,0.0,0.0,0.0,0.0,0.0,0.0,0.0,0.0,0.0,0.0,0.0,0.0,0.0,0.0,0.0,0.0,15.288,15.979,16.146,16.366999999999997,16.321,16.173,15.996,15.864999999999998,15.779,15.735,15.733,15.793,15.876,15.992,16.112,16.241,16.341,16.432000000000002,16.5,16.536,16.542
12104141625,0.0,0.0,0.0,0.0,0.0,0.0,0.0,0.0,0.0,0.0,0.0,0.0,0.0,0.0,0.0,0.0,0.0,0.0,0.0,0.0,0.0,21.468,20.957,19.964,19.422,18.947,18.441000000000003,17.95,17.542,17.216,16.974,16.826999999999998,16.785,16.783,16.847,16.941,17.055,17.137,17.211,17.26,17.276,17.253999999999998
12104141626,0.0,0.0,0.0,0.0,0.0,0.0,0.0,0.0,0.0,0.0,0.0,0.0,0.0,0.0,0.0,0.0,0.0,0.0,0.0,0.0,0.0,12.366,12.072,11.5,11.187,10.914,10.623,10.34,10.105,9.916,9.777,9.693,9.669,9.668,9.704,9.759,9.824,9.871,9.914,9.942,9.951,9.939
12104141627,0.0,0.0,0.0,0.0,0.0,0.0,0.0,0.0,0.0,0.0,0.0,0.0,0.0,0.0,0.0,0.0,0.0,0.0,0.0,0.0,0.0,29.073,29.19,28.415,28.18,27.606,27.281,26.998,26.807,26.693,26.633,26.632,26.715,26.821,26.978,27.146,27.329,27.471000000000004,27.605,27.707,27.769,27.792
12104141628,44.0,44.0,44.0,44.0,44.0,44.0,44.0,44.0,44.0,44.0,44.0,44.0,44.0,44.0,44.0,44.0,44.0,44.0,44.0,44.0,44.0,25.118,25.22,24.549999999999997,24.347,23.851,23.571,23.326,23.161,23.063,23.01,23.01,23.081000000000003,23.174,23.309,23.455,23.613,23.735,23.851,23.939,23.991999999999997,24.012
12104141631,0.0,0.0,0.0,0.0,0.0,0.0,0.0,0.0,0.0,0.0,0.0,0.0,0.0,0.0,0.0,0.0,0.0,0.0,0.0,0.0,0.0,22.052,21.421,20.322,19.698,19.152,18.72,18.36,18.111,17.945999999999998,17.858,17.837,17.9,17.999,18.141,18.294,18.457,18.585,18.695,18.773,18.809,18.806
12104141632,59.0,59.0,59.0,59.0,59.0,59.0,59.0,59.0,59.0,59.0,59.0,59.0,59.0,59.0,59.0,59.0,59.0,59.0,59.0,59.0,59.0,11.528,11.199,10.625,10.298,10.013,9.788,9.599,9.469,9.383,9.337,9.326,9.359,9.41,9.485,9.565,9.65,9.718,9.775,9.816,9.835,9.833
12104141633,0.0,0.0,0.0,0.0,0.0,0.0,0.0,0.0,0.0,0.0,0.0,0.0,0.0,0.0,0.0,0.0,0.0,0.0,0.0,0.0,0.0,21.701,20.728,19.41,18.598,17.806,17.183,16.805999999999997,16.531,16.338,16.218,16.177,16.222,16.298000000000002,16.424,16.572,16.731,16.858,16.97,17.058,17.110999999999997,17.126
12104141634,300.0,300.0,300.0,300.0,300.0,300.0,300.0,300.0,300.0,300.0,300.0,300.0,300.0,300.0,300.0,300.0,300.0,300.0,300.0,300.0,300.0,9.478,9.326,8.932,8.705,8.478,8.279,8.107,7.98,7.889,7.837,7.815,7.835000000000001,7.871,7.929,7.995000000000001,8.066,8.122,8.171,8.206,8.223,8.222000000000001
12104141635,0.0,0.0,0.0,0.0,0.0,0.0,0.0,0.0,0.0,0.0,0.0,0.0,0.0,0.0,0.0,0.0,0.0,0.0,0.0,0.0,0.0,33.573,33.842,33.068,32.933,32.358000000000004,32.052,31.769,31.571,31.443,31.371,31.36,31.459,31.575,31.759,31.96,32.175,32.344,32.497,32.615,32.693,32.724000000000004
12104141636,0.0,0.0,0.0,0.0,0.0,0.0,0.0,0.0,0.0,0.0,0.0,0.0,0.0,0.0,0.0,0.0,0.0,0.0,0.0,0.0,0.0,13.429,13.045,12.375,11.996,11.663,11.401,11.181,11.03,10.93,10.875,10.863,10.901,10.962,11.049,11.142,11.242,11.319,11.387,11.434,11.456,11.454
12104141637,0.0,0.0,0.0,0.0,0.0,0.0,0.0,0.0,0.0,0.0,0.0,0.0,0.0,0.0,0.0,0.0,0.0,0.0,0.0,0.0,0.0,22.734,23.591,23.731,23.987,23.936,23.724000000000004,23.566,23.466,23.412999999999997,23.439,23.527,23.739,23.977,24.285,24.46,24.575,24.647,24.693,24.709,24.680999999999997,24.604
12104141638,0.0,0.0,0.0,0.0,0.0,0.0,0.0,0.0,0.0,0.0,0.0,0.0,0.0,0.0,0.0,0.0,0.0,0.0,0.0,0.0,0.0,21.62,22.768,22.889,23.304,22.991,22.727,22.472,22.282,22.149,22.071,22.047,22.111,22.198,22.337,22.641,23.022,23.369,23.706000000000003,24.017,24.291,24.526000000000003
12104141639,0.0,0.0,0.0,0.0,0.0,0.0,0.0,0.0,0.0,0.0,0.0,0.0,0.0,0.0,0.0,0.0,0.0,0.0,0.0,0.0,0.0,17.990000000000002,17.885,17.375,17.115000000000002,16.885,16.692999999999998,16.506,16.367,16.271,16.214,16.198,16.246000000000002,16.311,16.414,16.47,16.51,16.524,16.532,16.521,16.486,16.426
12104141640,0.0,0.0,0.0,0.0,0.0,0.0,0.0,0.0,0.0,0.0,0.0,0.0,0.0,0.0,0.0,0.0,0.0,0.0,0.0,0.0,0.0,30.287999999999997,31.431,31.616,31.958,31.889000000000003,31.548,31.053,30.643,30.306,30.079,29.938,29.958,30.013,30.157,30.481,30.880000000000003,31.228,31.543,31.82,32.04,32.195
12104141641,0.0,0.0,0.0,0.0,0.0,0.0,0.0,0.0,0.0,0.0,0.0,0.0,0.0,0.0,0.0,0.0,0.0,0.0,0.0,0.0,0.0,24.202,24.234,23.621,23.351,22.986,22.607,22.274,22.005000000000003,21.81,21.689,21.623,21.651,21.711,21.844,22.005,22.195,22.359,22.517,22.643,22.713,22.742
12104141642,0.0,0.0,0.0,0.0,0.0,0.0,0.0,0.0,0.0,0.0,0.0,0.0,0.0,0.0,0.0,0.0,0.0,0.0,0.0,0.0,0.0,6.1259999999999994,6.135,5.979,5.911,5.818,5.7219999999999995,5.638,5.57,5.521,5.49,5.474,5.48,5.496,5.529,5.571,5.619,5.659000000000001,5.7,5.732,5.749,5.757
12104141643,0.0,0.0,0.0,0.0,0.0,0.0,0.0,0.0,0.0,0.0,0.0,0.0,0.0,0.0,0.0,0.0,0.0,0.0,0.0,0.0,0.0,10.245,10.186,9.895,9.746,9.617,9.506,9.401,9.321,9.266,9.234,9.225,9.252,9.289,9.348,9.379,9.403,9.411,9.415,9.409,9.389,9.355
12104141701,63.0,63.0,63.0,63.0,63.0,63.0,63.0,63.0,63.0,63.0,63.0,63.0,63.0,63.0,63.0,63.0,63.0,63.0,63.0,63.0,63.0,27.771,28.875,29.685,29.889,30.035,30.07,29.852,29.796999999999997,29.720999999999997,29.758000000000003,29.786,29.887,30.022,30.195,30.388,30.592,30.779,30.925,31.055,31.115,31.142
12104141702,0.0,0.0,0.0,0.0,0.0,0.0,0.0,0.0,0.0,0.0,0.0,0.0,0.0,0.0,0.0,0.0,0.0,0.0,0.0,0.0,0.0,21.203,28.743,30.577,31.37,32.016,32.461,32.546,32.623,32.693,32.813,32.923,33.063,33.236,33.453,33.709,33.992000000000004,34.269,34.472,34.647999999999996,34.736999999999995,34.785
12104141704,93.0,93.0,93.0,93.0,93.0,93.0,93.0,93.0,93.0,93.0,93.0,93.0,93.0,93.0,93.0,93.0,93.0,93.0,93.0,93.0,93.0,21.657,22.129,25.746,27.595,29.444,31.209,32.177,33.298,33.859,34.518,34.896,35.334,35.797,36.301,36.821,37.355,37.872,38.332,38.774,39.13,39.446
12104141705,0.0,0.0,0.0,0.0,0.0,0.0,0.0,0.0,0.0,0.0,0.0,0.0,0.0,0.0,0.0,0.0,0.0,0.0,0.0,0.0,0.0,0.0,0.0,0.0,0.0,0.0,0.0,0.0,0.0,0.0,0.0,0.0,0.0,0.0,0.0,0.0,0.0,0.0,0.0,0.0,0.0,0.0
12104141706,0.0,0.0,0.0,0.0,0.0,0.0,0.0,0.0,0.0,0.0,0.0,0.0,0.0,0.0,0.0,0.0,0.0,0.0,0.0,0.0,0.0,20.402,21.149,21.700000000000003,21.835,21.922,21.922,21.744,21.681,21.598,21.595,21.583,21.624,21.688,21.776,21.876,21.981,22.072000000000003,22.134,22.186,22.192,22.18
12104141707,0.0,0.0,0.0,0.0,0.0,0.0,0.0,0.0,0.0,0.0,0.0,0.0,0.0,0.0,0.0,0.0,0.0,0.0,0.0,0.0,0.0,9.78,10.132,10.396,10.457,10.503,10.498,10.403,10.369,10.335,10.345,10.359,10.403,10.465,10.543,10.632,10.726,10.815,10.886,10.949,10.983,11.003
12104141708,24.0,24.0,24.0,24.0,24.0,24.0,24.0,24.0,24.0,24.0,24.0,24.0,24.0,24.0,24.0,24.0,24.0,24.0,24.0,24.0,24.0,18.353,19.341,20.1,20.424,20.664,20.773,20.678,20.681,20.657,20.71,20.754,20.85,20.971,21.118,21.279,21.444,21.595,21.713,21.819,21.873,21.903
12104141709,0.0,0.0,0.0,0.0,0.0,0.0,0.0,0.0,0.0,0.0,0.0,0.0,0.0,0.0,0.0,0.0,0.0,0.0,0.0,0.0,0.0,17.37,18.305,19.023,19.329,19.557,19.66,19.57,19.573,19.551,19.6,19.641,19.733,19.848,19.987,20.139,20.295,20.438,20.55,20.65,20.701,20.73
12104141710,0.0,0.0,0.0,0.0,0.0,0.0,0.0,0.0,0.0,0.0,0.0,0.0,0.0,0.0,0.0,0.0,0.0,0.0,0.0,0.0,0.0,2.453,2.5069999999999997,2.543,2.535,2.529,2.52,2.494,2.484,2.474,2.474,2.473,2.48,2.489,2.502,2.516,2.531,2.545,2.556,2.565,2.569,2.5709999999999997
12104141711,0.0,0.0,0.0,0.0,0.0,0.0,0.0,0.0,0.0,0.0,0.0,0.0,0.0,0.0,0.0,0.0,0.0,0.0,0.0,0.0,0.0,0.294,0.3,0.291,0.284,0.278,0.271,0.266,0.263,0.261,0.26,0.26,0.26,0.261,0.262,0.262,0.264,0.265,0.265,0.266,0.266,0.265
12104141712,511.0,511.0,511.0,511.0,511.0,511.0,511.0,511.0,511.0,511.0,511.0,511.0,511.0,511.0,511.0,511.0,511.0,511.0,511.0,511.0,511.0,32.471000000000004,33.692,34.609,34.843,35.069,35.179,34.98,34.96,34.909,34.986,35.056,35.21,35.406,35.641999999999996,35.902,36.172,36.422,36.617999999999995,36.792,36.883,36.935
12104141713,66.0,66.0,66.0,66.0,66.0,66.0,66.0,66.0,66.0,66.0,66.0,66.0,66.0,66.0,66.0,66.0,66.0,66.0,66.0,66.0,66.0,8.588,9.03,9.364,9.497,9.586,9.624,9.573,9.568,9.558,9.58,9.601,9.645,9.7,9.766,9.84,9.916,9.988,10.047,10.1,10.128,10.146
12104141714,0.0,0.0,0.0,0.0,0.0,0.0,0.0,0.0,0.0,0.0,0.0,0.0,0.0,0.0,0.0,0.0,0.0,0.0,0.0,0.0,0.0,17.483,18.19,18.743,18.931,19.097,19.158,19.043,19.027,18.993,19.034,19.07,19.16,19.278,19.423,19.585,19.755000000000003,19.912,20.04,20.153,20.217,20.257
12104141716,0.0,0.0,0.0,0.0,0.0,0.0,0.0,0.0,0.0,0.0,0.0,0.0,0.0,0.0,0.0,0.0,0.0,0.0,0.0,0.0,0.0,16.72,16.843,17.005,16.962,16.998,17.006999999999998,16.899,16.881999999999998,16.86,16.895,16.927,16.997999999999998,17.087,17.195,17.312,17.437,17.55,17.644,17.729,17.774,17.801000000000002
12104141717,0.0,0.0,0.0,0.0,0.0,0.0,0.0,0.0,0.0,0.0,0.0,0.0,0.0,0.0,0.0,0.0,0.0,0.0,0.0,0.0,0.0,12.182,12.271,12.389,12.358,12.385,12.390999999999998,12.313,12.3,12.284,12.309,12.333,12.384,12.448999999999998,12.528,12.614,12.704,12.786,12.855,12.917,12.949,12.969
12104141718,33.0,33.0,33.0,33.0,33.0,33.0,33.0,33.0,33.0,33.0,33.0,33.0,33.0,33.0,33.0,33.0,33.0,33.0,33.0,33.0,33.0,20.995,22.192,23.081,23.458,23.635,23.667,23.489,23.425,23.35,23.353,23.362,23.421999999999997,23.507,23.609,23.723,23.842,23.949,24.026999999999997,24.094,24.107,24.1
12104141719,0.0,0.0,0.0,0.0,0.0,0.0,0.0,0.0,0.0,0.0,0.0,0.0,0.0,0.0,0.0,0.0,0.0,0.0,0.0,0.0,0.0,12.66,12.752,12.875,12.842,12.87,12.877,12.795,12.782,12.765,12.792,12.815,12.87,12.937,13.019,13.108,13.202,13.289,13.359000000000002,13.423,13.457,13.478000000000002
12104141721,94.0,94.0,94.0,94.0,94.0,94.0,94.0,94.0,94.0,94.0,94.0,94.0,94.0,94.0,94.0,94.0,94.0,94.0,94.0,94.0,94.0,20.789,21.243,21.552999999999997,21.477,21.429,21.355,21.137,21.049,20.965,20.966,20.966,21.02,21.097,21.203,21.322,21.45,21.568,21.659,21.742,21.775,21.787
12104141722,0.0,0.0,0.0,0.0,0.0,0.0,0.0,0.0,0.0,0.0,0.0,0.0,0.0,0.0,0.0,0.0,0.0,0.0,0.0,0.0,0.0,0.0,0.0,0.0,0.0,0.0,0.0,0.0,0.0,0.0,0.0,0.0,0.0,0.0,0.0,0.0,0.0,0.0,0.0,0.0,0.0,0.0
12104141723,0.0,0.0,0.0,0.0,0.0,0.0,0.0,0.0,0.0,0.0,0.0,0.0,0.0,0.0,0.0,0.0,0.0,0.0,0.0,0.0,0.0,27.061,28.052,28.781999999999996,28.961,29.077,29.076,28.842,28.757,28.648000000000003,28.644,28.628,28.682,28.767000000000003,28.884,29.015,29.155,29.276000000000003,29.357999999999997,29.427,29.435,29.42
12104141726,30.0,30.0,30.0,30.0,30.0,30.0,30.0,30.0,30.0,30.0,30.0,30.0,30.0,30.0,30.0,30.0,30.0,30.0,30.0,30.0,30.0,19.234,19.958,20.503,20.641,20.777,20.843,20.725,20.714,20.685,20.731,20.773,20.866,20.983,21.124,21.278,21.44,21.588,21.705,21.81,21.865,21.896
12104141727,40.0,40.0,40.0,40.0,40.0,40.0,40.0,40.0,40.0,40.0,40.0,40.0,40.0,40.0,40.0,40.0,40.0,40.0,40.0,40.0,40.0,0.0,0.0,0.0,0.0,0.0,0.0,0.0,0.0,0.0,0.0,0.0,0.0,0.0,0.0,0.0,0.0,0.0,0.0,0.0,0.0,0.0
12104141728,0.0,0.0,0.0,0.0,0.0,0.0,0.0,0.0,0.0,0.0,0.0,0.0,0.0,0.0,0.0,0.0,0.0,0.0,0.0,0.0,0.0,11.61,12.028,12.341,12.414,12.469,12.462,12.349,12.309,12.268,12.281,12.296,12.349,12.423,12.517,12.622,12.734,12.838,12.923,12.998,13.039,13.063
12104141729,0.0,0.0,0.0,0.0,0.0,0.0,0.0,0.0,0.0,0.0,0.0,0.0,0.0,0.0,0.0,0.0,0.0,0.0,0.0,0.0,0.0,28.722,30.36,31.577,32.091,32.334,32.379,32.134,32.048,31.945,31.949,31.961,32.044,32.159,32.299,32.455,32.617,32.766,32.871,32.963,32.980999999999995,32.97
12104141730,0.0,0.0,0.0,0.0,0.0,0.0,0.0,0.0,0.0,0.0,0.0,0.0,0.0,0.0,0.0,0.0,0.0,0.0,0.0,0.0,0.0,8.6,8.093,10.541,12.004,13.465,14.882,15.745,16.607,17.056,17.534,17.802,18.088,18.393,18.725,19.082,19.458,19.834,20.169,20.493,20.766,21.015
12104141731,0.0,0.0,0.0,0.0,0.0,0.0,0.0,0.0,0.0,0.0,0.0,0.0,0.0,0.0,0.0,0.0,0.0,0.0,0.0,0.0,0.0,11.238,11.815,12.253,12.426,12.544,12.593,12.527,12.52,12.506,12.536,12.564,12.62,12.692,12.779,12.875,12.976,13.069,13.147,13.216,13.253,13.277
12104141732,0.0,0.0,0.0,0.0,0.0,0.0,0.0,0.0,0.0,0.0,0.0,0.0,0.0,0.0,0.0,0.0,0.0,0.0,0.0,0.0,0.0,15.349,16.137999999999998,16.736,16.972,17.133,17.2,17.109,17.1,17.082,17.122,17.16,17.237000000000002,17.336000000000002,17.454,17.586,17.723,17.851,17.956,18.051,18.101,18.134
12104141733,0.0,0.0,0.0,0.0,0.0,0.0,0.0,0.0,0.0,0.0,0.0,0.0,0.0,0.0,0.0,0.0,0.0,0.0,0.0,0.0,0.0,16.139,17.06,17.743000000000002,18.033,18.169,18.194,18.056,18.006999999999998,17.948999999999998,17.952,17.959,18.006,18.07,18.149,18.237,18.328,18.411,18.471,18.522,18.532,18.526
12104141734,44.0,44.0,44.0,44.0,44.0,44.0,44.0,44.0,44.0,44.0,44.0,44.0,44.0,44.0,44.0,44.0,44.0,44.0,44.0,44.0,44.0,9.356,8.803999999999998,9.367,9.611,9.81,9.948,9.975,10.0,10.023,10.061,10.096,10.141,10.194,10.262,10.342,10.43,10.517,10.58,10.635,10.664,10.68
12104141735,0.0,0.0,0.0,0.0,0.0,0.0,0.0,0.0,0.0,0.0,0.0,0.0,0.0,0.0,0.0,0.0,0.0,0.0,0.0,0.0,0.0,31.275,31.956,30.973,30.177,29.515,28.877,28.323,27.948,27.774,27.688,27.685,27.73,27.795,27.888,27.993,28.106,28.203,28.258000000000003,28.298,28.274,28.224
12104141736,368.0,368.0,368.0,368.0,368.0,368.0,368.0,368.0,368.0,368.0,368.0,368.0,368.0,368.0,368.0,368.0,368.0,368.0,368.0,368.0,368.0,21.097,21.936,22.551,22.706,22.816,22.844,22.678,22.636,22.579,22.606,22.628,22.704,22.806,22.938,23.085,23.24,23.382,23.493,23.592,23.636,23.657
12104141737,88.0,88.0,88.0,88.0,88.0,88.0,88.0,88.0,88.0,88.0,88.0,88.0,88.0,88.0,88.0,88.0,88.0,88.0,88.0,88.0,88.0,43.959,45.706,46.988,47.31,47.541,47.597,47.253,47.165,47.045,47.103,47.148,47.308,47.521,47.79600000000001,48.099,48.423,48.719,48.95,49.156000000000006,49.25,49.294
12104141738,0.0,0.0,0.0,0.0,0.0,0.0,0.0,0.0,0.0,0.0,0.0,0.0,0.0,0.0,0.0,0.0,0.0,0.0,0.0,0.0,0.0,12.848,13.127,12.723,12.397,12.125,11.862,11.635,11.481,11.409,11.374,11.373,11.391,11.418,11.456,11.499,11.546,11.586,11.609,11.625,11.615,11.594
12104141739,50.0,50.0,50.0,50.0,50.0,50.0,50.0,50.0,50.0,50.0,50.0,50.0,50.0,50.0,50.0,50.0,50.0,50.0,50.0,50.0,50.0,17.767,18.153,17.595,17.144000000000002,16.767,16.404,16.089,15.877,15.778,15.729,15.727,15.753,15.789,15.843,15.903,15.966,16.021,16.052999999999997,16.075000000000003,16.062,16.033
12104168911,0.0,0.0,0.0,0.0,0.0,0.0,0.0,0.0,0.0,0.0,0.0,0.0,0.0,0.0,0.0,0.0,0.0,0.0,0.0,0.0,0.0,25.977,25.746,25.29,24.804,24.532,24.339,24.28,24.269,24.337000000000003,24.482999999999997,24.65,24.856,25.106,25.338,25.605,25.837,26.039,26.201,26.303,26.363,26.362
12104168933,0.0,0.0,0.0,0.0,0.0,0.0,0.0,0.0,0.0,0.0,0.0,0.0,0.0,0.0,0.0,0.0,0.0,0.0,0.0,0.0,0.0,37.736,38.808,39.358,39.439,39.48,39.431,39.511,39.638,39.83,40.122,40.395,40.739,41.148,41.503,41.921,42.261,42.566,42.818,42.982,43.099999999999994,43.102
12104168936,0.0,0.0,0.0,0.0,0.0,0.0,0.0,0.0,0.0,0.0,0.0,0.0,0.0,0.0,0.0,0.0,0.0,0.0,0.0,0.0,0.0,17.583000000000002,17.509,17.378,17.194000000000003,17.137999999999998,17.043,17.009999999999998,17.006,17.066,17.196,17.349,17.542,17.778,17.997,18.247,18.467,18.661,18.822,18.917,18.978,18.97
12501171009,0.0,0.0,0.0,0.0,0.0,0.0,0.0,0.0,0.0,0.0,0.0,0.0,0.0,0.0,0.0,0.0,0.0,0.0,0.0,0.0,0.0,0.0,0.0,0.0,0.0,0.0,0.0,0.0,0.0,0.0,0.0,0.0,0.0,0.0,0.0,0.0,0.0,0.0,0.0,0.0,0.0,0.0
12501171023,80.0,80.0,80.0,80.0,80.0,80.0,80.0,80.0,80.0,80.0,80.0,80.0,80.0,80.0,80.0,80.0,80.0,80.0,80.0,80.0,80.0,63.059,57.931,54.817,55.797,56.338,56.935,57.056,57.120000000000005,57.121,57.133,57.047,56.898,56.756,56.598,56.447,56.281,56.123,55.972,55.813,55.636,55.434
12501171034,0.0,0.0,0.0,0.0,0.0,0.0,0.0,0.0,0.0,0.0,0.0,0.0,0.0,0.0,0.0,0.0,0.0,0.0,0.0,0.0,0.0,128.205,128.9,127.54,128.461,128.436,129.172,128.21300000000002,127.517,126.935,126.512,125.984,125.465,125.019,124.591,124.201,123.891,124.318,125.552,127.517,130.223,133.55599999999998
12602149801,0.0,0.0,0.0,0.0,0.0,0.0,0.0,0.0,0.0,0.0,0.0,0.0,0.0,0.0,0.0,0.0,0.0,0.0,0.0,0.0,0.0,22.036,22.21,21.813,22.142,22.116,22.348999999999997,22.553,22.932,23.277,23.616,24.153,24.671999999999997,25.299,25.919,26.558999999999997,27.134,27.804,28.538,29.223,30.003,30.635
12602149803,0.0,0.0,0.0,0.0,0.0,0.0,0.0,0.0,0.0,0.0,0.0,0.0,0.0,0.0,0.0,0.0,0.0,0.0,0.0,0.0,0.0,39.663,39.976,39.264,39.855,39.808,40.228,40.595,41.278,41.898,42.508,43.476,44.409,45.538,46.654,47.806,48.84,50.048,51.367999999999995,52.603,54.004999999999995,55.143
12602149804,0.0,0.0,0.0,0.0,0.0,0.0,0.0,0.0,0.0,0.0,0.0,0.0,0.0,0.0,0.0,0.0,0.0,0.0,0.0,0.0,0.0,39.072,38.105,35.367000000000004,36.446,41.92100000000001,48.161,57.07,70.19300000000001,78.102,84.265,89.708,94.98,99.366,103.37,106.988,110.913,114.678,118.398,121.972,125.488,128.291
12602149805,0.0,0.0,0.0,0.0,0.0,0.0,0.0,0.0,0.0,0.0,0.0,0.0,0.0,0.0,0.0,0.0,0.0,0.0,0.0,0.0,0.0,23.814,23.223999999999997,21.555999999999997,20.392000000000003,18.421,17.424,16.911,17.089,18.655,20.126,20.946,21.475,21.777,21.94,21.973,21.988999999999997,21.974,21.951,21.903,21.849,21.742
12602149806,0.0,0.0,0.0,0.0,0.0,0.0,0.0,0.0,0.0,0.0,0.0,0.0,0.0,0.0,0.0,0.0,0.0,0.0,0.0,0.0,0.0,30.407,29.895,27.930999999999997,27.219,26.324,25.632,25.058,24.649,24.365,24.174,24.041,24.014,24.0,24.057,24.121,24.225,24.318,24.411,24.474,24.516,24.46
12602149807,0.0,0.0,0.0,0.0,0.0,0.0,0.0,0.0,0.0,0.0,0.0,0.0,0.0,0.0,0.0,0.0,0.0,0.0,0.0,0.0,0.0,23.828,23.427,21.886,21.33,20.628,20.086,19.635,19.316,19.093,18.943,18.838,18.818,18.807,18.851,18.902,18.984,19.056,19.129,19.177999999999997,19.211,19.167
12602149808,0.0,0.0,0.0,0.0,0.0,0.0,0.0,0.0,0.0,0.0,0.0,0.0,0.0,0.0,0.0,0.0,0.0,0.0,0.0,0.0,0.0,8.579,8.454,7.94,7.765000000000001,7.529999999999999,7.346,7.193,7.089,7.015000000000001,6.964,6.907,6.886,6.891,6.926,6.9670000000000005,7.027,7.088,7.152,7.204,7.247999999999999,7.278
12602149809,50.0,50.0,50.0,50.0,50.0,50.0,50.0,50.0,50.0,50.0,50.0,50.0,50.0,50.0,50.0,50.0,50.0,50.0,50.0,50.0,50.0,24.308,23.954,22.497,22.002,21.334,20.814,20.38,20.083,19.874,19.731,19.568,19.509,19.523,19.623,19.74,19.911,20.083,20.263,20.409,20.534999999999997,20.622
12602149810,0.0,0.0,0.0,0.0,0.0,0.0,0.0,0.0,0.0,0.0,0.0,0.0,0.0,0.0,0.0,0.0,0.0,0.0,0.0,0.0,0.0,47.224999999999994,46.714,44.207,43.424,42.241,41.278000000000006,40.469,39.917,39.507,39.224,39.002,38.925,38.852,38.879000000000005,38.913,39.010000000000005,39.082,39.154,39.179,39.176,39.02
12602149811,59.0,59.0,59.0,59.0,59.0,59.0,59.0,59.0,59.0,59.0,59.0,59.0,59.0,59.0,59.0,59.0,59.0,59.0,59.0,59.0,59.0,4.925,4.853,4.558999999999999,4.458,4.322,4.217,4.129,4.069,4.027,3.998,4.1690000000000005,4.453,4.753,5.094,5.459,5.882,6.31,6.746,7.175,7.601999999999999,7.724
12602149812,0.0,0.0,0.0,0.0,0.0,0.0,0.0,0.0,0.0,0.0,0.0,0.0,0.0,0.0,0.0,0.0,0.0,0.0,0.0,0.0,0.0,32.543,32.006,29.92,29.169,28.215,27.473,26.858,26.42,25.905,25.567,25.599,26.016,26.588,27.354,28.187,29.162,30.149,31.115,32.010999999999996,32.839,33.346000000000004
12602149813,0.0,0.0,0.0,0.0,0.0,0.0,0.0,0.0,0.0,0.0,0.0,0.0,0.0,0.0,0.0,0.0,0.0,0.0,0.0,0.0,0.0,29.458,28.97,27.083,26.402,25.539,24.869,24.311,23.914,24.096,24.674999999999997,25.505000000000003,26.729,28.115,29.771,31.573,33.658,35.788,37.92,39.992,41.995,42.876000000000005
12602149814,0.0,0.0,0.0,0.0,0.0,0.0,0.0,0.0,0.0,0.0,0.0,0.0,0.0,0.0,0.0,0.0,0.0,0.0,0.0,0.0,0.0,20.278,20.074,18.923,18.427,18.088,17.837,17.64,17.54,16.222,15.597,16.414,17.430999999999997,18.097,18.604,18.951,19.202,19.371,19.485,19.551,19.588,19.692
12602149815,114.0,114.0,114.0,114.0,114.0,114.0,114.0,114.0,114.0,114.0,114.0,114.0,114.0,114.0,114.0,114.0,114.0,114.0,114.0,114.0,114.0,19.864,19.665,18.95,19.779,19.412,19.142,18.928,18.82,26.479,37.671,44.274,48.879,52.672,56.244,59.549,62.876,65.926,68.807,71.527,74.136,74.99199999999999
12602149816,0.0,0.0,0.0,0.0,0.0,0.0,0.0,0.0,0.0,0.0,0.0,0.0,0.0,0.0,0.0,0.0,0.0,0.0,0.0,0.0,0.0,31.049999999999997,31.114,29.741,30.554,30.729,30.812,30.842,30.945,30.817,30.714,30.817,31.025,31.189,31.368,31.509,31.652,31.77,31.883,31.958,32.013999999999996,32.05
12602149818,0.0,0.0,0.0,0.0,0.0,0.0,0.0,0.0,0.0,0.0,0.0,0.0,0.0,0.0,0.0,0.0,0.0,0.0,0.0,0.0,0.0,54.532,54.937,53.855999999999995,54.186,53.771,53.38,53.059,53.004,53.261,53.831,54.383,55.077,55.704,56.458,57.209999999999994,58.105,58.961,59.82000000000001,60.612,61.361999999999995,67.476
12602149819,60.0,60.0,60.0,60.0,60.0,60.0,60.0,60.0,60.0,60.0,60.0,60.0,60.0,60.0,60.0,60.0,60.0,60.0,60.0,60.0,60.0,30.383000000000003,30.658,30.281,29.933999999999997,29.279,28.722,28.263,27.984,27.768,27.626,28.027,29.072,30.417,32.128,34.041,36.307,38.66,41.033,43.345,45.576,46.664
12602149820,29.0,29.0,29.0,29.0,29.0,29.0,29.0,29.0,29.0,29.0,29.0,29.0,29.0,29.0,29.0,29.0,29.0,29.0,29.0,29.0,29.0,24.242,23.642,21.943,20.758,18.752,17.737000000000002,17.214,17.396,18.99,20.488,21.322000000000003,21.86,22.169,22.334000000000003,22.368,22.385,22.368,22.345,22.297,22.241,22.132
12602149821,0.0,0.0,0.0,0.0,0.0,0.0,0.0,0.0,0.0,0.0,0.0,0.0,0.0,0.0,0.0,0.0,0.0,0.0,0.0,0.0,0.0,14.568,14.676000000000002,14.387,14.476,14.365,14.262,14.176,14.162,14.082,14.029,14.021,14.06,14.081,14.125,14.159,14.211,14.253,14.295,14.32,14.336,13.941
12602149822,0.0,0.0,0.0,0.0,0.0,0.0,0.0,0.0,0.0,0.0,0.0,0.0,0.0,0.0,0.0,0.0,0.0,0.0,0.0,0.0,0.0,17.535,17.666,17.319,17.424999999999997,17.292,17.167,17.064,17.046,16.951,16.886,16.878,16.924,16.948999999999998,17.002000000000002,17.043,17.106,17.157,17.207,17.237,17.256,16.78
12602149823,0.0,0.0,0.0,0.0,0.0,0.0,0.0,0.0,0.0,0.0,0.0,0.0,0.0,0.0,0.0,0.0,0.0,0.0,0.0,0.0,0.0,19.757,19.472,18.287,17.878,17.331,16.9,16.54,16.289,16.11,15.986999999999998,15.898,15.874,15.856,15.883,15.913,15.969,16.017,16.064,16.093,16.108,16.058999999999997
12602149825,0.0,0.0,0.0,0.0,0.0,0.0,0.0,0.0,0.0,0.0,0.0,0.0,0.0,0.0,0.0,0.0,0.0,0.0,0.0,0.0,0.0,22.76,22.378,20.906,20.375,19.704,19.186,18.756,18.451,18.238,18.095,17.995,17.975,17.965,18.006999999999998,18.055,18.134,18.203000000000003,18.273,18.32,18.351,18.31
12602149826,0.0,0.0,0.0,0.0,0.0,0.0,0.0,0.0,0.0,0.0,0.0,0.0,0.0,0.0,0.0,0.0,0.0,0.0,0.0,0.0,0.0,27.008000000000003,26.662,25.266,25.228,24.632,24.147,23.74,23.477,23.5,23.752,24.893,26.856,29.159,31.921,34.977000000000004,38.535,42.221999999999994,45.937,49.585,53.139,54.044
12602149827,116.0,116.0,116.0,116.0,116.0,116.0,116.0,116.0,116.0,116.0,116.0,116.0,116.0,116.0,116.0,116.0,116.0,116.0,116.0,116.0,116.0,23.674,23.366999999999997,21.945,21.539,21.009,20.671,20.409,20.253,20.168999999999997,20.121,20.554,21.384,22.341,23.496,24.759,26.233,27.735999999999997,29.256,30.735,32.177,32.763999999999996
12602149828,41.0,41.0,41.0,41.0,41.0,41.0,41.0,41.0,41.0,41.0,41.0,41.0,41.0,41.0,41.0,41.0,41.0,41.0,41.0,41.0,41.0,22.481,22.19,20.84,20.455,19.952,19.631,19.381,19.234,19.154,19.108,18.92,18.841,18.877,19.026,19.199,19.429,19.66,19.884,20.064,20.206,20.386
12602149829,0.0,0.0,0.0,0.0,0.0,0.0,0.0,0.0,0.0,0.0,0.0,0.0,0.0,0.0,0.0,0.0,0.0,0.0,0.0,0.0,0.0,30.051,29.411,27.207,26.348,25.358,24.612,23.997,23.543,23.235,23.026,22.883,22.847,22.832,22.888,22.953,23.055999999999997,23.144,23.23,23.284,23.315,24.969
12602149830,0.0,0.0,0.0,0.0,0.0,0.0,0.0,0.0,0.0,0.0,0.0,0.0,0.0,0.0,0.0,0.0,0.0,0.0,0.0,0.0,0.0,27.304,26.722,24.719,23.939,23.038,22.362,21.802999999999997,21.391,21.111,20.92,20.79,20.759,20.745,20.796,20.854,20.949,21.028,21.106,21.155,21.183999999999997,23.116999999999997
12602149831,0.0,0.0,0.0,0.0,0.0,0.0,0.0,0.0,0.0,0.0,0.0,0.0,0.0,0.0,0.0,0.0,0.0,0.0,0.0,0.0,0.0,30.918,30.470999999999997,28.616,27.977,27.121,26.446,25.884,25.491,25.21,25.018,24.878,24.841,24.813,24.854,24.901,24.99,25.064,25.139,25.183,25.207,25.131
12602149832,0.0,0.0,0.0,0.0,0.0,0.0,0.0,0.0,0.0,0.0,0.0,0.0,0.0,0.0,0.0,0.0,0.0,0.0,0.0,0.0,0.0,12.82,12.635000000000002,11.866,11.6,11.245,10.966,10.732,10.569,10.453,10.374,10.316,10.3,10.288,10.306,10.325,10.361,10.393,10.423,10.442,10.452,10.42
12602149833,365.0,365.0,365.0,365.0,365.0,365.0,365.0,365.0,365.0,365.0,365.0,365.0,365.0,365.0,365.0,365.0,365.0,365.0,365.0,365.0,365.0,35.183,34.503,31.933,29.903,29.846,29.814,29.808,29.951,30.072,30.163,30.24,30.857,31.849,33.216,34.749,36.581,38.483999999999995,40.376999999999995,42.17400000000001,43.869,44.923
12602149834,0.0,0.0,0.0,0.0,0.0,0.0,0.0,0.0,0.0,0.0,0.0,0.0,0.0,0.0,0.0,0.0,0.0,0.0,0.0,0.0,0.0,24.976,24.493,23.959,26.413,26.361,26.333,26.327,26.451,26.557,26.637,27.61,29.456,31.658,34.335,37.301,40.792,44.421,48.098,51.712,55.239999999999995,56.906000000000006
12602149835,0.0,0.0,0.0,0.0,0.0,0.0,0.0,0.0,0.0,0.0,0.0,0.0,0.0,0.0,0.0,0.0,0.0,0.0,0.0,0.0,0.0,18.166,17.933,16.83,16.289,15.903,15.59,15.328,15.158,14.956,14.822,14.544,14.454,14.546,14.778,15.047,15.369,15.697,15.994,16.233999999999998,16.418,19.1
12602149836,0.0,0.0,0.0,0.0,0.0,0.0,0.0,0.0,0.0,0.0,0.0,0.0,0.0,0.0,0.0,0.0,0.0,0.0,0.0,0.0,0.0,27.041,27.096,25.900999999999996,26.609,26.762,26.833,26.86,26.950000000000003,26.838,26.748,26.838,27.018,27.161,27.318,27.44,27.564,27.668,27.767000000000003,27.832,27.881,27.912
12602149837,0.0,0.0,0.0,0.0,0.0,0.0,0.0,0.0,0.0,0.0,0.0,0.0,0.0,0.0,0.0,0.0,0.0,0.0,0.0,0.0,0.0,13.518,13.383,12.615,12.285,12.059,11.892,11.759,11.694,10.815,10.399,10.942,11.62,12.065,12.403,12.634,12.800999999999998,12.914,12.989999999999998,13.034,13.059,13.127
12602149838,0.0,0.0,0.0,0.0,0.0,0.0,0.0,0.0,0.0,0.0,0.0,0.0,0.0,0.0,0.0,0.0,0.0,0.0,0.0,0.0,0.0,17.942999999999998,17.434,16.155,15.971,15.624,15.328,15.084,14.936,14.822,14.748,14.492,14.376,14.413,14.58,14.786,15.054,15.339,15.61,15.839,16.025,16.268
12602149839,142.0,142.0,142.0,142.0,142.0,142.0,142.0,142.0,142.0,142.0,142.0,142.0,142.0,142.0,142.0,142.0,142.0,142.0,142.0,142.0,142.0,18.048,17.536,16.249000000000002,16.064,15.714,15.417,15.171,15.023,14.908,14.833,15.181,15.931,16.844,17.972,19.227,20.706000000000003,22.243,23.796999999999997,25.321,26.802999999999997,27.488
12602149840,0.0,0.0,0.0,0.0,0.0,0.0,0.0,0.0,0.0,0.0,0.0,0.0,0.0,0.0,0.0,0.0,0.0,0.0,0.0,0.0,0.0,16.038,17.983,20.444,21.002,21.12,21.174,21.193,21.261,21.968,23.006,23.741,24.427999999999997,25.086,25.795,26.51,27.299999999999997,28.067,28.833,29.566,30.283,30.464
12602149841,0.0,0.0,0.0,0.0,0.0,0.0,0.0,0.0,0.0,0.0,0.0,0.0,0.0,0.0,0.0,0.0,0.0,0.0,0.0,0.0,0.0,30.485999999999997,30.18,28.449,27.704,27.193,26.817,26.519,26.37,24.388,23.449,25.135,27.399,29.177,30.789,32.216,33.599000000000004,34.849000000000004,36.007999999999996,37.08,38.097,38.507
12602149901,0.0,0.0,0.0,0.0,0.0,0.0,0.0,0.0,0.0,0.0,0.0,0.0,0.0,0.0,0.0,0.0,0.0,0.0,0.0,0.0,0.0,11.637,11.4,10.922,10.911,10.881,10.883,10.861,10.894,11.013,11.115,11.243,11.367,11.48,11.602,11.651,11.766,11.87,11.983,12.072,12.166,12.22
12602149902,0.0,0.0,0.0,0.0,0.0,0.0,0.0,0.0,0.0,0.0,0.0,0.0,0.0,0.0,0.0,0.0,0.0,0.0,0.0,0.0,0.0,22.68,22.74,22.108,22.109,22.045,22.146,22.247,22.403,22.652,22.865,23.055,23.229,23.383000000000003,23.536,23.595,23.725,23.836,23.961,24.054,24.167,24.236
12602149903,72.0,72.0,72.0,72.0,72.0,72.0,72.0,72.0,72.0,72.0,72.0,72.0,72.0,72.0,72.0,72.0,72.0,72.0,72.0,72.0,72.0,17.133000000000003,17.177999999999997,16.702,16.701,16.654,16.73,16.806,16.924,17.112000000000002,17.273,17.417,17.549,17.664,17.78,17.825,17.923000000000002,18.006999999999998,18.101,18.171,18.257,18.309
12602149904,58.0,58.0,58.0,58.0,58.0,58.0,58.0,58.0,58.0,58.0,58.0,58.0,58.0,58.0,58.0,58.0,58.0,58.0,58.0,58.0,58.0,22.576,22.714,22.296,22.501,22.599,22.752,22.85,23.022,23.318,23.565,23.817,24.039,24.235,24.429,24.491,24.646,24.779,24.92,25.018,25.123,25.169
12602149905,0.0,0.0,0.0,0.0,0.0,0.0,0.0,0.0,0.0,0.0,0.0,0.0,0.0,0.0,0.0,0.0,0.0,0.0,0.0,0.0,0.0,14.684,13.846,12.655,12.173,11.813,11.648,11.55,11.523,11.577,11.686,11.779,11.911,12.039,12.174,12.255,12.367,12.44,12.512,12.539,12.581,12.58
12602149906,70.0,70.0,70.0,70.0,70.0,70.0,70.0,70.0,70.0,70.0,70.0,70.0,70.0,70.0,70.0,70.0,70.0,70.0,70.0,70.0,70.0,14.013,13.433,12.449,12.098,11.773,11.558,11.371,11.26,11.261,11.269,11.32,11.387,11.45,11.541,11.582,11.68,11.765,11.847,11.904,11.957,11.961
12602149907,88.0,88.0,88.0,88.0,88.0,88.0,88.0,88.0,88.0,88.0,88.0,88.0,88.0,88.0,88.0,88.0,88.0,88.0,88.0,88.0,88.0,16.113,15.349,14.076,13.655,13.273,13.05,12.87,12.743,12.724,12.707999999999998,12.713,12.729,12.744,12.796,12.81,12.875,12.922999999999998,12.971,12.996,13.024,13.006
12602149908,0.0,0.0,0.0,0.0,0.0,0.0,0.0,0.0,0.0,0.0,0.0,0.0,0.0,0.0,0.0,0.0,0.0,0.0,0.0,0.0,0.0,0.0,0.0,0.0,0.0,0.0,0.0,0.0,0.0,0.0,0.0,0.0,0.0,0.0,0.0,0.0,0.0,0.0,0.0,0.0,0.0,0.0
12602149909,76.0,76.0,76.0,76.0,76.0,76.0,76.0,76.0,76.0,76.0,76.0,76.0,76.0,76.0,76.0,76.0,76.0,76.0,76.0,76.0,76.0,12.512,11.927,10.986,10.669,10.384,10.244,10.109,10.033,10.035,10.031,10.035,10.059,10.084,10.129,10.153,10.226,10.261,10.303,10.322,10.355,10.346
12602149910,0.0,0.0,0.0,0.0,0.0,0.0,0.0,0.0,0.0,0.0,0.0,0.0,0.0,0.0,0.0,0.0,0.0,0.0,0.0,0.0,0.0,17.479,16.704,15.396,14.948,14.538,14.278,14.062,13.922,13.916,13.917000000000002,13.963,14.025000000000002,14.084,14.183,14.225,14.338,14.441,14.544,14.622,14.7,14.725
12602149911,40.0,40.0,40.0,40.0,40.0,40.0,40.0,40.0,40.0,40.0,40.0,40.0,40.0,40.0,40.0,40.0,40.0,40.0,40.0,40.0,40.0,21.048,20.36,19.028,18.671,18.324,18.138,17.982,17.899,17.957,18.006999999999998,18.086,18.167,18.24,18.346,18.379,18.482999999999997,18.567,18.651,18.698,18.748,18.737
12602149912,185.0,185.0,185.0,185.0,185.0,185.0,185.0,185.0,185.0,185.0,185.0,185.0,185.0,185.0,185.0,185.0,185.0,185.0,185.0,185.0,185.0,15.283,14.783,13.816,13.557,13.304,13.17,13.057,12.997,13.039,13.075,13.132,13.191,13.244,13.321,13.345,13.421,13.481,13.541,13.577,13.613,13.605
12602149913,0.0,0.0,0.0,0.0,0.0,0.0,0.0,0.0,0.0,0.0,0.0,0.0,0.0,0.0,0.0,0.0,0.0,0.0,0.0,0.0,0.0,10.433,10.095,9.436,9.212,9.015,8.945,8.898,8.887,8.926,8.971,9.006,9.056,9.106,9.162,9.196,9.26,9.302,9.35,9.38,9.425,9.443
12602149914,0.0,0.0,0.0,0.0,0.0,0.0,0.0,0.0,0.0,0.0,0.0,0.0,0.0,0.0,0.0,0.0,0.0,0.0,0.0,0.0,0.0,20.596,19.928,18.628,18.186,17.797,17.658,17.564999999999998,17.543,17.619,17.709,17.779,17.878,17.975,18.088,18.153,18.281,18.361,18.457,18.517,18.604,18.64
12602149915,0.0,0.0,0.0,0.0,0.0,0.0,0.0,0.0,0.0,0.0,0.0,0.0,0.0,0.0,0.0,0.0,0.0,0.0,0.0,0.0,0.0,22.575000000000003,22.608,21.724,21.564,21.333,21.318,21.344,21.413,21.571,21.713,21.832,21.944000000000003,22.042,22.148000000000003,22.19,22.282,22.363999999999997,22.452,22.516,22.6,22.644
12602149916,0.0,0.0,0.0,0.0,0.0,0.0,0.0,0.0,0.0,0.0,0.0,0.0,0.0,0.0,0.0,0.0,0.0,0.0,0.0,0.0,0.0,17.988,18.016,17.311,17.184,17.0,16.987000000000002,17.009,17.063000000000002,17.189999999999998,17.302999999999997,17.398000000000003,17.487000000000002,17.564999999999998,17.65,17.683,17.756,17.820999999999998,17.891,17.942,18.009,18.043999999999997
12602149917,0.0,0.0,0.0,0.0,0.0,0.0,0.0,0.0,0.0,0.0,0.0,0.0,0.0,0.0,0.0,0.0,0.0,0.0,0.0,0.0,0.0,5.452,5.3420000000000005,5.118,5.112,5.098,5.099,5.088,5.104,5.159,5.208,5.268,5.3260000000000005,5.379,5.436,5.458,5.5120000000000005,5.561999999999999,5.614,5.656000000000001,5.699999999999999,5.725
12602149918,0.0,0.0,0.0,0.0,0.0,0.0,0.0,0.0,0.0,0.0,0.0,0.0,0.0,0.0,0.0,0.0,0.0,0.0,0.0,0.0,0.0,19.065,19.232999999999997,18.629,18.544,18.367,18.34,18.332,18.378,18.518,18.634,18.755,18.87,18.971,19.08,19.123,19.223,19.32,19.418,19.498,19.586,19.635
12602149919,0.0,0.0,0.0,0.0,0.0,0.0,0.0,0.0,0.0,0.0,0.0,0.0,0.0,0.0,0.0,0.0,0.0,0.0,0.0,0.0,0.0,27.843,28.089,27.207,27.081,26.824,26.784,26.773,26.841,27.044,27.213,27.391,27.558,27.706000000000003,27.863999999999997,27.929,28.075,28.217,28.359,28.475,28.603,28.675
12602149920,0.0,0.0,0.0,0.0,0.0,0.0,0.0,0.0,0.0,0.0,0.0,0.0,0.0,0.0,0.0,0.0,0.0,0.0,0.0,0.0,0.0,18.564,17.962,16.789,16.391,16.041,15.916,15.832,15.812,15.881,15.961,16.024,16.114,16.201,16.302,16.362000000000002,16.476,16.55,16.634999999999998,16.689999999999998,16.768,16.801000000000002
12602149921,0.0,0.0,0.0,0.0,0.0,0.0,0.0,0.0,0.0,0.0,0.0,0.0,0.0,0.0,0.0,0.0,0.0,0.0,0.0,0.0,0.0,11.265,10.806,10.018999999999998,9.737,9.475,9.299,9.148,9.056,9.055,9.059,9.097,9.146,9.192,9.261,9.289,9.36,9.419,9.472,9.504,9.53,9.518
12602149922,0.0,0.0,0.0,0.0,0.0,0.0,0.0,0.0,0.0,0.0,0.0,0.0,0.0,0.0,0.0,0.0,0.0,0.0,0.0,0.0,0.0,17.384999999999998,16.674,15.46,15.025,14.621,14.35,14.116,13.975,13.973,13.979,14.037,14.114,14.185,14.29,14.335,14.443,14.535,14.617,14.666,14.706,14.687
12602149923,0.0,0.0,0.0,0.0,0.0,0.0,0.0,0.0,0.0,0.0,0.0,0.0,0.0,0.0,0.0,0.0,0.0,0.0,0.0,0.0,0.0,7.975,7.813000000000001,7.486,7.477,7.457,7.459,7.443,7.465999999999999,7.547,7.618,7.706,7.789999999999999,7.867000000000001,7.951,7.984999999999999,8.064,8.134,8.212,8.274000000000001,8.337,8.375
12602149924,0.0,0.0,0.0,0.0,0.0,0.0,0.0,0.0,0.0,0.0,0.0,0.0,0.0,0.0,0.0,0.0,0.0,0.0,0.0,0.0,0.0,13.487,12.716,11.624,11.18,10.85,10.698,10.609,10.583,10.634,10.734,10.82,10.94,11.058,11.182,11.256,11.359,11.426,11.492,11.516,11.555,11.555
12602150107,0.0,0.0,0.0,0.0,0.0,0.0,0.0,0.0,0.0,0.0,0.0,0.0,0.0,0.0,0.0,0.0,0.0,0.0,0.0,0.0,0.0,31.141,30.476,29.608000000000004,28.931,28.296,27.838,27.464,27.22,27.08,27.018,26.986,27.015,27.073,27.187,27.308,27.474,27.633,27.774,27.897,28.001,28.033
12602150123,39.0,39.0,39.0,39.0,39.0,39.0,39.0,39.0,39.0,39.0,39.0,39.0,39.0,39.0,39.0,39.0,39.0,39.0,39.0,39.0,39.0,29.975,29.543999999999997,29.031,28.493,28.445,28.339,28.192,28.154000000000003,28.200000000000003,28.326,28.488999999999997,28.713,28.956,29.244,29.535,29.858000000000004,30.167,30.450000000000003,30.712,30.955,31.121
12602150124,0.0,0.0,0.0,0.0,0.0,0.0,0.0,0.0,0.0,0.0,0.0,0.0,0.0,0.0,0.0,0.0,0.0,0.0,0.0,0.0,0.0,23.656,23.316000000000003,22.911,22.485999999999997,22.449,22.365,22.249,22.219,22.256,22.355,22.484,22.66,22.852,23.079,23.308,23.564,23.808,24.031,24.238,24.43,24.56
12602150125,0.0,0.0,0.0,0.0,0.0,0.0,0.0,0.0,0.0,0.0,0.0,0.0,0.0,0.0,0.0,0.0,0.0,0.0,0.0,0.0,0.0,0.0,0.0,0.0,0.0,0.0,0.0,0.0,0.0,0.0,0.0,0.0,0.0,0.0,0.0,0.0,0.0,0.0,0.0,0.0,0.0,0.0
12602150128,0.0,0.0,0.0,0.0,0.0,0.0,0.0,0.0,0.0,0.0,0.0,0.0,0.0,0.0,0.0,0.0,0.0,0.0,0.0,0.0,0.0,29.650999999999996,29.225,28.717,28.185,28.138,28.032,27.887,27.848999999999997,27.896,28.02,28.180999999999997,28.403,28.643,28.927999999999997,29.216,29.536,29.841,30.121,30.380000000000003,30.621,30.784
12602150129,0.0,0.0,0.0,0.0,0.0,0.0,0.0,0.0,0.0,0.0,0.0,0.0,0.0,0.0,0.0,0.0,0.0,0.0,0.0,0.0,0.0,17.636000000000003,17.259999999999998,16.767,16.384,16.025000000000002,15.765,15.554,15.415,15.336,15.301000000000002,15.283,15.3,15.332999999999998,15.398,15.465,15.559,15.649,15.729,15.799,15.858,15.876
12602159001,0.0,0.0,0.0,0.0,0.0,0.0,0.0,0.0,0.0,0.0,0.0,0.0,0.0,0.0,0.0,0.0,0.0,0.0,0.0,0.0,0.0,18.977,19.809,20.450000000000003,20.278,20.443,24.671,29.397999999999996,29.715,30.117,30.485,31.130000000000003,31.671,31.947,32.275,32.462,32.703,32.817,32.971000000000004,32.96,32.947,32.870000000000005
12602159002,173.0,173.0,173.0,173.0,173.0,173.0,173.0,173.0,173.0,173.0,173.0,173.0,173.0,173.0,173.0,173.0,173.0,173.0,173.0,173.0,173.0,27.956000000000003,29.284,30.322,30.169,30.488,31.271,31.814,31.956,32.206,32.454,32.867,33.193,33.447,33.767,33.951,34.187,34.286,34.414,34.39,34.37,34.28
12602159003,0.0,0.0,0.0,0.0,0.0,0.0,0.0,0.0,0.0,0.0,0.0,0.0,0.0,0.0,0.0,0.0,0.0,0.0,0.0,0.0,0.0,20.518,21.529,22.258,22.2,22.468,22.723,22.941000000000003,23.096,23.329,23.534,23.816000000000003,24.051,24.239,24.486,24.618,24.776,24.83,24.89,24.854,24.814,24.703000000000003
12602159004,39.0,39.0,39.0,39.0,39.0,39.0,39.0,39.0,39.0,39.0,39.0,39.0,39.0,39.0,39.0,39.0,39.0,39.0,39.0,39.0,39.0,26.574,27.884,28.827,28.752,29.1,29.430999999999997,29.714,29.913,30.215,30.48,30.846,31.15,31.394,31.713,31.885,32.089,32.159000000000006,32.237,32.191,32.139,31.994
12602159005,0.0,0.0,0.0,0.0,0.0,0.0,0.0,0.0,0.0,0.0,0.0,0.0,0.0,0.0,0.0,0.0,0.0,0.0,0.0,0.0,0.0,23.038,24.133000000000003,24.988,24.861,25.124,25.770000000000003,26.217,26.334,26.54,26.745,27.085,27.353,27.562,27.826,27.978,28.173,28.254,28.36,28.339999999999996,28.323,28.248
12602159006,0.0,0.0,0.0,0.0,0.0,0.0,0.0,0.0,0.0,0.0,0.0,0.0,0.0,0.0,0.0,0.0,0.0,0.0,0.0,0.0,0.0,27.959,29.424,30.581000000000003,30.549,30.948,31.662,32.141999999999996,32.32,32.588,32.833,33.208,33.486,33.69,33.962,34.095,34.266000000000005,34.296,34.335,34.224,34.108000000000004,33.908
12602159007,0.0,0.0,0.0,0.0,0.0,0.0,0.0,0.0,0.0,0.0,0.0,0.0,0.0,0.0,0.0,0.0,0.0,0.0,0.0,0.0,0.0,25.009,26.106,26.951,26.724,26.941,26.494999999999997,26.65,26.945,27.317,27.658,28.253,28.751,29.011,29.316000000000003,29.495,29.722,29.834,29.982999999999997,29.982,29.979,29.917
12602159008,0.0,0.0,0.0,0.0,0.0,0.0,0.0,0.0,0.0,0.0,0.0,0.0,0.0,0.0,0.0,0.0,0.0,0.0,0.0,0.0,0.0,16.775,17.654,18.349,18.329,18.568,18.997,19.285,19.391,19.552999999999997,19.7,19.924999999999997,20.092,20.214,20.377,20.457,20.559,20.578000000000003,20.601,20.534,20.465,20.345
12602172405,0.0,0.0,0.0,0.0,0.0,0.0,0.0,0.0,0.0,0.0,0.0,0.0,0.0,0.0,0.0,0.0,0.0,0.0,0.0,0.0,0.0,22.974,23.268,23.004,22.955,22.727,22.606,22.515,22.547,22.823,23.17,23.663,24.295,24.966,25.696,26.377,27.07,27.771,28.512,29.415,30.360999999999997,31.567
12602172408,68.0,68.0,68.0,68.0,68.0,68.0,68.0,68.0,68.0,68.0,68.0,68.0,68.0,68.0,68.0,68.0,68.0,68.0,68.0,68.0,68.0,16.895,15.832,14.864,14.385,13.903,13.51,13.17,12.905,12.746,12.621,12.546,12.515,12.496,12.506,12.509,12.522,12.521,12.517,12.498,12.471,12.421
12602172417,24.0,24.0,24.0,24.0,24.0,24.0,24.0,24.0,24.0,24.0,24.0,24.0,24.0,24.0,24.0,24.0,24.0,24.0,24.0,24.0,24.0,15.943,17.148,16.721,16.18,15.636,15.193,14.81,14.511,14.330000000000002,14.19,14.103,14.067999999999998,14.044999999999998,14.055,14.057,14.072,14.07,14.064,14.041,14.009,13.951
12602172425,0.0,0.0,0.0,0.0,0.0,0.0,0.0,0.0,0.0,0.0,0.0,0.0,0.0,0.0,0.0,0.0,0.0,0.0,0.0,0.0,0.0,26.414,24.751,23.24,22.489,21.735,21.121,20.591,20.176,19.926,19.733,19.613999999999997,19.566000000000003,19.536,19.552,19.555999999999997,19.577,19.576,19.57,19.539,19.496,19.419
12602172429,0.0,0.0,0.0,0.0,0.0,0.0,0.0,0.0,0.0,0.0,0.0,0.0,0.0,0.0,0.0,0.0,0.0,0.0,0.0,0.0,0.0,17.371,16.278,15.284,14.79,14.295,13.891,13.541,13.269,13.105,12.977,12.899,12.868,12.848,12.858,12.861,12.875,12.874,12.871,12.85,12.822,12.771
12602172433,0.0,0.0,0.0,0.0,0.0,0.0,0.0,0.0,0.0,0.0,0.0,0.0,0.0,0.0,0.0,0.0,0.0,0.0,0.0,0.0,0.0,29.056,28.374,27.088,26.496,25.84,25.307,24.841,24.468,24.254,24.101,24.018,24.004,24.015,24.08,24.145,24.227,24.289,24.341,24.352,24.343,24.287
12602172437,0.0,0.0,0.0,0.0,0.0,0.0,0.0,0.0,0.0,0.0,0.0,0.0,0.0,0.0,0.0,0.0,0.0,0.0,0.0,0.0,0.0,25.217,24.595,23.529000000000003,23.116,22.69,22.363,22.073,21.854,21.761,21.703,21.702,21.761,21.831,21.944000000000003,22.05,22.174,22.272,22.358,22.421,22.468,22.477
12602172501,0.0,0.0,0.0,0.0,0.0,0.0,0.0,0.0,0.0,0.0,0.0,0.0,0.0,0.0,0.0,0.0,0.0,0.0,0.0,0.0,0.0,20.459,19.394,18.448,17.992,17.403,17.002,16.625,16.346,16.133,15.956,15.811,15.695,15.612000000000002,15.561,15.542,15.535,15.53,15.518999999999998,15.499,15.474,15.421
12602172503,50.0,50.0,50.0,50.0,50.0,50.0,50.0,50.0,50.0,50.0,50.0,50.0,50.0,50.0,50.0,50.0,50.0,50.0,50.0,50.0,50.0,20.456,19.51,18.826,18.598,18.168,17.868000000000002,17.601,17.378,17.243000000000002,17.119,17.03,16.988,16.947,16.948999999999998,16.956,16.964,16.986,16.986,16.985,16.96,16.907
12602172508,0.0,0.0,0.0,0.0,0.0,0.0,0.0,0.0,0.0,0.0,0.0,0.0,0.0,0.0,0.0,0.0,0.0,0.0,0.0,0.0,0.0,30.601,29.186,28.162000000000003,27.82,27.177,26.729,26.328000000000003,25.996,25.792,25.609,25.474,25.412,25.348999999999997,25.354,25.363999999999997,25.375,25.409,25.409,25.407,25.369999999999997,25.29
12602172510,0.0,0.0,0.0,0.0,0.0,0.0,0.0,0.0,0.0,0.0,0.0,0.0,0.0,0.0,0.0,0.0,0.0,0.0,0.0,0.0,0.0,22.823,21.768,21.004,20.749,20.271,19.935,19.637,19.39,19.237,19.1,19.0,18.954,18.907,18.91,18.918,18.926,18.951,18.952,18.949,18.922,18.863
12602172515,0.0,0.0,0.0,0.0,0.0,0.0,0.0,0.0,0.0,0.0,0.0,0.0,0.0,0.0,0.0,0.0,0.0,0.0,0.0,0.0,0.0,26.057,24.7,23.495,22.915,22.164,21.654,21.174,20.818,20.547,20.321,20.136,19.989,19.884,19.818,19.795,19.786,19.779,19.765,19.738999999999997,19.708,19.64
12602172516,0.0,0.0,0.0,0.0,0.0,0.0,0.0,0.0,0.0,0.0,0.0,0.0,0.0,0.0,0.0,0.0,0.0,0.0,0.0,0.0,0.0,38.135000000000005,36.176,34.961999999999996,36.418,37.337,38.642,40.098,40.978,41.806,42.67100000000001,43.892,45.39,46.892,48.505,50.042,51.566,53.2,54.899,56.647000000000006,58.378,59.522000000000006
12602172518,0.0,0.0,0.0,0.0,0.0,0.0,0.0,0.0,0.0,0.0,0.0,0.0,0.0,0.0,0.0,0.0,0.0,0.0,0.0,0.0,0.0,42.435,40.473,39.053,38.579,37.688,37.065,36.511,36.05,35.766999999999996,35.512,35.326,35.24,35.154,35.159,35.174,35.188,35.235,35.235,35.232,35.182,35.07
12602172520,0.0,0.0,0.0,0.0,0.0,0.0,0.0,0.0,0.0,0.0,0.0,0.0,0.0,0.0,0.0,0.0,0.0,0.0,0.0,0.0,0.0,14.448,13.705,13.246,11.973,11.207,10.671,10.254,10.065,9.988,9.924,9.944,10.025,10.104,10.202,10.281,10.353000000000002,10.445,10.546,10.652,10.751,10.83
12602172521,0.0,0.0,0.0,0.0,0.0,0.0,0.0,0.0,0.0,0.0,0.0,0.0,0.0,0.0,0.0,0.0,0.0,0.0,0.0,0.0,0.0,62.892,59.983999999999995,57.879999999999995,57.177,55.856,54.933,54.111999999999995,53.429,53.009,52.631,52.355999999999995,52.227999999999994,52.099999999999994,52.108,52.131,52.151,52.221,52.221,52.217,52.142,51.977
12602172523,106.0,106.0,106.0,106.0,106.0,106.0,106.0,106.0,106.0,106.0,106.0,106.0,106.0,106.0,106.0,106.0,106.0,106.0,106.0,106.0,106.0,36.093,34.214,32.545,31.741999999999997,30.701,29.995,29.33,28.836999999999996,28.461,28.147999999999996,27.893,27.689,27.543,27.452,27.419,27.406,27.398,27.378,27.343000000000004,27.299,27.205
12602172524,110.0,110.0,110.0,110.0,110.0,110.0,110.0,110.0,110.0,110.0,110.0,110.0,110.0,110.0,110.0,110.0,110.0,110.0,110.0,110.0,110.0,28.758,27.261000000000003,25.931,25.292,24.463,23.899,23.369,22.976999999999997,22.677999999999997,22.427999999999997,22.225,22.062,21.945,21.873,21.847,21.837,21.831,21.814,21.787,21.752,21.677
20903121318,0.0,0.0,0.0,0.0,0.0,0.0,0.0,0.0,0.0,0.0,0.0,0.0,0.0,0.0,0.0,0.0,0.0,0.0,0.0,0.0,0.0,30.587,30.299,30.787,31.241999999999997,31.368,31.123,30.765,30.488,30.222,30.11,29.962000000000003,29.854,29.759,29.624,29.524,29.392,29.315,29.183,29.051,28.896,28.717
20903121322,0.0,0.0,0.0,0.0,0.0,0.0,0.0,0.0,0.0,0.0,0.0,0.0,0.0,0.0,0.0,0.0,0.0,0.0,0.0,0.0,0.0,9.014,8.942,9.001,9.01,8.937999999999999,8.833,8.709999999999999,8.617,8.536999999999999,8.507,8.477,8.461,8.451,8.43,8.421,8.401,8.398,8.379,8.359,8.332,8.298
20903121325,0.0,0.0,0.0,0.0,0.0,0.0,0.0,0.0,0.0,0.0,0.0,0.0,0.0,0.0,0.0,0.0,0.0,0.0,0.0,0.0,0.0,14.562,14.445,14.54,14.554,14.439,14.269,14.069,13.92,13.791,13.742,13.694,13.668,13.653,13.617,13.603000000000002,13.571,13.566,13.534,13.503,13.46,13.406
20904121601,0.0,0.0,0.0,0.0,0.0,0.0,0.0,0.0,0.0,0.0,0.0,0.0,0.0,0.0,0.0,0.0,0.0,0.0,0.0,0.0,0.0,18.061,18.571,18.906,19.299,19.227,18.961,18.659,18.432,18.215,18.043,17.88,17.746000000000002,17.64,17.661,17.73,17.751,17.789,17.782,17.746,17.7,17.619999999999997
20904121605,0.0,0.0,0.0,0.0,0.0,0.0,0.0,0.0,0.0,0.0,0.0,0.0,0.0,0.0,0.0,0.0,0.0,0.0,0.0,0.0,0.0,25.284,25.759,26.045,26.248,26.316000000000003,26.424,26.47,26.594,26.699,26.842,26.978,27.116999999999997,27.278,27.334,27.455,27.497,27.558,27.546,27.493,27.424999999999997,27.301
20904121607,0.0,0.0,0.0,0.0,0.0,0.0,0.0,0.0,0.0,0.0,0.0,0.0,0.0,0.0,0.0,0.0,0.0,0.0,0.0,0.0,0.0,16.498,16.698,16.708,16.622999999999998,16.57,16.582,16.59,16.656,16.715,16.791,16.861,16.927,17.006999999999998,17.038,17.108,17.137,17.177999999999997,17.183,17.169,17.145,17.091
20904121610,0.0,0.0,0.0,0.0,0.0,0.0,0.0,0.0,0.0,0.0,0.0,0.0,0.0,0.0,0.0,0.0,0.0,0.0,0.0,0.0,0.0,0.0,0.0,0.0,0.0,0.0,0.0,0.0,0.0,0.0,0.0,0.0,0.0,0.0,0.0,0.0,0.0,0.0,0.0,0.0,0.0,0.0
20904121611,0.0,0.0,0.0,0.0,0.0,0.0,0.0,0.0,0.0,0.0,0.0,0.0,0.0,0.0,0.0,0.0,0.0,0.0,0.0,0.0,0.0,16.785,16.988,16.999000000000002,16.912,16.858,16.871,16.878,16.945,17.006,17.083,17.154,17.222,17.303,17.334,17.405,17.435000000000002,17.476,17.482,17.467,17.442999999999998,17.387999999999998
20904121612,0.0,0.0,0.0,0.0,0.0,0.0,0.0,0.0,0.0,0.0,0.0,0.0,0.0,0.0,0.0,0.0,0.0,0.0,0.0,0.0,0.0,19.366999999999997,19.602,19.614,19.514,19.452,19.466,19.476,19.552,19.622,19.712,19.793,19.871,19.964,20.002,20.082,20.117,20.165,20.171,20.154,20.127,20.063
20904122001,90.0,90.0,90.0,90.0,90.0,90.0,90.0,90.0,90.0,90.0,90.0,90.0,90.0,90.0,90.0,90.0,90.0,90.0,90.0,90.0,90.0,13.751,14.042,14.558,14.363,14.182,14.019,13.901,13.815,13.776,13.744,13.742,13.757,13.771,13.8,13.825,13.847,13.855,13.863,13.848,13.832999999999998,13.789
20904122002,0.0,0.0,0.0,0.0,0.0,0.0,0.0,0.0,0.0,0.0,0.0,0.0,0.0,0.0,0.0,0.0,0.0,0.0,0.0,0.0,0.0,0.442,0.398,0.378,0.324,0.284,0.258,0.275,4.313,10.678,18.11,25.909,34.041,41.678,47.65,52.834,57.121,60.582,63.661,66.412,69.067,71.544
20904122003,0.0,0.0,0.0,0.0,0.0,0.0,0.0,0.0,0.0,0.0,0.0,0.0,0.0,0.0,0.0,0.0,0.0,0.0,0.0,0.0,0.0,28.244,29.017,30.503,30.565,30.297000000000004,30.226,30.262,30.424,30.577,30.680999999999997,30.866999999999997,31.071,31.252,31.424,31.583,31.735,31.851999999999997,31.977,32.06,32.144,32.175
20904122004,0.0,0.0,0.0,0.0,0.0,0.0,0.0,0.0,0.0,0.0,0.0,0.0,0.0,0.0,0.0,0.0,0.0,0.0,0.0,0.0,0.0,28.095999999999997,28.865,30.343,30.405,30.139000000000003,30.067,30.104,30.266,30.417,30.52,30.705,30.909,31.088,31.259,31.418,31.568,31.686,31.808,31.891,31.976,32.006
20904122005,0.0,0.0,0.0,0.0,0.0,0.0,0.0,0.0,0.0,0.0,0.0,0.0,0.0,0.0,0.0,0.0,0.0,0.0,0.0,0.0,0.0,14.842,13.371,12.719,10.902,9.539,8.679,9.233,11.276,13.341,15.282,17.087,18.82,20.267,21.273,22.006,22.491999999999997,22.804,22.964,23.008000000000003,23.029000000000003,23.001
20904122006,0.0,0.0,0.0,0.0,0.0,0.0,0.0,0.0,0.0,0.0,0.0,0.0,0.0,0.0,0.0,0.0,0.0,0.0,0.0,0.0,0.0,16.167,14.565,13.856,11.874,10.391,11.506,16.516,21.915,25.849000000000004,29.525,32.919,36.154,38.823,40.636,41.92,42.729,43.203,43.389,43.359,43.284,43.119
20904122007,120.0,120.0,120.0,120.0,120.0,120.0,120.0,120.0,120.0,120.0,120.0,120.0,120.0,120.0,120.0,120.0,120.0,120.0,120.0,120.0,120.0,22.446,22.932,23.801,23.512,23.23,23.001,22.860999999999997,22.789,22.786,22.787,22.843,22.921,22.994999999999997,23.083,23.162,23.235,23.281,23.329,23.34,23.35,23.315
20904122008,0.0,0.0,0.0,0.0,0.0,0.0,0.0,0.0,0.0,0.0,0.0,0.0,0.0,0.0,0.0,0.0,0.0,0.0,0.0,0.0,0.0,16.149,16.485,17.07,16.818,16.601,16.393,16.234,16.107,16.04,15.986,15.966,15.965,15.967,15.989,16.006999999999998,16.021,16.02,16.019,15.992,15.962,15.899
20904122009,0.0,0.0,0.0,0.0,0.0,0.0,0.0,0.0,0.0,0.0,0.0,0.0,0.0,0.0,0.0,0.0,0.0,0.0,0.0,0.0,0.0,18.548,18.933,19.605,19.316,19.066,18.828,18.644,18.499,18.422,18.36,18.338,18.336,18.338,18.362,18.384,18.402,18.399,18.398,18.366,18.332,18.26
20904122010,0.0,0.0,0.0,0.0,0.0,0.0,0.0,0.0,0.0,0.0,0.0,0.0,0.0,0.0,0.0,0.0,0.0,0.0,0.0,0.0,0.0,15.327,15.682,16.345,16.22,16.054000000000002,15.968,15.971,16.046,16.149,16.244999999999997,16.381999999999998,16.531,16.667,16.796,16.916,17.026,17.116,17.208,17.276,17.346,17.383
20904122011,70.0,70.0,70.0,70.0,70.0,70.0,70.0,70.0,70.0,70.0,70.0,70.0,70.0,70.0,70.0,70.0,70.0,70.0,70.0,70.0,70.0,18.101,18.519,19.302,19.155,18.959,18.857,18.861,18.95,19.071,19.185,19.346,19.521,19.682,19.835,19.976999999999997,20.107999999999997,20.214,20.322,20.403,20.484,20.528
20904122012,0.0,0.0,0.0,0.0,0.0,0.0,0.0,0.0,0.0,0.0,0.0,0.0,0.0,0.0,0.0,0.0,0.0,0.0,0.0,0.0,0.0,20.009,20.516,21.467,21.401,21.186,21.071,21.025,21.056,21.105,21.132,21.214,21.311,21.398,21.488999999999997,21.572000000000003,21.648,21.703,21.761000000000003,21.79,21.817,21.806
20904122013,0.0,0.0,0.0,0.0,0.0,0.0,0.0,0.0,0.0,0.0,0.0,0.0,0.0,0.0,0.0,0.0,0.0,0.0,0.0,0.0,0.0,24.154,24.765,25.914,25.835,25.574,25.435,25.381,25.417,25.476,25.51,25.607999999999997,25.725,25.831000000000003,25.939,26.04,26.132,26.198,26.268,26.302999999999997,26.337,26.323
20904122014,124.0,124.0,124.0,124.0,124.0,124.0,124.0,124.0,124.0,124.0,124.0,124.0,124.0,124.0,124.0,124.0,124.0,124.0,124.0,124.0,124.0,17.436,17.878,18.707,18.649,18.462,18.361,18.323,18.349,18.391,18.415,18.487,18.571,18.647,18.725,18.798,18.865,18.912,18.963,18.988,19.012,19.002
20904122015,30.0,30.0,30.0,30.0,30.0,30.0,30.0,30.0,30.0,30.0,30.0,30.0,30.0,30.0,30.0,30.0,30.0,30.0,30.0,30.0,30.0,15.071,14.988,15.256,14.609,14.166,13.8,13.519,13.292000000000002,13.131,12.979,12.87,12.786,12.706,12.649,12.593,12.548,12.495,12.447,12.385000000000002,12.335,12.262
20904122016,0.0,0.0,0.0,0.0,0.0,0.0,0.0,0.0,0.0,0.0,0.0,0.0,0.0,0.0,0.0,0.0,0.0,0.0,0.0,0.0,0.0,21.341,21.223,21.602,20.685,20.059,19.541,19.143,18.822000000000003,18.594,18.379,18.224,18.104,17.991999999999997,17.911,17.830000000000002,17.768,17.692,17.625,17.536,17.466,17.363
20904122017,0.0,0.0,0.0,0.0,0.0,0.0,0.0,0.0,0.0,0.0,0.0,0.0,0.0,0.0,0.0,0.0,0.0,0.0,0.0,0.0,0.0,14.497,14.818,15.394,15.219,15.043,14.904,14.819,14.777,14.774,14.78,14.82,14.875,14.928,14.989999999999998,15.045,15.101,15.138,15.175,15.187,15.198,15.182
20904122018,0.0,0.0,0.0,0.0,0.0,0.0,0.0,0.0,0.0,0.0,0.0,0.0,0.0,0.0,0.0,0.0,0.0,0.0,0.0,0.0,0.0,19.933,20.375,21.167,20.925,20.683999999999997,20.491999999999997,20.376,20.319000000000003,20.315,20.323,20.377,20.453,20.525,20.61,20.686,20.764,20.815,20.866,20.883000000000003,20.897,20.875
20904122019,0.0,0.0,0.0,0.0,0.0,0.0,0.0,0.0,0.0,0.0,0.0,0.0,0.0,0.0,0.0,0.0,0.0,0.0,0.0,0.0,0.0,18.977,19.416,20.236,20.082,19.876,19.77,19.773,19.867,19.995,20.113999999999997,20.282,20.466,20.635,20.795,20.943,21.08,21.192,21.305999999999997,21.39,21.476,21.522
20904122020,0.0,0.0,0.0,0.0,0.0,0.0,0.0,0.0,0.0,0.0,0.0,0.0,0.0,0.0,0.0,0.0,0.0,0.0,0.0,0.0,0.0,14.163,14.464,14.995,14.794,14.607,14.44,14.318,14.229,14.19,14.156,14.155,14.17,14.184,14.214,14.239,14.263,14.269,14.278,14.264,14.247,14.202
20904122021,0.0,0.0,0.0,0.0,0.0,0.0,0.0,0.0,0.0,0.0,0.0,0.0,0.0,0.0,0.0,0.0,0.0,0.0,0.0,0.0,0.0,22.964,23.451,24.312,23.985,23.683,23.412999999999997,23.214,23.071,23.006,22.952,22.951,22.974,22.998,23.046,23.088,23.125,23.136,23.15,23.127,23.1,23.027
20904122022,0.0,0.0,0.0,0.0,0.0,0.0,0.0,0.0,0.0,0.0,0.0,0.0,0.0,0.0,0.0,0.0,0.0,0.0,0.0,0.0,0.0,23.044,22.942,23.611,22.837,22.166,21.683,21.329,21.089,20.875,20.617,20.439,20.296,20.153,20.028,19.913,19.817,19.72,19.647,19.568,19.523,19.447000000000003
20904122023,0.0,0.0,0.0,0.0,0.0,0.0,0.0,0.0,0.0,0.0,0.0,0.0,0.0,0.0,0.0,0.0,0.0,0.0,0.0,0.0,0.0,19.177,19.508000000000003,20.286,19.974,19.665,19.352,19.077,18.835,18.633000000000003,18.417,18.252,18.115,17.988999999999997,17.892,17.802999999999997,17.73,17.653,17.59,17.512999999999998,17.454,17.362000000000002
20904122024,0.0,0.0,0.0,0.0,0.0,0.0,0.0,0.0,0.0,0.0,0.0,0.0,0.0,0.0,0.0,0.0,0.0,0.0,0.0,0.0,0.0,25.257,25.808,26.798,26.485,26.172,25.926,25.785,25.725,25.739,25.758,25.836,25.94,26.038,26.149,26.249,26.341,26.403,26.466,26.49,26.511,26.482
20904122025,0.0,0.0,0.0,0.0,0.0,0.0,0.0,0.0,0.0,0.0,0.0,0.0,0.0,0.0,0.0,0.0,0.0,0.0,0.0,0.0,0.0,9.098,9.296,9.653,9.54,9.427,9.339,9.288,9.267,9.271,9.278,9.307,9.344,9.379,9.419,9.455,9.489,9.511,9.533,9.542,9.55,9.539
20904122026,0.0,0.0,0.0,0.0,0.0,0.0,0.0,0.0,0.0,0.0,0.0,0.0,0.0,0.0,0.0,0.0,0.0,0.0,0.0,0.0,0.0,16.266,16.195,16.666,16.121,15.647,15.305,15.056,14.886,14.736,14.553,14.428,14.326999999999998,14.225,14.137,14.056,13.988,13.92,13.869,13.812,13.781,13.728000000000002
20904122027,0.0,0.0,0.0,0.0,0.0,0.0,0.0,0.0,0.0,0.0,0.0,0.0,0.0,0.0,0.0,0.0,0.0,0.0,0.0,0.0,0.0,13.057,13.282,13.811,13.6,13.389,13.175999999999998,12.989,12.823999999999998,12.687,12.539,12.426,12.333,12.247,12.182,12.121,12.072,12.019,11.976,11.924,11.883,11.821000000000002
20904122028,204.0,204.0,204.0,204.0,204.0,204.0,204.0,204.0,204.0,204.0,204.0,204.0,204.0,204.0,204.0,204.0,204.0,204.0,204.0,204.0,204.0,35.476,36.746,39.058,39.354,39.327,39.547,39.74,39.913,39.918,40.201,40.558,40.959,41.328,41.805,42.206,42.89,43.423,43.898,44.236,44.517,44.865
20904122029,0.0,0.0,0.0,0.0,0.0,0.0,0.0,0.0,0.0,0.0,0.0,0.0,0.0,0.0,0.0,0.0,0.0,0.0,0.0,0.0,0.0,24.958999999999996,25.498,26.465,26.144,25.83,25.576,25.42,25.34,25.336,25.339,25.4,25.488,25.57,25.667,25.755000000000003,25.835,25.888,25.94,25.953,25.964,25.925
20904122030,0.0,0.0,0.0,0.0,0.0,0.0,0.0,0.0,0.0,0.0,0.0,0.0,0.0,0.0,0.0,0.0,0.0,0.0,0.0,0.0,0.0,22.062,22.637,23.709,23.667,23.414,23.244999999999997,23.106,23.021,22.955,22.863,22.829,22.813,22.795,22.8,22.802,22.803,22.784,22.771,22.724,22.676,22.586
20904122031,260.0,260.0,260.0,260.0,260.0,260.0,260.0,260.0,260.0,260.0,260.0,260.0,260.0,260.0,260.0,260.0,260.0,260.0,260.0,260.0,260.0,10.954,11.239999999999998,11.772,11.751,11.626,11.541,11.473,11.43,11.397,11.352,11.335,11.327,11.318,11.321,11.321,11.322,11.312,11.305,11.283,11.259,11.214
20904122032,0.0,0.0,0.0,0.0,0.0,0.0,0.0,0.0,0.0,0.0,0.0,0.0,0.0,0.0,0.0,0.0,0.0,0.0,0.0,0.0,0.0,19.26,19.671,20.386000000000003,20.097,19.855,19.622,19.44,19.296,19.216,19.162,19.144,19.147,19.154,19.189,19.224,19.252,19.259,19.271,19.246,19.215,19.143
20904122033,0.0,0.0,0.0,0.0,0.0,0.0,0.0,0.0,0.0,0.0,0.0,0.0,0.0,0.0,0.0,0.0,0.0,0.0,0.0,0.0,0.0,28.616,29.641,31.505000000000003,31.745,31.723,31.9,32.056,32.195,32.199,32.427,32.716,33.038,33.336,33.72,34.044,34.597,35.025999999999996,35.410000000000004,35.682,35.909,36.189
20904122034,0.0,0.0,0.0,0.0,0.0,0.0,0.0,0.0,0.0,0.0,0.0,0.0,0.0,0.0,0.0,0.0,0.0,0.0,0.0,0.0,0.0,16.853,17.213,17.838,17.584,17.372999999999998,17.169,17.009999999999998,16.884,16.814,16.767,16.751,16.753,16.759,16.791,16.82,16.845,16.851,16.862000000000002,16.841,16.813,16.75
20904122035,0.0,0.0,0.0,0.0,0.0,0.0,0.0,0.0,0.0,0.0,0.0,0.0,0.0,0.0,0.0,0.0,0.0,0.0,0.0,0.0,0.0,24.241,24.774,25.742,25.46,25.166,24.949,24.839,24.813,24.853,24.894,24.995,25.119999999999997,25.235,25.359,25.471,25.575,25.65,25.726,25.764000000000003,25.799999999999997,25.787
20904122036,30.0,30.0,30.0,30.0,30.0,30.0,30.0,30.0,30.0,30.0,30.0,30.0,30.0,30.0,30.0,30.0,30.0,30.0,30.0,30.0,30.0,15.415,15.781,15.408,14.796,15.026,15.536,16.080000000000002,16.276,16.421999999999997,16.436,16.615,16.805,16.999000000000002,17.163,17.277,17.337,17.353,17.328,17.26,17.183999999999997,17.076999999999998
20904122037,299.0,299.0,299.0,299.0,299.0,299.0,299.0,299.0,299.0,299.0,299.0,299.0,299.0,299.0,299.0,299.0,299.0,299.0,299.0,299.0,299.0,56.379,57.719,64.162,71.59400000000001,72.67099999999999,75.08,77.65,82.676,88.335,92.969,97.977,102.696,106.99,110.371,113.197,115.416,117.081,118.463,119.533,120.519,121.275
20904122038,0.0,0.0,0.0,0.0,0.0,0.0,0.0,0.0,0.0,0.0,0.0,0.0,0.0,0.0,0.0,0.0,0.0,0.0,0.0,0.0,0.0,20.577,21.02,21.798,21.505,21.243,21.009,20.839,20.713,20.654,20.616,20.625,20.656,20.688,20.744,20.793,20.846,20.872,20.898,20.887,20.873,20.821
20904122039,0.0,0.0,0.0,0.0,0.0,0.0,0.0,0.0,0.0,0.0,0.0,0.0,0.0,0.0,0.0,0.0,0.0,0.0,0.0,0.0,0.0,12.636,12.914,13.418,13.271999999999998,13.119,13.006,12.948,12.935,12.955,12.977,13.029,13.094,13.155,13.219,13.278,13.332,13.37,13.41,13.431,13.449,13.443
20904122040,0.0,0.0,0.0,0.0,0.0,0.0,0.0,0.0,0.0,0.0,0.0,0.0,0.0,0.0,0.0,0.0,0.0,0.0,0.0,0.0,0.0,12.497,12.823,13.429,13.405,13.262,13.166,13.088,13.04,13.002,12.95,12.932,12.923,12.912,12.914,12.916,12.916,12.906,12.898,12.872,12.845,12.793
20904122041,0.0,0.0,0.0,0.0,0.0,0.0,0.0,0.0,0.0,0.0,0.0,0.0,0.0,0.0,0.0,0.0,0.0,0.0,0.0,0.0,0.0,16.217,16.565,17.179,16.948,16.741,16.557000000000002,16.423000000000002,16.324,16.277,16.247999999999998,16.253999999999998,16.279,16.304,16.348,16.386,16.428,16.449,16.469,16.461,16.45,16.409
20904122042,0.0,0.0,0.0,0.0,0.0,0.0,0.0,0.0,0.0,0.0,0.0,0.0,0.0,0.0,0.0,0.0,0.0,0.0,0.0,0.0,0.0,19.237,19.663,20.427,20.194000000000003,19.96,19.776,19.664,19.608,19.605,19.612,19.665,19.739,19.808,19.89,19.963,20.037,20.087,20.136000000000003,20.152,20.167,20.145000000000003
20904122043,0.0,0.0,0.0,0.0,0.0,0.0,0.0,0.0,0.0,0.0,0.0,0.0,0.0,0.0,0.0,0.0,0.0,0.0,0.0,0.0,0.0,15.776,16.049,16.688,16.432,16.178,15.92,15.694,15.496,15.329,15.151,15.015,14.903,14.799,14.719,14.647,14.586,14.523,14.471,14.408,14.359000000000002,14.284
20904122044,0.0,0.0,0.0,0.0,0.0,0.0,0.0,0.0,0.0,0.0,0.0,0.0,0.0,0.0,0.0,0.0,0.0,0.0,0.0,0.0,0.0,19.825,20.257,21.034,20.789,20.543,20.351,20.24,20.193,20.203,20.218,20.28,20.362,20.438,20.525,20.604,20.676,20.725,20.775,20.794,20.81,20.786
20904122045,0.0,0.0,0.0,0.0,0.0,0.0,0.0,0.0,0.0,0.0,0.0,0.0,0.0,0.0,0.0,0.0,0.0,0.0,0.0,0.0,0.0,17.908,18.28,18.929,18.65,18.409,18.179,18.000999999999998,17.861,17.788,17.727,17.705,17.704,17.706,17.73,17.749000000000002,17.766,17.765,17.764,17.733,17.700000000000003,17.631
20904122046,0.0,0.0,0.0,0.0,0.0,0.0,0.0,0.0,0.0,0.0,0.0,0.0,0.0,0.0,0.0,0.0,0.0,0.0,0.0,0.0,0.0,8.658,7.8,7.42,6.359,5.5649999999999995,5.062,5.386,6.578,7.782,8.914,9.968,10.979,11.822,12.409,12.837,13.12,13.302,13.395,13.422,13.434,13.417
20904122101,30.0,30.0,30.0,30.0,30.0,30.0,30.0,30.0,30.0,30.0,30.0,30.0,30.0,30.0,30.0,30.0,30.0,30.0,30.0,30.0,30.0,21.083,21.523,21.875,21.837,21.75,21.569000000000003,21.427999999999997,21.296999999999997,21.227,21.207,21.17,21.173,21.191,21.203000000000003,21.251,21.269,21.292,21.292,21.267,21.231,21.164
20904122102,0.0,0.0,0.0,0.0,0.0,0.0,0.0,0.0,0.0,0.0,0.0,0.0,0.0,0.0,0.0,0.0,0.0,0.0,0.0,0.0,0.0,21.058,21.51,21.880000000000003,21.87,21.807,21.66,21.542,21.422,21.380000000000003,21.39,21.392,21.409,21.464,21.484,21.566,21.604,21.64,21.675,21.68,21.677999999999997,21.642000000000003
20904122103,63.0,63.0,63.0,63.0,63.0,63.0,63.0,63.0,63.0,63.0,63.0,63.0,63.0,63.0,63.0,63.0,63.0,63.0,63.0,63.0,63.0,19.792,20.194,20.519,20.474,20.39,20.219,20.086,19.964,19.902,19.882,19.846,19.846,19.863,19.875,19.919,19.936,19.957,19.956,19.934,19.899,19.835
20904122104,0.0,0.0,0.0,0.0,0.0,0.0,0.0,0.0,0.0,0.0,0.0,0.0,0.0,0.0,0.0,0.0,0.0,0.0,0.0,0.0,0.0,26.118,26.679,27.138,27.125,27.046999999999997,26.863999999999997,26.718,26.569000000000003,26.518,26.53,26.532,26.552999999999997,26.621,26.647,26.749,26.795,26.84,26.884,26.889000000000003,26.887,26.842
20904122105,0.0,0.0,0.0,0.0,0.0,0.0,0.0,0.0,0.0,0.0,0.0,0.0,0.0,0.0,0.0,0.0,0.0,0.0,0.0,0.0,0.0,20.341,20.755,21.089,21.042,20.956000000000003,20.78,20.644,20.519,20.455,20.433999999999997,20.398,20.397,20.415,20.427,20.472,20.49,20.512,20.511,20.487,20.451,20.385
20904122106,0.0,0.0,0.0,0.0,0.0,0.0,0.0,0.0,0.0,0.0,0.0,0.0,0.0,0.0,0.0,0.0,0.0,0.0,0.0,0.0,0.0,24.406,24.852,25.205,25.102,24.925,24.631,24.368,24.119,23.936,23.837,23.725,23.67,23.605,23.527,23.505000000000003,23.451,23.411,23.343,23.261000000000003,23.176,23.068
20904122107,0.0,0.0,0.0,0.0,0.0,0.0,0.0,0.0,0.0,0.0,0.0,0.0,0.0,0.0,0.0,0.0,0.0,0.0,0.0,0.0,0.0,25.705,26.174,26.545,26.438,26.25,25.941,25.664,25.401,25.209,25.106,24.987,24.928,24.861,24.778,24.755,24.698,24.655,24.584,24.498,24.409,24.295
20904122108,44.0,44.0,44.0,44.0,44.0,44.0,44.0,44.0,44.0,44.0,44.0,44.0,44.0,44.0,44.0,44.0,44.0,44.0,44.0,44.0,44.0,24.965,25.528,25.985,25.996,25.912,25.735,25.593,25.450000000000003,25.384,25.405,25.408,25.445,25.493,25.522,25.618,25.666,25.716,25.745,25.748,25.743,25.700000000000003
20904122109,0.0,0.0,0.0,0.0,0.0,0.0,0.0,0.0,0.0,0.0,0.0,0.0,0.0,0.0,0.0,0.0,0.0,0.0,0.0,0.0,0.0,15.264,15.466,15.634,15.491,15.35,15.134,14.947,14.771999999999998,14.644000000000002,14.559,14.463,14.396999999999998,14.336000000000002,14.267,14.229,14.172,14.124,14.064,13.994,13.925999999999998,13.844
20904122110,0.0,0.0,0.0,0.0,0.0,0.0,0.0,0.0,0.0,0.0,0.0,0.0,0.0,0.0,0.0,0.0,0.0,0.0,0.0,0.0,0.0,27.264000000000003,27.624,27.925000000000004,27.67,27.419,27.033,26.699,26.387,26.159,26.006,25.834,25.716,25.609,25.485,25.416,25.314,25.229,25.122,24.998,24.875,24.73
20904122111,0.0,0.0,0.0,0.0,0.0,0.0,0.0,0.0,0.0,0.0,0.0,0.0,0.0,0.0,0.0,0.0,0.0,0.0,0.0,0.0,0.0,23.817,24.354999999999997,24.79,24.801,24.721,24.551,24.416,24.281,24.217,24.237,24.24,24.276,24.321,24.348,24.44,24.485999999999997,24.533,24.56,24.565,24.558999999999997,24.519
20904122112,0.0,0.0,0.0,0.0,0.0,0.0,0.0,0.0,0.0,0.0,0.0,0.0,0.0,0.0,0.0,0.0,0.0,0.0,0.0,0.0,0.0,22.525,23.034,23.446,23.456000000000003,23.381,23.221,23.092,22.964,22.904,22.923,22.924999999999997,22.96,23.003,23.029,23.115,23.158,23.203000000000003,23.229,23.233,23.228,23.189
20904122113,0.0,0.0,0.0,0.0,0.0,0.0,0.0,0.0,0.0,0.0,0.0,0.0,0.0,0.0,0.0,0.0,0.0,0.0,0.0,0.0,0.0,22.4,22.568,22.721,22.388,22.1,21.692,21.332,20.993,20.733,20.529,20.309,20.126,19.96,19.781,19.646,19.487,19.347,19.196,19.039,18.89,18.733
20904122114,0.0,0.0,0.0,0.0,0.0,0.0,0.0,0.0,0.0,0.0,0.0,0.0,0.0,0.0,0.0,0.0,0.0,0.0,0.0,0.0,0.0,22.52,22.689,22.844,22.508,22.219,21.809,21.447000000000003,21.106,20.844,20.639000000000003,20.417,20.234,20.067,19.888,19.751,19.592,19.451,19.299,19.142,18.991999999999997,18.834
20904122115,0.0,0.0,0.0,0.0,0.0,0.0,0.0,0.0,0.0,0.0,0.0,0.0,0.0,0.0,0.0,0.0,0.0,0.0,0.0,0.0,0.0,21.651,22.251,22.680999999999997,22.72,22.718,22.579,22.433999999999997,22.293,22.187,22.179,22.167,22.227,22.247,22.247,22.305999999999997,22.332,22.37,22.371,22.351,22.323,22.262
20904122116,0.0,0.0,0.0,0.0,0.0,0.0,0.0,0.0,0.0,0.0,0.0,0.0,0.0,0.0,0.0,0.0,0.0,0.0,0.0,0.0,0.0,12.974,13.245,13.462,13.438,13.385,13.274,13.186,13.105,13.063,13.05,13.027,13.029,13.041,13.048000000000002,13.076999999999998,13.089,13.104,13.103,13.088,13.065,13.024
20904122117,0.0,0.0,0.0,0.0,0.0,0.0,0.0,0.0,0.0,0.0,0.0,0.0,0.0,0.0,0.0,0.0,0.0,0.0,0.0,0.0,0.0,22.705,23.177999999999997,23.558,23.517,23.424,23.229,23.076,22.935,22.86,22.838,22.798,22.801,22.821,22.834,22.885,22.905,22.930999999999997,22.929,22.904,22.865,22.792
20904122118,0.0,0.0,0.0,0.0,0.0,0.0,0.0,0.0,0.0,0.0,0.0,0.0,0.0,0.0,0.0,0.0,0.0,0.0,0.0,0.0,0.0,21.942,22.561,23.009,23.061,23.069000000000003,22.938,22.802999999999997,22.67,22.574,22.576,22.575,22.646,22.671,22.674,22.738,22.768,22.811,22.815,22.798,22.773000000000003,22.715
20904122119,0.0,0.0,0.0,0.0,0.0,0.0,0.0,0.0,0.0,0.0,0.0,0.0,0.0,0.0,0.0,0.0,0.0,0.0,0.0,0.0,0.0,13.542000000000002,13.923,14.2,14.232,14.236999999999998,14.156,14.073,13.99,13.931,13.933,13.932,13.976,13.991,13.993,14.032,14.051,14.077000000000002,14.08,14.07,14.055,14.018
20904122120,0.0,0.0,0.0,0.0,0.0,0.0,0.0,0.0,0.0,0.0,0.0,0.0,0.0,0.0,0.0,0.0,0.0,0.0,0.0,0.0,0.0,11.331,10.356,9.492,8.26,7.435,6.714,6.154,5.733,5.4719999999999995,5.354,5.296,5.266,5.28,5.264,5.295999999999999,5.2940000000000005,5.274,5.262,5.255,5.259,5.263
20904122121,0.0,0.0,0.0,0.0,0.0,0.0,0.0,0.0,0.0,0.0,0.0,0.0,0.0,0.0,0.0,0.0,0.0,0.0,0.0,0.0,0.0,22.799,23.31,23.727,23.736,23.656,23.493,23.363,23.234,23.175,23.197000000000003,23.198,23.225,23.266,23.294,23.382,23.427,23.47,23.495,23.501,23.496,23.457
20904122122,0.0,0.0,0.0,0.0,0.0,0.0,0.0,0.0,0.0,0.0,0.0,0.0,0.0,0.0,0.0,0.0,0.0,0.0,0.0,0.0,0.0,13.949,14.263,14.517,14.523,14.474,14.374,14.294999999999998,14.216,14.178999999999998,14.193,14.194,14.21,14.235,14.252,14.306,14.334,14.36,14.376,14.379,14.376,14.352
20904122123,30.0,30.0,30.0,30.0,30.0,30.0,30.0,30.0,30.0,30.0,30.0,30.0,30.0,30.0,30.0,30.0,30.0,30.0,30.0,30.0,30.0,14.549,14.876,15.141,15.146999999999998,15.096,14.992,14.909,14.826,14.789,14.803,14.805,14.821000000000002,14.847,14.865,14.921,14.95,14.978,14.994,14.997,14.994,14.969
20904122124,0.0,0.0,0.0,0.0,0.0,0.0,0.0,0.0,0.0,0.0,0.0,0.0,0.0,0.0,0.0,0.0,0.0,0.0,0.0,0.0,0.0,21.321,21.697,22.0,21.893,21.755,21.516,21.315,21.127,21.001,20.934,20.852,20.814,20.783,20.74,20.741,20.712,20.694,20.652,20.594,20.53,20.44
20904122125,45.0,45.0,45.0,45.0,45.0,45.0,45.0,45.0,45.0,45.0,45.0,45.0,45.0,45.0,45.0,45.0,45.0,45.0,45.0,45.0,45.0,30.459,30.994999999999997,31.428,31.275999999999996,31.078,30.737,30.45,30.180999999999997,30.002,29.905,29.787999999999997,29.734,29.69,29.630000000000003,29.628,29.588,29.562,29.504,29.42,29.328,29.200000000000003
20904122126,0.0,0.0,0.0,0.0,0.0,0.0,0.0,0.0,0.0,0.0,0.0,0.0,0.0,0.0,0.0,0.0,0.0,0.0,0.0,0.0,0.0,9.903,10.035,10.144,10.051,9.96,9.819,9.698,9.585,9.502,9.446,9.384,9.342,9.302,9.257,9.232,9.195,9.165,9.125,9.081,9.035,8.983
20904122127,81.0,81.0,81.0,81.0,81.0,81.0,81.0,81.0,81.0,81.0,81.0,81.0,81.0,81.0,81.0,81.0,81.0,81.0,81.0,81.0,81.0,14.043,14.44,14.726,14.759,14.764,14.68,14.594,14.509,14.447,14.448,14.448,14.494,14.509,14.512,14.552,14.572,14.599,14.601,14.591,14.575,14.537
20904122128,0.0,0.0,0.0,0.0,0.0,0.0,0.0,0.0,0.0,0.0,0.0,0.0,0.0,0.0,0.0,0.0,0.0,0.0,0.0,0.0,0.0,6.671,6.096,5.587,4.8629999999999995,4.377,3.952,3.623,3.375,3.222,3.151,3.1180000000000003,3.099,3.1079999999999997,3.098,3.118,3.116,3.105,3.098,3.094,3.0959999999999996,3.098
20904122129,0.0,0.0,0.0,0.0,0.0,0.0,0.0,0.0,0.0,0.0,0.0,0.0,0.0,0.0,0.0,0.0,0.0,0.0,0.0,0.0,0.0,15.542000000000002,15.866,16.125,16.098,16.035,15.9,15.796,15.699,15.648,15.633,15.606000000000002,15.608,15.621,15.63,15.665,15.679000000000002,15.696000000000002,15.696000000000002,15.678,15.652,15.601
20904122303,0.0,0.0,0.0,0.0,0.0,0.0,0.0,0.0,0.0,0.0,0.0,0.0,0.0,0.0,0.0,0.0,0.0,0.0,0.0,0.0,0.0,18.775,18.636,19.092,18.784,18.546,18.275,18.016,17.799,17.644000000000002,17.529,17.45,17.406,17.38,17.389,17.393,17.419999999999998,17.419,17.418,17.39,17.355999999999998,17.298000000000002
20904122304,0.0,0.0,0.0,0.0,0.0,0.0,0.0,0.0,0.0,0.0,0.0,0.0,0.0,0.0,0.0,0.0,0.0,0.0,0.0,0.0,0.0,37.378,36.238,37.399,36.902,36.715,36.142,35.397,34.809,34.4,34.217999999999996,34.212,34.407000000000004,34.688,35.065,35.473,35.914,36.299,36.658,36.942,37.193,37.377
20904122306,0.0,0.0,0.0,0.0,0.0,0.0,0.0,0.0,0.0,0.0,0.0,0.0,0.0,0.0,0.0,0.0,0.0,0.0,0.0,0.0,0.0,23.162,22.552,22.646,21.765,21.244,21.559,22.363999999999997,23.457,24.856,26.647,28.776000000000003,31.29,33.992999999999995,36.853,39.805,42.92,46.155,49.466,52.782,56.078,59.292
20904122307,0.0,0.0,0.0,0.0,0.0,0.0,0.0,0.0,0.0,0.0,0.0,0.0,0.0,0.0,0.0,0.0,0.0,0.0,0.0,0.0,0.0,28.389,30.18,31.127,30.696,30.519,31.174,32.18,33.471,35.084,37.163,39.617,42.515,45.611,48.870999999999995,52.223,55.746,59.381,63.09,66.785,70.449,74.008
20904122308,0.0,0.0,0.0,0.0,0.0,0.0,0.0,0.0,0.0,0.0,0.0,0.0,0.0,0.0,0.0,0.0,0.0,0.0,0.0,0.0,0.0,36.562,37.08,38.152,37.853,38.055,39.179,40.728,42.567,44.675,47.183,50.012,53.204,56.531,59.929,63.351,66.901,70.525,74.183,77.814,81.411,84.89099999999999
20904122309,0.0,0.0,0.0,0.0,0.0,0.0,0.0,0.0,0.0,0.0,0.0,0.0,0.0,0.0,0.0,0.0,0.0,0.0,0.0,0.0,0.0,28.588,27.836,27.952,26.863999999999997,26.221,25.304,24.473,23.85,23.425,23.188,23.115,23.204,23.373,23.626,23.905,24.211,24.481,24.731,24.927999999999997,25.101,25.224
20904122310,78.0,78.0,78.0,78.0,78.0,78.0,78.0,78.0,78.0,78.0,78.0,78.0,78.0,78.0,78.0,78.0,78.0,78.0,78.0,78.0,78.0,18.315,18.084,18.466,18.094,17.85,17.563,17.314999999999998,17.115,16.98,16.886,16.826999999999998,16.804000000000002,16.799,16.828,16.847,16.89,16.906,16.923000000000002,16.912,16.893,16.85
20904122315,0.0,0.0,0.0,0.0,0.0,0.0,0.0,0.0,0.0,0.0,0.0,0.0,0.0,0.0,0.0,0.0,0.0,0.0,0.0,0.0,0.0,14.738,15.04,15.727,15.751,15.856000000000002,15.971,15.966,15.990000000000002,16.047,16.155,16.288,16.455,16.623,16.807000000000002,16.983999999999998,17.172,17.333,17.489,17.614,17.729,17.817999999999998
20904122317,0.0,0.0,0.0,0.0,0.0,0.0,0.0,0.0,0.0,0.0,0.0,0.0,0.0,0.0,0.0,0.0,0.0,0.0,0.0,0.0,0.0,17.864,17.713,18.15,17.857,17.681,17.473,17.282,17.119,17.021,16.974,16.948999999999998,16.966,16.993000000000002,17.060000000000002,17.119,17.192,17.244,17.301000000000002,17.323,17.331,17.317999999999998
20904122318,0.0,0.0,0.0,0.0,0.0,0.0,0.0,0.0,0.0,0.0,0.0,0.0,0.0,0.0,0.0,0.0,0.0,0.0,0.0,0.0,0.0,22.669,22.477,23.029,22.66,22.435,22.173,21.929,21.722,21.598,21.538,21.507,21.527,21.563,21.647,21.722,21.815,21.881,21.954,21.981,21.991,21.974
20904122319,0.0,0.0,0.0,0.0,0.0,0.0,0.0,0.0,0.0,0.0,0.0,0.0,0.0,0.0,0.0,0.0,0.0,0.0,0.0,0.0,0.0,23.383000000000003,23.861,24.951,24.988,25.156,25.338,25.33,25.369,25.459,25.631,25.841,26.107,26.374,26.665,26.946,27.244,27.5,27.746,27.944,28.128,28.268
20904122320,0.0,0.0,0.0,0.0,0.0,0.0,0.0,0.0,0.0,0.0,0.0,0.0,0.0,0.0,0.0,0.0,0.0,0.0,0.0,0.0,0.0,22.406,22.683,23.527,23.505000000000003,23.364,23.218,22.973,22.771,22.632,22.548,22.504,22.504,22.521,22.575000000000003,22.623,22.697,22.736,22.775,22.779,22.774,22.739
20904122322,0.0,0.0,0.0,0.0,0.0,0.0,0.0,0.0,0.0,0.0,0.0,0.0,0.0,0.0,0.0,0.0,0.0,0.0,0.0,0.0,0.0,19.771,19.625,20.104,19.78,19.529,19.245,18.971,18.743,18.579,18.459,18.376,18.329,18.302,18.311,18.315,18.343,18.342,18.342,18.313,18.277,18.216
20904122326,0.0,0.0,0.0,0.0,0.0,0.0,0.0,0.0,0.0,0.0,0.0,0.0,0.0,0.0,0.0,0.0,0.0,0.0,0.0,0.0,0.0,25.896,27.367,31.533,34.687,38.697,41.16,43.258,45.107,46.626000000000005,47.965,48.871,49.526,49.888000000000005,50.076,50.1,50.039,49.844,49.601,49.26,48.895,48.480999999999995
20904122329,0.0,0.0,0.0,0.0,0.0,0.0,0.0,0.0,0.0,0.0,0.0,0.0,0.0,0.0,0.0,0.0,0.0,0.0,0.0,0.0,0.0,17.338,18.597,20.739,22.255,23.441000000000003,24.188,24.720999999999997,25.105,25.397,25.622,25.823,26.001,26.168,26.319,26.424999999999997,26.544,26.602,26.651,26.658,26.671,26.655
20904122330,0.0,0.0,0.0,0.0,0.0,0.0,0.0,0.0,0.0,0.0,0.0,0.0,0.0,0.0,0.0,0.0,0.0,0.0,0.0,0.0,0.0,19.380000000000003,18.126,16.823999999999998,15.614,15.015,15.602,16.399,17.099,17.674,18.182,18.525,18.774,18.911,18.982,18.992,18.969,18.895,18.802,18.673,18.534,18.378
20904122331,80.0,80.0,80.0,80.0,80.0,80.0,80.0,80.0,80.0,80.0,80.0,80.0,80.0,80.0,80.0,80.0,80.0,80.0,80.0,80.0,80.0,40.444,41.019000000000005,42.204,41.873999999999995,42.097,41.991,41.75,41.613,41.558,41.625,41.798,42.095,42.44,42.834,43.238,43.67100000000001,44.047,44.393,44.679,44.95,45.163
20904122332,30.0,30.0,30.0,30.0,30.0,30.0,30.0,30.0,30.0,30.0,30.0,30.0,30.0,30.0,30.0,30.0,30.0,30.0,30.0,30.0,30.0,21.308999999999997,20.748,20.834,20.024,19.544,18.861,18.241,17.777,17.459,17.284,17.229,17.296,17.422,17.609,17.819,18.047,18.247,18.434,18.582,18.709,18.802
20904122333,0.0,0.0,0.0,0.0,0.0,0.0,0.0,0.0,0.0,0.0,0.0,0.0,0.0,0.0,0.0,0.0,0.0,0.0,0.0,0.0,0.0,39.312,39.870000000000005,41.022,40.701,40.918,40.815,40.581,40.448,40.395,40.46,40.627,40.916,41.251999999999995,41.635000000000005,42.028000000000006,42.448,42.813,43.150000000000006,43.428,43.691,43.898
20904122334,60.0,60.0,60.0,60.0,60.0,60.0,60.0,60.0,60.0,60.0,60.0,60.0,60.0,60.0,60.0,60.0,60.0,60.0,60.0,60.0,60.0,35.406,37.231,39.637,40.806,41.981,42.966,43.730999999999995,44.441,45.107,45.81,46.536,47.298,48.035,48.753,49.438,50.133,50.751999999999995,51.336,51.852,52.358999999999995,52.794
20904122335,0.0,0.0,0.0,0.0,0.0,0.0,0.0,0.0,0.0,0.0,0.0,0.0,0.0,0.0,0.0,0.0,0.0,0.0,0.0,0.0,0.0,0.0,0.0,0.0,0.0,0.0,0.0,0.0,0.0,0.0,0.0,0.0,0.0,0.0,0.0,0.0,0.0,0.0,0.0,0.0,0.0,0.0
20904122336,0.0,0.0,0.0,0.0,0.0,0.0,0.0,0.0,0.0,0.0,0.0,0.0,0.0,0.0,0.0,0.0,0.0,0.0,0.0,0.0,0.0,27.081,26.741,27.306,26.754,26.393,25.97,25.604,25.307,25.107,24.968,24.881,24.847,24.839,24.882,24.91,24.973,24.997,25.023,25.006,24.978,24.915
20904122339,0.0,0.0,0.0,0.0,0.0,0.0,0.0,0.0,0.0,0.0,0.0,0.0,0.0,0.0,0.0,0.0,0.0,0.0,0.0,0.0,0.0,27.411,28.824,30.686,31.592,32.501,33.263,33.856,34.406,34.921,35.466,36.028,36.617,37.189,37.744,38.274,38.812,39.292,39.744,40.144,40.536,40.872
20904122340,0.0,0.0,0.0,0.0,0.0,0.0,0.0,0.0,0.0,0.0,0.0,0.0,0.0,0.0,0.0,0.0,0.0,0.0,0.0,0.0,0.0,22.391,22.379,23.168999999999997,22.993,22.827,22.603,22.365,22.188,22.089,22.058,22.073,22.143,22.222,22.333,22.432,22.554,22.639,22.722,22.77,22.811,22.823
20904122341,0.0,0.0,0.0,0.0,0.0,0.0,0.0,0.0,0.0,0.0,0.0,0.0,0.0,0.0,0.0,0.0,0.0,0.0,0.0,0.0,0.0,23.295,23.203000000000003,23.9,23.622,23.36,23.041,22.7,22.407,22.196,22.04,21.919,21.848999999999997,21.794,21.786,21.763,21.766,21.737,21.717,21.661,21.593,21.504
20904122342,96.0,96.0,96.0,96.0,96.0,96.0,96.0,96.0,96.0,96.0,96.0,96.0,96.0,96.0,96.0,96.0,96.0,96.0,96.0,96.0,96.0,28.523,28.506,29.513,29.289,29.077,28.792,28.489,28.263,28.137,28.097,28.116999999999997,28.205999999999996,28.305,28.448,28.575000000000003,28.729,28.838,28.943,29.004,29.056,29.071
20904122343,0.0,0.0,0.0,0.0,0.0,0.0,0.0,0.0,0.0,0.0,0.0,0.0,0.0,0.0,0.0,0.0,0.0,0.0,0.0,0.0,0.0,24.375,24.873,26.01,26.049,26.224,26.413,26.404,26.445,26.539,26.719,26.938,27.214,27.493,27.796999999999997,28.089,28.4,28.667,28.923,29.129,29.321,29.467
20904122347,0.0,0.0,0.0,0.0,0.0,0.0,0.0,0.0,0.0,0.0,0.0,0.0,0.0,0.0,0.0,0.0,0.0,0.0,0.0,0.0,0.0,20.677,22.179,24.732,26.541,27.956,28.846,29.482,29.941000000000003,30.288,30.556,30.797,31.009,31.207,31.387,31.514,31.657000000000004,31.726,31.784,31.793,31.808,31.787999999999997
20904122348,0.0,0.0,0.0,0.0,0.0,0.0,0.0,0.0,0.0,0.0,0.0,0.0,0.0,0.0,0.0,0.0,0.0,0.0,0.0,0.0,0.0,23.324,23.031,23.517000000000003,23.043,22.732,22.367,22.051,21.796,21.624,21.505,21.43,21.4,21.393,21.431,21.455,21.509,21.53,21.551,21.537999999999997,21.513,21.459000000000003
20904122349,157.0,157.0,157.0,157.0,157.0,157.0,157.0,157.0,157.0,157.0,157.0,157.0,157.0,157.0,157.0,157.0,157.0,157.0,157.0,157.0,157.0,23.419,23.221,23.792,23.41,23.178,22.907,22.656,22.442,22.314,22.251,22.22,22.24,22.277,22.364,22.441000000000003,22.537,22.606,22.681,22.709,22.719,22.702
20904122351,37.0,37.0,37.0,37.0,37.0,37.0,37.0,37.0,37.0,37.0,37.0,37.0,37.0,37.0,37.0,37.0,37.0,37.0,37.0,37.0,37.0,16.251,15.756,16.261,16.045,15.963,15.714,15.39,15.134,14.957,14.877,14.875,14.96,15.082,15.246,15.423000000000002,15.614,15.782,15.938,16.061999999999998,16.171,16.25
20904122353,0.0,0.0,0.0,0.0,0.0,0.0,0.0,0.0,0.0,0.0,0.0,0.0,0.0,0.0,0.0,0.0,0.0,0.0,0.0,0.0,0.0,21.098,21.014,21.645,21.394,21.156,20.867,20.558,20.292,20.102,19.961,19.852,19.788,19.738,19.73,19.71,19.712,19.687,19.668,19.617,19.556,19.475
20904122354,66.0,66.0,66.0,66.0,66.0,66.0,66.0,66.0,66.0,66.0,66.0,66.0,66.0,66.0,66.0,66.0,66.0,66.0,66.0,66.0,66.0,26.633000000000003,27.681,29.459,30.149,30.381,30.621,30.932,31.361000000000004,31.937,32.707,33.635999999999996,34.755,35.936,37.182,38.436,39.752,41.07,42.404,43.707,44.987,46.211
20904122503,0.0,0.0,0.0,0.0,0.0,0.0,0.0,0.0,0.0,0.0,0.0,0.0,0.0,0.0,0.0,0.0,0.0,0.0,0.0,0.0,0.0,25.896,27.407,28.276,27.905,27.580999999999996,27.278,27.054,27.042,27.221000000000004,27.506,27.866999999999997,28.281,28.753,29.234,29.723,30.212,30.72,31.19,31.623,32.014,32.364000000000004
20904122522,0.0,0.0,0.0,0.0,0.0,0.0,0.0,0.0,0.0,0.0,0.0,0.0,0.0,0.0,0.0,0.0,0.0,0.0,0.0,0.0,0.0,12.709,13.244,13.455,13.012999999999998,12.635,12.293,11.997,11.795,11.679,11.612,11.582,11.579,11.607,11.637,11.68,11.718,11.77,11.802,11.824,11.416,10.943
20904122529,0.0,0.0,0.0,0.0,0.0,0.0,0.0,0.0,0.0,0.0,0.0,0.0,0.0,0.0,0.0,0.0,0.0,0.0,0.0,0.0,0.0,44.43,50.498999999999995,54.923,59.433,59.621,61.374,62.318,64.408,65.314,65.574,64.723,63.538,61.994,60.833,60.406000000000006,59.351,58.308,57.39,56.553,55.741,55.095
20904122530,0.0,0.0,0.0,0.0,0.0,0.0,0.0,0.0,0.0,0.0,0.0,0.0,0.0,0.0,0.0,0.0,0.0,0.0,0.0,0.0,0.0,118.258,174.374,233.179,291.926,342.808,406.074,480.031,581.566,704.847,836.654,973.054,1104.883,1235.239,1366.831,1491.857,1619.085,1745.078,1876.395,2008.463,2142.664,2273.65
20904143101,0.0,0.0,0.0,0.0,0.0,0.0,0.0,0.0,0.0,0.0,0.0,0.0,0.0,0.0,0.0,0.0,0.0,0.0,0.0,0.0,0.0,61.136,60.745000000000005,60.789,60.117,60.801,62.414,64.144,65.851,67.374,68.763,69.929,71.071,72.017,72.899,73.644,74.279,74.813,75.132,75.455,75.578,75.709
20904143102,0.0,0.0,0.0,0.0,0.0,0.0,0.0,0.0,0.0,0.0,0.0,0.0,0.0,0.0,0.0,0.0,0.0,0.0,0.0,0.0,0.0,0.0,0.0,0.0,0.0,0.0,0.0,0.0,0.0,0.0,0.0,0.0,0.0,1.868,5.9990000000000006,12.513,21.079,31.369999999999997,43.275,56.042,69.18,82.249
20904143103,26.0,26.0,26.0,26.0,26.0,26.0,26.0,26.0,26.0,26.0,26.0,26.0,26.0,26.0,26.0,26.0,26.0,26.0,26.0,26.0,26.0,23.371,23.089,23.619,23.846,23.931,23.997,24.058,24.151999999999997,24.214999999999996,24.325000000000003,24.404000000000003,24.5,24.579,24.677,24.762,24.827,24.889000000000003,24.887,24.905,24.842999999999996,24.782
20904143104,0.0,0.0,0.0,0.0,0.0,0.0,0.0,0.0,0.0,0.0,0.0,0.0,0.0,0.0,0.0,0.0,0.0,0.0,0.0,0.0,0.0,32.558,33.852000000000004,36.243,38.319,40.343,42.209,43.937,45.513000000000005,46.833,47.987,48.869,49.565,50.08,50.53,50.866,51.116,51.288,51.343999999999994,51.44,51.4,51.398
20904143105,0.0,0.0,0.0,0.0,0.0,0.0,0.0,0.0,0.0,0.0,0.0,0.0,0.0,0.0,0.0,0.0,0.0,0.0,0.0,0.0,0.0,13.567,13.253,13.329,13.2,12.989,12.79,12.61,12.475,12.352,12.284,12.227,12.205,12.194,12.205,12.221,12.236,12.257,12.25,12.253,12.215,12.176
20904143106,0.0,0.0,0.0,0.0,0.0,0.0,0.0,0.0,0.0,0.0,0.0,0.0,0.0,0.0,0.0,0.0,0.0,0.0,0.0,0.0,0.0,12.532,12.267,12.357,12.265,12.083,11.918,11.763,11.645,11.537,11.477,11.43,11.419,11.418,11.436,11.458,11.479,11.503,11.497,11.499,11.463,11.423
20904143107,0.0,0.0,0.0,0.0,0.0,0.0,0.0,0.0,0.0,0.0,0.0,0.0,0.0,0.0,0.0,0.0,0.0,0.0,0.0,0.0,0.0,33.32,33.629999999999995,34.875,35.756,36.131,36.671,37.138,37.587,38.342,39.403,41.055,46.879999999999995,48.989999999999995,51.044,52.929,54.563,56.161,57.31,58.138,58.575,58.776
20904143108,0.0,0.0,0.0,0.0,0.0,0.0,0.0,0.0,0.0,0.0,0.0,0.0,0.0,0.0,0.0,0.0,0.0,0.0,0.0,0.0,0.0,31.399,30.674,30.854,30.557,30.073,29.613999999999997,29.199,28.889,28.605,28.446,28.316,28.265,28.241,28.269,28.308,28.343,28.394,28.376,28.385,28.299,28.206000000000003
20904143109,0.0,0.0,0.0,0.0,0.0,0.0,0.0,0.0,0.0,0.0,0.0,0.0,0.0,0.0,0.0,0.0,0.0,0.0,0.0,0.0,0.0,21.998,22.873,24.488,25.891,27.259,28.52,29.687,30.752,31.643,32.424,33.019999999999996,33.49,33.838,34.141999999999996,34.369,34.539,34.653999999999996,34.692,34.757,34.73,34.728
20904143110,0.0,0.0,0.0,0.0,0.0,0.0,0.0,0.0,0.0,0.0,0.0,0.0,0.0,0.0,0.0,0.0,0.0,0.0,0.0,0.0,0.0,25.789,25.193,25.339,25.094,24.696,24.318,23.977,23.722,23.489,23.357,23.251,23.209000000000003,23.19,23.211,23.243,23.273000000000003,23.315,23.3,23.307,23.237,23.162
20904143111,0.0,0.0,0.0,0.0,0.0,0.0,0.0,0.0,0.0,0.0,0.0,0.0,0.0,0.0,0.0,0.0,0.0,0.0,0.0,0.0,0.0,17.357,16.96,17.061999999999998,16.902,16.636,16.384,16.157,15.988,15.832999999999998,15.746,15.676,15.65,15.639,15.658,15.682,15.704,15.735,15.728,15.736,15.691,15.642
20904143112,120.0,120.0,120.0,120.0,120.0,120.0,120.0,120.0,120.0,120.0,120.0,120.0,120.0,120.0,120.0,120.0,120.0,120.0,120.0,120.0,120.0,17.861,17.523,17.685,17.599,17.36,17.154,16.951,16.793,16.646,16.567,16.506,16.506999999999998,16.52,16.56,16.602,16.637,16.677999999999997,16.669,16.67,16.615000000000002,16.552
20904143113,0.0,0.0,0.0,0.0,0.0,0.0,0.0,0.0,0.0,0.0,0.0,0.0,0.0,0.0,0.0,0.0,0.0,0.0,0.0,0.0,0.0,21.374,20.885,21.011,20.813,20.486,20.174999999999997,19.896,19.687,19.496,19.39,19.304,19.271,19.259,19.281,19.31,19.338,19.376,19.368,19.378,19.323,19.262
20904143114,30.0,30.0,30.0,30.0,30.0,30.0,30.0,30.0,30.0,30.0,30.0,30.0,30.0,30.0,30.0,30.0,30.0,30.0,30.0,30.0,30.0,61.616,61.462,62.536,63.309,64.36,66.23,68.178,69.839,71.34899999999999,73.078,75.285,79.24000000000001,83.414,87.67699999999999,91.379,94.427,96.897,98.221,98.863,98.695,98.165
20904143115,45.0,45.0,45.0,45.0,45.0,45.0,45.0,45.0,45.0,45.0,45.0,45.0,45.0,45.0,45.0,45.0,45.0,45.0,45.0,45.0,45.0,29.689,29.963,31.073,31.857999999999997,32.192,32.673,33.089,33.489000000000004,33.437,33.351,32.817,30.165999999999997,31.46,32.78,33.99,35.04,36.066,36.804,37.335,37.616,37.745
20904143116,0.0,0.0,0.0,0.0,0.0,0.0,0.0,0.0,0.0,0.0,0.0,0.0,0.0,0.0,0.0,0.0,0.0,0.0,0.0,0.0,0.0,16.891000000000002,16.500999999999998,16.597,16.436,16.175,15.928,15.704,15.537,15.385,15.297999999999998,15.229,15.201,15.188,15.203,15.224,15.243,15.27,15.261,15.265999999999998,15.22,15.17
20904143117,0.0,0.0,0.0,0.0,0.0,0.0,0.0,0.0,0.0,0.0,0.0,0.0,0.0,0.0,0.0,0.0,0.0,0.0,0.0,0.0,0.0,17.665,17.291,17.419,17.29,17.033,16.799,16.581,16.415,16.263,16.179000000000002,16.112000000000002,16.096,16.095,16.121,16.152,16.18,16.214,16.205,16.209,16.159,16.102
20904143118,0.0,0.0,0.0,0.0,0.0,0.0,0.0,0.0,0.0,0.0,0.0,0.0,0.0,0.0,0.0,0.0,0.0,0.0,0.0,0.0,0.0,23.232999999999997,22.952,23.48,23.705,23.789,23.855,23.916,24.01,24.072,24.181,24.26,24.355,24.433999999999997,24.53,24.615,24.680999999999997,24.741,24.739,24.759,24.697000000000003,24.636
20904143119,0.0,0.0,0.0,0.0,0.0,0.0,0.0,0.0,0.0,0.0,0.0,0.0,0.0,0.0,0.0,0.0,0.0,0.0,0.0,0.0,0.0,16.137,15.764,15.855,15.7,15.45,15.214,14.999,14.839,14.693,14.61,14.544,14.517,14.504,14.517,14.537,14.553999999999998,14.58,14.57,14.574,14.53,14.482
20904143120,29.0,29.0,29.0,29.0,29.0,29.0,29.0,29.0,29.0,29.0,29.0,29.0,29.0,29.0,29.0,29.0,29.0,29.0,29.0,29.0,29.0,8.711,8.51,8.559000000000001,8.476,8.34,8.213,8.097,8.011,7.932,7.888,7.851,7.837,7.83,7.837,7.847,7.857,7.871,7.865,7.868,7.843999999999999,7.817
20904143121,0.0,0.0,0.0,0.0,0.0,0.0,0.0,0.0,0.0,0.0,0.0,0.0,0.0,0.0,0.0,0.0,0.0,0.0,0.0,0.0,0.0,29.200000000000003,28.525,28.69,28.412,27.96,27.531999999999996,27.145000000000003,26.855,26.591,26.443,26.322000000000003,26.272999999999996,26.25,26.275,26.31,26.343000000000004,26.39,26.372,26.38,26.299999999999997,26.213
20904143122,111.0,111.0,111.0,111.0,111.0,111.0,111.0,111.0,111.0,111.0,111.0,111.0,111.0,111.0,111.0,111.0,111.0,111.0,111.0,111.0,111.0,21.231,20.743,20.863999999999997,20.664,20.337,20.026,19.746,19.538,19.346,19.239,19.152,19.118,19.102,19.121,19.148,19.173,19.209,19.199,19.205,19.149,19.087
20904143123,0.0,0.0,0.0,0.0,0.0,0.0,0.0,0.0,0.0,0.0,0.0,0.0,0.0,0.0,0.0,0.0,0.0,0.0,0.0,0.0,0.0,15.297,14.653,14.614,14.317,14.148,14.091,14.094,14.214,14.434,14.693,14.972,15.52,16.006999999999998,16.447,16.810000000000002,17.092,17.308,17.38,17.401,17.326999999999998,17.229
20904143124,0.0,0.0,0.0,0.0,0.0,0.0,0.0,0.0,0.0,0.0,0.0,0.0,0.0,0.0,0.0,0.0,0.0,0.0,0.0,0.0,0.0,28.314,28.133000000000003,28.761,29.019,28.978,29.021,29.052,29.122,29.163,29.308,29.453,29.762,30.108,30.488,30.866,31.207,31.566,31.863999999999997,32.129000000000005,32.262,32.338
20904143125,0.0,0.0,0.0,0.0,0.0,0.0,0.0,0.0,0.0,0.0,0.0,0.0,0.0,0.0,0.0,0.0,0.0,0.0,0.0,0.0,0.0,18.363,17.939999999999998,18.045,17.871,17.589,17.32,17.078,16.897,16.732,16.639,16.563,16.534,16.521,16.538,16.561,16.583,16.613,16.604,16.611,16.561,16.506999999999998
20904143126,0.0,0.0,0.0,0.0,0.0,0.0,0.0,0.0,0.0,0.0,0.0,0.0,0.0,0.0,0.0,0.0,0.0,0.0,0.0,0.0,0.0,17.188000000000002,16.861,17.017,16.936,16.705000000000002,16.507,16.311,16.16,16.018,15.941,15.884,15.884,15.896999999999998,15.935,15.975,16.01,16.048000000000002,16.04,16.041999999999998,15.988,15.928
20904143127,0.0,0.0,0.0,0.0,0.0,0.0,0.0,0.0,0.0,0.0,0.0,0.0,0.0,0.0,0.0,0.0,0.0,0.0,0.0,0.0,0.0,26.296,25.688,25.837000000000003,25.587000000000003,25.179,24.793,24.445,24.183999999999997,23.947000000000003,23.813,23.704,23.66,23.64,23.662,23.694000000000003,23.723,23.765,23.749,23.757,23.685,23.606
20904143128,0.0,0.0,0.0,0.0,0.0,0.0,0.0,0.0,0.0,0.0,0.0,0.0,0.0,0.0,0.0,0.0,0.0,0.0,0.0,0.0,0.0,13.649,13.39,13.514,13.449000000000002,13.266000000000002,13.108,12.953,12.832,12.721,12.659,12.613,12.614,12.624,12.654,12.686,12.713,12.744,12.738,12.739,12.697,12.649
20904143129,0.0,0.0,0.0,0.0,0.0,0.0,0.0,0.0,0.0,0.0,0.0,0.0,0.0,0.0,0.0,0.0,0.0,0.0,0.0,0.0,0.0,14.492,13.882,13.845,13.564,13.403,13.349,13.352,13.466,13.674,13.92,14.184,14.704,15.165,15.581,15.925,16.192,16.397,16.466,16.486,16.415,16.323
20904143130,0.0,0.0,0.0,0.0,0.0,0.0,0.0,0.0,0.0,0.0,0.0,0.0,0.0,0.0,0.0,0.0,0.0,0.0,0.0,0.0,0.0,9.996,9.765,9.821,9.726,9.571,9.424,9.292,9.192,9.102,9.051,9.009,8.993,8.985,8.992999999999999,9.004999999999999,9.016,9.032,9.025,9.028,9.001,8.971
20904143131,0.0,0.0,0.0,0.0,0.0,0.0,0.0,0.0,0.0,0.0,0.0,0.0,0.0,0.0,0.0,0.0,0.0,0.0,0.0,0.0,0.0,16.005,15.666,15.781,15.664,15.432,15.22,15.021999999999998,14.872,14.733999999999998,14.657,14.597,14.582999999999998,14.582,14.606000000000002,14.634,14.659,14.69,14.682,14.685,14.639,14.588
20904143132,0.0,0.0,0.0,0.0,0.0,0.0,0.0,0.0,0.0,0.0,0.0,0.0,0.0,0.0,0.0,0.0,0.0,0.0,0.0,0.0,0.0,11.907,11.634,11.704,11.593,11.411,11.239,11.083,10.967,10.86,10.801,10.753,10.735,10.728,10.741,10.756,10.772,10.794,10.789,10.794,10.764,10.73
20904143133,0.0,0.0,0.0,0.0,0.0,0.0,0.0,0.0,0.0,0.0,0.0,0.0,0.0,0.0,0.0,0.0,0.0,0.0,0.0,0.0,0.0,25.562,25.616,26.818,28.206,29.783,31.567,33.477000000000004,34.997,36.104,37.26,38.481,39.891,41.142,42.273,43.207,43.931,44.486,44.672,44.726,44.536,44.285
20904143201,0.0,0.0,0.0,0.0,0.0,0.0,0.0,0.0,0.0,0.0,0.0,0.0,0.0,0.0,0.0,0.0,0.0,0.0,0.0,0.0,0.0,16.399,16.48,16.722,16.91,16.886,17.005,18.108,19.893,21.807,24.149,26.94,30.248,34.048,38.05,42.287,46.597,51.011,55.389,59.753,64.057,68.301
20904143202,0.0,0.0,0.0,0.0,0.0,0.0,0.0,0.0,0.0,0.0,0.0,0.0,0.0,0.0,0.0,0.0,0.0,0.0,0.0,0.0,0.0,10.44,10.516,10.597,10.637,10.491,10.451,10.41,10.364,10.316,10.281,10.254,10.252,10.267,10.29,10.322,10.34,10.372,10.383,10.392,10.385,10.364
20904143203,0.0,0.0,0.0,0.0,0.0,0.0,0.0,0.0,0.0,0.0,0.0,0.0,0.0,0.0,0.0,0.0,0.0,0.0,0.0,0.0,0.0,11.526,10.704,10.413,10.965,11.275,11.768,12.565,13.087,13.297,13.254,13.069,12.826,12.626,12.464,12.34,12.246,12.175,12.104,12.04,11.968,11.889
20904143204,0.0,0.0,0.0,0.0,0.0,0.0,0.0,0.0,0.0,0.0,0.0,0.0,0.0,0.0,0.0,0.0,0.0,0.0,0.0,0.0,0.0,11.659,11.717,11.888,12.022,12.005,12.089,11.995,11.884,11.871,11.897,11.971,12.123,12.319,12.535,12.765,12.979,13.19,13.359000000000002,13.5,13.603,13.668
20904143205,0.0,0.0,0.0,0.0,0.0,0.0,0.0,0.0,0.0,0.0,0.0,0.0,0.0,0.0,0.0,0.0,0.0,0.0,0.0,0.0,0.0,11.146,11.202,11.366,11.494,11.477,11.558,11.467,11.361,11.349,11.374,11.445,11.59,11.778,11.983,12.204,12.409,12.61,12.772,12.906,13.006,13.068
20904143206,110.0,110.0,110.0,110.0,110.0,110.0,110.0,110.0,110.0,110.0,110.0,110.0,110.0,110.0,110.0,110.0,110.0,110.0,110.0,110.0,110.0,18.744,18.448,18.413,21.663,25.158,29.92,34.187,37.529,40.5,42.64,44.31,45.423,46.247,46.875,47.345,47.786,48.253,48.718,49.188,49.586,50.019
20904143207,0.0,0.0,0.0,0.0,0.0,0.0,0.0,0.0,0.0,0.0,0.0,0.0,0.0,0.0,0.0,0.0,0.0,0.0,0.0,0.0,0.0,19.133000000000003,19.57,20.088,20.509,20.641,20.902,21.145,21.389000000000003,21.617,21.804,21.968,22.145000000000003,22.33,22.501,22.662,22.786,22.922,23.016,23.105,23.168,23.205
20904143208,30.0,30.0,30.0,30.0,30.0,30.0,30.0,30.0,30.0,30.0,30.0,30.0,30.0,30.0,30.0,30.0,30.0,30.0,30.0,30.0,30.0,28.024,28.226,28.442,28.552,28.159999999999997,28.053,27.945,27.819,27.692,27.595999999999997,27.525,27.519999999999996,27.56,27.619,27.705,27.754,27.842,27.869,27.893,27.876,27.82
20904143209,0.0,0.0,0.0,0.0,0.0,0.0,0.0,0.0,0.0,0.0,0.0,0.0,0.0,0.0,0.0,0.0,0.0,0.0,0.0,0.0,0.0,26.115,26.712,27.418,27.994,28.174,28.53,28.862,29.194,29.505,29.762,29.985,30.226,30.481,30.713,30.933,31.103,31.288,31.415,31.537,31.624,31.674999999999997
20904143210,0.0,0.0,0.0,0.0,0.0,0.0,0.0,0.0,0.0,0.0,0.0,0.0,0.0,0.0,0.0,0.0,0.0,0.0,0.0,0.0,0.0,19.808999999999997,18.399,17.897,18.846,19.379,20.226,21.595,22.493,22.854,22.78,22.462,22.046,21.701,21.424,21.21,21.047,20.925,20.804,20.694,20.569000000000003,20.434
20904143211,0.0,0.0,0.0,0.0,0.0,0.0,0.0,0.0,0.0,0.0,0.0,0.0,0.0,0.0,0.0,0.0,0.0,0.0,0.0,0.0,0.0,0.5509999999999999,0.543,0.542,0.458,0.437,0.41,0.405,0.4399999999999999,0.471,0.491,0.504,0.51,0.512,0.512,0.51,0.507,0.505,0.503,0.5,0.497,0.495
20904143212,29.0,29.0,29.0,29.0,29.0,29.0,29.0,29.0,29.0,29.0,29.0,29.0,29.0,29.0,29.0,29.0,29.0,29.0,29.0,29.0,29.0,23.397,23.396,23.451,23.42,22.979999999999997,22.788,22.817,23.153,23.74,24.669,25.957,27.671999999999997,29.729999999999997,31.956,34.353,36.786,39.271,41.691,44.062,46.352999999999994,48.561
20904143213,110.0,110.0,110.0,110.0,110.0,110.0,110.0,110.0,110.0,110.0,110.0,110.0,110.0,110.0,110.0,110.0,110.0,110.0,110.0,110.0,110.0,27.625,29.055999999999997,30.443,31.271,31.678,32.557,31.995,30.976,30.348,29.805,29.426,29.321,29.394,29.596,29.881,30.191000000000003,30.518,30.783,31.004,31.165,31.266
20904143214,0.0,0.0,0.0,0.0,0.0,0.0,0.0,0.0,0.0,0.0,0.0,0.0,0.0,0.0,0.0,0.0,0.0,0.0,0.0,0.0,0.0,25.471,24.869,24.403,23.854,23.326,23.075000000000003,22.863,22.73,22.643,22.598,22.575,22.610999999999997,22.680999999999997,22.76,22.865,22.927,23.021,23.058,23.087,23.08,23.03
20904143215,177.0,177.0,177.0,177.0,177.0,177.0,177.0,177.0,177.0,177.0,177.0,177.0,177.0,177.0,177.0,177.0,177.0,177.0,177.0,177.0,177.0,0.827,0.8140000000000001,0.812,0.6859999999999999,0.656,0.615,0.608,0.661,0.7070000000000001,0.736,0.756,0.765,0.7689999999999999,0.768,0.764,0.7609999999999999,0.758,0.7549999999999999,0.751,0.746,0.7410000000000001
20904143216,0.0,0.0,0.0,0.0,0.0,0.0,0.0,0.0,0.0,0.0,0.0,0.0,0.0,0.0,0.0,0.0,0.0,0.0,0.0,0.0,0.0,25.103,26.403,27.664,28.415999999999997,28.784999999999997,29.583999999999996,31.202,33.528999999999996,36.114,39.193,42.864,47.28,52.367,57.73,63.371,69.113,74.939,80.679,86.346,91.889,97.327
20904143217,122.0,122.0,122.0,122.0,122.0,122.0,122.0,122.0,122.0,122.0,122.0,122.0,122.0,122.0,122.0,122.0,122.0,122.0,122.0,122.0,122.0,19.074,34.65,66.652,102.12,128.652,134.275,143.73399999999998,150.341,153.39499999999998,153.662,152.374,150.497,149.179,148.303,147.883,147.803,148.009,148.219,148.512,148.707,148.84199999999998
20904143218,0.0,0.0,0.0,0.0,0.0,0.0,0.0,0.0,0.0,0.0,0.0,0.0,0.0,0.0,0.0,0.0,0.0,0.0,0.0,0.0,0.0,9.616,9.686,9.759,9.797,9.663,9.626,9.589,9.546,9.502,9.47,9.445,9.443,9.457,9.477,9.507,9.524,9.553,9.563,9.572,9.565,9.546
20904143219,38.0,38.0,38.0,38.0,38.0,38.0,38.0,38.0,38.0,38.0,38.0,38.0,38.0,38.0,38.0,38.0,38.0,38.0,38.0,38.0,38.0,18.008,16.726,16.27,17.132,17.617,18.387,20.054,21.601,22.685,23.478,24.132,24.763,25.552,26.406,27.346000000000004,28.341,29.386,30.433,31.5,32.553,33.604
20904143220,45.0,45.0,45.0,45.0,45.0,45.0,45.0,45.0,45.0,45.0,45.0,45.0,45.0,45.0,45.0,45.0,45.0,45.0,45.0,45.0,45.0,25.34,26.654,27.926,31.322000000000003,33.650999999999996,34.585,36.601,39.51,42.717,46.526,51.053,56.477999999999994,62.718,69.291,76.202,83.232,90.367,97.398,104.343,111.139,117.809
20904143221,0.0,0.0,0.0,0.0,0.0,0.0,0.0,0.0,0.0,0.0,0.0,0.0,0.0,0.0,0.0,0.0,0.0,0.0,0.0,0.0,0.0,12.505,12.436,12.41,12.345,12.114,12.01,11.909,11.821,11.744,11.693,11.655,11.651,11.67,11.699,11.745,11.775,11.821,11.839,11.852,11.846,11.816
20904143222,0.0,0.0,0.0,0.0,0.0,0.0,0.0,0.0,0.0,0.0,0.0,0.0,0.0,0.0,0.0,0.0,0.0,0.0,0.0,0.0,0.0,18.566000000000003,19.16,19.797,20.335,20.204,20.287,20.504,20.858,21.345,22.034,22.946,24.138,25.561,27.087000000000003,28.719,30.371,32.056,33.689,35.29,36.829,38.308
20904143223,0.0,0.0,0.0,0.0,0.0,0.0,0.0,0.0,0.0,0.0,0.0,0.0,0.0,0.0,0.0,0.0,0.0,0.0,0.0,0.0,0.0,14.188,13.853,13.593,13.287,12.993,12.853000000000002,12.735,12.661,12.612,12.587,12.575,12.595,12.633,12.678,12.737,12.771,12.823,12.844,12.86,12.856,12.828
20904143224,0.0,0.0,0.0,0.0,0.0,0.0,0.0,0.0,0.0,0.0,0.0,0.0,0.0,0.0,0.0,0.0,0.0,0.0,0.0,0.0,0.0,0.0,0.0,0.0,0.0,2.44,19.485,22.406,26.052,29.273000000000003,32.469,35.748000000000005,39.185,43.039,46.98,51.086,55.274,59.549,63.834,68.164,72.47399999999999,76.809
20904143225,54.0,54.0,54.0,54.0,54.0,54.0,54.0,54.0,54.0,54.0,54.0,54.0,54.0,54.0,54.0,54.0,54.0,54.0,54.0,54.0,54.0,16.143,16.223,16.461,16.647,16.622,16.739,16.608,16.454,16.436999999999998,16.472,16.576,16.786,17.057,17.356,17.674,17.971,18.263,18.497,18.692,18.835,18.926
20904143226,0.0,0.0,0.0,0.0,0.0,0.0,0.0,0.0,0.0,0.0,0.0,0.0,0.0,0.0,0.0,0.0,0.0,0.0,0.0,0.0,0.0,15.447,15.362,15.33,15.25,14.965,14.836,14.712,14.602,14.508,14.444,14.396999999999998,14.393,14.416,14.452,14.509,14.545000000000002,14.602,14.624,14.642,14.632,14.596
20904143301,0.0,0.0,0.0,0.0,0.0,0.0,0.0,0.0,0.0,0.0,0.0,0.0,0.0,0.0,0.0,0.0,0.0,0.0,0.0,0.0,0.0,42.458,42.244,43.094,42.586,42.163,41.748,41.354,40.995999999999995,40.78,40.634,40.534000000000006,40.515,40.509,40.536,40.565,40.592,40.615,40.605,40.524,40.431,40.297
20904143302,0.0,0.0,0.0,0.0,0.0,0.0,0.0,0.0,0.0,0.0,0.0,0.0,0.0,0.0,0.0,0.0,0.0,0.0,0.0,0.0,0.0,24.552999999999997,24.437,24.976,24.73,24.581,24.49,24.382,24.284,24.209,24.126,24.064,24.044,24.001,23.956000000000003,23.932,23.927999999999997,23.917,23.854,23.792,23.701,23.619
20904143303,63.0,63.0,63.0,63.0,63.0,63.0,63.0,63.0,63.0,63.0,63.0,63.0,63.0,63.0,63.0,63.0,63.0,63.0,63.0,63.0,63.0,48.463,48.152,49.095,48.468,48.02,47.598,47.199,46.828,46.594,46.417,46.285,46.232,46.187,46.175,46.159000000000006,46.145,46.126,46.08,45.958,45.828,45.66
20904143304,269.0,269.0,269.0,269.0,269.0,269.0,269.0,269.0,269.0,269.0,269.0,269.0,269.0,269.0,269.0,269.0,269.0,269.0,269.0,269.0,269.0,43.449,43.083,43.759,42.944,42.304,41.657,41.102,40.627,40.348,40.172,40.063,40.059,40.074,40.126999999999995,40.185,40.235,40.277,40.284,40.215,40.132,40.005
20904143305,0.0,0.0,0.0,0.0,0.0,0.0,0.0,0.0,0.0,0.0,0.0,0.0,0.0,0.0,0.0,0.0,0.0,0.0,0.0,0.0,0.0,59.89,59.333,60.238,59.081,58.215,57.349999999999994,56.611,55.976,55.593,55.340999999999994,55.17699999999999,55.146,55.14,55.181999999999995,55.227,55.267,55.295,55.283,55.168,55.038,54.854
20904143306,0.0,0.0,0.0,0.0,0.0,0.0,0.0,0.0,0.0,0.0,0.0,0.0,0.0,0.0,0.0,0.0,0.0,0.0,0.0,0.0,0.0,27.628,27.395000000000003,27.825,27.307,26.899,26.488,26.136,25.834,25.656,25.545,25.475,25.472,25.482,25.516,25.553,25.584,25.611,25.616,25.572,25.518,25.437
20904143307,0.0,0.0,0.0,0.0,0.0,0.0,0.0,0.0,0.0,0.0,0.0,0.0,0.0,0.0,0.0,0.0,0.0,0.0,0.0,0.0,0.0,60.443,59.428,60.106,58.732,57.858,57.098,56.429,55.818,55.376,55.0,54.685,54.451,54.22,54.022000000000006,53.816,53.63,53.461,53.297,53.075,52.875,52.657
20904143308,219.0,219.0,219.0,219.0,219.0,219.0,219.0,219.0,219.0,219.0,219.0,219.0,219.0,219.0,219.0,219.0,219.0,219.0,219.0,219.0,219.0,47.175,46.938,47.883,47.31699999999999,46.848,46.387,45.949,45.551,45.311,45.149,45.039,45.017,45.010000000000005,45.04,45.073,45.103,45.127,45.116,45.027,44.923,44.775
20904143309,0.0,0.0,0.0,0.0,0.0,0.0,0.0,0.0,0.0,0.0,0.0,0.0,0.0,0.0,0.0,0.0,0.0,0.0,0.0,0.0,0.0,30.968,30.821,31.501,31.19,31.003,30.888999999999996,30.752,30.629,30.535,30.429,30.352,30.326,30.271,30.214,30.183999999999997,30.179,30.166,30.086,30.008,29.892000000000003,29.79
20904143310,0.0,0.0,0.0,0.0,0.0,0.0,0.0,0.0,0.0,0.0,0.0,0.0,0.0,0.0,0.0,0.0,0.0,0.0,0.0,0.0,0.0,31.509,31.336,31.947,31.529,31.2,30.891,30.597,30.344,30.189,30.077,30.006,30.001,29.996,30.007,30.03,30.06,30.079,30.066000000000003,30.009,29.933,29.838
20904143311,0.0,0.0,0.0,0.0,0.0,0.0,0.0,0.0,0.0,0.0,0.0,0.0,0.0,0.0,0.0,0.0,0.0,0.0,0.0,0.0,0.0,0.0,0.0,0.0,0.0,0.0,0.0,0.0,0.0,0.0,0.0,0.0,0.0,0.0,0.0,0.0,0.0,0.0,0.0,0.0,0.0,0.0
20904143312,0.0,0.0,0.0,0.0,0.0,0.0,0.0,0.0,0.0,0.0,0.0,0.0,0.0,0.0,0.0,0.0,0.0,0.0,0.0,0.0,0.0,27.911,27.683,28.126,27.615,27.217,26.816000000000003,26.47,26.174999999999997,26.001,25.889000000000003,25.82,25.818,25.827,25.857,25.892,25.925,25.95,25.953,25.907,25.852,25.771
20904143313,0.0,0.0,0.0,0.0,0.0,0.0,0.0,0.0,0.0,0.0,0.0,0.0,0.0,0.0,0.0,0.0,0.0,0.0,0.0,0.0,0.0,20.592,20.479,20.878,20.605,20.391,20.188,19.997,19.831,19.73,19.657,19.61,19.607,19.604,19.610999999999997,19.626,19.646,19.658,19.649,19.612,19.562,19.5
20904143314,0.0,0.0,0.0,0.0,0.0,0.0,0.0,0.0,0.0,0.0,0.0,0.0,0.0,0.0,0.0,0.0,0.0,0.0,0.0,0.0,0.0,33.245000000000005,33.063,33.707,33.266,32.919,32.593,32.284,32.016,31.853,31.735,31.659,31.654000000000003,31.65,31.662,31.685,31.716,31.737,31.723,31.663,31.583,31.483000000000004
20904143315,0.0,0.0,0.0,0.0,0.0,0.0,0.0,0.0,0.0,0.0,0.0,0.0,0.0,0.0,0.0,0.0,0.0,0.0,0.0,0.0,0.0,81.842,81.08,82.31700000000001,80.737,79.55199999999999,78.37,77.361,76.493,75.97,75.625,75.4,75.359,75.35,75.40899999999999,75.471,75.524,75.563,75.545,75.38900000000001,75.21199999999999,74.961
20904143316,0.0,0.0,0.0,0.0,0.0,0.0,0.0,0.0,0.0,0.0,0.0,0.0,0.0,0.0,0.0,0.0,0.0,0.0,0.0,0.0,0.0,36.874,36.572,37.158,36.483,35.956,35.427,34.97,34.58,34.35,34.202,34.112,34.108000000000004,34.120000000000005,34.16,34.206,34.249,34.282000000000004,34.287,34.227000000000004,34.153,34.046
20904143317,0.0,0.0,0.0,0.0,0.0,0.0,0.0,0.0,0.0,0.0,0.0,0.0,0.0,0.0,0.0,0.0,0.0,0.0,0.0,0.0,0.0,21.601,20.963,20.563,19.479,18.709,18.299999999999997,19.252,19.953,20.404,20.721,20.974,21.041,21.026,20.962,20.857,20.759,20.662,20.564,20.456,20.35,20.248
20904143318,0.0,0.0,0.0,0.0,0.0,0.0,0.0,0.0,0.0,0.0,0.0,0.0,0.0,0.0,0.0,0.0,0.0,0.0,0.0,0.0,0.0,15.689,15.226,14.935,14.148,13.589,13.292000000000002,13.983,14.491,14.82,15.05,15.233,15.282,15.271,15.225,15.148,15.077,15.007,14.936,14.857,14.781,14.707
20904143319,364.0,364.0,364.0,364.0,364.0,364.0,364.0,364.0,364.0,364.0,364.0,364.0,364.0,364.0,364.0,364.0,364.0,364.0,364.0,364.0,364.0,155.696,154.73399999999998,157.81900000000002,155.83100000000002,154.501,153.28,154.84300000000002,158.578,162.751,166.77,171.3,175.357,179.184,182.724,184.602,186.253,187.577,188.766,189.627,190.286,190.926
20904143320,0.0,0.0,0.0,0.0,0.0,0.0,0.0,0.0,0.0,0.0,0.0,0.0,0.0,0.0,0.0,0.0,0.0,0.0,0.0,0.0,0.0,22.826,22.7,23.143,22.839,22.602,22.377,22.165,21.981,21.869,21.788,21.735999999999997,21.733,21.729,21.738,21.754,21.775,21.79,21.78,21.738,21.683,21.615
20904143321,340.0,340.0,340.0,340.0,340.0,340.0,340.0,340.0,340.0,340.0,340.0,340.0,340.0,340.0,340.0,340.0,340.0,340.0,340.0,340.0,340.0,55.480999999999995,56.096999999999994,59.451,62.605,68.185,76.342,80.312,83.235,85.119,86.443,87.496,87.776,87.71199999999999,87.445,87.007,86.599,86.194,85.786,85.336,84.894,84.47
20904143322,0.0,0.0,0.0,0.0,0.0,0.0,0.0,0.0,0.0,0.0,0.0,0.0,0.0,0.0,0.0,0.0,0.0,0.0,0.0,0.0,0.0,40.379000000000005,40.039,40.667,39.909,39.315,38.714,38.198,37.758,37.498,37.334,37.233,37.228,37.243,37.292,37.345,37.392,37.432,37.438,37.373999999999995,37.296,37.178
20904143501,0.0,0.0,0.0,0.0,0.0,0.0,0.0,0.0,0.0,0.0,0.0,0.0,0.0,0.0,0.0,0.0,0.0,0.0,0.0,0.0,0.0,69.412,70.976,73.337,73.31400000000001,73.108,73.13,73.53399999999999,74.166,75.005,75.80099999999999,76.62899999999999,77.467,78.235,78.89699999999999,79.47,79.94200000000001,80.27600000000001,80.578,80.70599999999999,80.771,80.47200000000001
20904143502,0.0,0.0,0.0,0.0,0.0,0.0,0.0,0.0,0.0,0.0,0.0,0.0,0.0,0.0,0.0,0.0,0.0,0.0,0.0,0.0,0.0,40.444,40.001999999999995,40.204,39.154,37.82,36.983,36.512,36.343,36.457,36.698,37.042,37.466,37.899,38.322,38.731,39.105999999999995,39.412,39.714,39.903,40.03,38.141000000000005
20904143503,0.0,0.0,0.0,0.0,0.0,0.0,0.0,0.0,0.0,0.0,0.0,0.0,0.0,0.0,0.0,0.0,0.0,0.0,0.0,0.0,0.0,39.605,38.995000000000005,39.145,37.724999999999994,36.612,35.857,35.531,35.499,35.741,36.09,36.521,37.013,37.495999999999995,37.952,38.381,38.767,39.072,39.372,39.554,39.677,39.563
20904143504,0.0,0.0,0.0,0.0,0.0,0.0,0.0,0.0,0.0,0.0,0.0,0.0,0.0,0.0,0.0,0.0,0.0,0.0,0.0,0.0,0.0,22.726,22.362,22.444,21.598999999999997,20.976,20.546999999999997,20.37,20.363,20.51,20.72,20.976999999999997,21.267,21.552,21.804,22.06,22.301,22.499,22.693,22.818,22.905,22.876
20904143505,0.0,0.0,0.0,0.0,0.0,0.0,0.0,0.0,0.0,0.0,0.0,0.0,0.0,0.0,0.0,0.0,0.0,0.0,0.0,0.0,0.0,25.649,25.267,25.368,24.478,23.743,23.248,23.027,22.996,23.143,23.36,23.632,23.945,24.253,24.546,24.82,25.07,25.266,25.46,25.579,25.658,25.585
20904143506,0.0,0.0,0.0,0.0,0.0,0.0,0.0,0.0,0.0,0.0,0.0,0.0,0.0,0.0,0.0,0.0,0.0,0.0,0.0,0.0,0.0,17.841,17.555,17.619,16.957,16.467,16.13,15.992,15.985,16.102,16.266,16.468,16.695,16.919,17.118000000000002,17.317999999999998,17.508000000000003,17.663,17.815,17.913,17.982,17.959
20904143507,0.0,0.0,0.0,0.0,0.0,0.0,0.0,0.0,0.0,0.0,0.0,0.0,0.0,0.0,0.0,0.0,0.0,0.0,0.0,0.0,0.0,50.532,49.762,49.956,48.163,46.733,45.766000000000005,45.344,45.297,45.6,46.04,46.584999999999994,47.209999999999994,47.823,48.405,48.949,49.441,49.83,50.213,50.446,50.602,50.457
20904143508,0.0,0.0,0.0,0.0,0.0,0.0,0.0,0.0,0.0,0.0,0.0,0.0,0.0,0.0,0.0,0.0,0.0,0.0,0.0,0.0,0.0,34.117,33.569,33.693,32.424,31.488,30.845,30.58,30.568,30.791000000000004,31.106,31.488,31.921,32.345,32.743,33.114000000000004,33.449,33.713,33.971000000000004,34.129,34.233999999999995,34.136
20904143509,0.0,0.0,0.0,0.0,0.0,0.0,0.0,0.0,0.0,0.0,0.0,0.0,0.0,0.0,0.0,0.0,0.0,0.0,0.0,0.0,0.0,39.083,39.964,41.293,41.281,41.165,41.178,41.404,41.761,42.233,42.681,43.147,43.62,44.05200000000001,44.424,44.747,45.013000000000005,45.202,45.372,45.443,45.48,45.312
20904143510,0.0,0.0,0.0,0.0,0.0,0.0,0.0,0.0,0.0,0.0,0.0,0.0,0.0,0.0,0.0,0.0,0.0,0.0,0.0,0.0,0.0,33.456,32.927,33.049,31.819000000000003,30.894,30.261,29.997,29.980000000000004,30.196,30.499,30.869999999999997,31.293,31.705,32.095,32.458999999999996,32.786,33.045,33.298,33.452,33.556,33.459
20904143511,114.0,114.0,114.0,114.0,114.0,114.0,114.0,114.0,114.0,114.0,114.0,114.0,114.0,114.0,114.0,114.0,114.0,114.0,114.0,114.0,114.0,78.388,83.077,91.106,97.112,102.904,112.159,116.673,118.346,118.504,118.339,118.36,118.028,117.603,117.241,117.061,117.002,116.997,117.153,117.18,117.192,117.792
20904143512,0.0,0.0,0.0,0.0,0.0,0.0,0.0,0.0,0.0,0.0,0.0,0.0,0.0,0.0,0.0,0.0,0.0,0.0,0.0,0.0,0.0,22.815,22.449,22.532,21.683999999999997,21.058,20.628,20.451,20.442,20.592,20.802,21.057,21.347,21.63,21.896,22.145,22.369,22.546,22.719,22.823,22.894,22.828
20904143513,0.0,0.0,0.0,0.0,0.0,0.0,0.0,0.0,0.0,0.0,0.0,0.0,0.0,0.0,0.0,0.0,0.0,0.0,0.0,0.0,0.0,43.449,42.786,42.952,41.411,40.183,39.351,38.988,38.947,39.207,39.585,40.055,40.590999999999994,41.120000000000005,41.619,42.087,42.510000000000005,42.843999999999994,43.173,43.373999999999995,43.508,43.383
20904143514,60.0,60.0,60.0,60.0,60.0,60.0,60.0,60.0,60.0,60.0,60.0,60.0,60.0,60.0,60.0,60.0,60.0,60.0,60.0,60.0,60.0,38.783,39.001000000000005,39.58,38.659,38.137,37.864999999999995,37.922,38.177,38.596,39.024,39.486,39.956,40.385,40.751000000000005,41.065,41.325,41.509,41.674,41.745000000000005,41.785,41.628
20904143515,0.0,0.0,0.0,0.0,0.0,0.0,0.0,0.0,0.0,0.0,0.0,0.0,0.0,0.0,0.0,0.0,0.0,0.0,0.0,0.0,0.0,35.044,34.483000000000004,34.61,33.307,32.345,31.685,31.412,31.4,31.628,31.951,32.348,32.794,33.234,33.624,34.016999999999996,34.391,34.695,34.994,35.187,35.321,35.277
20904143516,0.0,0.0,0.0,0.0,0.0,0.0,0.0,0.0,0.0,0.0,0.0,0.0,0.0,0.0,0.0,0.0,0.0,0.0,0.0,0.0,0.0,37.019,36.425,36.559,35.183,34.168,33.469,33.182,33.169,33.411,33.752,34.167,34.637,35.096,35.528,35.931,36.296,36.581,36.862,37.032,37.147,37.04
20904143517,201.0,201.0,201.0,201.0,201.0,201.0,201.0,201.0,201.0,201.0,201.0,201.0,201.0,201.0,201.0,201.0,201.0,201.0,201.0,201.0,201.0,34.716,35.408,35.998000000000005,34.995,34.019999999999996,33.428,33.103,32.992999999999995,33.105000000000004,33.318,33.617,33.985,34.356,34.718,35.067,35.39,35.650999999999996,35.913,36.074,36.184,36.08
20904143518,0.0,0.0,0.0,0.0,0.0,0.0,0.0,0.0,0.0,0.0,0.0,0.0,0.0,0.0,0.0,0.0,0.0,0.0,0.0,0.0,0.0,35.813,35.422,35.6,34.671,33.489000000000004,32.749,32.331,32.181,32.283,32.495999999999995,32.801,33.177,33.559,33.935,34.296,34.629000000000005,34.899,35.167,35.333999999999996,35.447,42.54
20904143519,0.0,0.0,0.0,0.0,0.0,0.0,0.0,0.0,0.0,0.0,0.0,0.0,0.0,0.0,0.0,0.0,0.0,0.0,0.0,0.0,0.0,50.122,49.349,49.539,47.743,46.334999999999994,45.379,44.966,44.925,45.231,45.672,46.218,46.841,47.453,48.03,48.572,49.06100000000001,49.447,49.826,50.058,50.212,50.069
20904143520,0.0,0.0,0.0,0.0,0.0,0.0,0.0,0.0,0.0,0.0,0.0,0.0,0.0,0.0,0.0,0.0,0.0,0.0,0.0,0.0,0.0,19.972,19.674999999999997,19.753,19.061,18.488,18.103,17.931,17.907,18.021,18.19,18.402,18.646,18.886000000000003,19.113999999999997,19.328,19.521,19.675,19.826,19.918,19.979,19.921999999999997
20904143521,0.0,0.0,0.0,0.0,0.0,0.0,0.0,0.0,0.0,0.0,0.0,0.0,0.0,0.0,0.0,0.0,0.0,0.0,0.0,0.0,0.0,47.727999999999994,46.962,47.136,45.361,44.052,43.151,42.781,42.763,43.076,43.516,44.05,44.657,45.248000000000005,45.806,46.325,46.795,47.163,47.525000000000006,47.746,47.893,47.754
20904143522,0.0,0.0,0.0,0.0,0.0,0.0,0.0,0.0,0.0,0.0,0.0,0.0,0.0,0.0,0.0,0.0,0.0,0.0,0.0,0.0,0.0,13.805,13.584,13.635,13.121,12.742,12.482,12.374,12.37,12.479,12.631,12.818,13.052,13.28,13.719,14.18,14.623,15.036,15.444,15.788,16.093,16.094
20904143523,0.0,0.0,0.0,0.0,0.0,0.0,0.0,0.0,0.0,0.0,0.0,0.0,0.0,0.0,0.0,0.0,0.0,0.0,0.0,0.0,0.0,38.619,38.008,38.150000000000006,36.729,35.662,34.931,34.626000000000005,34.607,34.855000000000004,35.206,35.634,36.122,36.598,37.048,37.467,37.846,38.144,38.437,38.614999999999995,38.734,38.623000000000005
20904143524,0.0,0.0,0.0,0.0,0.0,0.0,0.0,0.0,0.0,0.0,0.0,0.0,0.0,0.0,0.0,0.0,0.0,0.0,0.0,0.0,0.0,36.426,36.319,36.924,35.894999999999996,34.895,34.288,33.954,33.842,33.957,34.175,34.482,34.858000000000004,35.239000000000004,35.611,35.969,36.3,36.568,36.836,37.001000000000005,37.114999999999995,37.009
20904143525,0.0,0.0,0.0,0.0,0.0,0.0,0.0,0.0,0.0,0.0,0.0,0.0,0.0,0.0,0.0,0.0,0.0,0.0,0.0,0.0,0.0,5.964,7.689,9.888,12.231,13.699,16.558,21.935,29.343,37.026,45.211,53.473,61.949,69.594,76.63300000000001,83.51400000000001,89.856,95.957,101.739,106.623,111.064,112.459
20904143601,0.0,0.0,0.0,0.0,0.0,0.0,0.0,0.0,0.0,0.0,0.0,0.0,0.0,0.0,0.0,0.0,0.0,0.0,0.0,0.0,0.0,21.549,20.646,19.812,19.346,18.811,18.477,18.255000000000003,18.14,18.099,18.096,18.109,18.154,18.235999999999997,18.343,18.431,18.556,18.657,18.802999999999997,18.885,18.957,18.999
20904143602,0.0,0.0,0.0,0.0,0.0,0.0,0.0,0.0,0.0,0.0,0.0,0.0,0.0,0.0,0.0,0.0,0.0,0.0,0.0,0.0,0.0,27.872,27.193,26.583,26.529,26.028,25.601999999999997,25.267,24.943,24.755,24.639,24.535,24.515,24.508000000000003,24.549,24.592,24.649,24.697,24.744999999999997,24.762,24.747,24.692
20904143603,0.0,0.0,0.0,0.0,0.0,0.0,0.0,0.0,0.0,0.0,0.0,0.0,0.0,0.0,0.0,0.0,0.0,0.0,0.0,0.0,0.0,26.356,25.252,24.232,23.661,23.007,22.599,22.327,22.188,22.137,22.132,22.149,22.205,22.302999999999997,22.435,22.543,22.696,22.819,22.997,23.097,23.186,23.235999999999997
20904143604,0.0,0.0,0.0,0.0,0.0,0.0,0.0,0.0,0.0,0.0,0.0,0.0,0.0,0.0,0.0,0.0,0.0,0.0,0.0,0.0,0.0,14.36,13.487,12.512,11.713,11.137,10.771999999999998,10.557,10.403,10.33,10.295,10.268,10.276,10.285,10.308,10.331,10.361,10.391,10.423,10.446000000000002,10.467,10.483
20904143605,0.0,0.0,0.0,0.0,0.0,0.0,0.0,0.0,0.0,0.0,0.0,0.0,0.0,0.0,0.0,0.0,0.0,0.0,0.0,0.0,0.0,25.651,28.045,28.398000000000003,28.428,28.121,27.857999999999997,27.5,26.911,26.464,26.129,25.83,25.65,25.520000000000003,25.464,25.444,25.465,25.497,25.542,25.566,25.569,25.534
20904143606,66.0,66.0,66.0,66.0,66.0,66.0,66.0,66.0,66.0,66.0,66.0,66.0,66.0,66.0,66.0,66.0,66.0,66.0,66.0,66.0,66.0,10.443,10.182,9.947,9.919,9.729,9.567,9.438,9.315,9.242,9.196,9.154,9.144,9.138,9.15,9.162,9.182,9.197,9.211,9.213,9.203,9.179
20904143607,0.0,0.0,0.0,0.0,0.0,0.0,0.0,0.0,0.0,0.0,0.0,0.0,0.0,0.0,0.0,0.0,0.0,0.0,0.0,0.0,0.0,29.816000000000003,27.700000000000003,25.266,23.191,21.731,20.833,20.31,19.957,19.785,19.698,19.64,19.653,19.664,19.706,19.746,19.805,19.865,19.932,19.99,20.053,20.11
20904143608,0.0,0.0,0.0,0.0,0.0,0.0,0.0,0.0,0.0,0.0,0.0,0.0,0.0,0.0,0.0,0.0,0.0,0.0,0.0,0.0,0.0,20.69,19.844,18.932,18.384,17.762999999999998,17.327,17.034,16.793,16.661,16.587,16.526,16.523,16.527,16.561,16.597,16.646,16.692,16.740000000000002,16.772,16.791,16.79
20904143609,0.0,0.0,0.0,0.0,0.0,0.0,0.0,0.0,0.0,0.0,0.0,0.0,0.0,0.0,0.0,0.0,0.0,0.0,0.0,0.0,0.0,25.424,24.385,23.264,22.59,21.828,21.292,20.930999999999997,20.635,20.473,20.382,20.307,20.302999999999997,20.308,20.35,20.394,20.455,20.512,20.571,20.61,20.633000000000003,20.633
20904143610,175.0,175.0,175.0,175.0,175.0,175.0,175.0,175.0,175.0,175.0,175.0,175.0,175.0,175.0,175.0,175.0,175.0,175.0,175.0,175.0,175.0,24.933999999999997,43.096999999999994,45.345,46.196,45.120999999999995,43.95,42.899,41.705,40.714,40.284,39.822,39.608999999999995,39.321,39.087,38.933,38.791,38.677,38.568,38.441,38.293,38.088
20904143611,0.0,0.0,0.0,0.0,0.0,0.0,0.0,0.0,0.0,0.0,0.0,0.0,0.0,0.0,0.0,0.0,0.0,0.0,0.0,0.0,0.0,30.859,29.598,28.238,27.42,26.493,25.845,25.407,25.046,24.85,24.74,24.649,24.644,24.65,24.7,24.754,24.828000000000003,24.898,24.969,25.016,25.044,25.043999999999997
20904143612,140.0,140.0,140.0,140.0,140.0,140.0,140.0,140.0,140.0,140.0,140.0,140.0,140.0,140.0,140.0,140.0,140.0,140.0,140.0,140.0,140.0,18.159,17.737000000000002,17.389,17.397000000000002,17.148,16.948999999999998,16.811,16.668,16.621,16.61,16.608,16.665,16.719,16.813,16.893,16.979,17.048000000000002,17.145,17.217,17.259999999999998,17.27
20904143613,0.0,0.0,0.0,0.0,0.0,0.0,0.0,0.0,0.0,0.0,0.0,0.0,0.0,0.0,0.0,0.0,0.0,0.0,0.0,0.0,0.0,16.268,15.861,15.501,15.451,15.168,14.927,14.738,14.556,14.45,14.386,14.329,14.319,14.316,14.34,14.365,14.399,14.426,14.453,14.461,14.45,14.418
20904143614,0.0,0.0,0.0,0.0,0.0,0.0,0.0,0.0,0.0,0.0,0.0,0.0,0.0,0.0,0.0,0.0,0.0,0.0,0.0,0.0,0.0,51.574,53.218,54.108999999999995,55.66,56.421,56.866,56.411,55.58200000000001,54.893,54.388,53.855,53.473,53.152,52.966,52.846,52.804,52.792,52.809,52.79,52.735,52.603
20904143615,90.0,90.0,90.0,90.0,90.0,90.0,90.0,90.0,90.0,90.0,90.0,90.0,90.0,90.0,90.0,90.0,90.0,90.0,90.0,90.0,90.0,21.54,20.229999999999997,18.768,17.569000000000003,16.705,16.158,15.835,15.605,15.495,15.442,15.401,15.414,15.427,15.462,15.495,15.541,15.587,15.634,15.669,15.701,15.724
20904143616,0.0,0.0,0.0,0.0,0.0,0.0,0.0,0.0,0.0,0.0,0.0,0.0,0.0,0.0,0.0,0.0,0.0,0.0,0.0,0.0,0.0,19.515,19.06,18.687,18.696,18.427,18.214,18.065,17.912,17.862000000000002,17.849,17.847,17.909,17.967,18.067,18.153,18.247,18.321,18.424,18.502,18.548,18.558999999999997
20904143617,0.0,0.0,0.0,0.0,0.0,0.0,0.0,0.0,0.0,0.0,0.0,0.0,0.0,0.0,0.0,0.0,0.0,0.0,0.0,0.0,0.0,14.219,13.355,12.39,11.598,11.028,10.667,10.452,10.302,10.228,10.194,10.167,10.176,10.184,10.207,10.23,10.259,10.289,10.32,10.344,10.365,10.379
20904143618,120.0,120.0,120.0,120.0,120.0,120.0,120.0,120.0,120.0,120.0,120.0,120.0,120.0,120.0,120.0,120.0,120.0,120.0,120.0,120.0,120.0,10.941,10.482,10.058,9.821,9.55,9.38,9.268,9.21,9.189,9.187,9.193,9.217,9.258,9.313,9.357,9.421,9.472,9.546,9.588,9.624,9.646
20904143619,0.0,0.0,0.0,0.0,0.0,0.0,0.0,0.0,0.0,0.0,0.0,0.0,0.0,0.0,0.0,0.0,0.0,0.0,0.0,0.0,0.0,15.692,15.301,14.951999999999998,14.905,14.631,14.399,14.217,14.04,13.938,13.876,13.821,13.812,13.809,13.832999999999998,13.857,13.889,13.915,13.941,13.949,13.939,13.907
20904143620,0.0,0.0,0.0,0.0,0.0,0.0,0.0,0.0,0.0,0.0,0.0,0.0,0.0,0.0,0.0,0.0,0.0,0.0,0.0,0.0,0.0,23.191000000000003,21.545,19.652,18.037999999999997,16.903,16.203,15.797,15.521,15.388000000000002,15.32,15.275000000000002,15.285,15.294,15.327,15.358,15.404,15.45,15.503,15.549,15.596,15.642
20904143621,0.0,0.0,0.0,0.0,0.0,0.0,0.0,0.0,0.0,0.0,0.0,0.0,0.0,0.0,0.0,0.0,0.0,0.0,0.0,0.0,0.0,17.753,17.34,17.0,17.006999999999998,16.762999999999998,16.569,16.434,16.295,16.249,16.238,16.236,16.292,16.345,16.437,16.515,16.6,16.667,16.761,16.832,16.874,16.883
20904143622,0.0,0.0,0.0,0.0,0.0,0.0,0.0,0.0,0.0,0.0,0.0,0.0,0.0,0.0,0.0,0.0,0.0,0.0,0.0,0.0,0.0,17.339,16.916,16.537,16.503999999999998,16.192,15.927,15.719,15.517,15.399,15.327000000000002,15.264,15.251,15.246,15.273,15.299,15.335,15.364,15.393,15.404,15.395,15.361
20904143623,282.0,282.0,282.0,282.0,282.0,282.0,282.0,282.0,282.0,282.0,282.0,282.0,282.0,282.0,282.0,282.0,282.0,282.0,282.0,282.0,282.0,25.519,25.835,25.572,25.629,25.333,25.003,24.805,24.467,24.183,23.98,23.763,23.613,23.49,23.426,23.391,23.391,23.403,23.429,23.439,23.432,23.392000000000003
20904143624,0.0,0.0,0.0,0.0,0.0,0.0,0.0,0.0,0.0,0.0,0.0,0.0,0.0,0.0,0.0,0.0,0.0,0.0,0.0,0.0,0.0,11.572,11.099,10.589,10.283,9.935,9.692,9.528,9.393,9.318,9.278,9.243,9.241,9.244,9.262,9.282,9.31,9.337,9.363,9.381,9.392,9.392
20904143625,0.0,0.0,0.0,0.0,0.0,0.0,0.0,0.0,0.0,0.0,0.0,0.0,0.0,0.0,0.0,0.0,0.0,0.0,0.0,0.0,0.0,17.852,17.406,17.009,16.956,16.645,16.380000000000003,16.173,15.972,15.857,15.786,15.723,15.713,15.709,15.736,15.764,15.8,15.83,15.858999999999998,15.868,15.858,15.821
20904143626,0.0,0.0,0.0,0.0,0.0,0.0,0.0,0.0,0.0,0.0,0.0,0.0,0.0,0.0,0.0,0.0,0.0,0.0,0.0,0.0,0.0,35.187,35.454,43.812,45.46,44.453,43.349999999999994,42.363,41.232,40.288,39.896,39.472,39.29600000000001,39.044,38.844,38.725,38.617999999999995,38.538,38.462,38.369,38.254000000000005,38.081
20904143627,0.0,0.0,0.0,0.0,0.0,0.0,0.0,0.0,0.0,0.0,0.0,0.0,0.0,0.0,0.0,0.0,0.0,0.0,0.0,0.0,0.0,22.287,21.728,21.228,21.168,20.763,20.416,20.143,19.88,19.723,19.624,19.537,19.513,19.502,19.528,19.554,19.595,19.627,19.657,19.662,19.642,19.591
20904143628,0.0,0.0,0.0,0.0,0.0,0.0,0.0,0.0,0.0,0.0,0.0,0.0,0.0,0.0,0.0,0.0,0.0,0.0,0.0,0.0,0.0,12.801,12.49,12.209,12.185,11.955,11.76,11.605,11.456,11.37,11.316,11.268999999999998,11.26,11.257,11.276,11.296,11.322,11.344,11.365,11.373,11.367,11.341
20904143629,0.0,0.0,0.0,0.0,0.0,0.0,0.0,0.0,0.0,0.0,0.0,0.0,0.0,0.0,0.0,0.0,0.0,0.0,0.0,0.0,0.0,0.0,0.0,0.0,0.0,0.0,0.0,0.0,0.0,0.0,0.0,0.0,0.0,0.0,0.0,0.0,0.0,0.0,0.0,0.0,0.0,0.0
20904143630,0.0,0.0,0.0,0.0,0.0,0.0,0.0,0.0,0.0,0.0,0.0,0.0,0.0,0.0,0.0,0.0,0.0,0.0,0.0,0.0,0.0,20.748,20.221,19.751,19.682,19.312,18.995,18.745,18.506,18.364,18.276,18.197,18.177,18.169,18.194000000000003,18.219,18.257,18.286,18.315,18.319,18.3,18.252
20904143631,0.0,0.0,0.0,0.0,0.0,0.0,0.0,0.0,0.0,0.0,0.0,0.0,0.0,0.0,0.0,0.0,0.0,0.0,0.0,0.0,0.0,0.0,0.0,0.0,3.6020000000000003,12.312,19.476,28.665999999999997,36.922,45.113,53.605999999999995,60.75,67.92,73.991,80.076,86.259,92.421,98.605,104.765,110.835,116.8,122.53
20904143632,0.0,0.0,0.0,0.0,0.0,0.0,0.0,0.0,0.0,0.0,0.0,0.0,0.0,0.0,0.0,0.0,0.0,0.0,0.0,0.0,0.0,0.0,0.0,0.0,0.0,0.0,0.0,0.0,0.0,0.0,0.0,0.0,0.0,0.0,0.0,0.0,0.0,0.0,0.0,0.0,0.0,0.0
20904143633,0.0,0.0,0.0,0.0,0.0,0.0,0.0,0.0,0.0,0.0,0.0,0.0,0.0,0.0,0.0,0.0,0.0,0.0,0.0,0.0,0.0,12.31,11.998,11.719,11.678,11.457999999999998,11.27,11.123,10.98,10.897,10.844,10.796,10.786,10.78,10.795,10.81,10.832999999999998,10.85,10.867,10.869,10.858,10.829
20904143634,0.0,0.0,0.0,0.0,0.0,0.0,0.0,0.0,0.0,0.0,0.0,0.0,0.0,0.0,0.0,0.0,0.0,0.0,0.0,0.0,0.0,38.361999999999995,38.477,42.263,46.547,51.104,53.57,54.406,54.568,54.284,54.027,53.357,52.665,51.971,51.400000000000006,50.916,50.54,50.233999999999995,50.001999999999995,49.777,49.553,49.286
20904143635,0.0,0.0,0.0,0.0,0.0,0.0,0.0,0.0,0.0,0.0,0.0,0.0,0.0,0.0,0.0,0.0,0.0,0.0,0.0,0.0,0.0,34.894999999999996,34.02,33.239000000000004,33.141999999999996,32.507999999999996,31.966,31.537,31.126,30.882,30.727,30.589,30.552,30.534,30.575000000000003,30.616,30.68,30.729,30.778,30.785,30.754,30.674
20904143706,0.0,0.0,0.0,0.0,0.0,0.0,0.0,0.0,0.0,0.0,0.0,0.0,0.0,0.0,0.0,0.0,0.0,0.0,0.0,0.0,0.0,92.0,90.578,90.288,88.898,87.30199999999999,85.662,84.37,83.38,82.777,82.42099999999999,82.28999999999999,82.327,82.464,82.701,83.713,85.041,88.35300000000001,92.138,94.459,95.658,96.463
20904143708,0.0,0.0,0.0,0.0,0.0,0.0,0.0,0.0,0.0,0.0,0.0,0.0,0.0,0.0,0.0,0.0,0.0,0.0,0.0,0.0,0.0,98.598,97.074,96.763,95.273,93.563,91.805,90.421,89.359,88.713,88.333,88.191,88.231,88.378,88.631,88.658,88.838,88.32400000000001,88.30799999999999,89.241,90.374,91.134
20904143709,0.0,0.0,0.0,0.0,0.0,0.0,0.0,0.0,0.0,0.0,0.0,0.0,0.0,0.0,0.0,0.0,0.0,0.0,0.0,0.0,0.0,48.971,48.223,48.081,47.358999999999995,46.525,45.665,45.001999999999995,44.497,44.2,44.04,43.992999999999995,44.035,44.137,44.287000000000006,44.486,44.69,44.876999999999995,45.058,45.183,45.287000000000006,45.348
20904143710,0.0,0.0,0.0,0.0,0.0,0.0,0.0,0.0,0.0,0.0,0.0,0.0,0.0,0.0,0.0,0.0,0.0,0.0,0.0,0.0,0.0,74.235,73.4,72.966,71.801,70.743,69.909,69.465,69.271,69.361,69.576,69.894,70.245,70.62899999999999,71.007,71.116,71.249,70.973,70.951,71.032,71.885,72.71600000000001
20904143711,0.0,0.0,0.0,0.0,0.0,0.0,0.0,0.0,0.0,0.0,0.0,0.0,0.0,0.0,0.0,0.0,0.0,0.0,0.0,0.0,0.0,86.67,85.696,85.189,83.83,82.594,81.619,81.102,80.875,80.981,81.231,81.602,82.013,82.46,82.902,83.029,83.185,82.863,82.836,82.931,83.926,84.896
20904143712,0.0,0.0,0.0,0.0,0.0,0.0,0.0,0.0,0.0,0.0,0.0,0.0,0.0,0.0,0.0,0.0,0.0,0.0,0.0,0.0,0.0,81.445,80.46799999999999,80.555,79.685,78.42500000000001,76.993,75.795,74.801,74.145,73.713,73.49,73.43,73.475,73.62100000000001,73.828,74.088,74.311,74.535,74.699,74.81899999999999,74.875
20904143713,100.0,100.0,100.0,100.0,100.0,100.0,100.0,100.0,100.0,100.0,100.0,100.0,100.0,100.0,100.0,100.0,100.0,100.0,100.0,100.0,100.0,64.961,69.768,71.47399999999999,72.826,73.321,73.531,75.194,75.722,75.79,75.56,75.157,74.38,73.587,72.868,72.266,71.779,71.374,71.065,70.796,70.58800000000001,70.409
20904143714,0.0,0.0,0.0,0.0,0.0,0.0,0.0,0.0,0.0,0.0,0.0,0.0,0.0,0.0,0.0,0.0,0.0,0.0,0.0,0.0,0.0,94.632,96.91,99.962,102.757,104.376,104.051,103.488,104.56,106.207,108.135,113.293,118.056,123.059,124.825,125.697,126.395,126.811,127.041,126.999,126.81,126.514
20904143715,0.0,0.0,0.0,0.0,0.0,0.0,0.0,0.0,0.0,0.0,0.0,0.0,0.0,0.0,0.0,0.0,0.0,0.0,0.0,0.0,0.0,65.281,62.31700000000001,60.305,57.403,54.998999999999995,52.962,51.52,50.593,50.176,50.092,50.286,50.661,51.129000000000005,51.664,52.223,52.764,53.236,53.629000000000005,53.941,54.2,54.383
20904143716,0.0,0.0,0.0,0.0,0.0,0.0,0.0,0.0,0.0,0.0,0.0,0.0,0.0,0.0,0.0,0.0,0.0,0.0,0.0,0.0,0.0,33.571,31.944,30.251,28.113,26.54,25.343,24.535,24.007,23.755000000000003,23.654,23.675,23.754,23.862,23.99,24.128,24.257,24.357,24.435,24.475,24.5,24.504
20904143717,47.0,47.0,47.0,47.0,47.0,47.0,47.0,47.0,47.0,47.0,47.0,47.0,47.0,47.0,47.0,47.0,47.0,47.0,47.0,47.0,47.0,92.875,98.192,106.61,114.167,126.187,139.124,153.69299999999998,171.279,190.375,203.427,213.66,221.129,227.478,233.345,236.724,237.208,236.185,234.548,232.515,230.214,227.663
20904143718,0.0,0.0,0.0,0.0,0.0,0.0,0.0,0.0,0.0,0.0,0.0,0.0,0.0,0.0,0.0,0.0,0.0,0.0,0.0,0.0,0.0,58.414,58.337,58.848,59.037,58.402,57.527,56.702,56.23,55.777,55.398,55.113,54.9,54.703,54.575,54.511,54.508,54.513,54.548,54.568000000000005,54.581,54.56700000000001
20904143719,30.0,30.0,30.0,30.0,30.0,30.0,30.0,30.0,30.0,30.0,30.0,30.0,30.0,30.0,30.0,30.0,30.0,30.0,30.0,30.0,30.0,272.149,287.978,302.096,315.15999999999997,319.045,314.96,309.342,303.076,297.534,292.195,288.468,285.866,284.22299999999996,284.976,288.551,294.19100000000003,299.392,303.163,305.875,307.79200000000003,308.80600000000004
20904143720,106.0,106.0,106.0,106.0,106.0,106.0,106.0,106.0,106.0,106.0,106.0,106.0,106.0,106.0,106.0,106.0,106.0,106.0,106.0,106.0,106.0,110.401,110.235,110.256,109.305,108.624,106.834,104.932,103.126,101.752,100.504,99.567,98.863,98.349,98.022,97.824,97.744,97.667,97.631,97.56,97.478,97.358
20904143721,0.0,0.0,0.0,0.0,0.0,0.0,0.0,0.0,0.0,0.0,0.0,0.0,0.0,0.0,0.0,0.0,0.0,0.0,0.0,0.0,0.0,28.408,26.519,25.113999999999997,23.34,22.034,21.04,20.369,19.930999999999997,19.721,19.638,19.655,19.721,19.81,19.917,20.031,20.137,20.221,20.285,20.319000000000003,20.340000000000003,20.343
20904143722,0.0,0.0,0.0,0.0,0.0,0.0,0.0,0.0,0.0,0.0,0.0,0.0,0.0,0.0,0.0,0.0,0.0,0.0,0.0,0.0,0.0,75.101,75.001,75.659,75.901,75.08500000000001,73.959,72.899,72.293,71.711,71.22200000000001,70.856,70.584,70.328,70.16499999999999,70.081,70.08,70.084,70.131,70.155,70.172,70.153
20904143723,0.0,0.0,0.0,0.0,0.0,0.0,0.0,0.0,0.0,0.0,0.0,0.0,0.0,0.0,0.0,0.0,0.0,0.0,0.0,0.0,0.0,47.464,46.739999999999995,46.601,45.902,45.092,44.26,43.617999999999995,43.128,42.84,42.684,42.639,42.68,42.779,42.925,43.116,43.315,43.496,43.671,43.793,43.894000000000005,43.952
20904143724,0.0,0.0,0.0,0.0,0.0,0.0,0.0,0.0,0.0,0.0,0.0,0.0,0.0,0.0,0.0,0.0,0.0,0.0,0.0,0.0,0.0,242.834,389.526,541.425,692.3009999999999,841.6120000000001,986.85,1135.8049999999998,1286.543,1439.114,1571.587,1710.306,1827.062,1933.226,2032.469,2124.625,2213.443,2293.71,2372.648,2449.76,2525.365,2598.366
20904143725,0.0,0.0,0.0,0.0,0.0,0.0,0.0,0.0,0.0,0.0,0.0,0.0,0.0,0.0,0.0,0.0,0.0,0.0,0.0,0.0,0.0,95.67,98.574,102.722,105.917,105.27,103.534,101.691,99.941,98.609,97.4,96.493,95.809,95.312,94.995,94.802,94.725,94.652,94.616,94.547,94.467,94.351
20904143726,0.0,0.0,0.0,0.0,0.0,0.0,0.0,0.0,0.0,0.0,0.0,0.0,0.0,0.0,0.0,0.0,0.0,0.0,0.0,0.0,0.0,89.919,90.326,90.344,89.564,89.007,87.539,85.981,84.501,83.375,82.35300000000001,81.586,81.00800000000001,80.588,80.32,80.156,80.09100000000001,80.029,79.998,79.941,79.873,79.775
20904143727,0.0,0.0,0.0,0.0,0.0,0.0,0.0,0.0,0.0,0.0,0.0,0.0,0.0,0.0,0.0,0.0,0.0,0.0,0.0,0.0,0.0,111.217,111.094,111.215,110.014,108.274,106.297,104.644,103.271,102.366,101.768,101.461,101.379,101.44,101.643,101.928,102.287,102.595,102.904,103.131,103.295,103.373
20904143728,0.0,0.0,0.0,0.0,0.0,0.0,0.0,0.0,0.0,0.0,0.0,0.0,0.0,0.0,0.0,0.0,0.0,0.0,0.0,0.0,0.0,77.093,78.84700000000001,80.775,82.302,82.862,83.1,84.97800000000001,85.575,85.652,85.393,84.937,84.05799999999999,83.163,82.349,81.66900000000001,81.12,80.661,80.312,80.007,79.773,79.571
20904143729,0.0,0.0,0.0,0.0,0.0,0.0,0.0,0.0,0.0,0.0,0.0,0.0,0.0,0.0,0.0,0.0,0.0,0.0,0.0,0.0,0.0,46.397,45.875,45.604,44.876000000000005,44.215,43.692,43.416,43.294,43.351,43.485,43.683,43.904,44.143,44.379000000000005,46.429,48.843,54.225,59.776,65.42,67.497,68.277
20904143730,121.0,121.0,121.0,121.0,121.0,121.0,121.0,121.0,121.0,121.0,121.0,121.0,121.0,121.0,121.0,121.0,121.0,121.0,121.0,121.0,121.0,64.792,63.803,63.614999999999995,62.659000000000006,61.555,60.419,59.541,58.873999999999995,58.480999999999995,58.267,58.206,58.262,58.397,58.595,58.857,59.127,59.376000000000005,59.616,59.78,59.917,59.998000000000005
20904143731,135.0,135.0,135.0,135.0,135.0,135.0,135.0,135.0,135.0,135.0,135.0,135.0,135.0,135.0,135.0,135.0,135.0,135.0,135.0,135.0,135.0,69.63499999999999,68.8,68.875,68.131,67.053,65.83,64.805,63.955,63.394,63.025,62.834,62.783,62.821,62.947,63.123000000000005,63.345,63.536,63.728,63.867999999999995,63.97,64.018
20904143732,0.0,0.0,0.0,0.0,0.0,0.0,0.0,0.0,0.0,0.0,0.0,0.0,0.0,0.0,0.0,0.0,0.0,0.0,0.0,0.0,0.0,57.82,58.096999999999994,59.518,60.643,61.05499999999999,61.230999999999995,62.614999999999995,63.055,63.111,62.92100000000001,62.584999999999994,61.937,61.277,60.678,60.178,59.772,59.434,59.17699999999999,58.953,58.78,58.629999999999995
20904143733,0.0,0.0,0.0,0.0,0.0,0.0,0.0,0.0,0.0,0.0,0.0,0.0,0.0,0.0,0.0,0.0,0.0,0.0,0.0,0.0,0.0,71.869,71.774,72.404,72.63499999999999,71.855,70.777,69.762,69.182,68.625,68.158,67.80799999999999,67.547,67.303,67.146,67.06700000000001,67.064,67.068,67.113,67.137,67.153,67.136
20904143734,60.0,60.0,60.0,60.0,60.0,60.0,60.0,60.0,60.0,60.0,60.0,60.0,60.0,60.0,60.0,60.0,60.0,60.0,60.0,60.0,60.0,73.60499999999999,71.90299999999999,70.769,69.325,67.003,65.632,65.228,64.929,65.089,66.479,67.786,68.44,68.716,68.583,68.48,68.62,68.324,67.85000000000001,67.262,66.596,65.858
20904143735,0.0,0.0,0.0,0.0,0.0,0.0,0.0,0.0,0.0,0.0,0.0,0.0,0.0,0.0,0.0,0.0,0.0,0.0,0.0,0.0,0.0,152.003,156.73,161.668,166.188,168.805,168.279,167.368,166.12,165.485,165.099,164.423,164.351,164.575,165.91899999999998,167.079,168.007,168.559,168.865,168.81,168.558,168.16400000000002
20904143736,179.0,179.0,179.0,179.0,179.0,179.0,179.0,179.0,179.0,179.0,179.0,179.0,179.0,179.0,179.0,179.0,179.0,179.0,179.0,179.0,179.0,54.383,55.739,58.047,60.58,61.595,61.556,61.198,60.54,59.855,59.235,58.739,58.352,58.077,57.901,57.83,57.802,57.809,57.846,57.855,57.879999999999995,57.888
20904143737,0.0,0.0,0.0,0.0,0.0,0.0,0.0,0.0,0.0,0.0,0.0,0.0,0.0,0.0,0.0,0.0,0.0,0.0,0.0,0.0,0.0,54.301,54.227999999999994,54.70400000000001,54.879,54.290000000000006,53.476,52.708,52.271,51.849,51.495999999999995,51.230999999999995,51.035,50.85,50.732,50.672,50.67,50.673,50.707,50.725,50.737,50.724
20904143738,0.0,0.0,0.0,0.0,0.0,0.0,0.0,0.0,0.0,0.0,0.0,0.0,0.0,0.0,0.0,0.0,0.0,0.0,0.0,0.0,0.0,54.946,57.081,59.44499999999999,62.040000000000006,63.078,63.038,62.671,61.997,61.297,60.662,60.154,59.757,59.474999999999994,59.295,59.222,59.19500000000001,59.20100000000001,59.239,59.248999999999995,59.274,59.281000000000006
20904143739,99.0,99.0,99.0,99.0,99.0,99.0,99.0,99.0,99.0,99.0,99.0,99.0,99.0,99.0,99.0,99.0,99.0,99.0,99.0,99.0,99.0,87.38,86.398,85.887,84.51599999999999,83.27099999999999,82.289,81.767,81.537,81.64500000000001,81.89699999999999,82.27099999999999,82.685,83.135,83.581,83.709,83.867,83.541,83.515,83.61099999999999,84.614,85.592
20904143740,0.0,0.0,0.0,0.0,0.0,0.0,0.0,0.0,0.0,0.0,0.0,0.0,0.0,0.0,0.0,0.0,0.0,0.0,0.0,0.0,0.0,43.969,44.181,45.261,46.116,46.43,46.564,47.616,47.951,47.994,47.848,47.593,47.101,46.598,46.144,45.763,45.454,45.198,45.001999999999995,44.831,44.7,44.586
20904143741,0.0,0.0,0.0,0.0,0.0,0.0,0.0,0.0,0.0,0.0,0.0,0.0,0.0,0.0,0.0,0.0,0.0,0.0,0.0,0.0,0.0,37.293,36.725,36.616,36.066,35.43,34.776,34.271,33.887,33.66,33.538,33.503,33.535,33.612,33.726,33.877,34.033,34.175,34.314,34.408,34.488,34.534
20904143742,0.0,0.0,0.0,0.0,0.0,0.0,0.0,0.0,0.0,0.0,0.0,0.0,0.0,0.0,0.0,0.0,0.0,0.0,0.0,0.0,0.0,81.584,81.642,82.124,81.658,80.622,79.399,78.071,76.95400000000001,76.184,75.641,75.33,75.212,75.23400000000001,75.366,75.61,75.896,76.17,76.435,76.628,76.798,76.912
20904143743,94.0,94.0,94.0,94.0,94.0,94.0,94.0,94.0,94.0,94.0,94.0,94.0,94.0,94.0,94.0,94.0,94.0,94.0,94.0,94.0,94.0,54.512,54.551,54.873000000000005,54.562,53.869,53.052,52.166,51.419,50.903,50.54,50.334,50.254000000000005,50.269,50.357,50.521,50.711,50.894,51.071,51.2,51.314,51.39
20904143744,299.0,299.0,299.0,299.0,299.0,299.0,299.0,299.0,299.0,299.0,299.0,299.0,299.0,299.0,299.0,299.0,299.0,299.0,299.0,299.0,299.0,131.08499999999998,134.596,138.837,142.718,144.966,144.514,143.732,142.661,142.115,141.784,141.203,141.14100000000002,141.334,142.487,143.484,144.28,144.754,145.017,144.97,144.75400000000002,144.416
20904143745,0.0,0.0,0.0,0.0,0.0,0.0,0.0,0.0,0.0,0.0,0.0,0.0,0.0,0.0,0.0,0.0,0.0,0.0,0.0,0.0,0.0,117.988,110.145,104.31,96.939,91.516,87.387,84.598,82.781,81.911,81.564,81.637,81.904,82.28,82.723,83.195,83.639,83.986,84.25399999999999,84.393,84.47800000000001,84.494
20904143746,80.0,80.0,80.0,80.0,80.0,80.0,80.0,80.0,80.0,80.0,80.0,80.0,80.0,80.0,80.0,80.0,80.0,80.0,80.0,80.0,80.0,54.799,52.137,48.864,44.463,41.44199999999999,39.117,37.432,36.244,35.492,34.998999999999995,34.728,34.604,34.586,34.662,34.805,35.010999999999996,35.228,35.468,35.71,35.951,36.171
20904143747,0.0,0.0,0.0,0.0,0.0,0.0,0.0,0.0,0.0,0.0,0.0,0.0,0.0,0.0,0.0,0.0,0.0,0.0,0.0,0.0,0.0,122.8,130.381,136.848,138.834,141.857,144.17700000000002,146.49200000000002,145.51,144.33800000000002,143.35500000000002,142.618,142.068,141.557,141.226,141.06,141.055,141.064,141.159,141.208,141.241,141.204
20904143748,0.0,0.0,0.0,0.0,0.0,0.0,0.0,0.0,0.0,0.0,0.0,0.0,0.0,0.0,0.0,0.0,0.0,0.0,0.0,0.0,0.0,74.737,85.586,93.91,98.009,99.649,99.586,99.006,97.942,96.836,95.831,95.03,94.403,93.957,93.673,93.559,93.514,93.525,93.585,93.6,93.64,93.652
20904143749,0.0,0.0,0.0,0.0,0.0,0.0,0.0,0.0,0.0,0.0,0.0,0.0,0.0,0.0,0.0,0.0,0.0,0.0,0.0,0.0,0.0,91.07,86.645,81.20599999999999,73.89099999999999,68.872,65.007,62.208,60.233,58.983,58.165,57.713,57.507000000000005,57.479,57.605,57.842,58.184,58.545,58.943,59.345,59.748000000000005,60.111
20904143750,0.0,0.0,0.0,0.0,0.0,0.0,0.0,0.0,0.0,0.0,0.0,0.0,0.0,0.0,0.0,0.0,0.0,0.0,0.0,0.0,0.0,46.334,45.626999999999995,45.492,44.809,44.019,43.207,42.578,42.101,41.82,41.668,41.623999999999995,41.664,41.760000000000005,41.903000000000006,42.09,42.284000000000006,42.461,42.632,42.75,42.848,42.905
20904143751,0.0,0.0,0.0,0.0,0.0,0.0,0.0,0.0,0.0,0.0,0.0,0.0,0.0,0.0,0.0,0.0,0.0,0.0,0.0,0.0,0.0,25.879,25.897,26.05,25.903,25.574,25.186,24.765,24.411,24.166,23.993,23.895,23.857,23.865,23.907,23.984,24.074,24.162,24.246,24.307,24.36,24.396
20904143752,0.0,0.0,0.0,0.0,0.0,0.0,0.0,0.0,0.0,0.0,0.0,0.0,0.0,0.0,0.0,0.0,0.0,0.0,0.0,0.0,0.0,84.05000000000001,104.913,128.438,152.154,174.689,196.753,201.27,202.683,202.867,202.251,201.17200000000005,199.092,196.97,195.044,193.433,192.13,191.046,190.218,189.498,188.942,188.462
20904143753,0.0,0.0,0.0,0.0,0.0,0.0,0.0,0.0,0.0,0.0,0.0,0.0,0.0,0.0,0.0,0.0,0.0,0.0,0.0,0.0,0.0,61.943,59.129999999999995,57.221,54.467,52.186,50.255,48.885000000000005,48.006,47.611,47.53,47.714,48.07,48.514,49.022,49.553,50.067,50.514,50.887,51.183,51.427,51.602
20904152701,0.0,0.0,0.0,0.0,0.0,0.0,0.0,0.0,0.0,0.0,0.0,0.0,0.0,0.0,0.0,0.0,0.0,0.0,0.0,0.0,0.0,29.198,28.56,28.058,27.127,26.232,25.519,24.996,24.598,24.366,24.224,24.145000000000003,24.126,24.116,24.151,24.177999999999997,24.188,24.199,24.171,24.132,24.047,23.938
20904152702,0.0,0.0,0.0,0.0,0.0,0.0,0.0,0.0,0.0,0.0,0.0,0.0,0.0,0.0,0.0,0.0,0.0,0.0,0.0,0.0,0.0,49.276,49.516,48.995,48.148,46.936,46.761,46.389,45.989,45.719,45.583,45.554,45.512,45.44,45.388000000000005,45.317,45.204,45.096999999999994,44.925,44.736,44.489,44.222
20904152705,889.0,889.0,889.0,889.0,889.0,889.0,889.0,889.0,889.0,889.0,889.0,889.0,889.0,889.0,889.0,889.0,889.0,889.0,889.0,889.0,889.0,35.937,35.4,35.028,34.422,33.555,33.431,33.164,32.879,32.685,32.588,32.567,32.537,32.486,32.449,32.397999999999996,32.317,32.24,32.117,31.983,31.806,31.615
20904152707,0.0,0.0,0.0,0.0,0.0,0.0,0.0,0.0,0.0,0.0,0.0,0.0,0.0,0.0,0.0,0.0,0.0,0.0,0.0,0.0,0.0,24.574,24.031,23.604,22.789,22.057,21.469,21.043,20.717,20.53,20.417,20.354,20.344,20.337000000000003,20.369999999999997,20.395,20.407,20.416,20.394,20.361,20.29,20.199
20904152709,0.0,0.0,0.0,0.0,0.0,0.0,0.0,0.0,0.0,0.0,0.0,0.0,0.0,0.0,0.0,0.0,0.0,0.0,0.0,0.0,0.0,48.406,47.275,46.276,44.721,42.932,41.72,40.699,39.881,39.337,38.962,38.719,38.563,38.431,38.376999999999995,38.31,38.227,38.159,38.028,37.897,37.701,37.469
20904152711,0.0,0.0,0.0,0.0,0.0,0.0,0.0,0.0,0.0,0.0,0.0,0.0,0.0,0.0,0.0,0.0,0.0,0.0,0.0,0.0,0.0,56.20099999999999,54.959,53.983999999999995,52.122,50.446,49.1,48.125,47.379999999999995,46.951,46.693,46.551,46.529,46.510000000000005,46.586,46.644,46.67,46.691,46.641000000000005,46.567,46.402,46.19799999999999
20904152717,121.0,121.0,121.0,121.0,121.0,121.0,121.0,121.0,121.0,121.0,121.0,121.0,121.0,121.0,121.0,121.0,121.0,121.0,121.0,121.0,121.0,0.0,0.0,0.0,0.0,0.0,0.0,0.0,0.0,0.0,0.0,0.0,0.0,0.0,0.0,0.0,0.0,0.0,0.0,0.0,0.0,0.0
20904152719,0.0,0.0,0.0,0.0,0.0,0.0,0.0,0.0,0.0,0.0,0.0,0.0,0.0,0.0,0.0,0.0,0.0,0.0,0.0,0.0,0.0,29.630000000000003,28.983,28.474000000000004,27.53,26.621,25.898,25.367,24.962,24.727,24.583,24.502,24.483,24.473,24.509,24.537,24.547,24.558,24.529,24.488999999999997,24.403,24.293
20904152736,120.0,120.0,120.0,120.0,120.0,120.0,120.0,120.0,120.0,120.0,120.0,120.0,120.0,120.0,120.0,120.0,120.0,120.0,120.0,120.0,120.0,46.027,46.511,46.602,45.795,44.642,44.476,44.122,43.742,43.485,43.355,43.327,43.287000000000006,43.218999999999994,43.17,43.102,42.994,42.892,42.729,42.55,42.316,42.061
20904152801,0.0,0.0,0.0,0.0,0.0,0.0,0.0,0.0,0.0,0.0,0.0,0.0,0.0,0.0,0.0,0.0,0.0,0.0,0.0,0.0,0.0,59.03,57.593999999999994,56.636,55.165000000000006,53.522,52.074,50.831999999999994,49.909000000000006,49.241,48.873000000000005,48.635,48.542,48.546,48.602,48.703,48.834999999999994,48.936,49.038,49.063,49.039,48.973
20904152802,0.0,0.0,0.0,0.0,0.0,0.0,0.0,0.0,0.0,0.0,0.0,0.0,0.0,0.0,0.0,0.0,0.0,0.0,0.0,0.0,0.0,99.797,98.8,97.607,96.436,94.15,91.642,89.74600000000001,88.319,87.289,86.733,86.32300000000001,86.155,86.045,86.00200000000001,86.042,86.125,86.189,86.255,86.201,86.09,85.918
20904152803,0.0,0.0,0.0,0.0,0.0,0.0,0.0,0.0,0.0,0.0,0.0,0.0,0.0,0.0,0.0,0.0,0.0,0.0,0.0,0.0,0.0,33.43,32.617,32.074,31.241,30.311,29.491,28.788,28.265,27.886,27.677999999999997,27.544,27.491,27.491999999999997,27.525,27.582,27.657,27.714,27.771,27.786,27.772,27.735
20904152804,0.0,0.0,0.0,0.0,0.0,0.0,0.0,0.0,0.0,0.0,0.0,0.0,0.0,0.0,0.0,0.0,0.0,0.0,0.0,0.0,0.0,82.28399999999999,80.283,78.99,77.30799999999999,74.995,72.958,71.174,69.831,68.843,68.27199999999999,67.883,67.705,67.664,67.705,67.816,67.97399999999999,68.094,68.221,68.246,68.203,68.104
20904152806,0.0,0.0,0.0,0.0,0.0,0.0,0.0,0.0,0.0,0.0,0.0,0.0,0.0,0.0,0.0,0.0,0.0,0.0,0.0,0.0,0.0,34.936,34.087,33.519000000000005,32.649,31.677,30.82,30.084,29.537999999999997,29.142,28.925,28.784,28.729,28.732,28.765,28.824,28.903,28.962,29.022,29.038,29.023000000000003,28.984
20904152809,0.0,0.0,0.0,0.0,0.0,0.0,0.0,0.0,0.0,0.0,0.0,0.0,0.0,0.0,0.0,0.0,0.0,0.0,0.0,0.0,0.0,68.974,67.298,66.214,64.804,62.864,61.158,59.662,58.536,57.707,57.23,56.903000000000006,56.753,56.72,56.754,56.847,56.979,57.079,57.186,57.207,57.172,57.089
20904152810,0.0,0.0,0.0,0.0,0.0,0.0,0.0,0.0,0.0,0.0,0.0,0.0,0.0,0.0,0.0,0.0,0.0,0.0,0.0,0.0,0.0,49.128,47.933,47.162000000000006,46.157,44.776,43.56,42.495000000000005,41.692,41.103,40.763,40.53,40.423,40.399,40.424,40.49,40.584,40.656,40.732,40.746,40.721,40.663
20904152811,17.0,17.0,17.0,17.0,17.0,17.0,17.0,17.0,17.0,17.0,17.0,17.0,17.0,17.0,17.0,17.0,17.0,17.0,17.0,17.0,17.0,50.364999999999995,49.917,50.98,51.899,52.535,52.834,53.055,53.379999999999995,53.771,54.244,54.681,55.053,55.327,55.43,55.449,55.370999999999995,55.199,54.949,54.59,54.233999999999995,53.89
20904152814,0.0,0.0,0.0,0.0,0.0,0.0,0.0,0.0,0.0,0.0,0.0,0.0,0.0,0.0,0.0,0.0,0.0,0.0,0.0,0.0,0.0,39.754999999999995,38.788,38.143,37.152,36.045,35.07,34.233,33.611999999999995,33.162,32.914,32.754000000000005,32.692,32.694,32.733,32.801,32.888999999999996,32.957,33.025999999999996,33.043,33.026,32.982
20904152815,0.0,0.0,0.0,0.0,0.0,0.0,0.0,0.0,0.0,0.0,0.0,0.0,0.0,0.0,0.0,0.0,0.0,0.0,0.0,0.0,0.0,58.238,56.822,55.907,54.717,53.079,51.638000000000005,50.375,49.424,48.725,48.321,48.046,47.919,47.891000000000005,47.919,47.998000000000005,48.109,48.195,48.285,48.302,48.272,48.202
20904152816,0.0,0.0,0.0,0.0,0.0,0.0,0.0,0.0,0.0,0.0,0.0,0.0,0.0,0.0,0.0,0.0,0.0,0.0,0.0,0.0,0.0,61.254,59.764,58.768,57.23,55.526,54.024,52.736,51.78,51.09,50.709,50.465,50.370000000000005,50.376000000000005,50.435,50.541,50.678,50.783,50.89,50.917,50.891000000000005,50.823
20904152820,0.0,0.0,0.0,0.0,0.0,0.0,0.0,0.0,0.0,0.0,0.0,0.0,0.0,0.0,0.0,0.0,0.0,0.0,0.0,0.0,0.0,39.398,38.44,37.799,36.81,35.714,34.748000000000005,33.92,33.305,32.861000000000004,32.616,32.459,32.397999999999996,32.400999999999996,32.439,32.507999999999996,32.596000000000004,32.664,32.732,32.75,32.733000000000004,32.689
20904152901,0.0,0.0,0.0,0.0,0.0,0.0,0.0,0.0,0.0,0.0,0.0,0.0,0.0,0.0,0.0,0.0,0.0,0.0,0.0,0.0,0.0,30.962000000000003,30.085,30.326,29.802,29.258,28.729,28.246,27.893,27.677,27.493,27.408,27.332,27.343,27.342,27.381,27.395,27.394,27.376,27.314,27.246,27.126
20904152902,30.0,30.0,30.0,30.0,30.0,30.0,30.0,30.0,30.0,30.0,30.0,30.0,30.0,30.0,30.0,30.0,30.0,30.0,30.0,30.0,30.0,33.465,35.408,40.701,43.143,45.023,46.956,48.806,50.809,52.663,54.738,56.93,59.187,61.492999999999995,63.748000000000005,66.101,68.377,70.606,72.767,74.822,76.817,78.663
20904152903,24.0,24.0,24.0,24.0,24.0,24.0,24.0,24.0,24.0,24.0,24.0,24.0,24.0,24.0,24.0,24.0,24.0,24.0,24.0,24.0,24.0,37.291,39.454,42.04,45.268,47.953,50.692,53.341,56.153000000000006,58.800999999999995,61.694,64.724,67.832,71.0,74.116,77.348,80.49600000000001,83.592,86.608,89.499,92.319,94.958
20904152904,90.0,90.0,90.0,90.0,90.0,90.0,90.0,90.0,90.0,90.0,90.0,90.0,90.0,90.0,90.0,90.0,90.0,90.0,90.0,90.0,90.0,18.0,17.264000000000003,17.351,16.929000000000002,16.707,16.566,16.430999999999997,16.351,16.323,16.297,16.3,16.294,16.326999999999998,16.341,16.372,16.386,16.392,16.382,16.346,16.304000000000002,16.232
20904152905,0.0,0.0,0.0,0.0,0.0,0.0,0.0,0.0,0.0,0.0,0.0,0.0,0.0,0.0,0.0,0.0,0.0,0.0,0.0,0.0,0.0,20.675,20.427,20.875,20.831,20.652,20.45,20.243,20.099,20.026,19.967,19.96,19.959,20.009,20.048,20.113,20.16,20.197000000000003,20.213,20.201,20.179,20.119
20904152906,0.0,0.0,0.0,0.0,0.0,0.0,0.0,0.0,0.0,0.0,0.0,0.0,0.0,0.0,0.0,0.0,0.0,0.0,0.0,0.0,0.0,22.092,21.723,22.095,21.95,21.699,21.42,21.156,20.968,20.871,20.792,20.772,20.763,20.81,20.849,20.912,20.956,20.99,21.002,20.984,20.954,20.887
20904152907,0.0,0.0,0.0,0.0,0.0,0.0,0.0,0.0,0.0,0.0,0.0,0.0,0.0,0.0,0.0,0.0,0.0,0.0,0.0,0.0,0.0,23.442,23.16,23.669,23.619,23.415,23.186,22.952,22.787999999999997,22.706000000000003,22.638,22.631,22.631,22.686,22.731,22.804,22.857999999999997,22.898000000000003,22.917,22.904,22.879,22.811
20904152908,0.0,0.0,0.0,0.0,0.0,0.0,0.0,0.0,0.0,0.0,0.0,0.0,0.0,0.0,0.0,0.0,0.0,0.0,0.0,0.0,0.0,21.476,20.809,21.072000000000003,20.762,20.587,20.47,20.345,20.279,20.27,20.248,20.273,20.279,20.324,20.35,20.399,20.433,20.452,20.452,20.426,20.391,20.31
20904152909,0.0,0.0,0.0,0.0,0.0,0.0,0.0,0.0,0.0,0.0,0.0,0.0,0.0,0.0,0.0,0.0,0.0,0.0,0.0,0.0,0.0,21.149,20.962,21.511,21.544,21.451,21.352,21.246,21.21,21.238,21.292,21.403,21.524,21.696,21.859,22.05,22.218,22.374,22.509,22.609,22.696,22.74
20904152910,0.0,0.0,0.0,0.0,0.0,0.0,0.0,0.0,0.0,0.0,0.0,0.0,0.0,0.0,0.0,0.0,0.0,0.0,0.0,0.0,0.0,32.994,32.06,32.316,31.759,31.177999999999997,30.614,30.099000000000004,29.724,29.494,29.296,29.205999999999996,29.126,29.137,29.136000000000003,29.178,29.192,29.192,29.173,29.107,29.035,28.907
20904152911,0.0,0.0,0.0,0.0,0.0,0.0,0.0,0.0,0.0,0.0,0.0,0.0,0.0,0.0,0.0,0.0,0.0,0.0,0.0,0.0,0.0,17.224,17.071,17.518,17.545,17.469,17.387999999999998,17.303,17.273,17.297,17.34,17.43,17.529,17.669,17.801000000000002,17.957,18.094,18.221,18.33,18.412,18.484,18.519
20904152912,0.0,0.0,0.0,0.0,0.0,0.0,0.0,0.0,0.0,0.0,0.0,0.0,0.0,0.0,0.0,0.0,0.0,0.0,0.0,0.0,0.0,14.584,13.988,14.058,13.717,13.537,13.422,13.313,13.248,13.225,13.204,13.206,13.201,13.227999999999998,13.239,13.265,13.277,13.281,13.273,13.243,13.21,13.152
20904152913,0.0,0.0,0.0,0.0,0.0,0.0,0.0,0.0,0.0,0.0,0.0,0.0,0.0,0.0,0.0,0.0,0.0,0.0,0.0,0.0,0.0,21.006,20.737,21.174,21.109,20.912,20.692,20.467,20.309,20.223,20.15,20.136,20.127,20.171,20.207,20.268,20.309,20.338,20.35,20.33,20.301,20.232
20904152914,0.0,0.0,0.0,0.0,0.0,0.0,0.0,0.0,0.0,0.0,0.0,0.0,0.0,0.0,0.0,0.0,0.0,0.0,0.0,0.0,0.0,17.342,16.634,16.717,16.311999999999998,16.098,15.961,15.831,15.755,15.727,15.703,15.705000000000002,15.7,15.730999999999998,15.744,15.774,15.788,15.793,15.784,15.749,15.71,15.64
20904152915,0.0,0.0,0.0,0.0,0.0,0.0,0.0,0.0,0.0,0.0,0.0,0.0,0.0,0.0,0.0,0.0,0.0,0.0,0.0,0.0,0.0,25.1,24.970999999999997,25.727,25.842,25.753,25.673,25.559,25.513,25.528,25.574,25.678,25.793999999999997,25.97,26.131,26.326,26.494999999999997,26.652,26.784,26.877,26.957,26.99
20904152916,0.0,0.0,0.0,0.0,0.0,0.0,0.0,0.0,0.0,0.0,0.0,0.0,0.0,0.0,0.0,0.0,0.0,0.0,0.0,0.0,0.0,20.613,20.443,20.962,20.979,20.825000000000003,20.654,20.459,20.319,20.238999999999997,20.175,20.156,20.143,20.181,20.21,20.261,20.292,20.316,20.317,20.291,20.254,20.180999999999997
20904152917,30.0,30.0,30.0,30.0,30.0,30.0,30.0,30.0,30.0,30.0,30.0,30.0,30.0,30.0,30.0,30.0,30.0,30.0,30.0,30.0,30.0,24.046,23.644,24.049999999999997,23.89,23.619,23.315,23.027,22.823,22.717,22.631,22.609,22.598,22.65,22.692,22.762,22.809,22.846,22.86,22.84,22.808,22.734
20904152918,0.0,0.0,0.0,0.0,0.0,0.0,0.0,0.0,0.0,0.0,0.0,0.0,0.0,0.0,0.0,0.0,0.0,0.0,0.0,0.0,0.0,20.441,19.807,20.056,19.762,19.595,19.484,19.365,19.301,19.294,19.272,19.295,19.302,19.345,19.369,19.416,19.449,19.466,19.467,19.442,19.408,19.331000000000003
20904152919,0.0,0.0,0.0,0.0,0.0,0.0,0.0,0.0,0.0,0.0,0.0,0.0,0.0,0.0,0.0,0.0,0.0,0.0,0.0,0.0,0.0,30.568,30.176,30.812,30.718,30.431,30.111,29.784,29.552,29.428,29.323,29.302,29.289,29.354,29.405,29.494,29.553,29.596,29.613,29.583999999999996,29.542,29.441000000000003
20904152920,0.0,0.0,0.0,0.0,0.0,0.0,0.0,0.0,0.0,0.0,0.0,0.0,0.0,0.0,0.0,0.0,0.0,0.0,0.0,0.0,0.0,22.844,22.725,23.414,23.519,23.438,23.365,23.262,23.22,23.232,23.275,23.369,23.476,23.635,23.782,23.959,24.113,24.257,24.377,24.461,24.534,24.564
20904152921,111.0,111.0,111.0,111.0,111.0,111.0,111.0,111.0,111.0,111.0,111.0,111.0,111.0,111.0,111.0,111.0,111.0,111.0,111.0,111.0,111.0,21.088,20.433,20.691,20.387,20.215,20.1,19.978,19.912,19.904,19.881,19.906,19.913,19.957,19.982,20.03,20.064,20.082,20.083,20.058,20.022,19.943
20904152922,0.0,0.0,0.0,0.0,0.0,0.0,0.0,0.0,0.0,0.0,0.0,0.0,0.0,0.0,0.0,0.0,0.0,0.0,0.0,0.0,0.0,20.47,20.301,20.817,20.834,20.681,20.51,20.317,20.177,20.099,20.035,20.016,20.004,20.041,20.069,20.12,20.152,20.174,20.177,20.15,20.113,20.041
20904152923,0.0,0.0,0.0,0.0,0.0,0.0,0.0,0.0,0.0,0.0,0.0,0.0,0.0,0.0,0.0,0.0,0.0,0.0,0.0,0.0,0.0,25.627,25.318,25.874,25.819,25.597,25.346,25.090000000000003,24.911,24.822000000000003,24.747,24.739,24.738,24.799999999999997,24.848999999999997,24.928,24.987,25.031999999999996,25.052,25.037999999999997,25.01,24.936
20904153001,0.0,0.0,0.0,0.0,0.0,0.0,0.0,0.0,0.0,0.0,0.0,0.0,0.0,0.0,0.0,0.0,0.0,0.0,0.0,0.0,0.0,18.646,17.921,18.123,17.799,17.489,17.189,16.953,16.78,16.685,16.628,16.598,16.607,16.641,16.711,16.766,16.817999999999998,16.867,16.887,16.884,16.852,16.789
20904153002,0.0,0.0,0.0,0.0,0.0,0.0,0.0,0.0,0.0,0.0,0.0,0.0,0.0,0.0,0.0,0.0,0.0,0.0,0.0,0.0,0.0,18.888,18.07,18.198,17.782,17.42,17.087,16.823999999999998,16.631999999999998,16.524,16.453,16.414,16.408,16.425,16.475,16.512,16.55,16.583,16.593,16.58,16.543,16.475
20904153003,0.0,0.0,0.0,0.0,0.0,0.0,0.0,0.0,0.0,0.0,0.0,0.0,0.0,0.0,0.0,0.0,0.0,0.0,0.0,0.0,0.0,15.944,15.365,15.568,15.325,15.072,14.837,14.65,14.515,14.44,14.396,14.379,14.394,14.43,14.490000000000002,14.538,14.585,14.626,14.645,14.64,14.611999999999998,14.556
20904153004,0.0,0.0,0.0,0.0,0.0,0.0,0.0,0.0,0.0,0.0,0.0,0.0,0.0,0.0,0.0,0.0,0.0,0.0,0.0,0.0,0.0,18.725,18.045,18.283,17.997999999999998,17.7,17.424,17.204,17.046,16.959,16.907,16.887,16.905,16.945999999999998,17.018,17.073,17.13,17.178,17.198999999999998,17.193,17.16,17.095
20904153005,0.0,0.0,0.0,0.0,0.0,0.0,0.0,0.0,0.0,0.0,0.0,0.0,0.0,0.0,0.0,0.0,0.0,0.0,0.0,0.0,0.0,19.778,18.967,19.142,18.75,18.397,18.068,17.813,17.624,17.516,17.449,17.414,17.419,17.445999999999998,17.508,17.556,17.604,17.649,17.666999999999998,17.657,17.622,17.554000000000002
20904153006,0.0,0.0,0.0,0.0,0.0,0.0,0.0,0.0,0.0,0.0,0.0,0.0,0.0,0.0,0.0,0.0,0.0,0.0,0.0,0.0,0.0,23.858,21.465,20.589,19.054,19.049,19.807,21.089,22.647,24.368,26.017000000000003,27.439,28.665,29.656999999999996,30.535,31.265,31.823,32.291,32.629,32.872,33.051,33.204
20904153007,0.0,0.0,0.0,0.0,0.0,0.0,0.0,0.0,0.0,0.0,0.0,0.0,0.0,0.0,0.0,0.0,0.0,0.0,0.0,0.0,0.0,18.501,17.782,17.981,17.66,17.352,17.056,16.82,16.649,16.556,16.498,16.468,16.477,16.509999999999998,16.580000000000002,16.634999999999998,16.686999999999998,16.734,16.755000000000003,16.752,16.72,16.658
20904153008,101.0,101.0,101.0,101.0,101.0,101.0,101.0,101.0,101.0,101.0,101.0,101.0,101.0,101.0,101.0,101.0,101.0,101.0,101.0,101.0,101.0,14.782,14.141,14.242,13.916,13.632,13.373,13.167000000000002,13.017,12.932,12.876,12.845,12.841,12.855,12.894,12.922,12.952,12.978,12.986,12.975,12.946,12.893
20904153009,0.0,0.0,0.0,0.0,0.0,0.0,0.0,0.0,0.0,0.0,0.0,0.0,0.0,0.0,0.0,0.0,0.0,0.0,0.0,0.0,0.0,18.27,17.496000000000002,17.642,17.264,16.936,16.637,16.405,16.244,16.163,16.119,16.109,16.137,16.192,16.28,16.354,16.429,16.496,16.538,16.554000000000002,16.543,16.500999999999998
20904153010,0.0,0.0,0.0,0.0,0.0,0.0,0.0,0.0,0.0,0.0,0.0,0.0,0.0,0.0,0.0,0.0,0.0,0.0,0.0,0.0,0.0,27.368,26.462,27.025,26.905,27.716,28.952,30.423,31.991999999999997,33.586,35.025,36.229,37.244,38.073,38.809,39.415,39.873999999999995,38.671,37.283,36.306,35.631,35.18
20904153011,24.0,24.0,24.0,24.0,24.0,24.0,24.0,24.0,24.0,24.0,24.0,24.0,24.0,24.0,24.0,24.0,24.0,24.0,24.0,24.0,24.0,17.103,16.487,16.715,16.461000000000002,16.205,15.961,15.775,15.638000000000002,15.564,15.526,15.515,15.546,15.598,15.68,15.748,15.817,15.88,15.914,15.924,15.906,15.857
20904153012,0.0,0.0,0.0,0.0,0.0,0.0,0.0,0.0,0.0,0.0,0.0,0.0,0.0,0.0,0.0,0.0,0.0,0.0,0.0,0.0,0.0,20.812,19.93,20.096,19.666,19.292,18.951,18.687,18.504,18.411,18.361,18.35,18.382,18.444,18.545,18.63,18.715,18.791,18.84,18.857,18.845,18.796
20904153013,73.0,73.0,73.0,73.0,73.0,73.0,73.0,73.0,73.0,73.0,73.0,73.0,73.0,73.0,73.0,73.0,73.0,73.0,73.0,73.0,73.0,16.386,16.746,17.967,18.783,19.491,20.218,20.926,21.754,22.549,23.429,24.414,25.610999999999997,26.991,28.361,29.704,31.01,32.224000000000004,33.302,34.226,35.025999999999996,35.704
20904153014,91.0,91.0,91.0,91.0,91.0,91.0,91.0,91.0,91.0,91.0,91.0,91.0,91.0,91.0,91.0,91.0,91.0,91.0,91.0,91.0,91.0,24.335,24.687,26.308,27.331000000000003,28.196,29.086,29.949,30.985999999999997,31.972,33.077,34.33,35.875,37.672,39.448,41.181,42.86,44.406000000000006,45.763,46.906,47.88,48.688
20904153015,0.0,0.0,0.0,0.0,0.0,0.0,0.0,0.0,0.0,0.0,0.0,0.0,0.0,0.0,0.0,0.0,0.0,0.0,0.0,0.0,0.0,18.876,18.1,18.263,17.887,17.544,17.227,16.977,16.793,16.686,16.617,16.58,16.576,16.595,16.646,16.682000000000002,16.72,16.753,16.761,16.746000000000002,16.706,16.635
20904153016,30.0,30.0,30.0,30.0,30.0,30.0,30.0,30.0,30.0,30.0,30.0,30.0,30.0,30.0,30.0,30.0,30.0,30.0,30.0,30.0,30.0,20.017,19.17,19.329,18.915,18.557,18.228,17.974,17.797,17.708000000000002,17.661,17.65,17.68,17.74,17.838,17.919,18.001,18.075,18.121,18.137,18.125,18.079
20904153017,0.0,0.0,0.0,0.0,0.0,0.0,0.0,0.0,0.0,0.0,0.0,0.0,0.0,0.0,0.0,0.0,0.0,0.0,0.0,0.0,0.0,16.422,14.774,14.172,13.115,13.111999999999998,13.633,14.515,15.588,16.772,17.907,18.886,19.73,20.413,21.018,21.521,21.904,22.226,22.459,22.626,22.75,22.855
20904153018,0.0,0.0,0.0,0.0,0.0,0.0,0.0,0.0,0.0,0.0,0.0,0.0,0.0,0.0,0.0,0.0,0.0,0.0,0.0,0.0,0.0,20.323,19.444,19.582,19.64,20.03,20.524,21.167,22.225,23.464,24.932,26.843000000000004,29.614,33.626,38.449,44.129999999999995,50.673,55.837,59.663,62.404,64.213,65.155
20904153019,0.0,0.0,0.0,0.0,0.0,0.0,0.0,0.0,0.0,0.0,0.0,0.0,0.0,0.0,0.0,0.0,0.0,0.0,0.0,0.0,0.0,0.0,0.0,0.0,0.0,0.0,0.0,0.0,0.0,0.0,0.0,0.0,0.0,0.0,0.0,0.0,0.0,0.0,0.0,0.0,0.0,0.0
20904153020,0.0,0.0,0.0,0.0,0.0,0.0,0.0,0.0,0.0,0.0,0.0,0.0,0.0,0.0,0.0,0.0,0.0,0.0,0.0,0.0,0.0,28.436,27.032,26.877,26.293999999999997,25.899,25.521,25.262,25.053,24.93,24.872,24.83,24.845,24.857,24.93,25.008,25.113,25.451,25.767,25.966,26.049,26.029
20904153021,0.0,0.0,0.0,0.0,0.0,0.0,0.0,0.0,0.0,0.0,0.0,0.0,0.0,0.0,0.0,0.0,0.0,0.0,0.0,0.0,0.0,18.118,17.466,17.707,17.436999999999998,17.166,16.908,16.71,16.564999999999998,16.487000000000002,16.448,16.435,16.468,16.523,16.61,16.682,16.753999999999998,16.821,16.858,16.869,16.849,16.797
20904153022,0.0,0.0,0.0,0.0,0.0,0.0,0.0,0.0,0.0,0.0,0.0,0.0,0.0,0.0,0.0,0.0,0.0,0.0,0.0,0.0,0.0,16.314999999999998,15.681,15.858,15.573999999999998,15.302,15.041,14.834,14.682,14.6,14.549,14.521999999999998,14.531,14.56,14.622,14.669,14.716,14.758,14.776,14.774,14.745,14.69
20904153023,0.0,0.0,0.0,0.0,0.0,0.0,0.0,0.0,0.0,0.0,0.0,0.0,0.0,0.0,0.0,0.0,0.0,0.0,0.0,0.0,0.0,40.269,38.28,38.061,37.236,36.675,36.142,35.774,35.478,35.304,35.22,35.163,35.183,35.2,35.304,35.414,35.563,36.041,36.488,36.77,36.888,36.86
20904153024,0.0,0.0,0.0,0.0,0.0,0.0,0.0,0.0,0.0,0.0,0.0,0.0,0.0,0.0,0.0,0.0,0.0,0.0,0.0,0.0,0.0,50.576,48.077,47.803,46.766000000000005,46.061,45.391,44.929,44.558,44.339,44.234,44.161,44.188,44.209,44.339,44.478,44.664,45.265,45.827,46.18000000000001,46.328,46.293
20904153025,0.0,0.0,0.0,0.0,0.0,0.0,0.0,0.0,0.0,0.0,0.0,0.0,0.0,0.0,0.0,0.0,0.0,0.0,0.0,0.0,0.0,15.591,14.915,15.022,14.309,13.57,12.994,12.576,12.204,11.977,11.889,11.827,11.793,11.772,11.882,12.091,12.364,13.245,14.153,14.803,15.232,15.454999999999998
20904153026,0.0,0.0,0.0,0.0,0.0,0.0,0.0,0.0,0.0,0.0,0.0,0.0,0.0,0.0,0.0,0.0,0.0,0.0,0.0,0.0,0.0,67.57900000000001,66.203,67.989,67.917,67.418,66.89,66.37700000000001,66.03200000000001,65.826,65.711,65.682,65.772,65.946,66.187,66.342,66.471,67.73400000000001,70.333,74.041,78.616,83.815
20904153027,108.0,108.0,108.0,108.0,108.0,108.0,108.0,108.0,108.0,108.0,108.0,108.0,108.0,108.0,108.0,108.0,108.0,108.0,108.0,108.0,108.0,37.936,36.68,37.461,37.294,38.419,40.133,42.169,44.346,46.555,48.549,50.219,51.623999999999995,52.774,53.795,54.634,55.27,58.256,62.22,66.465,70.97800000000001,75.735
20904153028,0.0,0.0,0.0,0.0,0.0,0.0,0.0,0.0,0.0,0.0,0.0,0.0,0.0,0.0,0.0,0.0,0.0,0.0,0.0,0.0,0.0,29.157,27.96,28.211999999999996,27.63,27.1,26.610999999999997,26.225,25.94,25.776,25.669,25.611,25.607,25.634,25.712000000000003,25.769,25.828,25.879,25.891,25.868,25.805,25.697000000000003
20904153029,0.0,0.0,0.0,0.0,0.0,0.0,0.0,0.0,0.0,0.0,0.0,0.0,0.0,0.0,0.0,0.0,0.0,0.0,0.0,0.0,0.0,32.574,31.163,31.383000000000003,30.667,30.042,29.468,29.017,28.686,28.498,28.375,28.308,28.298,28.327,28.414,28.477,28.543,28.6,28.618,28.594,28.53,28.413
20904153030,0.0,0.0,0.0,0.0,0.0,0.0,0.0,0.0,0.0,0.0,0.0,0.0,0.0,0.0,0.0,0.0,0.0,0.0,0.0,0.0,0.0,24.287,23.405,23.713,23.344,22.958,22.6,22.315,22.11,21.996,21.929,21.903,21.926,21.979,22.073,22.146,22.217,22.28,22.307,22.3,22.257,22.173
20904153031,0.0,0.0,0.0,0.0,0.0,0.0,0.0,0.0,0.0,0.0,0.0,0.0,0.0,0.0,0.0,0.0,0.0,0.0,0.0,0.0,0.0,33.623000000000005,32.245,32.541,31.875,31.274,30.717,30.282,29.96,29.778,29.663,29.604,29.613,29.659,29.764000000000003,29.844,29.928,30.003,30.033,30.019,29.957,29.842
20904153032,99.0,99.0,99.0,99.0,99.0,99.0,99.0,99.0,99.0,99.0,99.0,99.0,99.0,99.0,99.0,99.0,99.0,99.0,99.0,99.0,99.0,36.262,36.28,39.309,39.738,39.735,39.744,39.92,40.357,40.923,41.586,42.469,43.825,45.748999999999995,47.983999999999995,50.43,53.137,54.510000000000005,55.181,55.599999999999994,55.774,55.724
20904153101,0.0,0.0,0.0,0.0,0.0,0.0,0.0,0.0,0.0,0.0,0.0,0.0,0.0,0.0,0.0,0.0,0.0,0.0,0.0,0.0,0.0,42.816,41.406,40.757,39.521,38.29900000000001,37.293,36.463,35.852000000000004,35.464999999999996,35.263999999999996,35.235,35.324999999999996,35.491,35.733000000000004,35.982,36.258,36.509,36.739,36.92,37.08,37.173
20904153102,0.0,0.0,0.0,0.0,0.0,0.0,0.0,0.0,0.0,0.0,0.0,0.0,0.0,0.0,0.0,0.0,0.0,0.0,0.0,0.0,0.0,34.751,33.822,33.513999999999996,32.724999999999994,31.932,31.266,30.714,30.313,30.067,29.951,29.963,30.057,30.206000000000003,30.408,30.615,30.838,31.04,31.221,31.363999999999997,31.491999999999997,31.564
20904153103,0.0,0.0,0.0,0.0,0.0,0.0,0.0,0.0,0.0,0.0,0.0,0.0,0.0,0.0,0.0,0.0,0.0,0.0,0.0,0.0,0.0,18.335,18.009999999999998,17.980999999999998,17.722,17.403,17.138,16.906,16.743,16.64,16.608999999999998,16.652,16.703,16.783,16.895,17.03,17.153,17.253,17.344,17.398,17.472,17.493
20904153104,0.0,0.0,0.0,0.0,0.0,0.0,0.0,0.0,0.0,0.0,0.0,0.0,0.0,0.0,0.0,0.0,0.0,0.0,0.0,0.0,0.0,35.51,34.231,33.539,32.382999999999996,31.192,30.232,29.435,28.841,28.456,28.254,28.211,28.267,28.392,28.588,28.805999999999997,29.039,29.251,29.446999999999996,29.594,29.732,29.805
20904153105,0.0,0.0,0.0,0.0,0.0,0.0,0.0,0.0,0.0,0.0,0.0,0.0,0.0,0.0,0.0,0.0,0.0,0.0,0.0,0.0,0.0,5.502000000000001,5.338,5.259,5.182,5.15,5.158,5.193,5.311999999999999,5.763,7.07,10.006,13.401,16.937,20.553,24.391,28.949,33.858,38.948,44.199,49.97,55.923
20904153106,0.0,0.0,0.0,0.0,0.0,0.0,0.0,0.0,0.0,0.0,0.0,0.0,0.0,0.0,0.0,0.0,0.0,0.0,0.0,0.0,0.0,32.563,31.311,30.649,29.591,28.475,27.623,26.91,26.332,26.004,25.734,25.723,25.738999999999997,25.921999999999997,26.078,26.252,26.463,26.667,26.833,26.947,27.103,27.152
20904153107,0.0,0.0,0.0,0.0,0.0,0.0,0.0,0.0,0.0,0.0,0.0,0.0,0.0,0.0,0.0,0.0,0.0,0.0,0.0,0.0,0.0,55.959,54.48,54.008,52.739,51.479,50.417,49.534000000000006,48.884,48.491,48.297,48.3,48.452,48.683,48.997,49.3,49.641000000000005,49.952,50.233,50.466,50.659,50.78
20904153108,0.0,0.0,0.0,0.0,0.0,0.0,0.0,0.0,0.0,0.0,0.0,0.0,0.0,0.0,0.0,0.0,0.0,0.0,0.0,0.0,0.0,46.726,45.055,44.15,42.612,41.02,39.739,38.673,37.866,37.35,37.07,36.992,37.066,37.224,37.471,37.722,38.013,38.285,38.534,38.739,38.908,39.013
20904153109,0.0,0.0,0.0,0.0,0.0,0.0,0.0,0.0,0.0,0.0,0.0,0.0,0.0,0.0,0.0,0.0,0.0,0.0,0.0,0.0,0.0,34.57,33.293,32.599999999999994,31.433999999999997,30.157,29.151,28.327,27.634,27.016,26.671,26.638,26.886,27.205,27.575000000000003,27.967,28.533,28.871,29.146,29.442,29.778,29.91
20904153110,469.0,469.0,469.0,469.0,469.0,469.0,469.0,469.0,469.0,469.0,469.0,469.0,469.0,469.0,469.0,469.0,469.0,469.0,469.0,469.0,469.0,51.326,49.428,48.398,46.669,45.096,43.824,42.792,42.136,42.276,43.339,45.957,49.079,52.389,55.865,59.46300000000001,62.58200000000001,65.772,68.87,71.463,73.17999999999999,74.41
20904153111,0.0,0.0,0.0,0.0,0.0,0.0,0.0,0.0,0.0,0.0,0.0,0.0,0.0,0.0,0.0,0.0,0.0,0.0,0.0,0.0,0.0,33.962,32.748000000000005,32.09,30.973000000000003,29.816000000000003,28.884,28.11,27.523,27.148000000000003,26.945,26.888,26.942,27.057,27.236,27.419,27.630000000000003,27.827,28.008,28.158,28.28,28.356
20904153112,0.0,0.0,0.0,0.0,0.0,0.0,0.0,0.0,0.0,0.0,0.0,0.0,0.0,0.0,0.0,0.0,0.0,0.0,0.0,0.0,0.0,21.924999999999997,21.202,20.871,20.238,19.610999999999997,19.097,18.672,18.359,18.16,18.058,18.043,18.089,18.174999999999997,18.297,18.426,18.566,18.696,18.813,18.906,18.988,19.035
20904153113,0.0,0.0,0.0,0.0,0.0,0.0,0.0,0.0,0.0,0.0,0.0,0.0,0.0,0.0,0.0,0.0,0.0,0.0,0.0,0.0,0.0,47.012,46.18,46.107,45.441,44.623000000000005,43.943,43.349,42.93300000000001,42.667,42.586,42.696,42.827,43.035,43.319,43.666,43.982,44.238,44.471999999999994,44.611,44.799,44.855
20904153114,0.0,0.0,0.0,0.0,0.0,0.0,0.0,0.0,0.0,0.0,0.0,0.0,0.0,0.0,0.0,0.0,0.0,0.0,0.0,0.0,0.0,21.101,21.984,23.092,22.912,22.674,22.502,22.348,22.418,23.212,24.558,26.66,28.634,30.468,32.274,34.085,35.089,35.43,35.593,35.625,35.614000000000004,35.512
20904153115,0.0,0.0,0.0,0.0,0.0,0.0,0.0,0.0,0.0,0.0,0.0,0.0,0.0,0.0,0.0,0.0,0.0,0.0,0.0,0.0,0.0,32.7,31.836,31.561,30.818,30.082,29.461999999999996,28.946,28.566000000000003,28.337,28.223,28.223999999999997,28.313,28.448,28.632,28.808999999999997,29.009,29.19,29.354,29.49,29.604,29.674
20904153116,0.0,0.0,0.0,0.0,0.0,0.0,0.0,0.0,0.0,0.0,0.0,0.0,0.0,0.0,0.0,0.0,0.0,0.0,0.0,0.0,0.0,47.77,45.934,44.963,43.411,41.773,40.524,39.477,38.629000000000005,38.148,37.751999999999995,37.735,37.759,38.027,38.256,38.513000000000005,38.821,39.12,39.364999999999995,39.531000000000006,39.76,39.832
20904153117,0.0,0.0,0.0,0.0,0.0,0.0,0.0,0.0,0.0,0.0,0.0,0.0,0.0,0.0,0.0,0.0,0.0,0.0,0.0,0.0,0.0,43.051,43.715,45.057,47.111,48.419,49.123,49.754,49.94,50.416,51.407,52.629000000000005,53.483,54.001000000000005,54.422,54.81,55.498,56.038,56.295,56.345,56.329,56.166
20904153118,0.0,0.0,0.0,0.0,0.0,0.0,0.0,0.0,0.0,0.0,0.0,0.0,0.0,0.0,0.0,0.0,0.0,0.0,0.0,0.0,0.0,26.969,25.998,25.473,24.595,23.69,22.961,22.355,21.905,21.610999999999997,21.459,21.426,21.469,21.563,21.713,21.878,22.055,22.216,22.365,22.477,22.582,22.637
20904153119,0.0,0.0,0.0,0.0,0.0,0.0,0.0,0.0,0.0,0.0,0.0,0.0,0.0,0.0,0.0,0.0,0.0,0.0,0.0,0.0,0.0,38.183,36.772,36.006,34.72,33.419,32.366,31.496,30.84,30.418,30.189,30.122,30.183,30.312,30.516,30.722,30.96,31.183999999999997,31.388,31.557,31.697,31.784
20904153120,0.0,0.0,0.0,0.0,0.0,0.0,0.0,0.0,0.0,0.0,0.0,0.0,0.0,0.0,0.0,0.0,0.0,0.0,0.0,0.0,0.0,45.457,43.777,42.864999999999995,41.333,39.784,38.531,37.495000000000005,36.714,36.213,35.939,35.859,35.932,36.086,36.328,36.573,36.857,37.123,37.367999999999995,37.569,37.733,37.838
20904153121,0.0,0.0,0.0,0.0,0.0,0.0,0.0,0.0,0.0,0.0,0.0,0.0,0.0,0.0,0.0,0.0,0.0,0.0,0.0,0.0,0.0,38.68,37.405,36.819,35.702,34.598,33.69,32.94,32.388000000000005,32.038000000000004,31.857,31.831000000000003,31.912999999999997,32.062,32.28,32.506,32.754000000000005,32.981,33.189,33.352999999999994,33.497,33.581
20904153122,0.0,0.0,0.0,0.0,0.0,0.0,0.0,0.0,0.0,0.0,0.0,0.0,0.0,0.0,0.0,0.0,0.0,0.0,0.0,0.0,0.0,26.091,25.630000000000003,25.589,25.22,24.765,24.388,24.058999999999997,23.828,23.68,23.635,23.696,23.769,23.885,24.041,24.235,24.409999999999997,24.552,24.682,24.759,24.863,24.894
20904153123,0.0,0.0,0.0,0.0,0.0,0.0,0.0,0.0,0.0,0.0,0.0,0.0,0.0,0.0,0.0,0.0,0.0,0.0,0.0,0.0,0.0,30.398000000000003,29.594,29.338,28.648000000000003,27.964,27.387,26.907,26.554,26.341,26.235,26.238,26.319,26.445,26.615,26.78,26.966,27.135,27.287,27.414,27.518,27.585
20904153124,0.0,0.0,0.0,0.0,0.0,0.0,0.0,0.0,0.0,0.0,0.0,0.0,0.0,0.0,0.0,0.0,0.0,0.0,0.0,0.0,0.0,49.956,48.620000000000005,48.177,47.043000000000006,45.902,44.946,44.151,43.574,43.221,43.055,43.072,43.207,43.421,43.711,44.009,44.33,44.620000000000005,44.879999999999995,45.085,45.27,45.373999999999995
20904153125,0.0,0.0,0.0,0.0,0.0,0.0,0.0,0.0,0.0,0.0,0.0,0.0,0.0,0.0,0.0,0.0,0.0,0.0,0.0,0.0,0.0,34.835,33.58,32.902,31.769,30.598999999999997,29.658,28.876,28.295,27.915,27.718,27.676,27.731,27.853,28.046,28.259,28.488,28.697000000000003,28.888,29.033,29.168,29.239
20904153201,0.0,0.0,0.0,0.0,0.0,0.0,0.0,0.0,0.0,0.0,0.0,0.0,0.0,0.0,0.0,0.0,0.0,0.0,0.0,0.0,0.0,74.422,73.39699999999999,71.931,70.206,68.626,66.968,65.489,64.32000000000001,63.57599999999999,63.009,62.611999999999995,62.312,62.166,62.14,62.131,62.152,62.155,62.15,62.077,61.955,61.732
20904153202,0.0,0.0,0.0,0.0,0.0,0.0,0.0,0.0,0.0,0.0,0.0,0.0,0.0,0.0,0.0,0.0,0.0,0.0,0.0,0.0,0.0,39.139,38.365,37.48,36.475,35.397,34.483000000000004,33.681,33.047000000000004,32.63,32.34,32.114,31.965,31.904,31.915,31.942,31.974,32.005,32.022,32.019,31.97,31.863999999999997
20904153203,219.0,219.0,219.0,219.0,219.0,219.0,219.0,219.0,219.0,219.0,219.0,219.0,219.0,219.0,219.0,219.0,219.0,219.0,219.0,219.0,219.0,67.288,66.361,65.035,63.475,62.046,60.548,59.211,58.153000000000006,57.480999999999995,56.969,56.609,56.338,56.205,56.182,56.17400000000001,56.193,56.196,56.19199999999999,56.126000000000005,56.016000000000005,55.813
20904153204,0.0,0.0,0.0,0.0,0.0,0.0,0.0,0.0,0.0,0.0,0.0,0.0,0.0,0.0,0.0,0.0,0.0,0.0,0.0,0.0,0.0,42.217,41.806,41.278,40.646,39.811,39.073,38.401,37.858,37.512,37.245999999999995,37.055,36.913,36.853,36.858,36.867999999999995,36.891,36.902,36.905,36.870999999999995,36.807,36.683
20904153205,0.0,0.0,0.0,0.0,0.0,0.0,0.0,0.0,0.0,0.0,0.0,0.0,0.0,0.0,0.0,0.0,0.0,0.0,0.0,0.0,0.0,39.259,38.713,38.246,37.658,36.844,36.105999999999995,35.462,34.908,34.551,34.28,34.053,33.897999999999996,33.821,33.81,33.818,33.826,33.833,33.828,33.81,33.751999999999995,33.638000000000005
20904153206,0.0,0.0,0.0,0.0,0.0,0.0,0.0,0.0,0.0,0.0,0.0,0.0,0.0,0.0,0.0,0.0,0.0,0.0,0.0,0.0,0.0,40.304,41.503,42.552,43.635000000000005,43.865,43.851,43.638000000000005,43.408,43.251999999999995,43.061,42.89,42.739,42.653000000000006,42.611,42.573,42.545,42.503,42.459,42.389,42.305,42.168
20904153207,0.0,0.0,0.0,0.0,0.0,0.0,0.0,0.0,0.0,0.0,0.0,0.0,0.0,0.0,0.0,0.0,0.0,0.0,0.0,0.0,0.0,44.501000000000005,44.087,43.547,42.904,42.042,41.272000000000006,40.569,40.008,39.655,39.383,39.176,39.027,38.962,38.966,38.978,38.999,39.009,39.008,38.977,38.909,38.779
20904153208,0.0,0.0,0.0,0.0,0.0,0.0,0.0,0.0,0.0,0.0,0.0,0.0,0.0,0.0,0.0,0.0,0.0,0.0,0.0,0.0,0.0,41.342,40.56,39.646,38.623,37.541,36.635000000000005,35.682,34.756,33.969,33.525,33.164,32.971000000000004,32.825,32.721000000000004,32.687,32.663,32.667,32.653,32.632,32.58,32.474000000000004
20904153209,0.0,0.0,0.0,0.0,0.0,0.0,0.0,0.0,0.0,0.0,0.0,0.0,0.0,0.0,0.0,0.0,0.0,0.0,0.0,0.0,0.0,55.084,54.571,53.903000000000006,53.105999999999995,52.039,51.087,50.217,49.521,49.084999999999994,48.748000000000005,48.493,48.308,48.228,48.232,48.248000000000005,48.273,48.285,48.285,48.245999999999995,48.162,48.0
20904153210,0.0,0.0,0.0,0.0,0.0,0.0,0.0,0.0,0.0,0.0,0.0,0.0,0.0,0.0,0.0,0.0,0.0,0.0,0.0,0.0,0.0,36.089,35.754,35.315,34.794,34.095,33.47,32.900000000000006,32.445,32.159,31.939,31.771,31.65,31.598,31.601,31.61,31.627,31.635,31.635,31.609,31.554,31.449
20904153211,108.0,108.0,108.0,108.0,108.0,108.0,108.0,108.0,108.0,108.0,108.0,108.0,108.0,108.0,108.0,108.0,108.0,108.0,108.0,108.0,108.0,50.168,50.839,50.226,49.455,48.384,47.416,46.57,45.842,45.373999999999995,45.017,44.72,44.516000000000005,44.415,44.400000000000006,44.411,44.421,44.43,44.424,44.401,44.325,44.175
20904153212,169.0,169.0,169.0,169.0,169.0,169.0,169.0,169.0,169.0,169.0,169.0,169.0,169.0,169.0,169.0,169.0,169.0,169.0,169.0,169.0,169.0,66.45400000000001,65.197,63.727,62.082,60.344,58.887,58.20099999999999,58.44200000000001,59.13,59.60000000000001,60.186,61.057,62.001999999999995,63.017,64.163,65.325,66.541,67.721,68.888,69.98400000000001,70.96000000000001
20904153213,0.0,0.0,0.0,0.0,0.0,0.0,0.0,0.0,0.0,0.0,0.0,0.0,0.0,0.0,0.0,0.0,0.0,0.0,0.0,0.0,0.0,32.053,33.766999999999996,33.997,34.415,33.93,33.448,32.739,31.916,31.128,30.442,29.83,29.307,28.869,28.525,28.28,28.11,27.994,27.9,27.813,27.718,27.598
20904153214,0.0,0.0,0.0,0.0,0.0,0.0,0.0,0.0,0.0,0.0,0.0,0.0,0.0,0.0,0.0,0.0,0.0,0.0,0.0,0.0,0.0,46.268,45.626,45.076,44.383,43.423,42.553,41.795,41.142,40.721,40.401,40.134,39.951,39.86,39.847,39.857,39.867,39.874,39.868,39.848,39.779,39.646
20904153215,0.0,0.0,0.0,0.0,0.0,0.0,0.0,0.0,0.0,0.0,0.0,0.0,0.0,0.0,0.0,0.0,0.0,0.0,0.0,0.0,0.0,40.581,41.789,42.847,43.936,44.166,44.153,43.939,43.708,43.551,43.358,43.186,43.034,42.946,42.906,42.866,42.838,42.796,42.751999999999995,42.682,42.596,42.459
20904153216,126.0,126.0,126.0,126.0,126.0,126.0,126.0,126.0,126.0,126.0,126.0,126.0,126.0,126.0,126.0,126.0,126.0,126.0,126.0,126.0,126.0,158.81,182.564,198.0,208.609,213.448,217.26,216.35,212.271,207.034,202.469,198.398,194.921,192.008,189.716,188.092,186.961,186.188,185.556,184.986,184.352,183.556
20904153217,0.0,0.0,0.0,0.0,0.0,0.0,0.0,0.0,0.0,0.0,0.0,0.0,0.0,0.0,0.0,0.0,0.0,0.0,0.0,0.0,0.0,33.906,33.259,32.501999999999995,31.646,30.761,30.019,29.375,28.877,28.569000000000003,28.344,28.177,28.063,28.015,28.023,28.040999999999997,28.062,28.077,28.084000000000003,28.067,28.019,27.923
20904153218,0.0,0.0,0.0,0.0,0.0,0.0,0.0,0.0,0.0,0.0,0.0,0.0,0.0,0.0,0.0,0.0,0.0,0.0,0.0,0.0,0.0,42.261,41.462,40.527,39.481,38.375,37.449,36.474,35.528,34.723,34.271,33.900999999999996,33.705,33.555,33.449,33.414,33.388999999999996,33.391999999999996,33.378,33.358,33.303,33.196
20904153219,116.0,116.0,116.0,116.0,116.0,116.0,116.0,116.0,116.0,116.0,116.0,116.0,116.0,116.0,116.0,116.0,116.0,116.0,116.0,116.0,116.0,55.869,57.532,58.986999999999995,60.486,60.80499999999999,60.786,60.492,60.172,59.956,59.691,59.454,59.245000000000005,59.125,59.069,59.014,58.976,58.918,58.858,58.761,58.642,58.45399999999999
20904153220,290.0,290.0,290.0,290.0,290.0,290.0,290.0,290.0,290.0,290.0,290.0,290.0,290.0,290.0,290.0,290.0,290.0,290.0,290.0,290.0,290.0,29.292,28.712,28.049,27.298,26.491,25.807,25.206,24.733,24.42,24.203000000000003,24.034,23.923,23.876,23.885,23.905,23.929,23.952,23.965000000000003,23.962,23.926,23.847
20904153221,0.0,0.0,0.0,0.0,0.0,0.0,0.0,0.0,0.0,0.0,0.0,0.0,0.0,0.0,0.0,0.0,0.0,0.0,0.0,0.0,0.0,31.298,30.994,30.601999999999997,30.134,29.516,28.967,28.47,28.066000000000003,27.811,27.614,27.472,27.366,27.322000000000003,27.324999999999996,27.333,27.35,27.357999999999997,27.36,27.336,27.287,27.196
20904153222,0.0,0.0,0.0,0.0,0.0,0.0,0.0,0.0,0.0,0.0,0.0,0.0,0.0,0.0,0.0,0.0,0.0,0.0,0.0,0.0,0.0,67.207,66.554,65.712,64.706,63.378,62.202,61.132,60.267,59.718,59.296,58.991,58.764,58.668,58.676,58.691,58.727999999999994,58.747,58.751999999999995,58.697,58.593999999999994,58.397
20904153223,0.0,0.0,0.0,0.0,0.0,0.0,0.0,0.0,0.0,0.0,0.0,0.0,0.0,0.0,0.0,0.0,0.0,0.0,0.0,0.0,0.0,53.31700000000001,52.3,51.111,49.764,48.370999999999995,47.207,46.192,45.409000000000006,44.925,44.571,44.31,44.13,44.056,44.067,44.095,44.128,44.151,44.162,44.135000000000005,44.06,43.909000000000006
21005124304,0.0,0.0,0.0,0.0,0.0,0.0,0.0,0.0,0.0,0.0,0.0,0.0,0.0,0.0,0.0,0.0,0.0,0.0,0.0,0.0,0.0,1.294,1.321,1.371,1.349,1.341,1.333,1.3239999999999998,1.3159999999999998,1.311,1.3039999999999998,1.2959999999999998,1.288,1.28,1.273,1.266,1.259,1.254,1.247,1.238,1.219,1.21
21005124305,0.0,0.0,0.0,0.0,0.0,0.0,0.0,0.0,0.0,0.0,0.0,0.0,0.0,0.0,0.0,0.0,0.0,0.0,0.0,0.0,0.0,22.557,22.945,23.81,23.366999999999997,23.008,22.65,22.308,21.988,21.767,21.565,21.401,21.275,21.185,21.132,21.104,21.081,21.093,21.073,21.012,20.734,20.613
21005144101,130.0,130.0,130.0,130.0,130.0,130.0,130.0,130.0,130.0,130.0,130.0,130.0,130.0,130.0,130.0,130.0,130.0,130.0,130.0,130.0,130.0,0.0,0.0,0.0,0.0,0.0,0.0,0.0,0.0,0.0,0.0,0.0,0.0,0.0,0.0,0.0,0.0,0.0,0.0,0.0,0.0,0.0
21005144205,0.0,0.0,0.0,0.0,0.0,0.0,0.0,0.0,0.0,0.0,0.0,0.0,0.0,0.0,0.0,0.0,0.0,0.0,0.0,0.0,0.0,4.575,4.442,4.3759999999999994,4.199,4.056,3.935000000000001,3.852,3.777,3.706,3.683,3.655,3.65,3.64,3.636,3.651,3.666,3.685,3.683,3.71,3.705,3.706
21005144301,0.0,0.0,0.0,0.0,0.0,0.0,0.0,0.0,0.0,0.0,0.0,0.0,0.0,0.0,0.0,0.0,0.0,0.0,0.0,0.0,0.0,1.643,1.58,1.552,1.502,1.452,1.411,1.38,1.355,1.338,1.3290000000000002,1.322,1.318,1.319,1.3210000000000002,1.327,1.334,1.342,1.352,1.359,1.363,1.367
21005144303,33.0,33.0,33.0,33.0,33.0,33.0,33.0,33.0,33.0,33.0,33.0,33.0,33.0,33.0,33.0,33.0,33.0,33.0,33.0,33.0,33.0,36.376,34.983,34.382000000000005,33.274,32.151,31.237,30.557,29.998,29.626,29.416,29.268,29.182,29.204,29.254,29.392000000000003,29.535000000000004,29.728,29.921,30.083999999999996,30.194,30.284
21005144307,102.0,102.0,102.0,102.0,102.0,102.0,102.0,102.0,102.0,102.0,102.0,102.0,102.0,102.0,102.0,102.0,102.0,102.0,102.0,102.0,102.0,22.356,21.618,21.384,20.848,20.259,19.77,19.403,19.099,18.907,18.805999999999997,18.747,18.725,18.769,18.833,18.946,19.063,19.204,19.341,19.46,19.543,19.614
21005144319,92.0,92.0,92.0,92.0,92.0,92.0,92.0,92.0,92.0,92.0,92.0,92.0,92.0,92.0,92.0,92.0,92.0,92.0,92.0,92.0,92.0,36.112,34.922,34.544,33.678,32.726,31.936,31.344,30.852000000000004,30.543,30.380000000000003,30.283,30.249,30.318,30.422,30.607,30.794,31.022,31.244,31.435,31.571,31.683999999999997
21005144320,0.0,0.0,0.0,0.0,0.0,0.0,0.0,0.0,0.0,0.0,0.0,0.0,0.0,0.0,0.0,0.0,0.0,0.0,0.0,0.0,0.0,29.019,28.062,27.758,27.063,26.298,25.663,25.187,24.792,24.543,24.412,24.334,24.307,24.363,24.446,24.594,24.745,24.929,25.106,25.26,25.369,25.461
21005154406,0.0,0.0,0.0,0.0,0.0,0.0,0.0,0.0,0.0,0.0,0.0,0.0,0.0,0.0,0.0,0.0,0.0,0.0,0.0,0.0,0.0,1.549,1.566,1.608,1.6,1.612,1.617,1.623,1.631,1.639,1.645,1.65,1.652,1.6549999999999998,1.658,1.666,1.678,1.7,1.714,1.7359999999999998,1.759,1.783
